Dataset,Feature,Extreme_Type,Values,SubjectIDs
MIMIC-IV,QRS_Dur_Global,Top 20,"321.8182, 320.0, 308.9333, 305.8333, 305.8182, 298.4, 298.3077, 294.6, 294.0, 293.8, 293.2, 292.5, 291.3333, 290.0, 289.5, 289.5, 289.3846, 289.1667, 288.6667, 287.6667","10337761, 11143932, 10023117, 17094631, 11666182, 10095570, 18995174, 11143932, 12713831, 11143932, 11991203, 14025287, 19866517, 13537167, 10336220, 10337761, 10023117, 17094631, 11666182, 12151554"
MIMIC-IV,QRS_Dur_Global,Bottom 20,"96.3077, 102.0, 102.0, 102.6, 103.0, 103.2308, 103.2727, 103.3846, 103.7778, 104.5, 104.5455, 104.9091, 104.9231, 105.1429, 106.0, 106.0, 106.0, 106.0, 106.2, 106.5","13894879, 15529640, 18075452, 18075452, 13907337, 13434840, 16098597, 18075452, 15529640, 18456681, 17399317, 13434840, 18558866, 15715874, 16098597, 17399317, 17399317, 18075452, 18592566, 11886174"
MIMIC-IV,QRS_Dur_Global_count,Top 20,"38, 37, 37, 37, 36, 36, 36, 35, 35, 35, 35, 35, 35, 35, 35, 35, 34, 34, 34, 34","15650239, 12138462, 12138462, 18984357, 15576075, 18820664, 19880967, 12537800, 13535452, 14993194, 14993194, 15127848, 16453118, 16970621, 17601166, 18195430, 10197095, 11633230, 14262715, 14917039"
MIMIC-IV,QRS_Dur_Global_count,Bottom 20,"3, 3, 3, 3, 3, 3, 3, 3, 4, 4, 4, 4, 4, 4, 4, 4, 4, 4, 4, 4","10639500, 11279168, 12517010, 13752513, 14415578, 14691000, 17257484, 19601270, 10480744, 10662181, 10948914, 11345525, 12019706, 12448633, 12757547, 13444220, 13503188, 14085291, 14448948, 15709718"
MIMIC-IV,QRS_Dur_Global_iqr,Top 20,"175.0, 157.0, 148.0, 138.0, 136.5, 134.0, 134.0, 132.0, 129.5, 128.0, 126.5, 126.0, 124.0, 123.0, 122.0, 121.0, 120.0, 120.0, 118.0, 117.5","19850525, 19152893, 17168714, 11596570, 11539240, 12290820, 18259917, 10563474, 10563474, 17129194, 17021029, 16111901, 16760919, 12426684, 12165964, 16284832, 11607177, 14219343, 18995174, 12951119"
MIMIC-IV,QRS_Dur_Global_iqr,Bottom 20,"0.0, 0.0, 0.0, 0.0, 0.0, 0.0, 0.0, 0.0, 0.0, 0.0, 0.0, 0.0, 0.0, 0.0, 0.0, 0.0, 0.0, 0.0, 0.0, 0.0","10003299, 10011189, 10014610, 10014652, 10016742, 10023117, 10023117, 10026263, 10026950, 10029874, 10030753, 10030753, 10030753, 10030753, 10030863, 10031316, 10035780, 10035780, 10035780, 10037020"
MIMIC-IV,Q_Amp_I,Top 20,"28.8674, 11.7267, 10.5381, 10.4965, 10.4161, 9.027, 8.9683, 7.7826, 7.1533, 6.6121, 6.3539, 6.1928, 6.1558, 5.8448, 5.7945, 5.7771, 5.3073, 5.2931, 5.2319, 5.2001","14691000, 11960875, 19482678, 18153954, 17132849, 15605951, 16098597, 13733457, 13667220, 18676370, 16098597, 11886174, 15946581, 11386787, 14267880, 11488234, 13991270, 10635271, 17730015, 16270136"
MIMIC-IV,Q_Amp_I,Bottom 20,"-14.9681, -11.6426, -10.9421, -8.3009, -7.7739, -7.2489, -5.3426, -4.0206, -3.017, -2.9669, -2.9093, -2.7577, -2.6878, -2.564, -2.5086, -2.377, -1.5292, -1.4838, -1.4401, -1.4226","13237537, 13762217, 14874072, 11845306, 11663663, 10250736, 10725079, 11339006, 15065955, 10286998, 10286998, 10286998, 19504755, 16702712, 10286998, 12805443, 13237537, 10208178, 19985259, 13296168"
MIMIC-IV,Q_Amp_II,Top 20,"19.1781, 15.4004, 11.5524, 9.0027, 7.1086, 6.9827, 6.5406, 6.1726, 6.0562, 6.0223, 5.9275, 5.6906, 5.498, 5.4441, 5.4225, 5.2025, 5.0408, 4.3678, 4.3589, 4.2719","17132849, 12517010, 11960875, 15605951, 18676370, 11279168, 11886174, 15946581, 14874072, 18153954, 10139387, 14267880, 16766908, 15403852, 17823467, 19355882, 19951395, 13434840, 10286998, 12224027"
MIMIC-IV,Q_Amp_II,Bottom 20,"-11.7196, -10.8198, -8.0878, -6.626, -5.3314, -4.2526, -3.5841, -3.1982, -3.0864, -3.032, -2.7587, -2.7107, -2.6928, -2.6923, -2.1231, -1.7577, -1.6997, -1.6696, -1.6622, -1.6342","13762217, 15689762, 10639500, 10250736, 10725079, 11339006, 16702712, 12597933, 11685620, 15065955, 19504755, 10286998, 10286998, 10286998, 10286998, 11818101, 11818101, 13296168, 11818101, 11818101"
MIMIC-IV,Q_Amp_III,Top 20,"42.2883, 30.3479, 15.2038, 9.0621, 7.6932, 7.5787, 7.2222, 6.4702, 6.2949, 5.9565, 5.7387, 5.6722, 5.6488, 5.6482, 5.6105, 5.5843, 5.565, 5.5389, 5.2851, 5.2244","17132849, 14691000, 12517010, 16098597, 11279168, 13733457, 19482678, 11386787, 16098597, 19951395, 17730015, 11488234, 13991270, 17519144, 10139387, 16766908, 10635271, 17823467, 18467232, 19355882"
MIMIC-IV,Q_Amp_III,Bottom 20,"-14.0646, -10.0148, -9.8559, -8.1745, -7.7651, -6.9985, -4.1168, -3.3945, -3.3819, -3.3263, -3.2475, -2.9895, -2.7049, -2.6244, -2.5543, -2.5246, -2.5222, -2.3657, -2.3446, -2.3371","13237537, 11845306, 15689762, 10639500, 11663663, 14874072, 11685620, 15837552, 12805443, 12597933, 16246903, 14716749, 15161279, 15161279, 12992448, 13897558, 16196998, 13896341, 18139875, 18417736"
MIMIC-IV,Q_Amp_III_count,Top 20,"38, 37, 37, 37, 36, 36, 36, 35, 35, 35, 35, 35, 35, 35, 35, 35, 34, 34, 34, 34","15650239, 12138462, 12138462, 18984357, 15576075, 18820664, 19880967, 12537800, 13535452, 14993194, 14993194, 15127848, 16453118, 16970621, 17601166, 18195430, 10197095, 11633230, 14262715, 14917039"
MIMIC-IV,Q_Amp_III_count,Bottom 20,"3, 3, 3, 3, 3, 3, 3, 3, 4, 4, 4, 4, 4, 4, 4, 4, 4, 4, 4, 5","10639500, 11279168, 12517010, 13752513, 14415578, 14691000, 17257484, 19601270, 10480744, 10948914, 11345525, 12448633, 12757547, 13444220, 13503188, 14085291, 15709718, 16099802, 19397112, 10662181"
MIMIC-IV,Q_Amp_III_iqr,Top 20,"102.796, 98.0766, 56.7046, 28.2067, 18.9372, 17.0295, 13.376, 6.8992, 6.4799, 6.3201, 4.9303, 4.4843, 4.4468, 4.3812, 4.1756, 3.6807, 3.3359, 3.2522, 3.1972, 3.0769","10639500, 14691000, 17132849, 12597933, 12517010, 19482678, 11279168, 11009860, 13733457, 14874072, 15161279, 15605951, 14467405, 11057357, 14822638, 17211916, 17297649, 17312985, 14219343, 15689762"
MIMIC-IV,Q_Amp_III_iqr,Bottom 20,"0.0009, 0.0012, 0.0014, 0.0016, 0.0017, 0.0018, 0.0018, 0.0019, 0.0019, 0.002, 0.002, 0.002, 0.002, 0.0021, 0.0021, 0.0021, 0.0022, 0.0022, 0.0022, 0.0022","14481038, 17715495, 15247708, 19429257, 14335490, 18784178, 12518826, 14237047, 13496713, 10738109, 19590767, 10377960, 12294223, 19407680, 17756198, 13496146, 11670591, 14835862, 14045846, 12025857"
MIMIC-IV,Q_Amp_II_count,Top 20,"38, 37, 37, 37, 36, 36, 36, 35, 35, 35, 35, 35, 35, 35, 35, 35, 34, 34, 34, 34","15650239, 12138462, 12138462, 18984357, 15576075, 18820664, 19880967, 12537800, 13535452, 14993194, 14993194, 15127848, 16453118, 16970621, 17601166, 18195430, 10197095, 11633230, 14262715, 14917039"
MIMIC-IV,Q_Amp_II_count,Bottom 20,"3, 3, 3, 3, 3, 3, 3, 3, 4, 4, 4, 4, 4, 4, 4, 4, 4, 4, 4, 5","10639500, 11279168, 12517010, 13752513, 14415578, 14691000, 17257484, 19601270, 10480744, 10948914, 11345525, 12448633, 12757547, 13444220, 13503188, 14085291, 15709718, 16099802, 19397112, 10662181"
MIMIC-IV,Q_Amp_II_iqr,Top 20,"102.2469, 74.5088, 42.6845, 28.7143, 18.6638, 11.2811, 5.0125, 4.7239, 3.6479, 3.5936, 3.2353, 3.1145, 2.8492, 2.6616, 2.5911, 2.0331, 1.9426, 1.9261, 1.8883, 1.856","10639500, 17132849, 11960875, 12597933, 12517010, 11279168, 13762217, 13296168, 12224027, 10286998, 16194637, 19909522, 19390611, 12738850, 10731211, 19177655, 19592126, 14006699, 14812210, 19311178"
MIMIC-IV,Q_Amp_II_iqr,Bottom 20,"0.0, 0.0011, 0.0011, 0.0012, 0.0013, 0.0014, 0.0014, 0.0014, 0.0014, 0.0015, 0.0015, 0.0015, 0.0016, 0.0016, 0.0016, 0.0016, 0.0016, 0.0016, 0.0016, 0.0016","14167047, 10397689, 17502799, 12620215, 11313865, 12356115, 11786902, 12018901, 17119475, 17015268, 18588433, 10172042, 11558910, 14114593, 12848737, 14400660, 16411533, 16997103, 18169048, 14247906"
MIMIC-IV,Q_Amp_I_count,Top 20,"38, 37, 37, 37, 36, 36, 36, 35, 35, 35, 35, 35, 35, 35, 35, 35, 34, 34, 34, 34","15650239, 12138462, 12138462, 18984357, 15576075, 18820664, 19880967, 12537800, 13535452, 14993194, 14993194, 15127848, 16453118, 16970621, 17601166, 18195430, 10197095, 11633230, 14262715, 14917039"
MIMIC-IV,Q_Amp_I_count,Bottom 20,"3, 3, 3, 3, 3, 3, 3, 3, 4, 4, 4, 4, 4, 4, 4, 4, 4, 4, 4, 5","10639500, 11279168, 12517010, 13752513, 14415578, 14691000, 17257484, 19601270, 10480744, 10948914, 11345525, 12448633, 12757547, 13444220, 13503188, 14085291, 15709718, 16099802, 19397112, 10662181"
MIMIC-IV,Q_Amp_I_iqr,Top 20,"95.3418, 42.7288, 26.567, 18.9752, 16.1494, 8.4872, 4.8898, 4.4285, 4.0673, 3.9998, 3.7433, 3.7354, 3.4959, 3.4287, 3.379, 3.2051, 2.9817, 2.9506, 2.9037, 2.7002","14691000, 11960875, 19482678, 17132849, 18153954, 13733457, 13762217, 10908909, 13296168, 18467232, 15231087, 12224027, 16194637, 10286998, 15689762, 14822638, 13237537, 17399317, 14219343, 13943729"
MIMIC-IV,Q_Amp_I_iqr,Bottom 20,"0.0, 0.0001, 0.0004, 0.0004, 0.0005, 0.0007, 0.0009, 0.001, 0.0011, 0.0011, 0.0012, 0.0012, 0.0013, 0.0013, 0.0014, 0.0014, 0.0015, 0.0015, 0.0015, 0.0015","15998075, 11164118, 11287998, 16171897, 11652327, 16768511, 10271803, 14222237, 13219876, 11652327, 17257484, 13459164, 18932912, 14481038, 10554657, 16541709, 14969198, 10070614, 10909916, 16274426"
MIMIC-IV,Q_Amp_V1,Top 20,"49.2452, 28.7592, 16.0361, 14.0776, 13.8843, 13.3205, 12.7057, 12.6756, 12.6238, 11.792, 11.758, 11.6324, 11.4535, 11.4507, 10.8598, 10.803, 10.555, 10.3375, 9.8697, 9.8627","12517010, 14691000, 17132849, 11960875, 13797586, 15142292, 14809072, 13384632, 14295224, 10200129, 16416806, 12989005, 13294541, 19415931, 10469318, 12539957, 19960839, 18163289, 10250736, 17925184"
MIMIC-IV,Q_Amp_V1,Bottom 20,"-19.7155, -19.5816, -17.3367, -15.4226, -15.1101, -14.6075, -14.6058, -13.9702, -12.4499, -12.3551, -12.0671, -11.6044, -11.3082, -10.8368, -10.5596, -10.484, -10.3167, -10.2197, -9.9737, -9.8967","10570126, 17746390, 14449762, 17240748, 19820806, 18380697, 12367803, 16132566, 11240669, 15568805, 18078962, 14262654, 12350277, 12516814, 17970243, 17580985, 12796016, 15439322, 14795459, 15198868"
MIMIC-IV,Q_Amp_V1_count,Top 20,"38, 37, 37, 37, 36, 36, 36, 35, 35, 35, 35, 35, 35, 35, 35, 35, 34, 34, 34, 34","15650239, 12138462, 12138462, 18984357, 15576075, 18820664, 19880967, 12537800, 13535452, 14993194, 14993194, 15127848, 16453118, 16970621, 17601166, 18195430, 10197095, 11633230, 14262715, 14917039"
MIMIC-IV,Q_Amp_V1_count,Bottom 20,"3, 3, 3, 3, 3, 3, 3, 3, 4, 4, 4, 4, 4, 4, 4, 4, 4, 4, 4, 5","10639500, 11279168, 12517010, 13752513, 14415578, 14691000, 17257484, 19601270, 10480744, 10948914, 11345525, 12448633, 12757547, 13444220, 13503188, 14085291, 15709718, 16099802, 19397112, 10662181"
MIMIC-IV,Q_Amp_V1_iqr,Top 20,"102.2469, 95.1029, 64.3525, 57.8286, 57.0582, 31.4875, 26.9906, 24.8552, 21.1902, 20.4182, 19.579, 19.5701, 19.1513, 18.4018, 17.1881, 15.9552, 15.7245, 14.3112, 13.7057, 13.5169","10639500, 14691000, 13797586, 12517010, 18562317, 17132849, 13795988, 14702995, 15110016, 15672432, 11240669, 12367803, 11960875, 19136566, 15102449, 11279168, 10570126, 12731441, 17970010, 14449762"
MIMIC-IV,Q_Amp_V1_iqr,Bottom 20,"0.0, 0.0, 0.0, 0.0, 0.0, 0.0, 0.0, 0.0, 0.0001, 0.0003, 0.0007, 0.001, 0.0011, 0.0011, 0.0012, 0.0013, 0.0013, 0.0013, 0.0014, 0.0014","16715071, 18910703, 10911270, 14010625, 12082362, 13039135, 11900070, 18248533, 11174340, 12241844, 15311382, 17905392, 16172698, 10275886, 11257841, 16578228, 19464511, 11599045, 16513231, 13965528"
MIMIC-IV,Q_Amp_V2,Top 20,"49.7578, 28.9523, 24.0564, 21.3876, 15.3087, 14.7287, 14.5147, 14.1185, 12.761, 12.3913, 12.3142, 12.138, 11.8404, 10.9884, 10.9209, 10.0386, 9.6617, 9.5496, 9.5163, 9.4974","12517010, 14691000, 17132849, 15605951, 19410125, 19773291, 19243474, 18624988, 11734166, 11776988, 11960875, 19025237, 10627699, 13395021, 13731396, 11252719, 10250736, 11841526, 17428457, 16409409"
MIMIC-IV,Q_Amp_V2,Bottom 20,"-22.4734, -15.8867, -14.7046, -14.0204, -13.6509, -13.1549, -11.7721, -11.7617, -11.6789, -11.5318, -11.5118, -11.3602, -11.0203, -10.927, -10.7534, -10.3861, -9.9899, -9.7753, -9.4184, -8.8472","14774100, 10682002, 19507970, 17918016, 16717759, 16936322, 19271745, 15316284, 17131600, 11834165, 15394383, 12102463, 15367414, 12637819, 14766731, 14311198, 14703575, 17636862, 16839169, 18414625"
MIMIC-IV,Q_Amp_V2_count,Top 20,"38, 37, 37, 37, 36, 36, 36, 35, 35, 35, 35, 35, 35, 35, 35, 35, 34, 34, 34, 34","15650239, 12138462, 12138462, 18984357, 15576075, 18820664, 19880967, 12537800, 13535452, 14993194, 14993194, 15127848, 16453118, 16970621, 17601166, 18195430, 10197095, 11633230, 14262715, 14917039"
MIMIC-IV,Q_Amp_V2_count,Bottom 20,"3, 3, 3, 3, 3, 3, 3, 3, 4, 4, 4, 4, 4, 4, 4, 4, 4, 4, 4, 5","10639500, 11279168, 12517010, 13752513, 14415578, 14691000, 17257484, 19601270, 10480744, 10948914, 11345525, 12448633, 12757547, 13444220, 13503188, 14085291, 15709718, 16099802, 19397112, 10662181"
MIMIC-IV,Q_Amp_V2_iqr,Top 20,"102.2469, 95.2962, 57.2911, 42.2023, 32.0001, 24.6031, 24.3289, 22.8665, 18.6843, 17.7661, 17.1507, 17.0479, 16.4868, 16.3119, 15.6751, 15.283, 14.8215, 14.5627, 13.2157, 12.8974","10639500, 14691000, 12517010, 11960875, 17132849, 16839169, 15835317, 14774100, 17636862, 18624988, 10939051, 17428457, 11279168, 15605951, 14766731, 13836824, 13395021, 18611488, 19642954, 16717759"
MIMIC-IV,Q_Amp_V2_iqr,Bottom 20,"0.0, 0.0, 0.0, 0.0, 0.0, 0.0, 0.0, 0.0, 0.0001, 0.0006, 0.0008, 0.0009, 0.0009, 0.001, 0.0011, 0.0011, 0.0012, 0.0013, 0.0014, 0.0014","19601270, 12929274, 14350978, 12733748, 11844287, 13473495, 19806212, 11275493, 14105983, 16700843, 15444391, 18679900, 14899292, 18798223, 12315463, 12671335, 15489533, 19992875, 16892518, 11511899"
MIMIC-IV,Q_Amp_V3,Top 20,"49.2711, 32.2359, 29.3224, 21.524, 18.9756, 14.0966, 13.8751, 12.8493, 12.6522, 12.3778, 12.1591, 11.9386, 10.873, 10.4681, 10.3974, 10.3526, 10.2314, 10.1746, 10.0653, 9.7725","12517010, 17132849, 14691000, 15605951, 11232657, 12683115, 13415923, 16717759, 13704822, 19451054, 11960875, 11863654, 10250736, 12918803, 12104123, 15040147, 11876262, 13128461, 16123839, 12872916"
MIMIC-IV,Q_Amp_V3,Bottom 20,"-17.7951, -14.0446, -12.3618, -12.0614, -11.4405, -10.7572, -10.3464, -10.3368, -10.2483, -10.033, -9.7609, -9.7398, -9.7294, -9.5896, -9.4745, -9.2816, -9.1807, -9.137, -9.0649, -9.0114","15655766, 15999553, 15586468, 17926207, 18655830, 16392279, 19696769, 16063345, 17442462, 16498261, 10862025, 13545353, 12283783, 16450946, 19759745, 13833101, 10172206, 13245622, 17934671, 17321813"
MIMIC-IV,Q_Amp_V3_count,Top 20,"38, 37, 37, 37, 36, 36, 36, 35, 35, 35, 35, 35, 35, 35, 35, 35, 34, 34, 34, 34","15650239, 12138462, 12138462, 18984357, 15576075, 18820664, 19880967, 12537800, 13535452, 14993194, 14993194, 15127848, 16453118, 16970621, 17601166, 18195430, 10197095, 11633230, 14262715, 14917039"
MIMIC-IV,Q_Amp_V3_count,Bottom 20,"3, 3, 3, 3, 3, 3, 3, 3, 4, 4, 4, 4, 4, 4, 4, 4, 4, 4, 4, 5","10639500, 11279168, 12517010, 13752513, 14415578, 14691000, 17257484, 19601270, 10480744, 10948914, 11345525, 12448633, 12757547, 13444220, 13503188, 14085291, 15709718, 16099802, 19397112, 10662181"
MIMIC-IV,Q_Amp_V3_iqr,Top 20,"102.2469, 96.9615, 57.0587, 53.6555, 51.0587, 47.7648, 45.9993, 42.215, 30.6977, 23.5325, 22.7077, 22.341, 22.222, 20.9879, 20.6189, 20.4174, 20.1123, 18.5564, 18.4131, 17.8676","10639500, 14691000, 12517010, 11919347, 11232657, 15655766, 17132849, 11960875, 13637669, 13780400, 16096783, 14394962, 15040147, 13704822, 11791041, 17949474, 12487862, 12683115, 11069386, 11863654"
MIMIC-IV,Q_Amp_V3_iqr,Bottom 20,"0.0, 0.0, 0.0001, 0.0001, 0.0002, 0.0003, 0.0003, 0.0005, 0.0007, 0.0011, 0.0012, 0.0014, 0.0015, 0.0015, 0.0015, 0.0017, 0.0017, 0.0017, 0.0017, 0.0018","13713209, 13315366, 18566607, 13993692, 17524861, 12252736, 17735780, 15667551, 12067194, 18834121, 14504848, 10865504, 13324195, 18381957, 17518310, 15978490, 16176594, 19960274, 11528671, 13778766"
MIMIC-IV,Q_Amp_V4,Top 20,"49.7274, 34.3994, 29.2547, 21.8093, 19.3401, 19.2948, 17.926, 16.3986, 15.2419, 14.6688, 14.62, 12.7871, 12.6147, 12.3909, 11.2934, 10.8661, 10.7251, 10.6791, 10.292, 10.2508","12517010, 17132849, 14691000, 15605951, 14494263, 10527074, 17521786, 19428820, 12327469, 12567301, 15259244, 18079519, 19663837, 19639613, 11960875, 17078350, 17610997, 15289024, 14841920, 18362456"
MIMIC-IV,Q_Amp_V4,Bottom 20,"-15.0243, -14.6769, -14.5841, -12.4878, -11.7751, -11.683, -11.0885, -10.9016, -10.7994, -10.5969, -10.4468, -9.7975, -9.4959, -9.4325, -8.9869, -8.8565, -8.4898, -8.4846, -8.2814, -8.0878","18422749, 18727964, 14036332, 13940306, 13282793, 10850433, 18230098, 10567046, 16086282, 16151224, 16420745, 16589824, 12173286, 11485288, 19550442, 15123166, 12415967, 13399381, 12532638, 10639500"
MIMIC-IV,Q_Amp_V4_count,Top 20,"38, 37, 37, 37, 36, 36, 36, 35, 35, 35, 35, 35, 35, 35, 35, 35, 34, 34, 34, 34","15650239, 12138462, 12138462, 18984357, 15576075, 18820664, 19880967, 12537800, 13535452, 14993194, 14993194, 15127848, 16453118, 16970621, 17601166, 18195430, 10197095, 11633230, 14262715, 14917039"
MIMIC-IV,Q_Amp_V4_count,Bottom 20,"3, 3, 3, 3, 3, 3, 3, 3, 4, 4, 4, 4, 4, 4, 4, 4, 4, 4, 4, 5","10639500, 11279168, 12517010, 13752513, 14415578, 14691000, 17257484, 19601270, 10480744, 10948914, 11345525, 12448633, 12757547, 13444220, 13503188, 14085291, 15709718, 16099802, 19397112, 10662181"
MIMIC-IV,Q_Amp_V4_iqr,Top 20,"102.2469, 96.076, 75.9187, 57.4292, 51.7902, 48.405, 43.8364, 42.2821, 40.1241, 39.9463, 33.4513, 32.8164, 28.2512, 23.9116, 21.9794, 21.5162, 21.337, 20.2372, 19.8692, 17.7295","10639500, 14691000, 12327469, 12517010, 18544386, 17132849, 17342098, 11960875, 10527074, 18079519, 16805727, 17521786, 11482500, 19428820, 14494263, 12322027, 15259244, 17610997, 19663837, 12219683"
MIMIC-IV,Q_Amp_V4_iqr,Bottom 20,"0.0, 0.0, 0.0, 0.0, 0.0, 0.0, 0.0001, 0.0001, 0.0003, 0.0005, 0.0007, 0.0009, 0.0011, 0.0013, 0.0014, 0.0014, 0.0015, 0.0015, 0.0015, 0.0015","13401524, 18168840, 13467921, 10390714, 14388050, 12685249, 16345822, 15916886, 17996934, 12540807, 16092524, 16546662, 10591385, 19242273, 10360554, 16332956, 19155041, 16011126, 18319079, 14133745"
MIMIC-IV,Q_Amp_V5,Top 20,"48.3397, 33.6772, 32.1299, 29.6228, 21.756, 18.512, 16.8317, 15.3066, 11.367, 11.2848, 10.4833, 10.3316, 10.2239, 9.9523, 9.6993, 9.6621, 9.1023, 9.0871, 8.7987, 8.2968","12517010, 16750854, 17132849, 14691000, 15605951, 17671435, 14368163, 14010911, 19191750, 11960875, 11741336, 10250736, 13947746, 13713209, 18388859, 10476303, 17589503, 16648221, 12306709, 19931617"
MIMIC-IV,Q_Amp_V5,Bottom 20,"-17.676, -17.6079, -13.6187, -13.4587, -12.5289, -12.0816, -11.6501, -11.3413, -11.2024, -10.8806, -10.2898, -10.0211, -9.8221, -9.5891, -9.5229, -9.2605, -9.1632, -9.1334, -9.1284, -8.698","16186407, 14104740, 13416445, 17473715, 16063345, 12532638, 16505639, 19713198, 12762605, 16671289, 10161042, 15752558, 15171885, 11475699, 13148729, 11171072, 16339049, 18451972, 18236201, 18343701"
MIMIC-IV,Q_Amp_V5_count,Top 20,"38, 37, 37, 37, 36, 36, 36, 35, 35, 35, 35, 35, 35, 35, 35, 35, 34, 34, 34, 34","15650239, 12138462, 12138462, 18984357, 15576075, 18820664, 19880967, 12537800, 13535452, 14993194, 14993194, 15127848, 16453118, 16970621, 17601166, 18195430, 10197095, 11633230, 14262715, 14917039"
MIMIC-IV,Q_Amp_V5_count,Bottom 20,"3, 3, 3, 3, 3, 3, 3, 3, 4, 4, 4, 4, 4, 4, 4, 4, 4, 4, 4, 5","10639500, 11279168, 12517010, 13752513, 14415578, 14691000, 17257484, 19601270, 10480744, 10948914, 11345525, 12448633, 12757547, 13444220, 13503188, 14085291, 15709718, 16099802, 19397112, 10662181"
MIMIC-IV,Q_Amp_V5_iqr,Top 20,"102.2469, 97.9376, 72.939, 55.428, 46.1312, 42.2553, 41.2817, 37.4104, 32.4211, 24.1848, 22.891, 22.7411, 22.3838, 19.7466, 17.9178, 17.2269, 16.6542, 16.1116, 15.7931, 13.9158","10639500, 14691000, 16750854, 12517010, 17132849, 11960875, 14104740, 17671435, 14368163, 12086931, 18562129, 14010911, 12289464, 13416445, 18787238, 10862862, 11279168, 15605951, 13713209, 11741336"
MIMIC-IV,Q_Amp_V5_iqr,Bottom 20,"0.0, 0.0, 0.0, 0.0, 0.0002, 0.0004, 0.0007, 0.0007, 0.0008, 0.0009, 0.001, 0.001, 0.001, 0.001, 0.001, 0.0011, 0.0012, 0.0012, 0.0012, 0.0012","15539562, 10300976, 10390664, 14220073, 11667512, 15956226, 18508804, 11959467, 12895214, 14579607, 14022863, 18212177, 11517422, 11648170, 11648170, 12246674, 13760440, 12629893, 16987979, 15659767"
MIMIC-IV,Q_Amp_V6,Top 20,"49.1043, 38.0215, 29.1106, 23.5027, 21.576, 20.5419, 17.6939, 16.3105, 13.7876, 13.7454, 13.6742, 12.338, 11.2895, 10.6403, 10.4281, 10.2454, 10.1958, 10.0846, 9.9385, 9.8366","12517010, 16086282, 14691000, 14707286, 15605951, 15910710, 17132849, 17925184, 12637610, 17876390, 18230098, 12932589, 11960875, 16544239, 17565549, 18733465, 10250736, 16716395, 16061488, 11443579"
MIMIC-IV,Q_Amp_V6,Bottom 20,"-19.4199, -17.1698, -14.7499, -14.0351, -12.429, -12.0813, -11.9212, -11.8303, -11.6969, -11.185, -10.3255, -10.2919, -10.1186, -10.0813, -9.7295, -9.6367, -9.443, -9.3991, -9.0622, -8.9572","16651008, 15002568, 12994952, 18614670, 14548055, 13840316, 16871852, 11432626, 17598702, 13489339, 12815098, 13638752, 19417923, 18761260, 13131588, 12189285, 15200459, 17543825, 13535833, 15999575"
MIMIC-IV,Q_Amp_V6_count,Top 20,"38, 37, 37, 37, 36, 36, 36, 35, 35, 35, 35, 35, 35, 35, 35, 35, 34, 34, 34, 34","15650239, 12138462, 12138462, 18984357, 15576075, 18820664, 19880967, 12537800, 13535452, 14993194, 14993194, 15127848, 16453118, 16970621, 17601166, 18195430, 10197095, 11633230, 14262715, 14917039"
MIMIC-IV,Q_Amp_V6_count,Bottom 20,"3, 3, 3, 3, 3, 3, 3, 3, 4, 4, 4, 4, 4, 4, 4, 4, 4, 4, 4, 5","10639500, 11279168, 12517010, 13752513, 14415578, 14691000, 17257484, 19601270, 10480744, 10948914, 11345525, 12448633, 12757547, 13444220, 13503188, 14085291, 15709718, 16099802, 19397112, 10662181"
MIMIC-IV,Q_Amp_V6_iqr,Top 20,"102.2469, 95.6388, 57.5799, 57.4002, 51.4068, 42.2462, 37.4643, 29.675, 26.8577, 26.4471, 25.6267, 19.8305, 19.2039, 17.2083, 16.8608, 15.6399, 15.5542, 15.4486, 14.4506, 13.9539","10639500, 14691000, 12517010, 16086282, 17132849, 11960875, 17925184, 14707286, 15944766, 16716395, 11443579, 16061488, 17876390, 14566045, 14548055, 15605951, 11279168, 15402907, 17565549, 16544239"
MIMIC-IV,Q_Amp_V6_iqr,Bottom 20,"0.0, 0.0, 0.0, 0.0, 0.0, 0.0, 0.0, 0.0001, 0.0003, 0.0003, 0.0004, 0.0004, 0.0006, 0.0006, 0.0006, 0.0008, 0.0008, 0.0009, 0.001, 0.0011","10157256, 19851462, 19111622, 16057835, 14751479, 12550080, 14220073, 12217232, 15956226, 12510515, 11508897, 10256131, 17298353, 12139700, 12841759, 12608011, 13024713, 11569252, 19199259, 17396354"
MIMIC-IV,Q_Amp_aVF,Top 20,"29.9962, 28.9411, 28.5321, 10.9693, 10.4044, 8.7153, 8.0805, 7.9842, 7.0903, 6.5104, 6.0207, 5.8606, 5.8015, 5.6045, 5.327, 5.1821, 5.1207, 5.053, 4.9176, 4.7294","12517010, 17132849, 14691000, 11960875, 19482678, 16098597, 13733457, 15605951, 13667220, 16098597, 11386787, 15689762, 11488234, 13991270, 16270136, 10635271, 17730015, 14822638, 17399317, 17399317"
MIMIC-IV,Q_Amp_aVF,Bottom 20,"-14.9358, -8.2212, -8.201, -7.7672, -5.3147, -4.9352, -3.0232, -2.5767, -2.4519, -2.294, -2.2026, -2.065, -1.8063, -1.6945, -1.6315, -1.5615, -1.5431, -1.5291, -1.3064, -1.2301","13237537, 11845306, 10639500, 11663663, 10250736, 14716749, 15065955, 10725079, 11685620, 11339006, 15231087, 12805443, 10286998, 13444222, 10286998, 10286998, 10908909, 10286998, 10908909, 19985259"
MIMIC-IV,Q_Amp_aVF_count,Top 20,"38, 37, 37, 37, 36, 36, 36, 35, 35, 35, 35, 35, 35, 35, 35, 35, 34, 34, 34, 34","15650239, 12138462, 12138462, 18984357, 15576075, 18820664, 19880967, 12537800, 13535452, 14993194, 14993194, 15127848, 16453118, 16970621, 17601166, 18195430, 10197095, 11633230, 14262715, 14917039"
MIMIC-IV,Q_Amp_aVF_count,Bottom 20,"3, 3, 3, 3, 3, 3, 3, 3, 4, 4, 4, 4, 4, 4, 4, 4, 4, 4, 4, 5","10639500, 11279168, 12517010, 13752513, 14415578, 14691000, 17257484, 19601270, 10480744, 10948914, 11345525, 12448633, 12757547, 13444220, 13503188, 14085291, 15709718, 16099802, 19397112, 10662181"
MIMIC-IV,Q_Amp_aVF_iqr,Top 20,"101.635, 94.8406, 70.1722, 44.6783, 43.3029, 26.3292, 25.4643, 16.8012, 9.543, 8.8289, 5.7845, 3.8109, 3.7125, 3.6821, 3.677, 3.6563, 3.6089, 3.6065, 3.5105, 3.2725","10639500, 14691000, 12517010, 17132849, 11960875, 19482678, 14874072, 11279168, 15689762, 13733457, 12597933, 14921126, 11386787, 11968004, 15161279, 14822638, 18153954, 13943729, 12617635, 17399317"
MIMIC-IV,Q_Amp_aVF_iqr,Bottom 20,"0.0005, 0.0007, 0.0008, 0.001, 0.0011, 0.0011, 0.0011, 0.0011, 0.0012, 0.0012, 0.0014, 0.0014, 0.0014, 0.0015, 0.0015, 0.0015, 0.0016, 0.0016, 0.0016, 0.0016","14369822, 16171897, 17356651, 13304234, 15241494, 11608370, 17652927, 11942046, 19096838, 18952379, 16192828, 13738282, 19906916, 13201136, 12556413, 12709350, 10866787, 15691506, 18223958, 13738898"
MIMIC-IV,Q_Amp_aVL,Top 20,"30.5266, 30.2155, 16.5282, 15.1371, 10.8684, 8.9466, 8.0306, 7.2942, 5.8023, 5.6669, 5.6199, 5.5377, 5.529, 5.3454, 5.1824, 4.6949, 4.6524, 4.3518, 4.2519, 3.8106","17132849, 14691000, 10250736, 12517010, 11960875, 15605951, 14874072, 11279168, 10139387, 17730015, 16098597, 17823467, 16766908, 19951395, 19355882, 16098597, 15403852, 17399317, 18586624, 11886174"
MIMIC-IV,Q_Amp_aVL,Bottom 20,"-11.0906, -8.133, -4.8692, -3.489, -3.2178, -3.1331, -3.0097, -2.7217, -2.3607, -2.2203, -2.197, -2.1749, -2.1359, -2.1174, -2.1162, -2.1152, -2.0694, -1.9164, -1.8206, -1.8194","15689762, 10639500, 10725079, 11663663, 15065955, 11685620, 12597933, 10908909, 11339006, 13973494, 16196998, 18139875, 13542989, 15837552, 10342123, 10908909, 13542989, 10908909, 11968004, 10286998"
MIMIC-IV,Q_Amp_aVL_count,Top 20,"38, 37, 37, 37, 36, 36, 36, 35, 35, 35, 35, 35, 35, 35, 35, 35, 34, 34, 34, 34","15650239, 12138462, 12138462, 18984357, 15576075, 18820664, 19880967, 12537800, 13535452, 14993194, 14993194, 15127848, 16453118, 16970621, 17601166, 18195430, 10197095, 11633230, 14262715, 14917039"
MIMIC-IV,Q_Amp_aVL_count,Bottom 20,"3, 3, 3, 3, 3, 3, 3, 3, 4, 4, 4, 4, 4, 4, 4, 4, 4, 4, 4, 5","10639500, 11279168, 12517010, 13752513, 14415578, 14691000, 17257484, 19601270, 10480744, 10948914, 11345525, 12448633, 12757547, 13444220, 13503188, 14085291, 15709718, 16099802, 19397112, 10662181"
MIMIC-IV,Q_Amp_aVL_iqr,Top 20,"102.5209, 97.4851, 54.02, 43.2468, 28.2115, 18.8577, 12.6735, 12.266, 4.471, 4.1963, 3.0151, 2.9507, 2.8644, 2.8517, 2.4595, 2.3838, 2.3509, 2.3228, 2.3091, 2.2914","10639500, 14691000, 17132849, 11960875, 12597933, 12517010, 14874072, 11279168, 14822638, 10757032, 17297649, 12738850, 15161279, 19390611, 16540899, 12617635, 13296168, 10635271, 15837552, 18467232"
MIMIC-IV,Q_Amp_aVL_iqr,Bottom 20,"0.0009, 0.0009, 0.0011, 0.0011, 0.0012, 0.0012, 0.0013, 0.0013, 0.0014, 0.0014, 0.0014, 0.0015, 0.0015, 0.0015, 0.0016, 0.0016, 0.0016, 0.0017, 0.0017, 0.0017","18618203, 10935252, 16314315, 19156652, 14740077, 11544594, 19120111, 19616308, 16529830, 17088322, 16637805, 10569306, 11786902, 14257495, 17860271, 12230757, 11372027, 14379176, 14174629, 18719577"
MIMIC-IV,Q_Amp_aVR,Top 20,"30.3193, 29.0971, 21.9986, 16.2802, 11.4055, 9.2971, 8.6814, 7.0127, 6.8226, 6.1989, 6.1299, 6.0635, 5.5652, 5.5452, 5.3341, 4.3805, 4.3152, 4.2225, 4.112, 4.0981","12517010, 14691000, 17132849, 14874072, 11960875, 15605951, 13762217, 18153954, 18676370, 14267880, 11886174, 15946581, 16098597, 16766908, 17730015, 10139387, 13434840, 12224027, 15109122, 12952202"
MIMIC-IV,Q_Amp_aVR,Bottom 20,"-8.1323, -6.4159, -5.4907, -4.2855, -3.3886, -3.1556, -3.1397, -3.0063, -2.0378, -1.7467, -1.746, -1.693, -1.6612, -1.4945, -1.4696, -1.4082, -1.3974, -1.2645, -1.0809, -1.0229","10639500, 10250736, 10725079, 11339006, 11663663, 16702712, 15065955, 11685620, 16540899, 11845306, 14822638, 16776139, 19504755, 11968004, 10635271, 14822638, 10757032, 12228452, 18417736, 16205152"
MIMIC-IV,Q_Amp_aVR_count,Top 20,"38, 37, 37, 37, 36, 36, 36, 35, 35, 35, 35, 35, 35, 35, 35, 35, 34, 34, 34, 34","15650239, 12138462, 12138462, 18984357, 15576075, 18820664, 19880967, 12537800, 13535452, 14993194, 14993194, 15127848, 16453118, 16970621, 17601166, 18195430, 10197095, 11633230, 14262715, 14917039"
MIMIC-IV,Q_Amp_aVR_count,Bottom 20,"3, 3, 3, 3, 3, 3, 3, 3, 4, 4, 4, 4, 4, 4, 4, 4, 4, 4, 4, 5","10639500, 11279168, 12517010, 13752513, 14415578, 14691000, 17257484, 19601270, 10480744, 10948914, 11345525, 12448633, 12757547, 13444220, 13503188, 14085291, 15709718, 16099802, 19397112, 10662181"
MIMIC-IV,Q_Amp_aVR_iqr,Top 20,"102.5405, 96.8187, 70.308, 42.6994, 36.9792, 29.6644, 16.1456, 5.0531, 4.7102, 4.6471, 4.0183, 3.5149, 3.4735, 3.4673, 2.8234, 2.817, 2.4173, 1.8082, 1.7602, 1.6634","10639500, 14691000, 12517010, 11960875, 14874072, 17132849, 11279168, 12597933, 15689762, 18153954, 12224027, 10286998, 13434840, 13434840, 13434840, 19909522, 10908909, 11372911, 12952202, 12115766"
MIMIC-IV,Q_Amp_aVR_iqr,Bottom 20,"0.0008, 0.0009, 0.0009, 0.0009, 0.0009, 0.001, 0.001, 0.001, 0.001, 0.001, 0.001, 0.0011, 0.0011, 0.0011, 0.0012, 0.0012, 0.0012, 0.0012, 0.0012, 0.0012","14022472, 10961687, 12398526, 17995929, 15073722, 16409744, 10785344, 17416033, 17479818, 15669551, 16921998, 19575335, 13907337, 10397689, 15729835, 10736128, 18847956, 10971699, 18935074, 12206478"
MIMIC-IV,RR_Mean_Global,Top 20,"5968.0, 5282.0, 4385.3333, 4072.6667, 3959.5, 3541.3333, 3151.3333, 2874.5, 2790.5, 2634.0, 2609.0, 2413.3333, 2384.8, 2363.0, 2346.4, 2334.0, 2331.2, 2325.2, 2318.0, 2315.2","10639500, 12517010, 14415578, 17257484, 14085291, 11279168, 19601270, 16099802, 15709718, 17316016, 10480744, 10570126, 11172857, 19397112, 13053397, 13444220, 12096587, 15835048, 12096587, 19008119"
MIMIC-IV,RR_Mean_Global,Bottom 20,"262.3158, 263.2432, 268.3243, 271.0, 273.2432, 278.1111, 281.2778, 281.8857, 282.9143, 283.3714, 283.8857, 284.9714, 285.5429, 285.7143, 286.1714, 287.0286, 287.2353, 287.7059, 288.0, 288.8235","15650239, 18984357, 12138462, 18820664, 12138462, 15576075, 19880967, 15127848, 13535452, 12537800, 14993194, 16453118, 14993194, 18195430, 16970621, 17601166, 19985259, 18197523, 11633230, 16453118"
MIMIC-IV,RR_Mean_Global_count,Top 20,"38, 37, 37, 37, 36, 36, 36, 35, 35, 35, 35, 35, 35, 35, 35, 35, 34, 34, 34, 34","15650239, 12138462, 12138462, 18984357, 15576075, 18820664, 19880967, 12537800, 13535452, 14993194, 14993194, 15127848, 16453118, 16970621, 17601166, 18195430, 10197095, 11633230, 14262715, 14917039"
MIMIC-IV,RR_Mean_Global_count,Bottom 20,"3, 3, 3, 3, 3, 3, 3, 3, 4, 4, 4, 4, 4, 4, 4, 4, 4, 4, 4, 5","10639500, 11279168, 12517010, 13752513, 14415578, 14691000, 17257484, 19601270, 10480744, 10948914, 11345525, 12448633, 12757547, 13444220, 13503188, 14085291, 15709718, 16099802, 19397112, 10662181"
MIMIC-IV,RR_Mean_Global_iqr,Top 20,"5849.0, 5620.5, 4830.0, 4484.5, 4304.0, 3258.0, 3214.5, 3089.0, 2992.5, 2950.0, 2628.0, 2608.0, 2589.0, 2539.5, 2460.0, 2359.5, 2296.0, 2280.0, 2217.0, 2201.5","14085291, 10639500, 10570126, 17745354, 17316016, 10955958, 17257484, 16952444, 12517010, 11575157, 10555659, 12895214, 12535376, 11279168, 17954787, 13800827, 12896928, 10316089, 12163457, 15331667"
MIMIC-IV,RR_Mean_Global_iqr,Bottom 20,"0.0, 0.0, 0.0, 0.0, 0.0, 0.0, 0.0, 0.0, 0.0, 0.0, 0.0, 0.0, 0.0, 0.0, 0.0, 0.0, 0.0, 0.0, 0.0, 0.0","10005817, 10005817, 10023117, 10023117, 10030753, 10030753, 10030753, 10032381, 10047682, 10047682, 10047682, 10057763, 10057763, 10062617, 10062617, 10067480, 10076263, 10076526, 10081525, 10098993"
MIMIC-IV,R_Amp_I,Top 20,"14.9802, 11.8633, 10.5215, 9.6213, 8.7973, 8.5791, 8.5141, 8.2482, 6.9134, 6.5201, 6.3112, 5.6785, 5.1696, 5.0875, 4.5547, 4.4235, 4.4024, 4.3534, 3.9182, 3.8223","10250736, 13762217, 13237537, 18676370, 17730015, 17641105, 14267880, 15109122, 11329832, 17562772, 18218981, 13126146, 10286998, 15946581, 10286998, 10286998, 19175070, 10286998, 11381511, 17331243"
MIMIC-IV,R_Amp_I,Bottom 20,"-180.3264, -149.3309, -116.4003, -108.1421, -105.2854, -102.3318, -101.9992, -99.9093, -98.697, -98.6752, -98.1699, -98.0182, -96.7863, -95.7225, -91.035, -90.865, -90.6283, -89.9341, -89.3525, -89.2692","15605951, 16098597, 17399317, 16098597, 16540899, 10635271, 11559611, 14822638, 18075452, 18075452, 11960875, 16270136, 14822638, 17519144, 17399317, 13434840, 11886174, 18075452, 17399317, 15715874"
MIMIC-IV,R_Amp_II,Top 20,"35.5052, 17.0025, 15.3804, 11.9444, 9.0004, 7.7704, 7.7672, 7.5016, 7.2397, 6.3633, 6.1235, 5.717, 5.6717, 5.4189, 5.3729, 5.3472, 5.2174, 5.1204, 5.0005, 4.7342","10139387, 16246903, 10250736, 13762217, 18676370, 17823467, 16766908, 15109122, 14267880, 18586624, 18218981, 11329832, 17562772, 13126146, 19951395, 10286998, 15946581, 17641105, 10286998, 10286998"
MIMIC-IV,R_Amp_II,Bottom 20,"-180.2652, -104.218, -103.7603, -100.4097, -98.5145, -96.8091, -94.8896, -94.6029, -89.7214, -79.8508, -78.0, -61.4916, -58.3805, -55.327, -50.3083, -50.1289, -48.5206, -47.2336, -43.9264, -42.978","15605951, 11279168, 11559611, 13434840, 11960875, 13434840, 13434840, 11886174, 12952202, 19230597, 10908909, 14812210, 10286998, 13296168, 15529640, 17583589, 10558918, 10908909, 13296168, 19014190"
MIMIC-IV,R_Amp_III,Top 20,"35.5817, 13.8381, 12.2086, 7.5281, 7.4096, 7.3473, 7.0023, 6.6897, 6.0364, 5.862, 5.7146, 4.2537, 4.1776, 4.0794, 3.8276, 3.7378, 3.6526, 3.4751, 3.4138, 3.1748","10139387, 14874072, 16246903, 17823467, 13237537, 17730015, 10635271, 16766908, 19951395, 18417736, 18586624, 14450867, 18075452, 18075452, 17399317, 19670031, 15837552, 19177604, 17399317, 19123301"
MIMIC-IV,R_Amp_III,Bottom 20,"-151.0344, -128.4664, -122.3173, -119.5118, -115.3978, -107.5382, -104.0092, -103.0702, -99.0654, -98.8192, -98.1305, -97.5457, -97.5387, -96.7285, -93.6731, -92.9889, -92.5618, -91.1337, -90.4889, -89.6854","16098597, 17399317, 16098597, 16540899, 17519144, 14822638, 11279168, 10635271, 17519144, 16270136, 17399317, 18075452, 18075452, 14822638, 17399317, 17399317, 18075452, 18075452, 18467232, 18075452"
MIMIC-IV,R_Amp_III_count,Top 20,"38, 37, 37, 37, 36, 36, 36, 35, 35, 35, 35, 35, 35, 35, 35, 35, 34, 34, 34, 34","15650239, 12138462, 12138462, 18984357, 15576075, 18820664, 19880967, 12537800, 13535452, 14993194, 14993194, 15127848, 16453118, 16970621, 17601166, 18195430, 10197095, 11633230, 14262715, 14917039"
MIMIC-IV,R_Amp_III_count,Bottom 20,"3, 3, 3, 3, 3, 3, 3, 3, 4, 4, 4, 4, 4, 4, 4, 4, 4, 4, 4, 5","10639500, 11279168, 12517010, 13752513, 14415578, 14691000, 17257484, 19601270, 10480744, 10948914, 11345525, 12448633, 12757547, 13444220, 13503188, 14085291, 15709718, 16099802, 19397112, 10662181"
MIMIC-IV,R_Amp_III_iqr,Top 20,"138.0579, 126.7598, 115.5797, 104.4697, 94.7539, 89.8921, 88.3288, 80.3294, 74.5904, 66.9743, 61.0507, 52.3819, 52.2734, 51.3689, 49.3798, 49.3205, 48.6921, 48.6884, 48.5641, 48.402","10639500, 11279168, 17132849, 19482678, 12738850, 15689762, 12517010, 14691000, 10139387, 15605951, 14822638, 11057357, 15161279, 11488234, 12455327, 14219343, 12581385, 18094058, 17211916, 19857858"
MIMIC-IV,R_Amp_III_iqr,Bottom 20,"0.0008, 0.0018, 0.002, 0.002, 0.0023, 0.0025, 0.0025, 0.0026, 0.0027, 0.0029, 0.003, 0.0032, 0.0032, 0.0032, 0.0032, 0.0033, 0.0033, 0.0033, 0.0034, 0.0035","14062229, 12397418, 10892549, 17867158, 17838140, 10688510, 11930286, 17491092, 12235296, 18443326, 14485109, 18107328, 16768535, 17484569, 11041878, 16773796, 14167047, 14270232, 13568627, 10783654"
MIMIC-IV,R_Amp_II_count,Top 20,"38, 37, 37, 37, 36, 36, 36, 35, 35, 35, 35, 35, 35, 35, 35, 35, 34, 34, 34, 34","15650239, 12138462, 12138462, 18984357, 15576075, 18820664, 19880967, 12537800, 13535452, 14993194, 14993194, 15127848, 16453118, 16970621, 17601166, 18195430, 10197095, 11633230, 14262715, 14917039"
MIMIC-IV,R_Amp_II_count,Bottom 20,"3, 3, 3, 3, 3, 3, 3, 3, 4, 4, 4, 4, 4, 4, 4, 4, 4, 4, 4, 5","10639500, 11279168, 12517010, 13752513, 14415578, 14691000, 17257484, 19601270, 10480744, 10948914, 11345525, 12448633, 12757547, 13444220, 13503188, 14085291, 15709718, 16099802, 19397112, 10662181"
MIMIC-IV,R_Amp_II_iqr,Top 20,"137.3725, 132.3698, 130.6087, 88.4742, 79.3381, 74.7536, 67.4894, 64.7781, 49.979, 49.5159, 48.4144, 42.5847, 32.8595, 32.5574, 31.2613, 31.2326, 26.7547, 25.5038, 25.4446, 25.0216","10639500, 11960875, 11279168, 12517010, 17132849, 10139387, 12738850, 13296168, 19390611, 10731211, 19909522, 15689762, 12597933, 11372911, 13434840, 19230597, 12952202, 13931777, 11559611, 10558918"
MIMIC-IV,R_Amp_II_iqr,Bottom 20,"0.0, 0.0011, 0.0011, 0.0015, 0.0018, 0.0019, 0.002, 0.002, 0.002, 0.0021, 0.0021, 0.0022, 0.0023, 0.0023, 0.0024, 0.0024, 0.0025, 0.0025, 0.0026, 0.0026","14167047, 10079431, 12165269, 16804623, 16888516, 16261811, 17347036, 10377960, 10462700, 15534291, 14473057, 19775943, 14148171, 17795174, 17980085, 13213458, 15842320, 13583952, 13475033, 19170379"
MIMIC-IV,R_Amp_I_count,Top 20,"38, 37, 37, 37, 36, 36, 36, 35, 35, 35, 35, 35, 35, 35, 35, 35, 34, 34, 34, 34","15650239, 12138462, 12138462, 18984357, 15576075, 18820664, 19880967, 12537800, 13535452, 14993194, 14993194, 15127848, 16453118, 16970621, 17601166, 18195430, 10197095, 11633230, 14262715, 14917039"
MIMIC-IV,R_Amp_I_count,Bottom 20,"3, 3, 3, 3, 3, 3, 3, 3, 4, 4, 4, 4, 4, 4, 4, 4, 4, 4, 4, 5","10639500, 11279168, 12517010, 13752513, 14415578, 14691000, 17257484, 19601270, 10480744, 10948914, 11345525, 12448633, 12757547, 13444220, 13503188, 14085291, 15709718, 16099802, 19397112, 10662181"
MIMIC-IV,R_Amp_I_iqr,Top 20,"138.5279, 132.0308, 105.5352, 78.9968, 51.7564, 50.7398, 50.6521, 50.5279, 50.2312, 49.8623, 49.2916, 47.3419, 47.3335, 46.6644, 46.1283, 45.3042, 44.5214, 44.4597, 35.5947, 35.1635","17132849, 11960875, 19482678, 14691000, 13943729, 14219343, 10757032, 14219343, 15689762, 12455327, 13296168, 18467232, 18467232, 15824435, 14822638, 18467232, 18075452, 11488234, 13943729, 11372911"
MIMIC-IV,R_Amp_I_iqr,Bottom 20,"0.0, 0.0004, 0.0005, 0.0005, 0.0013, 0.002, 0.002, 0.002, 0.0022, 0.0022, 0.0024, 0.0024, 0.0025, 0.0025, 0.0025, 0.0025, 0.0026, 0.0026, 0.0026, 0.0026","15998075, 11287998, 11164118, 11652327, 11652327, 13778766, 14584470, 15614063, 19709832, 10577566, 17196107, 18784787, 16508811, 12872850, 16942036, 11111901, 11277677, 12309728, 12622064, 17490629"
MIMIC-IV,R_Amp_V1,Top 20,"53.3334, 23.5582, 20.9934, 20.3623, 20.1926, 18.6748, 15.7963, 15.2635, 15.1818, 13.3842, 13.1274, 12.5823, 12.0797, 11.9138, 11.5932, 11.2348, 11.1284, 11.1111, 10.1294, 10.0912","11960875, 14449762, 13491843, 19937193, 13922987, 11747893, 16310578, 16435402, 11755366, 13073377, 19136566, 10302724, 12539957, 15142292, 13525805, 15367414, 19009034, 15379576, 12645334, 16701759"
MIMIC-IV,R_Amp_V1,Bottom 20,"-178.995, -89.7981, -72.7394, -69.4756, -64.8777, -63.6317, -63.4216, -61.6324, -61.4776, -60.9406, -55.6507, -51.1531, -49.351, -48.6278, -47.3484, -45.0242, -44.4278, -44.3347, -42.2109, -35.0459","15605951, 18075452, 14691000, 17132849, 15385925, 12517010, 11279168, 18075452, 16270136, 14874072, 13296168, 16098597, 18075452, 15385925, 19177655, 11307658, 16098597, 18075452, 15715874, 19014190"
MIMIC-IV,R_Amp_V1_count,Top 20,"38, 37, 37, 37, 36, 36, 36, 35, 35, 35, 35, 35, 35, 35, 35, 35, 34, 34, 34, 34","15650239, 12138462, 12138462, 18984357, 15576075, 18820664, 19880967, 12537800, 13535452, 14993194, 14993194, 15127848, 16453118, 16970621, 17601166, 18195430, 10197095, 11633230, 14262715, 14917039"
MIMIC-IV,R_Amp_V1_count,Bottom 20,"3, 3, 3, 3, 3, 3, 3, 3, 4, 4, 4, 4, 4, 4, 4, 4, 4, 4, 4, 5","10639500, 11279168, 12517010, 13752513, 14415578, 14691000, 17257484, 19601270, 10480744, 10948914, 11345525, 12448633, 12757547, 13444220, 13503188, 14085291, 15709718, 16099802, 19397112, 10662181"
MIMIC-IV,R_Amp_V1_iqr,Top 20,"156.278, 153.3567, 137.3725, 127.3523, 92.9943, 79.1045, 75.2583, 74.3086, 70.4678, 49.6035, 39.4493, 36.8697, 36.4662, 29.1164, 27.0715, 26.4828, 25.2977, 25.2821, 24.9369, 24.4239","14874072, 17132849, 10639500, 11279168, 18562317, 14691000, 15385925, 12517010, 14702995, 12738850, 17035128, 17436136, 12367803, 17472951, 11960875, 13296168, 16391669, 16784913, 18075452, 15385925"
MIMIC-IV,R_Amp_V1_iqr,Bottom 20,"0.0, 0.0, 0.0, 0.0, 0.0, 0.0, 0.0, 0.0001, 0.0001, 0.0001, 0.0001, 0.0004, 0.0007, 0.001, 0.001, 0.0015, 0.0016, 0.0017, 0.0017, 0.0017","18910703, 12082362, 16715071, 14010625, 10911270, 13039135, 11900070, 16237253, 11905585, 11174340, 18248533, 12241844, 15311382, 14204868, 18952379, 10506944, 14306557, 12826857, 14020103, 17419494"
MIMIC-IV,R_Amp_V2,Top 20,"28.4011, 19.658, 18.4039, 17.3901, 17.0174, 15.9649, 15.0713, 14.475, 13.3532, 13.1731, 13.0503, 12.8783, 12.7243, 12.4316, 11.8517, 11.3065, 11.1605, 10.0706, 9.9381, 9.6723","14082461, 16527660, 15835317, 11755366, 15439322, 11947526, 19410125, 12173360, 15874847, 13088713, 11734166, 11776988, 16211906, 11654285, 12544332, 14359524, 18129598, 11511899, 17636862, 10250736"
MIMIC-IV,R_Amp_V2,Bottom 20,"-162.4473, -118.3657, -117.8523, -110.6266, -97.5321, -94.9056, -93.3081, -92.5478, -86.0207, -81.7689, -78.9353, -72.6736, -71.7029, -67.8358, -67.411, -65.683, -63.2981, -63.2694, -62.5163, -61.6453","15605951, 16098597, 17132849, 11968004, 18075452, 11968004, 11960875, 17399317, 12738850, 14215132, 18075452, 14691000, 16098597, 13434840, 17583589, 13994398, 12517010, 16534814, 11279168, 14874072"
MIMIC-IV,R_Amp_V2_count,Top 20,"38, 37, 37, 37, 36, 36, 36, 35, 35, 35, 35, 35, 35, 35, 35, 35, 34, 34, 34, 34","15650239, 12138462, 12138462, 18984357, 15576075, 18820664, 19880967, 12537800, 13535452, 14993194, 14993194, 15127848, 16453118, 16970621, 17601166, 18195430, 10197095, 11633230, 14262715, 14917039"
MIMIC-IV,R_Amp_V2_count,Bottom 20,"3, 3, 3, 3, 3, 3, 3, 3, 4, 4, 4, 4, 4, 4, 4, 4, 4, 4, 4, 5","10639500, 11279168, 12517010, 13752513, 14415578, 14691000, 17257484, 19601270, 10480744, 10948914, 11345525, 12448633, 12757547, 13444220, 13503188, 14085291, 15709718, 16099802, 19397112, 10662181"
MIMIC-IV,R_Amp_V2_iqr,Top 20,"153.7176, 137.3725, 128.934, 122.9607, 98.1533, 83.764, 81.3659, 79.1, 75.1281, 73.9753, 71.3721, 57.5097, 55.1068, 51.99, 49.0076, 48.7252, 47.5819, 47.4757, 47.0046, 40.2941","14874072, 10639500, 11279168, 11960875, 14219343, 18917761, 14082461, 14691000, 18662708, 12517010, 19390611, 13894879, 18972736, 13434840, 10791581, 15246579, 13894879, 17583589, 16082391, 13994398"
MIMIC-IV,R_Amp_V2_iqr,Bottom 20,"0.0, 0.0, 0.0, 0.0, 0.0, 0.0, 0.0, 0.0, 0.0001, 0.0001, 0.0002, 0.0005, 0.0006, 0.0013, 0.0014, 0.002, 0.0021, 0.0023, 0.0023, 0.0024","19601270, 12929274, 14350978, 12733748, 19806212, 11275493, 14899292, 11844287, 13473495, 14105983, 19711386, 16700843, 19717191, 13866393, 11511899, 15285300, 19341743, 18855794, 17460274, 17528096"
MIMIC-IV,R_Amp_V3,Top 20,"27.5588, 22.8257, 12.961, 12.2391, 12.1112, 11.9108, 11.4922, 10.8282, 10.8015, 10.7714, 10.646, 10.4419, 10.2349, 9.9394, 9.9291, 9.8429, 9.4496, 9.1797, 9.1592, 8.9804","14019956, 13615928, 13206731, 12458842, 12027445, 19570648, 14271881, 18143542, 16777381, 16416806, 15691324, 10250736, 17455303, 17481139, 19822093, 19648488, 14394962, 15586187, 12104123, 17593955"
MIMIC-IV,R_Amp_V3,Bottom 20,"-162.4611, -132.6538, -125.4293, -124.6889, -113.8767, -94.8836, -93.3273, -88.012, -73.4181, -71.2468, -69.7965, -65.1374, -62.6523, -62.5328, -61.5943, -60.1228, -60.0142, -58.1762, -57.8092, -54.2228","15605951, 13434840, 13434840, 13434840, 17132849, 17237809, 11960875, 12738850, 14691000, 18075452, 18075452, 16540899, 12517010, 11279168, 14874072, 11886174, 18075452, 18075452, 16534814, 18589387"
MIMIC-IV,R_Amp_V3_count,Top 20,"38, 37, 37, 37, 36, 36, 36, 35, 35, 35, 35, 35, 35, 35, 35, 35, 34, 34, 34, 34","15650239, 12138462, 12138462, 18984357, 15576075, 18820664, 19880967, 12537800, 13535452, 14993194, 14993194, 15127848, 16453118, 16970621, 17601166, 18195430, 10197095, 11633230, 14262715, 14917039"
MIMIC-IV,R_Amp_V3_count,Bottom 20,"3, 3, 3, 3, 3, 3, 3, 3, 4, 4, 4, 4, 4, 4, 4, 4, 4, 4, 4, 5","10639500, 11279168, 12517010, 13752513, 14415578, 14691000, 17257484, 19601270, 10480744, 10948914, 11345525, 12448633, 12757547, 13444220, 13503188, 14085291, 15709718, 16099802, 19397112, 10662181"
MIMIC-IV,R_Amp_V3_iqr,Top 20,"174.5105, 154.5624, 137.3725, 125.9363, 123.1388, 79.1577, 74.2824, 72.7913, 65.8095, 65.1953, 58.1555, 47.8417, 47.6255, 47.0396, 45.9916, 39.4625, 39.2041, 38.9138, 35.7283, 28.2211","17237809, 14874072, 10639500, 11279168, 11960875, 14691000, 12517010, 14019956, 18611434, 11919347, 13637669, 13840723, 13943729, 19177655, 18075452, 11530308, 13434840, 11232657, 17132849, 11889804"
MIMIC-IV,R_Amp_V3_iqr,Bottom 20,"0.0, 0.0, 0.0, 0.0002, 0.0002, 0.0002, 0.0002, 0.0004, 0.0004, 0.0004, 0.0005, 0.0013, 0.0019, 0.002, 0.002, 0.0021, 0.0024, 0.0024, 0.0025, 0.0026","13315366, 13713209, 18566607, 12067194, 17524861, 13993692, 18258770, 13025152, 15667551, 17735780, 12252736, 19834949, 15117636, 14174955, 15999575, 18569994, 13787426, 13545680, 15082258, 19311354"
MIMIC-IV,R_Amp_V4,Top 20,"28.7651, 23.0563, 21.0245, 20.8636, 20.0185, 18.759, 16.0667, 15.5046, 14.2507, 14.2276, 13.9223, 12.0399, 11.4446, 11.3607, 11.0068, 10.4647, 10.2493, 9.9818, 9.8301, 8.7742","12181540, 18977683, 17342098, 12327469, 14959313, 16988561, 17610997, 16151224, 19696769, 19663837, 18946621, 10250736, 13633058, 11144198, 17078350, 15606157, 13615928, 15963940, 19560143, 13489015"
MIMIC-IV,R_Amp_V4,Bottom 20,"-162.1396, -111.1357, -99.0919, -87.6015, -85.0124, -80.2181, -78.356, -72.873, -67.4358, -64.1279, -63.3504, -63.2975, -62.9182, -62.3357, -61.4378, -59.1636, -55.4208, -55.2595, -55.2363, -51.531","15605951, 17132849, 11960875, 17442462, 16098597, 13434840, 11886174, 14691000, 16540899, 13434840, 18075452, 12517010, 13434840, 11279168, 14874072, 17583589, 18558866, 11559611, 11889804, 18467232"
MIMIC-IV,R_Amp_V4_count,Top 20,"38, 37, 37, 37, 36, 36, 36, 35, 35, 35, 35, 35, 35, 35, 35, 35, 34, 34, 34, 34","15650239, 12138462, 12138462, 18984357, 15576075, 18820664, 19880967, 12537800, 13535452, 14993194, 14993194, 15127848, 16453118, 16970621, 17601166, 18195430, 10197095, 11633230, 14262715, 14917039"
MIMIC-IV,R_Amp_V4_count,Bottom 20,"3, 3, 3, 3, 3, 3, 3, 3, 4, 4, 4, 4, 4, 4, 4, 4, 4, 4, 4, 5","10639500, 11279168, 12517010, 13752513, 14415578, 14691000, 17257484, 19601270, 10480744, 10948914, 11345525, 12448633, 12757547, 13444220, 13503188, 14085291, 15709718, 16099802, 19397112, 10662181"
MIMIC-IV,R_Amp_V4_iqr,Top 20,"156.6352, 138.3364, 137.3725, 132.5022, 125.751, 83.9398, 80.3465, 79.0869, 76.1174, 74.1235, 73.293, 67.9197, 66.0763, 63.9509, 56.8459, 47.7908, 46.2416, 46.0471, 43.8023, 40.0544","14874072, 18079519, 10639500, 11960875, 11279168, 12219683, 17342098, 14691000, 11889804, 12517010, 18544386, 17521786, 18611434, 14941305, 16805727, 13943729, 18075452, 17132849, 19613725, 12899635"
MIMIC-IV,R_Amp_V4_iqr,Bottom 20,"0.0, 0.0, 0.0, 0.0, 0.0, 0.0, 0.0, 0.0001, 0.0002, 0.0004, 0.001, 0.0016, 0.0017, 0.0019, 0.002, 0.0021, 0.0022, 0.0023, 0.0026, 0.0026","18168840, 13401524, 13467921, 16345822, 10390714, 12685249, 14388050, 15916886, 17996934, 16092524, 16546662, 14967359, 16008743, 12540807, 17694075, 13325402, 12235568, 14129263, 17525478, 15476956"
MIMIC-IV,R_Amp_V5,Top 20,"38.4336, 28.3144, 24.9967, 19.7145, 18.4742, 17.682, 16.9608, 16.896, 15.9031, 15.3838, 15.0152, 14.0422, 12.5718, 11.8443, 11.6775, 10.5853, 10.4871, 10.3169, 10.2757, 9.9307","16750854, 19931617, 19555908, 14368163, 12851842, 10892316, 16246903, 15432819, 19319186, 11264491, 18787238, 18658996, 10250736, 16733605, 19336841, 13822767, 19417923, 12640507, 13713209, 17315179"
MIMIC-IV,R_Amp_V5,Bottom 20,"-162.1636, -113.7944, -99.0733, -85.0859, -77.2816, -73.8158, -67.0746, -62.3695, -61.5891, -59.9604, -59.6983, -52.3763, -49.5534, -47.1395, -46.4905, -42.4087, -42.2869, -42.1458, -37.0706, -37.0409","15605951, 17132849, 11960875, 16098597, 17442462, 14691000, 11889804, 11279168, 12517010, 14874072, 13434840, 16540899, 18558866, 11886174, 13434840, 18075452, 11559611, 15715874, 13434840, 19177655"
MIMIC-IV,R_Amp_V5_count,Top 20,"38, 37, 37, 37, 36, 36, 36, 35, 35, 35, 35, 35, 35, 35, 35, 35, 34, 34, 34, 34","15650239, 12138462, 12138462, 18984357, 15576075, 18820664, 19880967, 12537800, 13535452, 14993194, 14993194, 15127848, 16453118, 16970621, 17601166, 18195430, 10197095, 11633230, 14262715, 14917039"
MIMIC-IV,R_Amp_V5_count,Bottom 20,"3, 3, 3, 3, 3, 3, 3, 3, 4, 4, 4, 4, 4, 4, 4, 4, 4, 4, 4, 5","10639500, 11279168, 12517010, 13752513, 14415578, 14691000, 17257484, 19601270, 10480744, 10948914, 11345525, 12448633, 12757547, 13444220, 13503188, 14085291, 15709718, 16099802, 19397112, 10662181"
MIMIC-IV,R_Amp_V5_iqr,Top 20,"158.6174, 137.3725, 132.391, 125.6817, 92.7424, 79.2819, 78.1902, 72.5006, 71.7309, 64.1128, 50.7547, 47.8169, 45.3885, 36.909, 36.3468, 34.4517, 30.5263, 29.0196, 28.8989, 28.8158","14874072, 10639500, 11960875, 11279168, 16750854, 14691000, 12289464, 12517010, 19931617, 18388859, 14104740, 13943729, 11889804, 17132849, 17442462, 19471635, 13434840, 18562129, 14010911, 11386787"
MIMIC-IV,R_Amp_V5_iqr,Bottom 20,"0.0, 0.0, 0.0, 0.0, 0.0001, 0.0001, 0.0007, 0.0007, 0.0009, 0.0011, 0.0012, 0.0014, 0.0015, 0.0016, 0.0018, 0.0018, 0.0019, 0.002, 0.002, 0.0021","10300976, 10390664, 15539562, 14220073, 15956226, 11667512, 19391968, 18212177, 11648170, 18820928, 13508603, 13358526, 17419494, 10824441, 10289973, 13150244, 15114126, 12110863, 18607304, 14841168"
MIMIC-IV,R_Amp_V6,Top 20,"25.2759, 21.5351, 18.3783, 16.8386, 15.6838, 15.2103, 13.5686, 13.3376, 12.1308, 11.389, 10.7989, 10.7636, 10.7313, 10.576, 10.5057, 10.5002, 10.2845, 10.1957, 10.0716, 9.6743","18489959, 12579739, 14265837, 12532638, 17876390, 12668169, 10138124, 19952477, 10250736, 16007921, 12815098, 13078944, 16246903, 18733465, 16716395, 16544239, 11443579, 15914250, 15522915, 16968493"
MIMIC-IV,R_Amp_V6,Bottom 20,"-162.6636, -117.3091, -99.0693, -85.227, -72.7356, -63.4219, -61.0476, -59.9393, -52.6168, -47.8482, -46.8138, -43.1835, -42.1754, -38.9636, -37.1562, -37.0333, -33.8323, -28.124, -26.9171, -25.6412","15605951, 17132849, 11960875, 16098597, 14691000, 11279168, 12517010, 14874072, 11889804, 13434840, 13434840, 17442462, 15715874, 11559611, 18558866, 13434840, 15999575, 18389073, 11886174, 16098597"
MIMIC-IV,R_Amp_V6_count,Top 20,"38, 37, 37, 37, 36, 36, 36, 35, 35, 35, 35, 35, 35, 35, 35, 35, 34, 34, 34, 34","15650239, 12138462, 12138462, 18984357, 15576075, 18820664, 19880967, 12537800, 13535452, 14993194, 14993194, 15127848, 16453118, 16970621, 17601166, 18195430, 10197095, 11633230, 14262715, 14917039"
MIMIC-IV,R_Amp_V6_count,Bottom 20,"3, 3, 3, 3, 3, 3, 3, 3, 4, 4, 4, 4, 4, 4, 4, 4, 4, 4, 4, 5","10639500, 11279168, 12517010, 13752513, 14415578, 14691000, 17257484, 19601270, 10480744, 10948914, 11345525, 12448633, 12757547, 13444220, 13503188, 14085291, 15709718, 16099802, 19397112, 10662181"
MIMIC-IV,R_Amp_V6_iqr,Top 20,"158.6432, 137.3725, 132.4006, 127.1546, 90.9121, 79.0935, 76.9658, 74.439, 53.6971, 46.3545, 37.8373, 30.8802, 30.4733, 30.1324, 29.0386, 27.81, 27.2738, 26.1665, 25.8245, 25.3224","14874072, 10639500, 11960875, 11279168, 11889804, 14691000, 15999575, 12517010, 16086282, 12579739, 19177655, 17132849, 14566045, 14431695, 11386787, 13434840, 12738850, 18467232, 15605951, 11443579"
MIMIC-IV,R_Amp_V6_iqr,Bottom 20,"0.0, 0.0, 0.0, 0.0, 0.0, 0.0, 0.0, 0.0, 0.0001, 0.0002, 0.0003, 0.0007, 0.0008, 0.0009, 0.0011, 0.0012, 0.0013, 0.0014, 0.0016, 0.0018","10157256, 19851462, 16057835, 12550080, 19111622, 12841759, 14751479, 12217232, 15956226, 14220073, 12510515, 18102151, 13024713, 16900046, 10256131, 12608011, 11792958, 14689985, 14133733, 16873651"
MIMIC-IV,R_Amp_aVF,Top 20,"16.1988, 10.3717, 8.9063, 6.4288, 5.5901, 3.9859, 3.7445, 3.63, 3.5569, 3.2959, 3.2612, 3.2378, 3.2175, 3.2136, 3.1896, 3.1467, 3.109, 3.1003, 3.0989, 3.0696","10250736, 13237537, 17730015, 18586624, 10139387, 13897558, 11381511, 13897558, 11048724, 18248250, 16110576, 10725079, 18248250, 18301917, 13565241, 13484313, 13565241, 13565241, 18248250, 19045277"
MIMIC-IV,R_Amp_aVF,Bottom 20,"-179.002, -150.3265, -128.8998, -116.1594, -110.8693, -104.9726, -102.4844, -100.4921, -100.1422, -99.6988, -98.9396, -98.8066, -97.3141, -95.9615, -92.2983, -91.8995, -91.0008, -90.6461, -90.1848, -89.3648","15605951, 16098597, 17399317, 16540899, 16098597, 14822638, 10635271, 17519144, 16270136, 11960875, 18075452, 18075452, 14822638, 17399317, 17399317, 18075452, 17399317, 17551805, 17519144, 15715874"
MIMIC-IV,R_Amp_aVF_count,Top 20,"38, 37, 37, 37, 36, 36, 36, 35, 35, 35, 35, 35, 35, 35, 35, 35, 34, 34, 34, 34","15650239, 12138462, 12138462, 18984357, 15576075, 18820664, 19880967, 12537800, 13535452, 14993194, 14993194, 15127848, 16453118, 16970621, 17601166, 18195430, 10197095, 11633230, 14262715, 14917039"
MIMIC-IV,R_Amp_aVF_count,Bottom 20,"3, 3, 3, 3, 3, 3, 3, 3, 4, 4, 4, 4, 4, 4, 4, 4, 4, 4, 4, 5","10639500, 11279168, 12517010, 13752513, 14415578, 14691000, 17257484, 19601270, 10480744, 10948914, 11345525, 12448633, 12757547, 13444220, 13503188, 14085291, 15709718, 16099802, 19397112, 10662181"
MIMIC-IV,R_Amp_aVF_iqr,Top 20,"144.5205, 136.6274, 134.2862, 109.8406, 107.734, 106.1837, 86.4644, 78.7849, 63.0897, 51.275, 51.2403, 50.8127, 50.5312, 50.5207, 50.3901, 50.1056, 49.9604, 49.9015, 47.4304, 47.388","17132849, 10639500, 11960875, 11279168, 14874072, 19482678, 15689762, 14691000, 14822638, 13943729, 19857858, 14219343, 15161279, 12455327, 11009860, 18094058, 14219343, 17211916, 18467232, 18467232"
MIMIC-IV,R_Amp_aVF_iqr,Bottom 20,"0.0004, 0.0005, 0.0006, 0.0015, 0.0018, 0.0021, 0.0022, 0.0023, 0.0023, 0.0025, 0.0025, 0.0026, 0.0026, 0.0026, 0.0026, 0.0027, 0.0027, 0.0027, 0.0027, 0.0028","18913382, 14936002, 14369822, 15854157, 19055392, 19866517, 19111015, 18294524, 10891565, 18098528, 11118898, 10168835, 18437792, 19156652, 15016682, 13000968, 17188397, 11504325, 19688885, 12648027"
MIMIC-IV,R_Amp_aVL,Top 20,"35.544, 16.9589, 7.7515, 7.5914, 7.1941, 5.8131, 5.6936, 4.1785, 3.5204, 3.5108, 3.4921, 3.2067, 3.166, 3.082, 3.0589, 3.014, 2.9528, 2.8485, 2.8183, 2.7953","10139387, 10250736, 17823467, 17730015, 16766908, 19951395, 18586624, 17399317, 11625397, 18417736, 17399317, 15715874, 12251882, 19921130, 15715874, 17832311, 10635271, 14675620, 18445990, 11722313"
MIMIC-IV,R_Amp_aVL,Bottom 20,"-180.1678, -123.9939, -105.2857, -100.032, -99.8912, -91.8537, -87.2282, -85.894, -85.6339, -85.1046, -84.8099, -82.475, -80.9387, -77.1711, -73.7853, -72.5093, -72.4347, -70.2692, -69.7897, -67.632","15605951, 16098597, 11279168, 11960875, 17399317, 16098597, 18075452, 14822638, 18075452, 16540899, 17132849, 16270136, 13434840, 14822638, 14691000, 15715874, 18075452, 18075452, 17399317, 17399317"
MIMIC-IV,R_Amp_aVL_count,Top 20,"38, 37, 37, 37, 36, 36, 36, 35, 35, 35, 35, 35, 35, 35, 35, 35, 34, 34, 34, 34","15650239, 12138462, 12138462, 18984357, 15576075, 18820664, 19880967, 12537800, 13535452, 14993194, 14993194, 15127848, 16453118, 16970621, 17601166, 18195430, 10197095, 11633230, 14262715, 14917039"
MIMIC-IV,R_Amp_aVL_count,Bottom 20,"3, 3, 3, 3, 3, 3, 3, 3, 4, 4, 4, 4, 4, 4, 4, 4, 4, 4, 4, 5","10639500, 11279168, 12517010, 13752513, 14415578, 14691000, 17257484, 19601270, 10480744, 10948914, 11345525, 12448633, 12757547, 13444220, 13503188, 14085291, 15709718, 16099802, 19397112, 10662181"
MIMIC-IV,R_Amp_aVL_iqr,Top 20,"137.7183, 134.7475, 129.8666, 117.8106, 88.4783, 80.2835, 75.8395, 74.6196, 56.6592, 49.4246, 49.1118, 48.8017, 47.8476, 46.6128, 46.2328, 45.8582, 42.5184, 37.7025, 36.5173, 35.8937","10639500, 11960875, 11279168, 17132849, 12517010, 14691000, 12738850, 10139387, 14822638, 13943729, 19390611, 17245999, 11009860, 15715874, 18075452, 18075452, 15689762, 13434840, 13943729, 12935402"
MIMIC-IV,R_Amp_aVL_iqr,Bottom 20,"0.0008, 0.0011, 0.0019, 0.0019, 0.002, 0.0021, 0.0021, 0.0021, 0.0022, 0.0023, 0.0024, 0.0024, 0.0025, 0.0025, 0.0026, 0.0027, 0.0028, 0.0028, 0.0028, 0.0028","17563163, 12872850, 10076116, 12101085, 16888516, 17879667, 12139700, 11143932, 12493796, 17793548, 16744121, 19168490, 19917446, 15939007, 15112972, 16002913, 13150244, 19480985, 16770005, 17693576"
MIMIC-IV,R_Amp_aVR,Top 20,"16.3323, 8.9498, 8.072, 7.9692, 7.7803, 6.9233, 6.6631, 6.5431, 5.3418, 4.8943, 4.8185, 4.4381, 4.3054, 3.94, 3.7239, 3.4806, 2.9062, 2.8646, 2.816, 2.5023","16246903, 18676370, 15109122, 17730015, 14267880, 10139387, 11329832, 16766908, 18586624, 17641105, 17562772, 18218981, 15946581, 19175070, 13433123, 13126146, 10908909, 17244595, 10725079, 12597933"
MIMIC-IV,R_Amp_aVR,Bottom 20,"-180.0717, -102.9474, -98.5601, -97.6372, -96.7866, -93.0746, -88.928, -87.4913, -87.1686, -80.8763, -76.963, -73.6069, -73.1192, -68.6254, -58.6304, -56.1399, -55.2648, -55.0352, -50.4373, -49.7401","15605951, 11559611, 11960875, 16098597, 13434840, 11886174, 12952202, 11279168, 13434840, 13434840, 19230597, 10908909, 14691000, 17132849, 10286998, 14812210, 13296168, 16098597, 16270136, 10558918"
MIMIC-IV,R_Amp_aVR_count,Top 20,"38, 37, 37, 37, 36, 36, 36, 35, 35, 35, 35, 35, 35, 35, 35, 35, 34, 34, 34, 34","15650239, 12138462, 12138462, 18984357, 15576075, 18820664, 19880967, 12537800, 13535452, 14993194, 14993194, 15127848, 16453118, 16970621, 17601166, 18195430, 10197095, 11633230, 14262715, 14917039"
MIMIC-IV,R_Amp_aVR_count,Bottom 20,"3, 3, 3, 3, 3, 3, 3, 3, 4, 4, 4, 4, 4, 4, 4, 4, 4, 4, 4, 5","10639500, 11279168, 12517010, 13752513, 14415578, 14691000, 17257484, 19601270, 10480744, 10948914, 11345525, 12448633, 12757547, 13444220, 13503188, 14085291, 15709718, 16099802, 19397112, 10662181"
MIMIC-IV,R_Amp_aVR_iqr,Top 20,"141.253, 137.7385, 132.5136, 120.1553, 109.4506, 78.7373, 54.0562, 51.0996, 48.3591, 30.1065, 29.6659, 28.3138, 27.9108, 27.8613, 27.7116, 27.6094, 27.5624, 27.1128, 27.0276, 26.7261","17132849, 10639500, 11960875, 14874072, 11279168, 14691000, 11372911, 19909522, 13296168, 13434840, 19230597, 14812210, 16194637, 10558918, 10558918, 12531837, 12952202, 16391669, 10908909, 13931777"
MIMIC-IV,R_Amp_aVR_iqr,Bottom 20,"0.0007, 0.0008, 0.001, 0.0012, 0.0013, 0.0013, 0.0015, 0.0016, 0.0017, 0.0017, 0.0017, 0.0018, 0.0018, 0.0018, 0.0018, 0.0018, 0.0019, 0.0019, 0.0019, 0.002","17513800, 15989663, 11641642, 12763102, 11942193, 11863318, 11697344, 12395089, 17525478, 11862124, 12156452, 19145636, 13194187, 12847817, 17889943, 19638043, 19766777, 19456368, 13832900, 18205389"
MIMIC-IV,ST_Elev_I,Top 20,"16.5487, 12.5215, 6.5874, 5.806, 4.9525, 4.5916, 3.5572, 3.4469, 3.3624, 3.3372, 2.2475, 2.1218, 2.0998, 1.6772, 1.4444, 1.2708, 1.1746, 1.1177, 1.0317, 1.029","14874072, 13237537, 10570126, 11960875, 15065955, 11845306, 11339006, 19909522, 12805443, 10250736, 17400716, 13762217, 15946581, 17132849, 11559611, 17316016, 16776139, 12817498, 10569454, 12115766"
MIMIC-IV,ST_Elev_I,Bottom 20,"-35.8537, -14.6196, -13.0724, -12.373, -11.2303, -9.3009, -9.2696, -8.727, -7.9108, -7.7305, -7.6726, -7.6658, -7.0025, -5.7326, -5.4309, -5.0523, -4.6023, -4.5359, -4.5311, -4.0466","14691000, 13237537, 17730015, 13667220, 14267880, 15109122, 17641105, 11329832, 17562772, 10725079, 13126146, 14962112, 18676370, 15439322, 17244595, 19175070, 13509460, 18218981, 19771110, 12010510"
MIMIC-IV,ST_Elev_II,Top 20,"10.3385, 9.257, 8.6888, 6.5965, 6.4844, 5.8571, 5.2864, 5.1181, 4.9915, 3.6418, 3.5856, 3.214, 2.2329, 2.1763, 2.0768, 1.7618, 1.6693, 1.5541, 1.5506, 1.5394","19909522, 19390611, 18799675, 16663465, 10570126, 11960875, 17948389, 15065955, 15689762, 10639500, 11339006, 10250736, 17400716, 13762217, 15946581, 10342123, 16391669, 11818101, 11818101, 11818101"
MIMIC-IV,ST_Elev_II,Bottom 20,"-50.288, -23.3993, -21.2407, -16.8624, -14.6175, -11.7014, -11.2712, -10.8061, -10.3592, -9.1801, -8.7447, -8.4422, -8.244, -8.1843, -7.7156, -7.6084, -7.327, -6.9984, -5.4321, -5.2938","17132849, 12517010, 19951395, 14874072, 13237537, 16766908, 14267880, 19355882, 10139387, 15109122, 17641105, 11329832, 17562772, 17823467, 10725079, 13126146, 18586624, 18676370, 19175070, 11279168"
MIMIC-IV,ST_Elev_III,Top 20,"15.5105, 14.9706, 14.1532, 14.1071, 11.9076, 8.5253, 5.455, 5.437, 5.1925, 3.7949, 3.5765, 3.4451, 1.8978, 1.8829, 1.8773, 1.8396, 1.8326, 1.8141, 1.8065, 1.7895","11009860, 11488234, 16663465, 11057357, 13237537, 19390611, 15689762, 12003679, 11845306, 12805443, 10639500, 10342123, 19592126, 19592126, 18219105, 16476559, 13643747, 15401244, 18450786, 19592126"
MIMIC-IV,ST_Elev_III,Bottom 20,"-60.6292, -38.0311, -23.6775, -21.1298, -13.2179, -11.7543, -11.589, -10.8371, -10.456, -8.1303, -7.1321, -5.8847, -5.2018, -4.9682, -3.6031, -3.5863, -3.3172, -3.3041, -3.0083, -2.9957","17132849, 14691000, 12517010, 19951395, 17730015, 16766908, 13667220, 19355882, 10139387, 17823467, 18586624, 11279168, 16196998, 14219343, 11685620, 13088713, 15625104, 12597933, 14874072, 10023117"
MIMIC-IV,ST_Elev_III_count,Top 20,"38, 37, 37, 37, 36, 36, 36, 35, 35, 35, 35, 35, 35, 35, 35, 35, 34, 34, 34, 34","15650239, 12138462, 12138462, 18984357, 15576075, 18820664, 19880967, 12537800, 13535452, 14993194, 14993194, 15127848, 16453118, 16970621, 17601166, 18195430, 10197095, 11633230, 14262715, 14917039"
MIMIC-IV,ST_Elev_III_count,Bottom 20,"3, 3, 3, 3, 3, 3, 3, 3, 4, 4, 4, 4, 4, 4, 4, 4, 4, 4, 4, 5","10639500, 11279168, 12517010, 13752513, 14415578, 14691000, 17257484, 19601270, 10480744, 10948914, 11345525, 12448633, 12757547, 13444220, 13503188, 14085291, 15709718, 16099802, 19397112, 10662181"
MIMIC-IV,ST_Elev_III_iqr,Top 20,"155.1028, 116.1707, 67.6242, 47.6266, 38.9544, 32.6763, 30.8621, 25.6428, 18.6796, 16.1354, 15.5371, 10.0665, 9.689, 6.3572, 4.1709, 3.5983, 3.2064, 3.176, 2.9346, 2.8546","10639500, 14691000, 17132849, 12517010, 12597933, 11009860, 11057357, 16663465, 19390611, 12003679, 14874072, 11279168, 13237537, 15374565, 12426684, 10342123, 12426684, 16663465, 16476559, 12426684"
MIMIC-IV,ST_Elev_III_iqr,Bottom 20,"0.001, 0.0013, 0.0014, 0.0014, 0.0016, 0.0016, 0.0017, 0.0017, 0.0017, 0.0017, 0.0017, 0.0018, 0.0018, 0.0019, 0.0019, 0.002, 0.002, 0.002, 0.002, 0.002","11862479, 15712636, 16261811, 16421346, 13313118, 11397878, 13020659, 15254879, 14358282, 14467134, 10745745, 14557748, 12564649, 18992353, 19870237, 14338363, 12277308, 19767823, 15530412, 19329421"
MIMIC-IV,ST_Elev_II_count,Top 20,"38, 37, 37, 37, 36, 36, 36, 35, 35, 35, 35, 35, 35, 35, 35, 35, 34, 34, 34, 34","15650239, 12138462, 12138462, 18984357, 15576075, 18820664, 19880967, 12537800, 13535452, 14993194, 14993194, 15127848, 16453118, 16970621, 17601166, 18195430, 10197095, 11633230, 14262715, 14917039"
MIMIC-IV,ST_Elev_II_count,Bottom 20,"3, 3, 3, 3, 3, 3, 3, 3, 4, 4, 4, 4, 4, 4, 4, 4, 4, 4, 4, 5","10639500, 11279168, 12517010, 13752513, 14415578, 14691000, 17257484, 19601270, 10480744, 10948914, 11345525, 12448633, 12757547, 13444220, 13503188, 14085291, 15709718, 16099802, 19397112, 10662181"
MIMIC-IV,ST_Elev_II_iqr,Top 20,"154.312, 96.6494, 54.0561, 47.6073, 31.4964, 27.341, 16.9477, 15.5425, 14.088, 13.1221, 8.1986, 3.794, 2.5451, 2.3671, 2.3027, 2.3018, 2.2833, 2.2043, 2.1464, 2.0931","10639500, 17132849, 11960875, 12517010, 19909522, 12597933, 19390611, 14874072, 16663465, 18799675, 11279168, 13762217, 15374565, 19311178, 12104929, 14812210, 12115766, 12426684, 14691000, 13126529"
MIMIC-IV,ST_Elev_II_iqr,Bottom 20,"0.0001, 0.001, 0.0011, 0.0011, 0.0011, 0.0012, 0.0012, 0.0014, 0.0015, 0.0015, 0.0016, 0.0016, 0.0016, 0.0017, 0.0017, 0.0018, 0.0018, 0.0018, 0.0019, 0.002","14167047, 13413546, 15668493, 14187451, 16977304, 13819568, 17277379, 14313330, 19678881, 11086622, 19368787, 16130527, 10691177, 16332956, 10733381, 13656987, 10094318, 19174295, 12379467, 15497609"
MIMIC-IV,ST_Elev_I_count,Top 20,"38, 37, 37, 37, 36, 36, 36, 35, 35, 35, 35, 35, 35, 35, 35, 35, 34, 34, 34, 34","15650239, 12138462, 12138462, 18984357, 15576075, 18820664, 19880967, 12537800, 13535452, 14993194, 14993194, 15127848, 16453118, 16970621, 17601166, 18195430, 10197095, 11633230, 14262715, 14917039"
MIMIC-IV,ST_Elev_I_count,Bottom 20,"3, 3, 3, 3, 3, 3, 3, 3, 4, 4, 4, 4, 4, 4, 4, 4, 4, 4, 4, 5","10639500, 11279168, 12517010, 13752513, 14415578, 14691000, 17257484, 19601270, 10480744, 10948914, 11345525, 12448633, 12757547, 13444220, 13503188, 14085291, 15709718, 16099802, 19397112, 10662181"
MIMIC-IV,ST_Elev_I_iqr,Top 20,"112.9151, 53.8978, 9.3101, 8.8921, 8.5607, 5.8608, 3.7646, 3.332, 3.0311, 2.7889, 2.1774, 2.0869, 1.8513, 1.842, 1.6322, 1.6086, 1.5966, 1.5919, 1.5033, 1.4561","14691000, 11960875, 13237537, 18153954, 19909522, 17132849, 15374565, 13762217, 15231087, 11488234, 12115766, 12115766, 19857858, 19390611, 10411149, 18799675, 13733457, 17316016, 19823744, 13649937"
MIMIC-IV,ST_Elev_I_iqr,Bottom 20,"0.0, 0.0001, 0.0005, 0.0005, 0.0006, 0.0008, 0.0008, 0.0008, 0.0009, 0.001, 0.001, 0.001, 0.001, 0.001, 0.001, 0.0011, 0.0011, 0.0011, 0.0012, 0.0012","15998075, 11652327, 11287998, 11164118, 13029051, 11260983, 12382393, 13926282, 19057749, 14485946, 12101085, 18220526, 15804669, 19764647, 15770679, 16503885, 11652327, 13706429, 15181667, 10190684"
MIMIC-IV,ST_Elev_V1,Top 20,"50.695, 27.1534, 22.9315, 22.7264, 21.9174, 21.7488, 21.4601, 20.8547, 18.7661, 18.1693, 18.1525, 15.8906, 15.6768, 15.4184, 14.1406, 13.6588, 13.6447, 13.4317, 13.2995, 13.0293","10570126, 14449762, 18562317, 18380697, 11240669, 19372257, 19820806, 17580985, 12177956, 16132566, 15931924, 18932705, 16881590, 16254450, 18401011, 12864654, 12516814, 17220342, 10123949, 15198868"
MIMIC-IV,ST_Elev_V1,Bottom 20,"-92.6928, -43.4806, -35.7627, -23.7443, -22.799, -20.9051, -19.1517, -18.6783, -17.8331, -17.6229, -17.4682, -17.3372, -17.1454, -17.0075, -16.6355, -15.8829, -15.8783, -15.8511, -15.6915, -15.2283","12517010, 13797586, 14691000, 10164170, 10200129, 10250736, 11960875, 12539957, 18581793, 10124825, 13795988, 14809072, 12731441, 16826765, 13294541, 16416806, 16346470, 16177830, 15355222, 17140440"
MIMIC-IV,ST_Elev_V1_count,Top 20,"38, 37, 37, 37, 36, 36, 36, 35, 35, 35, 35, 35, 35, 35, 35, 35, 34, 34, 34, 34","15650239, 12138462, 12138462, 18984357, 15576075, 18820664, 19880967, 12537800, 13535452, 14993194, 14993194, 15127848, 16453118, 16970621, 17601166, 18195430, 10197095, 11633230, 14262715, 14917039"
MIMIC-IV,ST_Elev_V1_count,Bottom 20,"3, 3, 3, 3, 3, 3, 3, 3, 4, 4, 4, 4, 4, 4, 4, 4, 4, 4, 4, 5","10639500, 11279168, 12517010, 13752513, 14415578, 14691000, 17257484, 19601270, 10480744, 10948914, 11345525, 12448633, 12757547, 13444220, 13503188, 14085291, 15709718, 16099802, 19397112, 10662181"
MIMIC-IV,ST_Elev_V1_iqr,Top 20,"154.312, 112.6684, 108.3363, 107.41, 105.4051, 72.0629, 45.0527, 33.6955, 32.9489, 30.0072, 29.5638, 25.6387, 23.9189, 22.9543, 21.371, 21.2469, 18.6005, 18.5724, 13.8315, 13.7775","10639500, 14691000, 12517010, 10570126, 13797586, 18562317, 11960875, 13795988, 15102449, 12731441, 11240669, 15878493, 17970010, 14343405, 14449762, 18581793, 12350277, 10124825, 13031024, 12539957"
MIMIC-IV,ST_Elev_V1_iqr,Bottom 20,"0.0, 0.0, 0.0, 0.0, 0.0, 0.0, 0.0, 0.0001, 0.0001, 0.0002, 0.0003, 0.0006, 0.0006, 0.0006, 0.0008, 0.001, 0.0011, 0.0011, 0.0012, 0.0012","16715071, 12082362, 10911270, 11905585, 18910703, 14010625, 13039135, 11174340, 18248533, 11900070, 15311382, 15772402, 16237253, 11475815, 18897072, 11848936, 17367952, 12695332, 15825535, 10083833"
MIMIC-IV,ST_Elev_V2,Top 20,"32.1015, 25.4087, 24.9748, 22.9873, 22.5554, 20.7322, 19.9986, 19.8717, 18.2488, 18.1596, 17.8684, 17.8068, 17.3811, 16.9307, 16.199, 16.0602, 15.0802, 14.3486, 14.2808, 14.2513","14774100, 15438558, 11834165, 19997293, 16755805, 17131600, 17636862, 19413941, 19823744, 14766731, 15658692, 17918016, 16839169, 15367414, 11296936, 14066798, 12292383, 12352097, 19602251, 12565064"
MIMIC-IV,ST_Elev_V2,Bottom 20,"-92.6153, -35.8336, -31.3013, -24.8326, -23.268, -19.6773, -19.4715, -18.9996, -18.2867, -17.0718, -16.8767, -15.7697, -15.5968, -15.4986, -15.3655, -15.1327, -15.0032, -14.9657, -14.9607, -14.8249","12517010, 14691000, 15605951, 11776988, 17132849, 19949052, 17100571, 10939051, 16445428, 13731396, 18611488, 11734166, 13003172, 10796886, 12160317, 16371723, 19243474, 16529350, 16726619, 14311198"
MIMIC-IV,ST_Elev_V2_count,Top 20,"38, 37, 37, 37, 36, 36, 36, 35, 35, 35, 35, 35, 35, 35, 35, 35, 34, 34, 34, 34","15650239, 12138462, 12138462, 18984357, 15576075, 18820664, 19880967, 12537800, 13535452, 14993194, 14993194, 15127848, 16453118, 16970621, 17601166, 18195430, 10197095, 11633230, 14262715, 14917039"
MIMIC-IV,ST_Elev_V2_count,Bottom 20,"3, 3, 3, 3, 3, 3, 3, 3, 4, 4, 4, 4, 4, 4, 4, 4, 4, 4, 4, 5","10639500, 11279168, 12517010, 13752513, 14415578, 14691000, 17257484, 19601270, 10480744, 10948914, 11345525, 12448633, 12757547, 13444220, 13503188, 14085291, 15709718, 16099802, 19397112, 10662181"
MIMIC-IV,ST_Elev_V2_iqr,Top 20,"154.312, 112.8784, 108.8231, 53.893, 50.5711, 46.7671, 46.022, 27.4594, 25.7426, 24.7577, 23.7763, 20.933, 20.7167, 20.3311, 19.7451, 19.3024, 17.3481, 17.2853, 17.1933, 16.876","10639500, 14691000, 12517010, 11960875, 15605951, 16755805, 14774100, 13395021, 14345759, 15835317, 10939051, 17384929, 10791581, 17636862, 14766731, 16839169, 14082461, 17225669, 16467128, 19413941"
MIMIC-IV,ST_Elev_V2_iqr,Bottom 20,"0.0, 0.0, 0.0, 0.0, 0.0, 0.0, 0.0, 0.0001, 0.0001, 0.0002, 0.0002, 0.0004, 0.0011, 0.0013, 0.0015, 0.0016, 0.0017, 0.0017, 0.0017, 0.0017","19601270, 12733748, 14350978, 12929274, 11275493, 11844287, 19806212, 14899292, 14105983, 13473495, 19717191, 16700843, 15394964, 12944237, 17436451, 18321272, 14597448, 16794319, 19309776, 14431918"
MIMIC-IV,ST_Elev_V3,Top 20,"26.2689, 21.3243, 18.4872, 18.0449, 17.6738, 17.4654, 17.3677, 16.9837, 16.2105, 15.2817, 15.0367, 14.7775, 14.7243, 14.637, 14.52, 13.9586, 13.8895, 13.7479, 13.6113, 13.1094","13637669, 10791581, 15655766, 14922883, 11102426, 19696769, 15740156, 16835346, 16392279, 15586187, 10188275, 11520115, 12283783, 19127408, 10172206, 17321813, 16640179, 10570948, 16515205, 19674244"
MIMIC-IV,ST_Elev_V3,Bottom 20,"-93.345, -36.4503, -31.6016, -31.3603, -31.1292, -26.3483, -26.2997, -26.178, -20.9456, -20.008, -19.3541, -17.7126, -17.1094, -16.7036, -16.0942, -15.8206, -15.8007, -15.6829, -15.6657, -15.5698","12517010, 14691000, 15605951, 11876262, 11232657, 12858160, 13415923, 12683115, 13704822, 17132849, 19451054, 18456328, 16717759, 16123839, 12872916, 17593955, 17949474, 13615928, 18735236, 19648488"
MIMIC-IV,ST_Elev_V3_count,Top 20,"38, 37, 37, 37, 36, 36, 36, 35, 35, 35, 35, 35, 35, 35, 35, 35, 34, 34, 34, 34","15650239, 12138462, 12138462, 18984357, 15576075, 18820664, 19880967, 12537800, 13535452, 14993194, 14993194, 15127848, 16453118, 16970621, 17601166, 18195430, 10197095, 11633230, 14262715, 14917039"
MIMIC-IV,ST_Elev_V3_count,Bottom 20,"3, 3, 3, 3, 3, 3, 3, 3, 4, 4, 4, 4, 4, 4, 4, 4, 4, 4, 4, 5","10639500, 11279168, 12517010, 13752513, 14415578, 14691000, 17257484, 19601270, 10480744, 10948914, 11345525, 12448633, 12757547, 13444220, 13503188, 14085291, 15709718, 16099802, 19397112, 10662181"
MIMIC-IV,ST_Elev_V3_iqr,Top 20,"163.2757, 154.312, 114.7659, 109.2099, 97.7275, 68.4777, 53.9366, 50.6344, 47.0264, 38.4602, 38.3319, 35.4989, 31.48, 26.379, 18.4397, 18.3836, 17.8235, 17.2297, 15.4372, 14.6208","11232657, 10639500, 14691000, 12517010, 11919347, 13637669, 11960875, 15605951, 15655766, 11791041, 16096783, 17434499, 11520115, 11102426, 17132849, 10188275, 12487862, 11069386, 18888611, 15691324"
MIMIC-IV,ST_Elev_V3_iqr,Bottom 20,"0.0, 0.0001, 0.0001, 0.0001, 0.0001, 0.0001, 0.0002, 0.0002, 0.0004, 0.001, 0.0011, 0.0012, 0.0012, 0.0013, 0.0013, 0.0014, 0.0015, 0.0016, 0.0018, 0.0018","13713209, 19180042, 13315366, 15667551, 17735780, 18566607, 12252736, 13993692, 17524861, 14652380, 12490763, 18952379, 17989593, 16486338, 10392686, 15249018, 10591385, 11032489, 18529297, 14546527"
MIMIC-IV,ST_Elev_V4,Top 20,"33.6951, 26.8077, 24.061, 19.2545, 17.7577, 16.8014, 15.8913, 15.4591, 15.215, 15.122, 15.0782, 14.9753, 14.513, 14.4027, 14.1264, 14.0867, 13.9931, 13.8681, 13.4805, 13.0962","18544386, 14036332, 18564868, 10911270, 10798458, 16445072, 13615928, 17198853, 12229991, 19228655, 11017660, 16309666, 13282793, 13940306, 15651896, 10567046, 19550442, 14174955, 11686464, 16524944"
MIMIC-IV,ST_Elev_V4,Bottom 20,"-92.7386, -37.5849, -36.1186, -32.4865, -31.4431, -22.5469, -22.5303, -22.365, -21.5442, -21.4653, -18.9096, -18.1291, -17.6494, -16.6284, -16.5572, -16.383, -16.2845, -15.4428, -15.1466, -14.9546","12517010, 17132849, 14691000, 18079519, 15605951, 10527074, 19663837, 16000758, 15259244, 19696769, 16373944, 12181540, 19613725, 12289464, 17521786, 12542447, 15289024, 14841920, 18549014, 19508954"
MIMIC-IV,ST_Elev_V4_count,Top 20,"38, 37, 37, 37, 36, 36, 36, 35, 35, 35, 35, 35, 35, 35, 35, 35, 34, 34, 34, 34","15650239, 12138462, 12138462, 18984357, 15576075, 18820664, 19880967, 12537800, 13535452, 14993194, 14993194, 15127848, 16453118, 16970621, 17601166, 18195430, 10197095, 11633230, 14262715, 14917039"
MIMIC-IV,ST_Elev_V4_count,Bottom 20,"3, 3, 3, 3, 3, 3, 3, 3, 4, 4, 4, 4, 4, 4, 4, 4, 4, 4, 4, 5","10639500, 11279168, 12517010, 13752513, 14415578, 14691000, 17257484, 19601270, 10480744, 10948914, 11345525, 12448633, 12757547, 13444220, 13503188, 14085291, 15709718, 16099802, 19397112, 10662181"
MIMIC-IV,ST_Elev_V4_iqr,Top 20,"154.312, 119.1388, 113.7204, 108.929, 107.6718, 62.6699, 60.084, 58.9414, 56.8252, 56.6976, 53.8522, 50.6943, 49.8151, 38.3022, 36.7918, 36.5739, 34.7993, 27.2434, 23.1242, 22.7183","10639500, 17132849, 14691000, 12517010, 18544386, 18079519, 17342098, 16805727, 11482500, 12327469, 11960875, 15605951, 14941305, 16445072, 18564868, 17521786, 19663837, 19696769, 12567301, 14036332"
MIMIC-IV,ST_Elev_V4_iqr,Bottom 20,"0.0, 0.0, 0.0, 0.0, 0.0, 0.0, 0.0001, 0.0001, 0.0004, 0.0004, 0.0005, 0.0006, 0.0008, 0.001, 0.0012, 0.0013, 0.0013, 0.0014, 0.0015, 0.0015","13401524, 18168840, 10390714, 16345822, 13467921, 12685249, 14388050, 15916886, 17996934, 16008743, 16092524, 16546662, 14359308, 18319079, 19040247, 15296749, 18727964, 11586759, 10496339, 19548143"
MIMIC-IV,ST_Elev_V5,Top 20,"29.9069, 28.4906, 22.0375, 19.4013, 18.3372, 16.5184, 15.5256, 15.4025, 15.3662, 14.9636, 14.8765, 14.7454, 14.4204, 14.4149, 14.3253, 14.298, 13.7773, 13.7041, 13.6941, 13.6401","17471045, 14104740, 13416445, 17473715, 18295542, 16289299, 13973494, 13148729, 17391760, 13253226, 19336841, 18343701, 18236201, 17315179, 18451972, 12116718, 16505639, 11475699, 11579913, 15556998"
MIMIC-IV,ST_Elev_V5,Bottom 20,"-93.4926, -48.7898, -36.827, -31.3107, -31.0709, -29.0593, -25.8566, -23.412, -22.4418, -22.3328, -21.9097, -21.8538, -20.6878, -18.6445, -18.3624, -17.4719, -17.3324, -16.9693, -16.9105, -16.049","12517010, 16750854, 14691000, 15605951, 17436136, 18787238, 14368163, 12851842, 17132849, 18662708, 18308118, 12640507, 10476303, 19234754, 17671435, 16392279, 19372432, 11984647, 18935074, 16238625"
MIMIC-IV,ST_Elev_V5_count,Top 20,"38, 37, 37, 37, 36, 36, 36, 35, 35, 35, 35, 35, 35, 35, 35, 35, 34, 34, 34, 34","15650239, 12138462, 12138462, 18984357, 15576075, 18820664, 19880967, 12537800, 13535452, 14993194, 14993194, 15127848, 16453118, 16970621, 17601166, 18195430, 10197095, 11633230, 14262715, 14917039"
MIMIC-IV,ST_Elev_V5_count,Bottom 20,"3, 3, 3, 3, 3, 3, 3, 3, 4, 4, 4, 4, 4, 4, 4, 4, 4, 4, 4, 5","10639500, 11279168, 12517010, 13752513, 14415578, 14691000, 17257484, 19601270, 10480744, 10948914, 11345525, 12448633, 12757547, 13444220, 13503188, 14085291, 15709718, 16099802, 19397112, 10662181"
MIMIC-IV,ST_Elev_V5_iqr,Top 20,"154.312, 120.8798, 115.9847, 111.2404, 109.3781, 96.5867, 58.9677, 53.8314, 50.8022, 44.6435, 38.2936, 37.7184, 34.6137, 33.5421, 32.2851, 26.7653, 23.9921, 17.9589, 17.781, 15.8456","10639500, 16750854, 14691000, 17436136, 12517010, 18787238, 14104740, 11960875, 15605951, 17671435, 10862862, 14368163, 12086931, 17471045, 17132849, 18562129, 12640507, 12851842, 13416445, 14010911"
MIMIC-IV,ST_Elev_V5_iqr,Bottom 20,"0.0, 0.0001, 0.0001, 0.0001, 0.0001, 0.0005, 0.0009, 0.001, 0.001, 0.0011, 0.0013, 0.0013, 0.0014, 0.0015, 0.0015, 0.0015, 0.0016, 0.0016, 0.0016, 0.0017","15956226, 10300976, 14220073, 10390664, 15539562, 11667512, 11648170, 14556063, 14666983, 19094808, 14817865, 12005525, 12407578, 14212351, 11082260, 12111477, 13573314, 18212177, 11834165, 16991615"
MIMIC-IV,ST_Elev_V6,Top 20,"25.5436, 21.0575, 19.947, 19.2079, 18.616, 18.131, 16.8983, 16.7596, 16.0475, 15.9473, 15.2072, 14.732, 14.4298, 14.3773, 14.2875, 14.0818, 13.9834, 13.897, 13.5085, 13.3923","15402907, 16651008, 13157621, 11165060, 19417923, 18842248, 18656167, 16137455, 10580965, 16852082, 17876390, 15251751, 15200459, 13840316, 13642966, 12994952, 16644826, 10347400, 14520474, 15745943"
MIMIC-IV,ST_Elev_V6,Bottom 20,"-93.2934, -35.9613, -31.0095, -29.3114, -23.5399, -23.3455, -20.8716, -19.9881, -19.7885, -19.7021, -18.7385, -17.9078, -17.9013, -16.9893, -16.7049, -16.2456, -16.1168, -14.4502, -14.2642, -14.1686","12517010, 14691000, 15605951, 16086282, 10839265, 14707286, 11443579, 16250904, 18230098, 16514111, 10310173, 18662708, 10250736, 13545713, 13869899, 17598702, 12637610, 12591293, 18298823, 10224171"
MIMIC-IV,ST_Elev_V6_count,Top 20,"38, 37, 37, 37, 36, 36, 36, 35, 35, 35, 35, 35, 35, 35, 35, 35, 34, 34, 34, 34","15650239, 12138462, 12138462, 18984357, 15576075, 18820664, 19880967, 12537800, 13535452, 14993194, 14993194, 15127848, 16453118, 16970621, 17601166, 18195430, 10197095, 11633230, 14262715, 14917039"
MIMIC-IV,ST_Elev_V6_count,Bottom 20,"3, 3, 3, 3, 3, 3, 3, 3, 4, 4, 4, 4, 4, 4, 4, 4, 4, 4, 4, 5","10639500, 11279168, 12517010, 13752513, 14415578, 14691000, 17257484, 19601270, 10480744, 10948914, 11345525, 12448633, 12757547, 13444220, 13503188, 14085291, 15709718, 16099802, 19397112, 10662181"
MIMIC-IV,ST_Elev_V6_iqr,Top 20,"154.312, 113.2514, 108.6916, 69.6412, 58.4698, 53.7983, 51.6212, 51.0656, 41.1361, 40.1263, 39.9142, 34.8083, 30.8371, 21.3766, 21.3076, 18.8524, 18.288, 17.7367, 15.5742, 14.9403","10639500, 14691000, 12517010, 15402907, 14707286, 11960875, 16086282, 15605951, 14431695, 17925184, 15944766, 16405146, 11443579, 16544239, 17876390, 15456642, 19467162, 17565549, 16651008, 12494390"
MIMIC-IV,ST_Elev_V6_iqr,Bottom 20,"0.0, 0.0, 0.0, 0.0, 0.0, 0.0, 0.0, 0.0, 0.0001, 0.0001, 0.0002, 0.0007, 0.0007, 0.0008, 0.001, 0.0011, 0.0012, 0.0012, 0.0012, 0.0013","19851462, 12550080, 10157256, 19111622, 16057835, 12841759, 14751479, 12217232, 14220073, 13024713, 12510515, 18422749, 11109203, 15956226, 14909279, 11569252, 16763380, 17574863, 18115975, 14111050"
MIMIC-IV,ST_Elev_aVF,Top 20,"15.4339, 12.4931, 5.6173, 5.2891, 5.2612, 4.8916, 4.7814, 4.574, 3.6858, 3.3367, 2.5852, 2.2434, 2.0428, 1.7624, 1.7339, 1.5388, 1.5328, 1.4407, 1.3424, 1.2222","14874072, 13237537, 11960875, 10570126, 11057357, 15065955, 12597933, 11845306, 10639500, 12805443, 16776139, 16476559, 18450786, 14962112, 11559611, 11339006, 10023117, 18075452, 10558918, 18592566"
MIMIC-IV,ST_Elev_aVF,Bottom 20,"-35.1277, -20.5274, -18.692, -18.325, -13.0264, -12.5192, -7.5876, -7.5013, -5.6992, -5.5127, -4.7163, -4.3376, -3.8652, -3.4776, -3.1048, -2.4174, -2.3361, -2.3257, -2.2569, -2.1567","14691000, 12517010, 10139387, 17132849, 17730015, 13667220, 18586624, 10725079, 15439322, 14219343, 13509460, 19355882, 11685620, 12010510, 15625104, 16196998, 12426774, 11488234, 13655592, 18715578"
MIMIC-IV,ST_Elev_aVF_count,Top 20,"38, 37, 37, 37, 36, 36, 36, 35, 35, 35, 35, 35, 35, 35, 35, 35, 34, 34, 34, 34","15650239, 12138462, 12138462, 18984357, 15576075, 18820664, 19880967, 12537800, 13535452, 14993194, 14993194, 15127848, 16453118, 16970621, 17601166, 18195430, 10197095, 11633230, 14262715, 14917039"
MIMIC-IV,ST_Elev_aVF_count,Bottom 20,"3, 3, 3, 3, 3, 3, 3, 3, 4, 4, 4, 4, 4, 4, 4, 4, 4, 4, 4, 5","10639500, 11279168, 12517010, 13752513, 14415578, 14691000, 17257484, 19601270, 10480744, 10948914, 11345525, 12448633, 12757547, 13444220, 13503188, 14085291, 15709718, 16099802, 19397112, 10662181"
MIMIC-IV,ST_Elev_aVF_iqr,Top 20,"153.4558, 112.7438, 54.2718, 46.6387, 43.3451, 16.1834, 12.5951, 9.1509, 5.039, 4.5023, 2.8808, 2.7067, 2.6719, 2.5417, 2.3563, 2.3521, 2.3163, 2.299, 2.2318, 2.2085","10639500, 14691000, 11960875, 12517010, 10139387, 17132849, 14874072, 13237537, 15374565, 11279168, 11488234, 18153954, 12597933, 19390611, 10411149, 15231087, 11057357, 12426684, 13296168, 12426684"
MIMIC-IV,ST_Elev_aVF_iqr,Bottom 20,"0.0001, 0.0008, 0.0008, 0.0008, 0.0009, 0.0009, 0.001, 0.0011, 0.0011, 0.0011, 0.0012, 0.0012, 0.0012, 0.0012, 0.0012, 0.0013, 0.0013, 0.0013, 0.0014, 0.0014","14369822, 15601060, 16168774, 10423613, 12793957, 13446537, 11570051, 10554630, 17507950, 15811456, 11182724, 12249609, 14072217, 15217910, 17325431, 14515407, 14361825, 13528523, 14580000, 16218061"
MIMIC-IV,ST_Elev_aVL,Top 20,"12.2452, 8.8901, 6.0011, 5.6893, 5.0812, 5.0798, 3.6107, 3.3009, 3.1801, 2.5762, 2.3917, 1.9759, 1.7772, 1.6317, 1.6051, 1.4804, 1.4633, 1.4596, 1.4549, 1.4029","16663465, 19390611, 10570126, 11960875, 15689762, 15065955, 10639500, 10342123, 11057357, 16776139, 11845306, 13973494, 13643747, 15401244, 11339006, 12475198, 12475198, 13019601, 12475198, 13326315"
MIMIC-IV,ST_Elev_aVL,Bottom 20,"-52.3625, -37.8192, -23.5468, -21.0074, -18.938, -17.581, -13.2398, -11.7508, -10.8107, -10.4295, -8.1789, -7.3905, -5.6296, -5.4661, -4.7097, -4.354, -4.0, -3.7446, -2.6623, -2.2613","17132849, 14691000, 12517010, 19951395, 14874072, 10250736, 17730015, 16766908, 19355882, 10139387, 17823467, 18586624, 11279168, 15439322, 13509460, 10725079, 12010510, 11685620, 12411707, 13655592"
MIMIC-IV,ST_Elev_aVL_count,Top 20,"38, 37, 37, 37, 36, 36, 36, 35, 35, 35, 35, 35, 35, 35, 35, 35, 34, 34, 34, 34","15650239, 12138462, 12138462, 18984357, 15576075, 18820664, 19880967, 12537800, 13535452, 14993194, 14993194, 15127848, 16453118, 16970621, 17601166, 18195430, 10197095, 11633230, 14262715, 14917039"
MIMIC-IV,ST_Elev_aVL_count,Bottom 20,"3, 3, 3, 3, 3, 3, 3, 3, 4, 4, 4, 4, 4, 4, 4, 4, 4, 4, 4, 5","10639500, 11279168, 12517010, 13752513, 14415578, 14691000, 17257484, 19601270, 10480744, 10948914, 11345525, 12448633, 12757547, 13444220, 13503188, 14085291, 15709718, 16099802, 19397112, 10662181"
MIMIC-IV,ST_Elev_aVL_iqr,Top 20,"154.7084, 115.4455, 93.5988, 54.5123, 47.5491, 31.1881, 25.9639, 17.795, 16.5823, 9.2121, 4.4579, 3.0437, 2.5154, 2.3779, 2.2899, 2.1719, 2.1206, 1.9234, 1.8022, 1.7891","10639500, 14691000, 17132849, 11960875, 12517010, 12597933, 16663465, 19390611, 14874072, 11279168, 15374565, 12426684, 12426684, 19311178, 10411149, 16663465, 10558918, 16351040, 10558918, 14852886"
MIMIC-IV,ST_Elev_aVL_iqr,Bottom 20,"0.0003, 0.0014, 0.0015, 0.0016, 0.0017, 0.0018, 0.0018, 0.0018, 0.0019, 0.0019, 0.0019, 0.002, 0.002, 0.002, 0.002, 0.002, 0.002, 0.002, 0.002, 0.002","10892549, 17391760, 12465820, 13031409, 12766627, 13140413, 13647833, 17997555, 11310901, 13800523, 15151483, 12107874, 18692317, 13961548, 18891346, 16354481, 11078706, 16883221, 16339049, 10739819"
MIMIC-IV,ST_Elev_aVR,Top 20,"8.646, 8.5756, 6.9804, 6.0957, 4.9077, 4.2154, 3.6099, 3.5496, 2.5678, 2.4566, 2.4446, 2.2781, 2.2645, 1.1998, 1.1982, 1.1731, 1.1698, 1.0177, 0.99, 0.9018","19909522, 18799675, 10570126, 11960875, 15065955, 12597933, 10639500, 11339006, 11845306, 17400716, 17948389, 18153954, 15946581, 16062724, 16776139, 17273119, 12379354, 10023117, 10845916, 10196360"
MIMIC-IV,ST_Elev_aVR,Bottom 20,"-35.8275, -28.302, -20.7044, -18.3425, -16.9298, -16.0195, -13.1364, -11.6024, -10.612, -10.4079, -9.0385, -8.4681, -8.4534, -7.8273, -7.7197, -7.7187, -7.2469, -7.049, -5.9057, -5.551","14691000, 17132849, 12517010, 10139387, 13762217, 13237537, 17730015, 14267880, 19355882, 16766908, 15109122, 17641105, 11329832, 10725079, 17562772, 13126146, 18676370, 18586624, 18218981, 19771110"
MIMIC-IV,ST_Elev_aVR_count,Top 20,"38, 37, 37, 37, 36, 36, 36, 35, 35, 35, 35, 35, 35, 35, 35, 35, 34, 34, 34, 34","15650239, 12138462, 12138462, 18984357, 15576075, 18820664, 19880967, 12537800, 13535452, 14993194, 14993194, 15127848, 16453118, 16970621, 17601166, 18195430, 10197095, 11633230, 14262715, 14917039"
MIMIC-IV,ST_Elev_aVR_count,Bottom 20,"3, 3, 3, 3, 3, 3, 3, 3, 4, 4, 4, 4, 4, 4, 4, 4, 4, 4, 4, 5","10639500, 11279168, 12517010, 13752513, 14415578, 14691000, 17257484, 19601270, 10480744, 10948914, 11345525, 12448633, 12757547, 13444220, 13503188, 14085291, 15709718, 16099802, 19397112, 10662181"
MIMIC-IV,ST_Elev_aVR_iqr,Top 20,"154.7338, 114.8065, 53.9341, 46.5868, 38.3474, 17.5796, 13.6435, 11.0038, 3.5556, 2.7323, 1.8399, 1.5641, 1.5072, 1.4199, 1.3934, 1.2383, 1.2144, 1.1471, 1.1211, 1.1063","10639500, 14691000, 11960875, 12517010, 10139387, 18799675, 17132849, 19909522, 11279168, 12597933, 12115766, 14874072, 18153954, 15689762, 11607628, 18046197, 13126529, 15385925, 10934101, 11607177"
MIMIC-IV,ST_Elev_aVR_iqr,Bottom 20,"0.0005, 0.0007, 0.0008, 0.0008, 0.0009, 0.0009, 0.001, 0.001, 0.001, 0.0011, 0.0011, 0.0011, 0.0012, 0.0012, 0.0012, 0.0012, 0.0012, 0.0012, 0.0012, 0.0013","19628837, 12271017, 13990946, 12217560, 14960881, 17934485, 18214395, 18387406, 16126409, 16522485, 11860807, 12642570, 18519675, 13675932, 16836744, 15440113, 18687658, 14891600, 11285534, 15829116"
MIMIC-IV,S_Amp_V1,Top 20,"23.1976, 16.9099, 14.585, 13.9686, 13.1346, 13.0076, 12.3967, 12.339, 12.2193, 11.4203, 11.1924, 10.7245, 10.5762, 10.5758, 10.1617, 9.7887, 9.4272, 9.2145, 9.0384, 8.9685","18562317, 12292383, 19136566, 11240669, 15723530, 17580985, 14295224, 12989005, 10570126, 19415931, 16346470, 15878493, 15379576, 16701759, 11329198, 10469318, 13820986, 15934572, 18163289, 16254450"
MIMIC-IV,S_Amp_V1,Bottom 20,"-57.2933, -20.8139, -15.9862, -15.9244, -14.2921, -13.871, -13.8562, -12.8911, -12.5669, -12.4125, -12.3064, -11.7635, -11.7469, -11.6006, -11.5317, -11.2557, -10.5093, -10.3766, -10.3598, -10.2725","12517010, 14691000, 15110016, 11043981, 14449762, 14702995, 10867202, 13219785, 11425407, 17900973, 13181475, 10250736, 19848707, 18203000, 17618022, 14262654, 15198868, 13045011, 19784491, 18581793"
MIMIC-IV,S_Amp_V1_count,Top 20,"38, 37, 37, 37, 36, 36, 36, 35, 35, 35, 35, 35, 35, 35, 35, 35, 34, 34, 34, 34","15650239, 12138462, 12138462, 18984357, 15576075, 18820664, 19880967, 12537800, 13535452, 14993194, 14993194, 15127848, 16453118, 16970621, 17601166, 18195430, 10197095, 11633230, 14262715, 14917039"
MIMIC-IV,S_Amp_V1_count,Bottom 20,"3, 3, 3, 3, 3, 3, 3, 3, 4, 4, 4, 4, 4, 4, 4, 4, 4, 4, 4, 5","10639500, 11279168, 12517010, 13752513, 14415578, 14691000, 17257484, 19601270, 10480744, 10948914, 11345525, 12448633, 12757547, 13444220, 13503188, 14085291, 15709718, 16099802, 19397112, 10662181"
MIMIC-IV,S_Amp_V1_iqr,Top 20,"101.2113, 68.3662, 45.3865, 42.0152, 39.7589, 30.6135, 30.4719, 29.3585, 24.0202, 23.1038, 21.8433, 21.5123, 19.0714, 19.0714, 19.0287, 18.3919, 17.4648, 15.982, 14.7988, 14.2035","10639500, 12517010, 13797586, 14691000, 18562317, 17436136, 19136566, 15110016, 17132849, 13795988, 15723530, 14702995, 10570126, 11279168, 14295224, 15878493, 17970010, 11960875, 15102449, 17580985"
MIMIC-IV,S_Amp_V1_iqr,Bottom 20,"0.0, 0.0, 0.0, 0.0, 0.0, 0.0, 0.0, 0.0001, 0.0001, 0.0001, 0.0001, 0.0008, 0.0008, 0.0011, 0.0011, 0.0012, 0.0012, 0.0012, 0.0013, 0.0013","10911270, 16715071, 18910703, 12082362, 14010625, 13039135, 11900070, 11905585, 11174340, 18248533, 16237253, 15311382, 17171746, 17577830, 17197845, 12757934, 19972786, 19143018, 10880904, 10004606"
MIMIC-IV,S_Amp_V2,Top 20,"16.9264, 16.2674, 16.2348, 15.1514, 14.3319, 13.7425, 13.5877, 13.3795, 13.106, 11.7213, 11.4221, 11.1668, 10.7705, 10.1387, 10.1271, 9.8196, 9.5401, 9.4526, 9.0102, 8.6547","19413941, 11960875, 19410125, 16528007, 14774100, 16687783, 11252719, 19823744, 14082461, 19711386, 16717759, 18343701, 19009034, 14618856, 18044092, 16416367, 19953910, 14970529, 16727715, 10862862"
MIMIC-IV,S_Amp_V2,Bottom 20,"-56.7603, -20.7188, -17.0202, -16.0658, -14.1865, -13.1624, -12.6424, -12.2574, -11.9906, -11.5155, -11.1158, -11.0374, -10.8064, -10.7069, -10.1732, -10.1127, -9.4599, -9.4431, -9.2562, -9.073","12517010, 14691000, 19507970, 15605951, 13621809, 13801716, 19034482, 17100571, 10250736, 17638040, 17675016, 12378217, 12102463, 15316284, 13464769, 13003172, 13294218, 14311198, 11508828, 11082660"
MIMIC-IV,S_Amp_V2_count,Top 20,"38, 37, 37, 37, 36, 36, 36, 35, 35, 35, 35, 35, 35, 35, 35, 35, 34, 34, 34, 34","15650239, 12138462, 12138462, 18984357, 15576075, 18820664, 19880967, 12537800, 13535452, 14993194, 14993194, 15127848, 16453118, 16970621, 17601166, 18195430, 10197095, 11633230, 14262715, 14917039"
MIMIC-IV,S_Amp_V2_count,Bottom 20,"3, 3, 3, 3, 3, 3, 3, 3, 4, 4, 4, 4, 4, 4, 4, 4, 4, 4, 4, 5","10639500, 11279168, 12517010, 13752513, 14415578, 14691000, 17257484, 19601270, 10480744, 10948914, 11345525, 12448633, 12757547, 13444220, 13503188, 14085291, 15709718, 16099802, 19397112, 10662181"
MIMIC-IV,S_Amp_V2_iqr,Top 20,"101.2113, 68.5694, 46.5426, 42.0855, 41.0571, 39.7046, 35.6468, 33.5495, 30.9255, 28.9901, 20.7436, 17.8473, 17.2604, 16.8961, 16.3277, 16.0774, 13.3315, 13.2716, 12.1214, 10.9183","10639500, 12517010, 16528007, 14691000, 14082461, 17132849, 15605951, 16717759, 15835317, 11960875, 14774100, 11279168, 16752029, 19413941, 19823744, 17636862, 17225669, 18611488, 17428457, 11252719"
MIMIC-IV,S_Amp_V2_iqr,Bottom 20,"0.0, 0.0, 0.0, 0.0, 0.0, 0.0, 0.0, 0.0, 0.0002, 0.0003, 0.0003, 0.0006, 0.0007, 0.0008, 0.0013, 0.0015, 0.0015, 0.0015, 0.0015, 0.0015","19601270, 14350978, 12929274, 12733748, 19806212, 11275493, 11844287, 14899292, 13473495, 14105983, 16700843, 12564649, 19717191, 17637538, 14577371, 11748036, 11172857, 12845993, 18968396, 18999580"
MIMIC-IV,S_Amp_V3,Top 20,"17.9471, 14.9388, 13.6617, 13.341, 12.7571, 12.2709, 11.9524, 10.7751, 10.4979, 10.2912, 10.2793, 10.1497, 10.0896, 10.0677, 9.8704, 9.8492, 9.7128, 9.4521, 9.3433, 9.1041","11960875, 15606157, 13615928, 13415923, 15691324, 11896730, 18143542, 14452279, 12458842, 19258898, 11863654, 10188275, 18637389, 13780400, 15586187, 15738458, 17141628, 14394962, 11919347, 13783920"
MIMIC-IV,S_Amp_V3,Bottom 20,"-55.8096, -21.2022, -18.859, -18.7194, -16.7044, -14.8176, -13.9393, -12.6546, -11.9498, -11.2173, -10.9448, -10.879, -10.8115, -10.3393, -10.3084, -10.1005, -9.9781, -9.839, -9.7973, -9.6186","12517010, 14691000, 12215578, 17132849, 15605951, 13657153, 13314392, 18456328, 14836998, 17443472, 19696769, 13545353, 13637669, 13451992, 10250736, 18655830, 15407999, 19759745, 18735236, 18001923"
MIMIC-IV,S_Amp_V3_count,Top 20,"38, 37, 37, 37, 36, 36, 36, 35, 35, 35, 35, 35, 35, 35, 35, 35, 34, 34, 34, 34","15650239, 12138462, 12138462, 18984357, 15576075, 18820664, 19880967, 12537800, 13535452, 14993194, 14993194, 15127848, 16453118, 16970621, 17601166, 18195430, 10197095, 11633230, 14262715, 14917039"
MIMIC-IV,S_Amp_V3_count,Bottom 20,"3, 3, 3, 3, 3, 3, 3, 3, 4, 4, 4, 4, 4, 4, 4, 4, 4, 4, 4, 5","10639500, 11279168, 12517010, 13752513, 14415578, 14691000, 17257484, 19601270, 10480744, 10948914, 11345525, 12448633, 12757547, 13444220, 13503188, 14085291, 15709718, 16099802, 19397112, 10662181"
MIMIC-IV,S_Amp_V3_iqr,Top 20,"124.7676, 101.2113, 68.867, 60.4265, 45.6117, 42.7007, 35.6773, 35.485, 29.4725, 28.9096, 21.4261, 20.0143, 19.9487, 18.2192, 17.9035, 17.8575, 17.7652, 14.1882, 13.8083, 12.9192","17132849, 10639500, 12517010, 11919347, 11232657, 14691000, 15605951, 13637669, 11069386, 11960875, 10188275, 16096783, 14394962, 11279168, 14269696, 13615928, 13780400, 17434499, 11791041, 13840723"
MIMIC-IV,S_Amp_V3_iqr,Bottom 20,"0.0, 0.0, 0.0, 0.0, 0.0001, 0.0002, 0.0002, 0.0003, 0.0003, 0.0004, 0.001, 0.0013, 0.0013, 0.0014, 0.0016, 0.0016, 0.0016, 0.0016, 0.0017, 0.0017","13315366, 19180042, 18566607, 13713209, 12252736, 17524861, 13993692, 17735780, 19834949, 15667551, 16763380, 19837705, 12754657, 17807421, 16749320, 15081965, 19187816, 10784532, 18538527, 16015972"
MIMIC-IV,T_Amp_I,Top 20,"12.1797, 11.8696, 8.522, 7.6603, 7.4936, 7.0322, 6.6672, 5.9418, 5.5016, 4.8372, 4.6438, 3.4843, 3.474, 3.3803, 2.9449, 2.5067, 2.395, 2.3197, 2.2764, 1.9543","13237537, 18153954, 13762217, 12010510, 15439322, 11960875, 19771110, 11488234, 18676370, 13237537, 17132849, 19504755, 11663663, 13733457, 11386787, 18218981, 12805443, 10017764, 12224027, 14874072"
MIMIC-IV,T_Amp_I,Bottom 20,"-33.7133, -19.005, -11.99, -9.5821, -9.1392, -8.331, -8.2805, -6.8134, -6.4715, -6.3299, -5.7334, -4.6382, -4.4021, -3.7907, -3.4953, -3.4772, -2.3604, -1.9433, -1.9008, -1.6985","17316016, 19482678, 10570126, 14691000, 17970480, 14962112, 13509460, 13667220, 10087981, 11801290, 11329832, 17730015, 15527910, 19752908, 14568046, 10725079, 16702712, 10196360, 10196360, 16196998"
MIMIC-IV,T_Amp_II,Top 20,"16.2984, 9.237, 8.3886, 8.2672, 7.7377, 6.7952, 6.713, 6.1155, 5.5318, 5.4725, 5.3629, 4.8298, 4.4317, 4.218, 4.0871, 3.7475, 3.6595, 2.5142, 2.47, 1.9913","15689762, 14874072, 13762217, 10639500, 12010510, 11960875, 11685620, 19951395, 18676370, 12411707, 19771110, 13237537, 15403852, 18153954, 10845916, 19355882, 19504755, 18218981, 17823467, 18139875"
MIMIC-IV,T_Amp_II,Bottom 20,"-44.1777, -28.6994, -11.9975, -9.1106, -8.9909, -8.2649, -6.797, -5.2203, -4.376, -4.3468, -3.7147, -3.6889, -3.5926, -3.4822, -2.3907, -2.1065, -1.9751, -1.9263, -1.8737, -1.8604","12517010, 17132849, 10570126, 17970480, 11106561, 13509460, 12597933, 11329832, 15527910, 18832095, 11531637, 19752908, 14568046, 10725079, 16702712, 10319651, 10139387, 12115766, 16766908, 14691000"
MIMIC-IV,T_Amp_III,Top 20,"12.2606, 9.2829, 9.1667, 8.3482, 6.6625, 6.6455, 6.5753, 4.9478, 4.8043, 4.538, 3.983, 3.6534, 3.6209, 3.3461, 3.0557, 2.9932, 2.7811, 2.7085, 2.6906, 2.5266","15689762, 15439322, 13237537, 10639500, 11685620, 19951395, 19482678, 15403852, 14874072, 13733457, 10845916, 11663663, 19355882, 17823467, 13667220, 11386787, 11488234, 16098597, 18654576, 12805443"
MIMIC-IV,T_Amp_III,Bottom 20,"-45.6943, -38.9931, -34.9597, -10.7927, -10.1437, -8.9784, -8.9255, -7.3836, -6.529, -4.7071, -3.9257, -3.8335, -3.7026, -3.3666, -3.0196, -2.7756, -2.2065, -2.1214, -1.852, -1.7435","12517010, 17132849, 17316016, 15295888, 14691000, 15642812, 14962112, 12411707, 12597933, 17730015, 13292562, 13088713, 11531637, 16196998, 10225882, 13870748, 10139387, 13894879, 16766908, 14043086"
MIMIC-IV,T_Amp_III_count,Top 20,"38, 37, 37, 37, 36, 36, 36, 35, 35, 35, 35, 35, 35, 35, 35, 35, 34, 34, 34, 34","15650239, 12138462, 12138462, 18984357, 15576075, 18820664, 19880967, 12537800, 13535452, 14993194, 14993194, 15127848, 16453118, 16970621, 17601166, 18195430, 10197095, 11633230, 14262715, 14917039"
MIMIC-IV,T_Amp_III_count,Bottom 20,"3, 3, 3, 3, 3, 3, 3, 3, 4, 4, 4, 4, 4, 4, 4, 4, 4, 4, 4, 5","10639500, 11279168, 12517010, 13752513, 14415578, 14691000, 17257484, 19601270, 10480744, 10948914, 11345525, 12448633, 12757547, 13444220, 13503188, 14085291, 15709718, 16099802, 19397112, 10662181"
MIMIC-IV,T_Amp_III_iqr,Top 20,"94.595, 46.7969, 44.4018, 22.6086, 15.4978, 14.5748, 11.4424, 8.2619, 7.2999, 6.5354, 5.5431, 4.3899, 4.348, 3.2971, 2.6094, 2.3345, 1.8013, 1.7863, 1.702, 1.5895","17132849, 12517010, 17316016, 15689762, 19482678, 12597933, 10639500, 14691000, 14874072, 11488234, 11279168, 13237537, 10139387, 13126529, 12426684, 12426684, 13943729, 11975667, 12864997, 15824435"
MIMIC-IV,T_Amp_III_iqr,Bottom 20,"0.0007, 0.0011, 0.0012, 0.0013, 0.0013, 0.0014, 0.0014, 0.0014, 0.0015, 0.0015, 0.0016, 0.0016, 0.0016, 0.0018, 0.0018, 0.0018, 0.0018, 0.0018, 0.0018, 0.0019","13446537, 10916053, 13622559, 17646147, 14800827, 17905617, 17119475, 16126883, 13974162, 16015972, 19945444, 13573314, 17643026, 16913783, 10714454, 18872394, 16675177, 15127667, 15893105, 11798125"
MIMIC-IV,T_Amp_II_count,Top 20,"38, 37, 37, 37, 36, 36, 36, 35, 35, 35, 35, 35, 35, 35, 35, 35, 34, 34, 34, 34","15650239, 12138462, 12138462, 18984357, 15576075, 18820664, 19880967, 12537800, 13535452, 14993194, 14993194, 15127848, 16453118, 16970621, 17601166, 18195430, 10197095, 11633230, 14262715, 14917039"
MIMIC-IV,T_Amp_II_count,Bottom 20,"3, 3, 3, 3, 3, 3, 3, 3, 4, 4, 4, 4, 4, 4, 4, 4, 4, 4, 4, 5","10639500, 11279168, 12517010, 13752513, 14415578, 14691000, 17257484, 19601270, 10480744, 10948914, 11345525, 12448633, 12757547, 13444220, 13503188, 14085291, 15709718, 16099802, 19397112, 10662181"
MIMIC-IV,T_Amp_II_iqr,Top 20,"78.3783, 48.4145, 23.2331, 14.1595, 12.0409, 11.1023, 5.4393, 4.3229, 3.4492, 2.2109, 1.9225, 1.729, 1.6952, 1.6684, 1.5203, 1.4429, 1.3214, 1.2972, 1.281, 1.2747","17132849, 12517010, 15689762, 12597933, 11960875, 10639500, 14691000, 10139387, 13126529, 19230597, 11279168, 12165964, 14874072, 12426684, 12426684, 11975667, 18861184, 14993899, 15605951, 18915910"
MIMIC-IV,T_Amp_II_iqr,Bottom 20,"0.0, 0.0008, 0.001, 0.0011, 0.0011, 0.0011, 0.0012, 0.0012, 0.0012, 0.0013, 0.0013, 0.0013, 0.0014, 0.0014, 0.0014, 0.0015, 0.0015, 0.0015, 0.0016, 0.0016","14167047, 10496339, 11259319, 16528163, 14786890, 17690953, 19459912, 17385639, 11023786, 11242742, 12763102, 12218441, 18049382, 19898541, 17800072, 12699486, 10213803, 13976104, 13027195, 13140362"
MIMIC-IV,T_Amp_I_count,Top 20,"38, 37, 37, 37, 36, 36, 36, 35, 35, 35, 35, 35, 35, 35, 35, 35, 34, 34, 34, 34","15650239, 12138462, 12138462, 18984357, 15576075, 18820664, 19880967, 12537800, 13535452, 14993194, 14993194, 15127848, 16453118, 16970621, 17601166, 18195430, 10197095, 11633230, 14262715, 14917039"
MIMIC-IV,T_Amp_I_count,Bottom 20,"3, 3, 3, 3, 3, 3, 3, 3, 4, 4, 4, 4, 4, 4, 4, 4, 4, 4, 4, 5","10639500, 11279168, 12517010, 13752513, 14415578, 14691000, 17257484, 19601270, 10480744, 10948914, 11345525, 12448633, 12757547, 13444220, 13503188, 14085291, 15709718, 16099802, 19397112, 10662181"
MIMIC-IV,T_Amp_I_iqr,Top 20,"42.3281, 23.0222, 16.5464, 12.0385, 9.1294, 8.3615, 4.4052, 2.2551, 2.2394, 2.1112, 1.876, 1.8109, 1.4927, 1.4489, 1.2525, 1.2308, 1.1861, 1.18, 1.1404, 1.1309","17316016, 18153954, 17132849, 11960875, 14691000, 13237537, 11488234, 12640507, 13496539, 15689762, 19823744, 14822638, 13542989, 12224027, 17051812, 13277883, 15715874, 14219343, 16813573, 16585037"
MIMIC-IV,T_Amp_I_iqr,Bottom 20,"0.0, 0.0, 0.0004, 0.0007, 0.0007, 0.0009, 0.001, 0.0011, 0.0012, 0.0012, 0.0013, 0.0013, 0.0013, 0.0013, 0.0013, 0.0013, 0.0014, 0.0014, 0.0015, 0.0015","15998075, 11652327, 11287998, 12512875, 11164118, 11243340, 11843355, 10979349, 15633492, 16269954, 12883656, 16095238, 14105959, 11859945, 16568680, 12121645, 12337553, 19397036, 10297774, 16413522"
MIMIC-IV,T_Amp_V1,Top 20,"33.4693, 33.3398, 29.3223, 27.3174, 24.4362, 23.2167, 23.0452, 21.2462, 18.9612, 18.4753, 18.0548, 17.7067, 17.2837, 16.9563, 16.7995, 16.4494, 15.7044, 15.4538, 15.4437, 15.2932","15110016, 14702995, 12292383, 17132849, 18562317, 10900387, 17620129, 11055512, 11499862, 10013653, 10124825, 12532638, 19136566, 11755366, 15878493, 19266677, 19136566, 11771156, 17805562, 11960875"
MIMIC-IV,T_Amp_V1,Bottom 20,"-64.7936, -38.8724, -34.2711, -31.2867, -30.6064, -29.7941, -28.5017, -27.5911, -27.5601, -26.8838, -26.7131, -26.6703, -26.4759, -25.4957, -24.8097, -24.3848, -23.3643, -23.3067, -22.295, -21.9617","12517010, 11426492, 13356179, 12539957, 11837605, 15723530, 16185908, 16043920, 13160044, 18581793, 14615377, 10276690, 16302059, 18348848, 15246559, 13350724, 12367803, 10200129, 14295224, 12709169"
MIMIC-IV,T_Amp_V1_count,Top 20,"38, 37, 37, 37, 36, 36, 36, 35, 35, 35, 35, 35, 35, 35, 35, 35, 34, 34, 34, 34","15650239, 12138462, 12138462, 18984357, 15576075, 18820664, 19880967, 12537800, 13535452, 14993194, 14993194, 15127848, 16453118, 16970621, 17601166, 18195430, 10197095, 11633230, 14262715, 14917039"
MIMIC-IV,T_Amp_V1_count,Bottom 20,"3, 3, 3, 3, 3, 3, 3, 3, 4, 4, 4, 4, 4, 4, 4, 4, 4, 4, 4, 5","10639500, 11279168, 12517010, 13752513, 14415578, 14691000, 17257484, 19601270, 10480744, 10948914, 11345525, 12448633, 12757547, 13444220, 13503188, 14085291, 15709718, 16099802, 19397112, 10662181"
MIMIC-IV,T_Amp_V1_iqr,Top 20,"85.7761, 83.365, 81.4512, 73.8495, 73.7504, 73.1986, 72.099, 67.0906, 65.3513, 48.8112, 44.7977, 44.3364, 43.5609, 42.6484, 35.2347, 33.2825, 31.13, 30.2449, 28.0866, 27.2464","15110016, 12517010, 12367803, 18562317, 17970010, 11426492, 17620129, 10900387, 15723530, 14702995, 10276690, 10124825, 18581793, 10570126, 12539957, 19601270, 16185908, 12350277, 11837605, 19136566"
MIMIC-IV,T_Amp_V1_iqr,Bottom 20,"0.0, 0.0, 0.0, 0.0, 0.0, 0.0, 0.0001, 0.0001, 0.0004, 0.0005, 0.0006, 0.001, 0.0011, 0.0012, 0.0013, 0.0013, 0.0013, 0.0013, 0.0014, 0.0014","16715071, 10911270, 18910703, 12082362, 13039135, 14010625, 11174340, 18248533, 15311382, 12887554, 15976151, 13593993, 15242902, 14072217, 13709087, 16726403, 14076508, 11853114, 17513800, 14497007"
MIMIC-IV,T_Amp_V2,Top 20,"25.0866, 22.932, 20.7272, 20.6024, 20.2858, 19.7763, 18.4424, 17.3249, 17.0907, 15.829, 15.6453, 14.2994, 13.7962, 13.7583, 12.6468, 12.6038, 12.584, 12.2923, 12.1706, 12.0692","17636862, 15658692, 19507970, 10728002, 13044086, 19823744, 11810623, 16532253, 19034482, 14181616, 14703317, 17680447, 12906270, 17517983, 11834165, 13150918, 15285738, 18802581, 11755366, 14082885"
MIMIC-IV,T_Amp_V2,Bottom 20,"-64.1934, -44.4654, -39.6482, -36.9087, -36.8184, -34.3553, -31.2607, -30.7354, -30.1666, -27.4704, -27.4676, -27.3422, -26.978, -26.8924, -26.7842, -26.0132, -25.9253, -25.2041, -25.1823, -22.7016","12517010, 16467128, 17384929, 18624988, 13836824, 16528007, 16409409, 13167553, 10830961, 15234578, 17551146, 16928119, 11558834, 17558079, 12196217, 18747087, 15686407, 14082461, 11053910, 13425764"
MIMIC-IV,T_Amp_V2_count,Top 20,"38, 37, 37, 37, 36, 36, 36, 35, 35, 35, 35, 35, 35, 35, 35, 35, 34, 34, 34, 34","15650239, 12138462, 12138462, 18984357, 15576075, 18820664, 19880967, 12537800, 13535452, 14993194, 14993194, 15127848, 16453118, 16970621, 17601166, 18195430, 10197095, 11633230, 14262715, 14917039"
MIMIC-IV,T_Amp_V2_count,Bottom 20,"3, 3, 3, 3, 3, 3, 3, 3, 4, 4, 4, 4, 4, 4, 4, 4, 4, 4, 4, 5","10639500, 11279168, 12517010, 13752513, 14415578, 14691000, 17257484, 19601270, 10480744, 10948914, 11345525, 12448633, 12757547, 13444220, 13503188, 14085291, 15709718, 16099802, 19397112, 10662181"
MIMIC-IV,T_Amp_V2_iqr,Top 20,"89.3217, 83.1373, 81.8691, 76.2031, 71.0014, 70.0374, 67.2288, 59.0298, 32.5252, 29.9404, 29.5546, 26.9038, 26.1201, 25.9799, 24.0363, 23.0972, 20.2569, 19.5618, 18.9869, 18.4945","16467128, 12517010, 18624988, 17384929, 16528007, 14082461, 16928119, 17636862, 13836824, 10728002, 13167553, 18747087, 17132849, 15234578, 16717759, 13434840, 16409409, 19507970, 13647235, 11834165"
MIMIC-IV,T_Amp_V2_iqr,Bottom 20,"0.0, 0.0, 0.0, 0.0, 0.0, 0.0, 0.0, 0.0001, 0.0001, 0.0001, 0.0004, 0.0008, 0.0009, 0.001, 0.001, 0.0011, 0.0011, 0.0012, 0.0012, 0.0013","19601270, 12929274, 14350978, 12733748, 11275493, 14899292, 19806212, 11844287, 14105983, 16700843, 13473495, 19138636, 15060872, 10343782, 16938610, 16156938, 15315015, 12179576, 14467134, 13670977"
MIMIC-IV,T_Amp_V3,Top 20,"36.7608, 24.1955, 23.2559, 22.9793, 21.3527, 19.3311, 18.8543, 18.5029, 17.5501, 14.8355, 13.9607, 13.2839, 12.5719, 12.3462, 11.66, 11.3713, 11.3115, 10.7647, 10.3482, 9.9035","18369032, 18974148, 12858160, 13840723, 11925350, 11216986, 10188275, 11968004, 12918803, 19891610, 16498261, 19243474, 18143542, 17434499, 10599715, 13755160, 10590984, 15606157, 15658692, 15655766"
MIMIC-IV,T_Amp_V3,Bottom 20,"-79.1442, -64.7796, -44.5074, -33.5802, -32.7173, -32.0484, -28.3127, -26.236, -25.4213, -25.316, -24.48, -24.2865, -23.613, -23.3981, -23.2726, -23.1256, -22.6182, -22.4427, -22.3964, -22.1866","11232657, 12517010, 13704822, 17229222, 11737268, 15934572, 13780400, 15373430, 11966608, 14271881, 14774414, 10570948, 19570648, 11900721, 15871621, 17147257, 10835377, 19679858, 11405705, 10846520"
MIMIC-IV,T_Amp_V3_count,Top 20,"38, 37, 37, 37, 36, 36, 36, 35, 35, 35, 35, 35, 35, 35, 35, 35, 34, 34, 34, 34","15650239, 12138462, 12138462, 18984357, 15576075, 18820664, 19880967, 12537800, 13535452, 14993194, 14993194, 15127848, 16453118, 16970621, 17601166, 18195430, 10197095, 11633230, 14262715, 14917039"
MIMIC-IV,T_Amp_V3_count,Bottom 20,"3, 3, 3, 3, 3, 3, 3, 3, 4, 4, 4, 4, 4, 4, 4, 4, 4, 4, 4, 5","10639500, 11279168, 12517010, 13752513, 14415578, 14691000, 17257484, 19601270, 10480744, 10948914, 11345525, 12448633, 12757547, 13444220, 13503188, 14085291, 15709718, 16099802, 19397112, 10662181"
MIMIC-IV,T_Amp_V3_iqr,Top 20,"120.7619, 110.8586, 83.3905, 73.3795, 44.7811, 42.1005, 39.0337, 34.2129, 29.5341, 29.3913, 29.2484, 28.6096, 28.3866, 27.6181, 27.433, 26.6977, 25.8879, 25.7328, 22.6617, 22.6563","13704822, 11232657, 12517010, 18369032, 14997616, 17132849, 14136350, 17147257, 11925350, 11251632, 19891610, 15934572, 17949474, 17434499, 11791041, 11102426, 19570648, 14271881, 10846520, 11069386"
MIMIC-IV,T_Amp_V3_iqr,Bottom 20,"0.0, 0.0, 0.0001, 0.0001, 0.0001, 0.0001, 0.0004, 0.0007, 0.0007, 0.0012, 0.0012, 0.0013, 0.0013, 0.0014, 0.0014, 0.0015, 0.0015, 0.0015, 0.0015, 0.0016","13315366, 13713209, 18566607, 17735780, 18258770, 13993692, 17524861, 12067194, 14258214, 13347176, 15919853, 12723615, 12565157, 13145601, 12557139, 16666848, 15021356, 19160742, 18377213, 11604523"
MIMIC-IV,T_Amp_V4,Top 20,"69.6833, 56.5248, 40.7065, 27.8549, 27.6975, 22.0448, 21.0618, 20.9836, 19.5418, 19.0558, 18.8529, 18.3615, 17.9799, 17.7341, 16.0628, 14.0106, 13.8862, 13.5621, 12.4267, 12.1317","18544386, 12327469, 12322027, 17610997, 11482500, 11686464, 18079519, 13615928, 19696769, 13399381, 19713100, 19663837, 12219683, 15259244, 10911270, 12327469, 11053554, 14941305, 16151224, 18820664"
MIMIC-IV,T_Amp_V4,Bottom 20,"-64.2923, -54.7479, -48.7365, -46.7576, -45.5159, -45.0566, -34.4689, -34.3908, -30.6821, -30.5235, -30.0856, -28.6496, -28.5594, -28.4749, -28.1667, -27.2979, -25.5069, -24.7984, -24.2739, -23.4814","12517010, 13124419, 12289464, 14494263, 10312419, 19428820, 18977683, 16988561, 12181540, 18946621, 10188100, 19670438, 19821558, 19169852, 17521786, 18456328, 17173114, 11717339, 15116656, 11955908"
MIMIC-IV,T_Amp_V4_count,Top 20,"38, 37, 37, 37, 36, 36, 36, 35, 35, 35, 35, 35, 35, 35, 35, 35, 34, 34, 34, 34","15650239, 12138462, 12138462, 18984357, 15576075, 18820664, 19880967, 12537800, 13535452, 14993194, 14993194, 15127848, 16453118, 16970621, 17601166, 18195430, 10197095, 11633230, 14262715, 14917039"
MIMIC-IV,T_Amp_V4_count,Bottom 20,"3, 3, 3, 3, 3, 3, 3, 3, 4, 4, 4, 4, 4, 4, 4, 4, 4, 4, 4, 5","10639500, 11279168, 12517010, 13752513, 14415578, 14691000, 17257484, 19601270, 10480744, 10948914, 11345525, 12448633, 12757547, 13444220, 13503188, 14085291, 15709718, 16099802, 19397112, 10662181"
MIMIC-IV,T_Amp_V4_iqr,Top 20,"137.057, 124.5117, 117.7255, 113.8567, 110.3689, 98.9151, 89.4132, 83.3888, 81.435, 80.1551, 76.7587, 74.2316, 65.6784, 64.7268, 64.5352, 59.9375, 52.8872, 50.0584, 46.6036, 45.6506","13124419, 12289464, 10312419, 12327469, 14494263, 16988561, 19428820, 12517010, 12181540, 17521786, 18544386, 18977683, 12322027, 12899635, 18946621, 19169852, 18456328, 18079519, 17132849, 10188100"
MIMIC-IV,T_Amp_V4_iqr,Bottom 20,"0.0, 0.0, 0.0, 0.0, 0.0, 0.0, 0.0, 0.0008, 0.0009, 0.001, 0.001, 0.001, 0.0011, 0.0012, 0.0013, 0.0014, 0.0015, 0.0015, 0.0016, 0.0016","13401524, 16345822, 13467921, 10390714, 18168840, 15916886, 12685249, 11004477, 16546662, 19371972, 16092524, 10159832, 10438253, 10075222, 10205191, 12484093, 11612731, 16785883, 18595231, 13502608"
MIMIC-IV,T_Amp_V5,Top 20,"33.5651, 31.0608, 27.3941, 26.1624, 22.887, 20.6953, 15.6076, 15.0366, 14.8308, 14.6049, 14.1711, 13.1851, 12.7933, 12.469, 12.2942, 12.0152, 11.9836, 11.8681, 11.7063, 11.12","19555908, 19336841, 16115563, 15147050, 16137455, 18787238, 12851842, 10892316, 18935074, 13947746, 14959591, 14230007, 15653234, 15884628, 13401116, 17471045, 16599124, 11264491, 14520474, 18456328"
MIMIC-IV,T_Amp_V5,Bottom 20,"-64.8131, -61.8308, -37.9161, -36.4019, -34.7718, -32.1744, -28.1804, -25.2879, -24.8114, -24.566, -24.51, -24.217, -23.9394, -23.7788, -23.6682, -23.3046, -22.9139, -22.5263, -21.7745, -21.7332","12517010, 15112354, 16258109, 13728237, 10614384, 14874072, 15155342, 15541773, 10684958, 12289464, 15896535, 10933609, 17763117, 10098215, 11885789, 13840316, 16289299, 18806889, 10368327, 19685821"
MIMIC-IV,T_Amp_V5_count,Top 20,"38, 37, 37, 37, 36, 36, 36, 35, 35, 35, 35, 35, 35, 35, 35, 35, 34, 34, 34, 34","15650239, 12138462, 12138462, 18984357, 15576075, 18820664, 19880967, 12537800, 13535452, 14993194, 14993194, 15127848, 16453118, 16970621, 17601166, 18195430, 10197095, 11633230, 14262715, 14917039"
MIMIC-IV,T_Amp_V5_count,Bottom 20,"3, 3, 3, 3, 3, 3, 3, 3, 4, 4, 4, 4, 4, 4, 4, 4, 4, 4, 4, 5","10639500, 11279168, 12517010, 13752513, 14415578, 14691000, 17257484, 19601270, 10480744, 10948914, 11345525, 12448633, 12757547, 13444220, 13503188, 14085291, 15709718, 16099802, 19397112, 10662181"
MIMIC-IV,T_Amp_V5_iqr,Top 20,"109.7286, 95.88, 83.4663, 66.1247, 64.6213, 63.8776, 61.5407, 59.4893, 56.7572, 54.4364, 54.1549, 52.4668, 45.8574, 43.8409, 42.4936, 34.567, 34.0135, 32.8915, 25.1755, 24.744","15112354, 13728237, 12517010, 10614384, 16258109, 14874072, 12289464, 15147050, 18787238, 16115563, 19336841, 19555908, 10098215, 13840316, 17132849, 10933609, 12640507, 10476303, 19131436, 17261065"
MIMIC-IV,T_Amp_V5_iqr,Bottom 20,"0.0, 0.0001, 0.0001, 0.0001, 0.0001, 0.0002, 0.0013, 0.0013, 0.0013, 0.0013, 0.0014, 0.0014, 0.0015, 0.0016, 0.0016, 0.0017, 0.0017, 0.0017, 0.0017, 0.0017","10390664, 15956226, 10300976, 14220073, 11667512, 11648170, 18205788, 14581354, 17587719, 16633692, 14066798, 16246903, 18669933, 10295929, 12973106, 17885958, 16354481, 13673131, 14152483, 13055574"
MIMIC-IV,T_Amp_V6,Top 20,"33.6657, 29.7302, 26.099, 25.9489, 25.0205, 24.0151, 22.6455, 21.2891, 21.2693, 20.8776, 18.9497, 18.8263, 18.4771, 17.672, 17.1247, 17.0046, 16.7384, 16.4432, 15.634, 15.3104","19467162, 14548055, 12994952, 17823866, 19106635, 18371849, 18489959, 12012986, 14894642, 15745943, 18230098, 15918114, 10481486, 15146455, 18069196, 10580965, 10968074, 16405146, 17925184, 14566045"
MIMIC-IV,T_Amp_V6,Bottom 20,"-64.9662, -61.2296, -50.5877, -46.1943, -44.5586, -42.1403, -35.8692, -34.8955, -34.2174, -32.5407, -29.5769, -27.7441, -27.6673, -27.3521, -26.3142, -26.0172, -25.9034, -25.1262, -24.3052, -24.2108","12517010, 17876390, 16086282, 14278578, 16968493, 10739710, 12579739, 13225183, 15999575, 16852082, 11143932, 11632236, 12757987, 13105954, 16250904, 15227798, 17565549, 17111103, 12972442, 16836346"
MIMIC-IV,T_Amp_V6_count,Top 20,"38, 37, 37, 37, 36, 36, 36, 35, 35, 35, 35, 35, 35, 35, 35, 35, 34, 34, 34, 34","15650239, 12138462, 12138462, 18984357, 15576075, 18820664, 19880967, 12537800, 13535452, 14993194, 14993194, 15127848, 16453118, 16970621, 17601166, 18195430, 10197095, 11633230, 14262715, 14917039"
MIMIC-IV,T_Amp_V6_count,Bottom 20,"3, 3, 3, 3, 3, 3, 3, 3, 4, 4, 4, 4, 4, 4, 4, 4, 4, 4, 4, 5","10639500, 11279168, 12517010, 13752513, 14415578, 14691000, 17257484, 19601270, 10480744, 10948914, 11345525, 12448633, 12757547, 13444220, 13503188, 14085291, 15709718, 16099802, 19397112, 10662181"
MIMIC-IV,T_Amp_V6_iqr,Top 20,"143.2134, 120.7779, 119.9425, 107.911, 84.7797, 83.8684, 83.385, 74.6206, 68.8322, 66.1171, 61.4489, 54.724, 49.3936, 48.4545, 47.2977, 46.3257, 43.6515, 43.2166, 41.8608, 38.4633","17876390, 16968493, 14278578, 16086282, 15999575, 10739710, 12517010, 12579739, 17565549, 13105954, 19467162, 17925184, 17823866, 11632236, 16852082, 19106635, 18371849, 16405146, 16716395, 17132849"
MIMIC-IV,T_Amp_V6_iqr,Bottom 20,"0.0, 0.0, 0.0, 0.0, 0.0, 0.0, 0.0, 0.0001, 0.0001, 0.0001, 0.0002, 0.0002, 0.0003, 0.0003, 0.0008, 0.0009, 0.001, 0.001, 0.001, 0.001","10157256, 19851462, 16057835, 19111622, 12550080, 14751479, 12217232, 11939591, 15956226, 12841759, 12608011, 13024713, 14220073, 18102151, 14277360, 15706450, 10155510, 18829553, 10793570, 14768701"
MIMIC-IV,T_Amp_aVF,Top 20,"28.6499, 13.6653, 11.9431, 8.0144, 7.7843, 7.2897, 6.7299, 6.5694, 6.3279, 5.0177, 3.7103, 3.6967, 3.4779, 2.6759, 2.4406, 2.0232, 1.9668, 1.9032, 1.8391, 1.8332","17132849, 14874072, 13237537, 10639500, 12010510, 15439322, 11685620, 11960875, 11488234, 11279168, 15689762, 13733457, 11663663, 14822638, 12805443, 18094058, 13991270, 13237537, 16574053, 18094058"
MIMIC-IV,T_Amp_aVF,Bottom 20,"-70.6251, -34.0644, -19.3922, -15.677, -11.7757, -10.7127, -10.4247, -9.0562, -8.4253, -8.4176, -8.224, -7.0757, -6.5401, -6.3999, -4.6788, -4.3956, -3.4083, -2.8459, -2.7094, -2.2601","12517010, 17316016, 19482678, 10139387, 10570126, 12597933, 10250736, 14691000, 13509460, 14962112, 19355882, 13667220, 11801290, 10087981, 17730015, 17970480, 16196998, 15527910, 14947701, 10725079"
MIMIC-IV,T_Amp_aVF_count,Top 20,"38, 37, 37, 37, 36, 36, 36, 35, 35, 35, 35, 35, 35, 35, 35, 35, 34, 34, 34, 34","15650239, 12138462, 12138462, 18984357, 15576075, 18820664, 19880967, 12537800, 13535452, 14993194, 14993194, 15127848, 16453118, 16970621, 17601166, 18195430, 10197095, 11633230, 14262715, 14917039"
MIMIC-IV,T_Amp_aVF_count,Bottom 20,"3, 3, 3, 3, 3, 3, 3, 3, 4, 4, 4, 4, 4, 4, 4, 4, 4, 4, 4, 5","10639500, 11279168, 12517010, 13752513, 14415578, 14691000, 17257484, 19601270, 10480744, 10948914, 11345525, 12448633, 12757547, 13444220, 13503188, 14085291, 15709718, 16099802, 19397112, 10662181"
MIMIC-IV,T_Amp_aVF_iqr,Top 20,"97.5755, 43.1035, 36.5524, 21.5602, 12.1286, 10.9005, 9.4233, 8.9321, 8.4516, 7.8932, 7.8209, 6.0217, 3.7867, 2.4899, 2.3248, 2.1899, 2.0636, 2.0475, 2.0005, 1.8701","12517010, 17316016, 17132849, 14874072, 11960875, 10639500, 14691000, 11279168, 13237537, 12597933, 10139387, 11488234, 15689762, 10411149, 12640507, 14822638, 18153954, 13496539, 19823744, 13943729"
MIMIC-IV,T_Amp_aVF_iqr,Bottom 20,"0.0007, 0.0007, 0.0008, 0.0009, 0.001, 0.001, 0.001, 0.001, 0.0011, 0.0011, 0.0012, 0.0012, 0.0012, 0.0012, 0.0013, 0.0013, 0.0013, 0.0013, 0.0013, 0.0014","11168076, 15438873, 13954025, 12278768, 13297550, 16883140, 17239380, 10406570, 15095087, 18397312, 18563140, 10342737, 16444413, 12813943, 14502109, 18646253, 18823054, 19133405, 12712581, 11504325"
MIMIC-IV,T_Amp_aVL,Top 20,"15.3935, 8.9124, 8.2696, 7.814, 7.6656, 6.7262, 6.3553, 6.3378, 6.0005, 4.4528, 4.0224, 3.6765, 2.5892, 2.1823, 2.021, 2.0207, 1.79, 1.7588, 1.7559, 1.7321","15689762, 15439322, 10639500, 12010510, 10250736, 11685620, 11960875, 19951395, 14874072, 15403852, 10845916, 19355882, 17823467, 11663663, 16098597, 13088227, 12426684, 13237537, 15715874, 19504755"
MIMIC-IV,T_Amp_aVL,Bottom 20,"-44.8309, -26.5641, -11.8332, -10.0496, -8.9555, -8.262, -7.4065, -6.5522, -6.4508, -5.5308, -5.0283, -4.5668, -4.3538, -3.7689, -2.9809, -2.0944, -1.8557, -1.4478, -1.3971, -1.2951","12517010, 17132849, 10570126, 14691000, 15642812, 13509460, 12411707, 15937283, 12597933, 10725079, 10319651, 17730015, 17970480, 11531637, 10225882, 10139387, 16766908, 13894879, 13542989, 11518919"
MIMIC-IV,T_Amp_aVL_count,Top 20,"38, 37, 37, 37, 36, 36, 36, 35, 35, 35, 35, 35, 35, 35, 35, 35, 34, 34, 34, 34","15650239, 12138462, 12138462, 18984357, 15576075, 18820664, 19880967, 12537800, 13535452, 14993194, 14993194, 15127848, 16453118, 16970621, 17601166, 18195430, 10197095, 11633230, 14262715, 14917039"
MIMIC-IV,T_Amp_aVL_count,Bottom 20,"3, 3, 3, 3, 3, 3, 3, 3, 4, 4, 4, 4, 4, 4, 4, 4, 4, 4, 4, 5","10639500, 11279168, 12517010, 13752513, 14415578, 14691000, 17257484, 19601270, 10480744, 10948914, 11345525, 12448633, 12757547, 13444220, 13503188, 14085291, 15709718, 16099802, 19397112, 10662181"
MIMIC-IV,T_Amp_aVL_iqr,Top 20,"85.3824, 47.9307, 22.5245, 14.1669, 12.3503, 11.7322, 11.1889, 8.2723, 4.3322, 3.7206, 2.2188, 1.9862, 1.9761, 1.9211, 1.6103, 1.5849, 1.5035, 1.4513, 1.3575, 1.3475","17132849, 12517010, 15689762, 12597933, 11960875, 14874072, 10639500, 14691000, 10139387, 13126529, 12426684, 12165964, 12426684, 15715874, 11975667, 11279168, 13943729, 18153954, 13434840, 11100802"
MIMIC-IV,T_Amp_aVL_iqr,Bottom 20,"0.0005, 0.0006, 0.0008, 0.0009, 0.001, 0.0012, 0.0013, 0.0013, 0.0014, 0.0015, 0.0016, 0.0016, 0.0016, 0.0016, 0.0016, 0.0016, 0.0016, 0.0016, 0.0017, 0.0017","11899569, 17427308, 13325443, 12765666, 16569533, 13397319, 17017876, 10253349, 14839472, 14901845, 19706867, 17569392, 15107347, 12017739, 19338265, 10373148, 15958071, 13674066, 13795994, 19224529"
MIMIC-IV,T_Amp_aVR,Top 20,"24.5415, 13.5269, 13.3588, 11.1655, 8.6547, 8.2729, 8.1834, 8.0019, 7.0194, 6.9261, 6.9185, 5.6227, 5.4122, 4.7032, 4.0797, 3.0267, 2.7995, 2.2365, 2.2334, 2.0306","17132849, 10570126, 14874072, 18153954, 15439322, 10639500, 13762217, 12010510, 19771110, 11685620, 11960875, 13237537, 18676370, 10139387, 19504755, 13667220, 11279168, 15689762, 11663663, 12224027"
MIMIC-IV,T_Amp_aVR,Bottom 20,"-71.4364, -14.17, -11.2953, -11.1477, -9.246, -8.7978, -8.6069, -8.0371, -5.3676, -5.1914, -4.7164, -4.4247, -4.2621, -4.0627, -3.7225, -3.6305, -3.5602, -2.5788, -2.3576, -1.5109","12517010, 10017764, 11106561, 12597933, 14691000, 17970480, 13509460, 19355882, 11329832, 11801290, 17730015, 15527910, 10250736, 14568046, 19752908, 10319651, 10725079, 16702712, 10845916, 18875034"
MIMIC-IV,T_Amp_aVR_count,Top 20,"38, 37, 37, 37, 36, 36, 36, 35, 35, 35, 35, 35, 35, 35, 35, 35, 34, 34, 34, 34","15650239, 12138462, 12138462, 18984357, 15576075, 18820664, 19880967, 12537800, 13535452, 14993194, 14993194, 15127848, 16453118, 16970621, 17601166, 18195430, 10197095, 11633230, 14262715, 14917039"
MIMIC-IV,T_Amp_aVR_count,Bottom 20,"3, 3, 3, 3, 3, 3, 3, 3, 4, 4, 4, 4, 4, 4, 4, 4, 4, 4, 4, 5","10639500, 11279168, 12517010, 13752513, 14415578, 14691000, 17257484, 19601270, 10480744, 10948914, 11345525, 12448633, 12757547, 13444220, 13503188, 14085291, 15709718, 16099802, 19397112, 10662181"
MIMIC-IV,T_Amp_aVR_iqr,Top 20,"101.4527, 27.9143, 24.8822, 11.486, 11.1919, 9.6097, 7.7084, 5.402, 4.3803, 1.9586, 1.912, 1.871, 1.311, 1.1958, 1.136, 1.092, 1.0514, 1.0421, 1.0321, 1.0101","12517010, 17132849, 14874072, 11960875, 10639500, 14691000, 12597933, 11279168, 15689762, 13126529, 11886174, 10196360, 13496539, 13237537, 11372911, 13434840, 10570126, 19482678, 12455327, 17316016"
MIMIC-IV,T_Amp_aVR_iqr,Bottom 20,"0.0006, 0.0008, 0.0009, 0.0009, 0.001, 0.001, 0.001, 0.0011, 0.0011, 0.0011, 0.0011, 0.0011, 0.0011, 0.0011, 0.0012, 0.0012, 0.0012, 0.0012, 0.0012, 0.0012","19371972, 16359284, 15091490, 16297597, 11384034, 17341475, 10253349, 14076508, 19960115, 11178019, 19052147, 18576343, 13186318, 17232630, 14672929, 16882192, 10373447, 19524140, 11898950, 19788381"
PTB-XL,QRS_Dur_Global,Top 20,"280.0, 270.0, 266.0, 266.0, 265.0, 261.0, 259.0, 257.0, 256.0, 256.0, 256.0, 254.0, 254.0, 254.0, 254.0, 253.0, 253.0, 253.0, 253.0, 252.0","16995, 14448, 2672, 17427, 6033, 7495, 17588, 6396, 9387, 14819, 18700, 10802, 13184, 17382, 17426, 7234, 15841, 17500, 21072, 5432"
PTB-XL,QRS_Dur_Global,Bottom 20,"46.0, 100.0, 102.0, 104.0, 112.0, 112.0, 112.0, 112.0, 114.0, 114.0, 114.0, 114.0, 114.0, 114.0, 114.0, 114.0, 115.0, 116.0, 116.0, 116.0","14286, 15582, 20777, 14806, 2368, 3372, 5015, 21580, 3710, 3961, 4964, 12463, 13908, 13945, 17883, 20639, 6781, 1432, 1778, 1847"
PTB-XL,QRS_Dur_Global_count,Top 20,"32, 31, 30, 29, 29, 29, 29, 29, 28, 28, 28, 28, 28, 27, 27, 27, 27, 27, 27, 27","14286, 16106, 16753, 2530, 4161, 10936, 12195, 16901, 449, 3134, 3476, 5833, 13112, 1173, 4496, 7796, 7889, 9337, 11349, 12988"
PTB-XL,QRS_Dur_Global_count,Bottom 20,"5, 5, 5, 5, 5, 5, 6, 6, 6, 6, 6, 6, 6, 6, 6, 6, 6, 6, 6, 6","477, 722, 8907, 10266, 10670, 16151, 12, 69, 959, 1919, 2534, 3535, 4236, 4738, 5135, 5939, 6064, 7822, 8048, 8581"
PTB-XL,QRS_Dur_Global_iqr,Top 20,"128.5, 124.0, 117.0, 114.0, 109.0, 109.0, 108.0, 89.0, 85.5, 85.0, 83.5, 81.5, 81.0, 79.5, 78.0, 77.0, 76.5, 76.0, 76.0, 74.0","17065, 12581, 14806, 16874, 15042, 17093, 13193, 18443, 18246, 21498, 14956, 5135, 21243, 21408, 1670, 13196, 16431, 16066, 17091, 11352"
PTB-XL,QRS_Dur_Global_iqr,Bottom 20,"0.0, 0.0, 0.0, 0.0, 0.0, 0.0, 0.0, 0.0, 0.0, 0.0, 0.0, 0.0, 0.0, 0.0, 0.0, 0.0, 0.0, 0.0, 0.0, 0.0","46, 49, 56, 185, 367, 420, 645, 788, 791, 874, 989, 1031, 1063, 1149, 1289, 1492, 1814, 1820, 1888, 1991"
PTB-XL,Q_Amp_I,Top 20,"1.53, 1.39, 1.26, 1.08, 0.98, 0.96, 0.96, 0.95, 0.9, 0.89, 0.88, 0.865, 0.86, 0.83, 0.815, 0.81, 0.81, 0.81, 0.81, 0.775","16971, 10395, 5016, 21643, 12000, 12085, 13461, 10357, 12701, 9561, 18131, 18724, 10861, 725, 9335, 10572, 10869, 13190, 18001, 13820"
PTB-XL,Q_Amp_I,Bottom 20,"-5.59, -1.285, -1.18, -1.17, -1.0, -0.86, -0.74, -0.66, -0.58, -0.53, -0.51, -0.51, -0.505, -0.5, -0.49, -0.47, -0.46, -0.455, -0.425, -0.42","11813, 17571, 1641, 21167, 18439, 17085, 13765, 11080, 17638, 4494, 7135, 11837, 12162, 13790, 12584, 19863, 5543, 6826, 21453, 18475"
PTB-XL,Q_Amp_II,Top 20,"2.65, 2.5, 2.46, 2.44, 2.36, 2.225, 2.105, 2.0, 2.0, 1.9, 1.78, 1.775, 1.71, 1.7, 1.66, 1.66, 1.63, 1.6, 1.59, 1.575","5756, 20363, 18465, 19513, 11777, 11700, 7204, 15046, 18599, 12953, 13539, 5533, 17384, 13629, 5353, 15598, 20013, 19358, 9933, 5544"
PTB-XL,Q_Amp_II,Bottom 20,"-1.4, -1.33, -1.28, -1.2, -1.18, -1.12, -1.035, -0.95, -0.84, -0.84, -0.68, -0.67, -0.665, -0.66, -0.65, -0.61, -0.59, -0.58, -0.57, -0.565","13765, 8989, 5615, 12186, 21167, 5488, 21453, 17085, 190, 21572, 146, 18439, 8543, 16605, 13131, 21594, 10289, 13177, 14883, 19148"
PTB-XL,Q_Amp_III,Top 20,"5.55, 3.02, 2.655, 1.94, 1.905, 1.87, 1.8, 1.78, 1.76, 1.57, 1.475, 1.27, 1.25, 1.24, 1.23, 1.21, 1.125, 1.08, 1.03, 1.01","11813, 15457, 17284, 1641, 11982, 12532, 21579, 8970, 8479, 20733, 14854, 17571, 9933, 3990, 11555, 8530, 296, 10950, 3407, 5787"
PTB-XL,Q_Amp_III,Bottom 20,"-2.64, -2.025, -1.87, -1.86, -1.76, -1.755, -1.67, -1.67, -1.635, -1.58, -1.525, -1.445, -1.44, -1.395, -1.38, -1.32, -1.3, -1.23, -1.22, -1.21","13820, 12155, 6033, 10869, 13177, 5016, 12953, 19513, 11487, 6240, 5533, 15026, 5756, 17066, 8989, 21399, 15265, 21316, 21380, 21347"
PTB-XL,Q_Amp_III_count,Top 20,"33, 31, 30, 29, 29, 29, 29, 29, 28, 28, 28, 28, 28, 27, 27, 27, 27, 27, 27, 27","14286, 16106, 16753, 2530, 4161, 10936, 12195, 16901, 449, 3134, 3476, 5833, 13112, 1173, 4496, 7796, 7889, 9337, 11349, 12988"
PTB-XL,Q_Amp_III_count,Bottom 20,"5, 5, 5, 5, 5, 6, 6, 6, 6, 6, 6, 6, 6, 6, 6, 6, 6, 6, 6, 6","477, 722, 8907, 10266, 16151, 959, 1919, 2534, 3535, 4236, 5135, 8048, 8581, 8620, 8893, 8932, 9217, 9950, 10300, 10670"
PTB-XL,Q_Amp_III_iqr,Top 20,"2.7575, 2.35, 2.34, 2.06, 2.01, 1.83, 1.805, 1.66, 1.5025, 1.45, 1.43, 1.425, 1.38, 1.3775, 1.3775, 1.345, 1.325, 1.31, 1.29, 1.29","17284, 7510, 14609, 21579, 6345, 18714, 21384, 15046, 16719, 5658, 20036, 2184, 19418, 8543, 11487, 6447, 1282, 2664, 11828, 11869"
PTB-XL,Q_Amp_III_iqr,Bottom 20,"0.0, 0.0, 0.0, 0.0, 0.0, 0.0, 0.0, 0.0, 0.0, 0.0, 0.0, 0.0, 0.0, 0.0, 0.0, 0.0, 0.0, 0.0, 0.0, 0.0","722, 5284, 6402, 7456, 8647, 9295, 9342, 9497, 12725, 13817, 14988, 15461, 15636, 16168, 16171, 17169, 17354, 17596, 18516, 18593"
PTB-XL,Q_Amp_II_count,Top 20,"33, 31, 30, 29, 29, 29, 29, 29, 28, 28, 28, 28, 28, 27, 27, 27, 27, 27, 27, 27","14286, 16106, 16753, 2530, 4161, 10936, 12195, 16901, 449, 3134, 3476, 5833, 13112, 1173, 4496, 7796, 7889, 9337, 11349, 12988"
PTB-XL,Q_Amp_II_count,Bottom 20,"5, 5, 5, 5, 5, 6, 6, 6, 6, 6, 6, 6, 6, 6, 6, 6, 6, 6, 6, 6","477, 722, 8907, 10266, 16151, 959, 1919, 2534, 3535, 4236, 5135, 8048, 8581, 8620, 8893, 8932, 9217, 9950, 10300, 10670"
PTB-XL,Q_Amp_II_iqr,Top 20,"3.04, 2.5, 2.3225, 2.295, 2.22, 2.19, 2.09, 1.92, 1.8, 1.8, 1.5, 1.4725, 1.4675, 1.46, 1.415, 1.4025, 1.39, 1.37, 1.365, 1.325","18599, 19118, 18903, 11700, 19046, 9158, 11869, 21579, 14956, 6386, 15598, 21384, 20363, 20107, 18465, 16719, 12186, 316, 3660, 6918"
PTB-XL,Q_Amp_II_iqr,Bottom 20,"0.0, 0.0, 0.0, 0.0, 0.0, 0.0, 0.0, 0.0, 0.0, 0.0, 0.0, 0.0, 0.0, 0.0, 0.0, 0.0, 0.0, 0.0, 0.0, 0.0","3267, 4449, 5670, 6047, 7283, 7394, 8571, 9198, 9369, 9664, 9679, 10229, 10448, 10557, 10660, 10740, 11689, 11720, 12329, 14429"
PTB-XL,Q_Amp_I_count,Top 20,"33, 31, 30, 29, 29, 29, 29, 29, 28, 28, 28, 28, 28, 27, 27, 27, 27, 27, 27, 27","14286, 16106, 16753, 2530, 4161, 10936, 12195, 16901, 449, 3134, 3476, 5833, 13112, 1173, 4496, 7796, 7889, 9337, 11349, 12988"
PTB-XL,Q_Amp_I_count,Bottom 20,"5, 5, 5, 5, 5, 6, 6, 6, 6, 6, 6, 6, 6, 6, 6, 6, 6, 6, 6, 6","477, 722, 8907, 10266, 16151, 959, 1919, 2534, 3535, 4236, 5135, 8048, 8581, 8620, 8893, 8932, 9217, 9950, 10300, 10670"
PTB-XL,Q_Amp_I_iqr,Top 20,"6.005, 1.885, 1.785, 1.67, 1.36, 1.2125, 1.12, 1.07, 0.99, 0.97, 0.96, 0.9375, 0.9325, 0.915, 0.91, 0.87, 0.855, 0.845, 0.84, 0.8375","10565, 19046, 9158, 1399, 11828, 9129, 21643, 20974, 7083, 8758, 10572, 711, 7897, 16050, 19351, 16874, 11080, 14926, 16100, 1157"
PTB-XL,Q_Amp_I_iqr,Bottom 20,"0.0, 0.0, 0.0, 0.0, 0.0, 0.0, 0.0, 0.0, 0.0, 0.0, 0.0, 0.0, 0.0, 0.0, 0.0, 0.0, 0.0, 0.0, 0.0, 0.0","1148, 1446, 1532, 3782, 5261, 5421, 5485, 6150, 6795, 7593, 7726, 8173, 9886, 10607, 10836, 12453, 13216, 13360, 13466, 14783"
PTB-XL,Q_Amp_V1,Top 20,"4.62, 1.56, 1.46, 1.415, 1.39, 1.34, 1.34, 1.31, 1.26, 1.21, 1.14, 1.13, 1.115, 1.11, 1.11, 1.1, 1.06, 1.06, 1.04, 1.03","4753, 15579, 16521, 3893, 5543, 1641, 4146, 9613, 17571, 5108, 20305, 20947, 15822, 516, 16974, 9933, 7135, 12801, 10289, 9786"
PTB-XL,Q_Amp_V1,Bottom 20,"-1.2, -1.18, -1.09, -1.05, -0.98, -0.955, -0.93, -0.92, -0.815, -0.81, -0.79, -0.785, -0.78, -0.77, -0.77, -0.77, -0.74, -0.735, -0.71, -0.71","10526, 8742, 11636, 12331, 12391, 5016, 13583, 17954, 10752, 19207, 3339, 2433, 17743, 5169, 6800, 15444, 12085, 6530, 3058, 13031"
PTB-XL,Q_Amp_V1_count,Top 20,"33, 31, 30, 29, 29, 29, 29, 29, 28, 28, 28, 28, 28, 27, 27, 27, 27, 27, 27, 27","14286, 16106, 16753, 2530, 4161, 10936, 12195, 16901, 449, 3134, 3476, 5833, 13112, 1173, 4496, 7796, 7889, 9337, 11349, 12988"
PTB-XL,Q_Amp_V1_count,Bottom 20,"5, 5, 5, 5, 5, 6, 6, 6, 6, 6, 6, 6, 6, 6, 6, 6, 6, 6, 6, 6","477, 722, 8907, 10266, 16151, 959, 1919, 2534, 3535, 4236, 5135, 8048, 8581, 8620, 8893, 8932, 9217, 9950, 10300, 10670"
PTB-XL,Q_Amp_V1_iqr,Top 20,"5.79, 3.46, 2.85, 2.435, 2.405, 2.03, 1.86, 1.6375, 1.6, 1.59, 1.575, 1.5725, 1.55, 1.54, 1.48, 1.4675, 1.465, 1.445, 1.43, 1.39","4753, 17638, 869, 15966, 1625, 14642, 17651, 8081, 17650, 4112, 14267, 12349, 11141, 6697, 16940, 3949, 12742, 8519, 7204, 8746"
PTB-XL,Q_Amp_V1_iqr,Bottom 20,"0.0, 0.0, 0.0, 0.0, 0.0, 0.0, 0.0, 0.0, 0.0, 0.0, 0.0, 0.0, 0.0, 0.0, 0.0, 0.0, 0.0, 0.0, 0.0, 0.0","2495, 3133, 3438, 4865, 5510, 5666, 5670, 6411, 6426, 6461, 6768, 7048, 7495, 7549, 7753, 9210, 9517, 9643, 10042, 10268"
PTB-XL,Q_Amp_V2,Top 20,"2.71, 2.49, 2.47, 2.38, 2.29, 2.26, 2.19, 2.12, 2.1, 2.02, 2.01, 2.0, 1.97, 1.925, 1.88, 1.84, 1.82, 1.82, 1.81, 1.795","4146, 20919, 20345, 4494, 10367, 19740, 14223, 11901, 7517, 11636, 12138, 20598, 10140, 6445, 12801, 2054, 516, 2375, 20693, 13485"
PTB-XL,Q_Amp_V2,Bottom 20,"-1.565, -1.39, -1.33, -1.32, -1.16, -1.14, -1.07, -1.04, -1.04, -1.03, -0.97, -0.92, -0.92, -0.87, -0.865, -0.85, -0.84, -0.83, -0.81, -0.8","6033, 5016, 20927, 17332, 4929, 15444, 11982, 5020, 12297, 2840, 11370, 1492, 11409, 19403, 15841, 11396, 2582, 15203, 17954, 17379"
PTB-XL,Q_Amp_V2_count,Top 20,"33, 31, 30, 29, 29, 29, 29, 29, 28, 28, 28, 28, 28, 27, 27, 27, 27, 27, 27, 27","14286, 16106, 16753, 2530, 4161, 10936, 12195, 16901, 449, 3134, 3476, 5833, 13112, 1173, 4496, 7796, 7889, 9337, 11349, 12988"
PTB-XL,Q_Amp_V2_count,Bottom 20,"5, 5, 5, 5, 5, 6, 6, 6, 6, 6, 6, 6, 6, 6, 6, 6, 6, 6, 6, 6","477, 722, 8907, 10266, 16151, 959, 1919, 2534, 3535, 4236, 5135, 8048, 8581, 8620, 8893, 8932, 9217, 9950, 10300, 10670"
PTB-XL,Q_Amp_V2_iqr,Top 20,"3.07, 2.745, 2.735, 2.7325, 2.14, 1.9575, 1.92, 1.8475, 1.84, 1.8125, 1.81, 1.8075, 1.79, 1.74, 1.71, 1.685, 1.68, 1.67, 1.62, 1.59","1158, 18585, 4058, 15015, 8062, 10387, 17332, 13415, 11869, 1426, 14557, 864, 17531, 14615, 12648, 1046, 6820, 17293, 8638, 14351"
PTB-XL,Q_Amp_V2_iqr,Bottom 20,"0.0, 0.0, 0.0, 0.0, 0.0, 0.0, 0.0, 0.0, 0.0, 0.0, 0.0, 0.0, 0.0, 0.0, 0.0, 0.0, 0.0, 0.0, 0.0, 0.0","1259, 1893, 4591, 5226, 5688, 5888, 6245, 6755, 6807, 7854, 8413, 8985, 9220, 9450, 9664, 10652, 11106, 11592, 11594, 12941"
PTB-XL,Q_Amp_V3,Top 20,"3.56, 2.89, 2.825, 2.68, 2.43, 2.43, 2.4, 2.3, 2.27, 2.25, 2.23, 2.19, 2.19, 2.19, 2.19, 2.14, 2.13, 2.125, 2.115, 2.09","5740, 2131, 20345, 18844, 5121, 10134, 8745, 8752, 7237, 12801, 2665, 14432, 11636, 21021, 21119, 8047, 4570, 15942, 19043, 7930"
PTB-XL,Q_Amp_V3,Bottom 20,"-1.72, -1.72, -1.53, -1.445, -1.425, -1.4, -1.39, -0.98, -0.975, -0.95, -0.94, -0.89, -0.87, -0.85, -0.84, -0.8, -0.775, -0.77, -0.765, -0.745","17332, 21594, 12186, 15841, 5544, 21572, 16879, 21168, 21160, 17093, 1063, 2582, 1146, 21172, 5020, 18777, 5339, 17362, 7074, 85"
PTB-XL,Q_Amp_V3_count,Top 20,"33, 31, 30, 29, 29, 29, 29, 29, 28, 28, 28, 28, 28, 27, 27, 27, 27, 27, 27, 27","14286, 16106, 16753, 2530, 4161, 10936, 12195, 16901, 449, 3134, 3476, 5833, 13112, 1173, 4496, 7796, 7889, 9337, 11349, 12988"
PTB-XL,Q_Amp_V3_count,Bottom 20,"5, 5, 5, 5, 5, 6, 6, 6, 6, 6, 6, 6, 6, 6, 6, 6, 6, 6, 6, 6","477, 722, 8907, 10266, 16151, 959, 1919, 2534, 3535, 4236, 5135, 8048, 8581, 8620, 8893, 8932, 9217, 9950, 10300, 10670"
PTB-XL,Q_Amp_V3_iqr,Top 20,"3.1075, 3.03, 2.92, 2.8425, 2.74, 2.64, 2.61, 2.595, 2.54, 2.52, 2.4825, 2.4425, 2.37, 2.205, 2.1975, 2.135, 2.03, 1.99, 1.945, 1.9425","4723, 16585, 1235, 1809, 13684, 3019, 2837, 3995, 4410, 21498, 6784, 1551, 20693, 15792, 13309, 7280, 11914, 12390, 1810, 14615"
PTB-XL,Q_Amp_V3_iqr,Bottom 20,"0.0, 0.0, 0.0, 0.0, 0.0, 0.0, 0.0, 0.0, 0.0, 0.0, 0.0, 0.0, 0.0, 0.0, 0.0, 0.0, 0.0, 0.0, 0.0, 0.0","5137, 5599, 5815, 6047, 6264, 6527, 6705, 7724, 9402, 10238, 10279, 11259, 11396, 12427, 13266, 13506, 13989, 14439, 15566, 15627"
PTB-XL,Q_Amp_V4,Top 20,"3.75, 3.195, 2.95, 2.85, 2.76, 2.74, 2.71, 2.695, 2.59, 2.57, 2.57, 2.55, 2.52, 2.49, 2.49, 2.465, 2.39, 2.375, 2.375, 2.37","10869, 9129, 6806, 7062, 10459, 21498, 6002, 19714, 14906, 10235, 13115, 19024, 21155, 9145, 11012, 16735, 8970, 10134, 20855, 6214"
PTB-XL,Q_Amp_V4,Bottom 20,"-9.81, -4.45, -1.61, -1.415, -1.15, -1.145, -1.08, -1.0, -0.99, -0.99, -0.95, -0.94, -0.895, -0.885, -0.875, -0.865, -0.82, -0.815, -0.77, -0.73","6816, 8989, 13820, 15841, 13177, 13131, 5020, 5016, 13787, 21170, 18954, 21613, 5756, 15266, 13974, 12894, 8479, 5167, 18380, 13765"
PTB-XL,Q_Amp_V4_count,Top 20,"33, 31, 30, 29, 29, 29, 29, 29, 28, 28, 28, 28, 28, 27, 27, 27, 27, 27, 27, 27","14286, 16106, 16753, 2530, 4161, 10936, 12195, 16901, 449, 3134, 3476, 5833, 13112, 1173, 4496, 7796, 7889, 9337, 11349, 12988"
PTB-XL,Q_Amp_V4_count,Bottom 20,"0, 5, 5, 5, 5, 5, 6, 6, 6, 6, 6, 6, 6, 6, 6, 6, 6, 6, 6, 6","12722, 477, 722, 8907, 10266, 16151, 959, 1919, 2534, 3535, 4236, 5135, 8048, 8581, 8620, 8893, 8932, 9217, 9950, 10300"
PTB-XL,Q_Amp_V4_iqr,Top 20,"9.38, 4.97, 4.7075, 3.465, 3.215, 2.955, 2.8375, 2.82, 2.8, 2.6575, 2.6, 2.3475, 2.24, 2.23, 2.2075, 2.1975, 2.16, 2.1575, 2.155, 2.1525","21498, 10507, 17284, 2754, 8092, 5658, 1920, 4054, 10869, 13974, 10703, 2486, 3019, 13684, 6135, 3293, 7536, 8479, 15797, 5874"
PTB-XL,Q_Amp_V4_iqr,Bottom 20,"0.0, 0.0, 0.0, 0.0, 0.0, 0.0, 0.0, 0.0, 0.0, 0.0, 0.0, 0.0, 0.0, 0.0, 0.0, 0.0, 0.0, 0.0, 0.0, 0.0","229, 788, 1351, 3116, 5192, 5225, 5464, 5766, 7314, 7590, 7768, 8227, 8472, 8987, 9450, 9658, 9750, 10368, 10486, 10894"
PTB-XL,Q_Amp_V5,Top 20,"6.195, 2.77, 2.6, 2.34, 2.27, 2.26, 2.14, 2.085, 2.07, 2.065, 2.065, 1.985, 1.98, 1.93, 1.93, 1.91, 1.905, 1.85, 1.835, 1.79","11036, 16120, 10869, 20974, 12318, 9933, 19755, 9844, 8724, 5821, 13034, 21143, 19789, 8680, 20769, 12986, 16920, 6852, 19739, 1261"
PTB-XL,Q_Amp_V5,Bottom 20,"-8.05, -2.89, -1.38, -1.255, -0.96, -0.83, -0.82, -0.81, -0.795, -0.73, -0.72, -0.715, -0.71, -0.7, -0.695, -0.69, -0.63, -0.63, -0.63, -0.61","12251, 8989, 12186, 13820, 5020, 9198, 15841, 18564, 12894, 18607, 13131, 13765, 18954, 1056, 15266, 16293, 6610, 16605, 21628, 2472"
PTB-XL,Q_Amp_V5_count,Top 20,"33, 31, 30, 29, 29, 29, 29, 29, 28, 28, 28, 28, 28, 27, 27, 27, 27, 27, 27, 27","14286, 16106, 16753, 2530, 4161, 10936, 12195, 16901, 449, 3134, 3476, 5833, 13112, 1173, 4496, 7796, 7889, 9337, 11349, 12988"
PTB-XL,Q_Amp_V5_count,Bottom 20,"0, 5, 5, 5, 5, 5, 6, 6, 6, 6, 6, 6, 6, 6, 6, 6, 6, 6, 6, 6","12722, 477, 722, 8907, 10266, 16151, 959, 1919, 2534, 3535, 4236, 5135, 8048, 8581, 8620, 8893, 8932, 9217, 9950, 10300"
PTB-XL,Q_Amp_V5_iqr,Top 20,"16.2575, 4.6325, 3.835, 3.7675, 3.405, 3.0025, 2.91, 2.905, 2.7275, 2.63, 2.39, 2.335, 2.245, 2.23, 2.15, 2.1125, 2.0825, 2.065, 2.05, 1.845","12251, 6045, 5658, 1405, 5801, 17284, 11036, 21498, 16954, 16359, 6610, 2754, 12612, 17674, 8336, 4477, 3293, 11869, 20509, 4361"
PTB-XL,Q_Amp_V5_iqr,Bottom 20,"0.0, 0.0, 0.0, 0.0, 0.0, 0.0, 0.0, 0.0, 0.0, 0.0, 0.0, 0.0, 0.0, 0.0, 0.0, 0.0, 0.0, 0.0, 0.0, 0.0","3027, 4580, 5064, 5193, 7570, 7729, 8319, 9074, 9152, 9206, 9227, 9278, 9333, 9624, 10930, 11041, 11563, 12493, 13330, 13669"
PTB-XL,Q_Amp_V6,Top 20,"2.75, 2.12, 2.0, 1.78, 1.77, 1.76, 1.655, 1.6, 1.6, 1.59, 1.54, 1.52, 1.52, 1.46, 1.45, 1.44, 1.44, 1.42, 1.41, 1.4","14354, 12872, 14815, 8752, 8686, 16120, 16496, 7685, 11218, 2459, 10861, 14243, 19739, 10869, 11288, 455, 14225, 19539, 512, 19862"
PTB-XL,Q_Amp_V6,Bottom 20,"-1.32, -1.27, -1.16, -1.155, -1.02, -0.92, -0.785, -0.77, -0.73, -0.665, -0.66, -0.64, -0.64, -0.63, -0.605, -0.6, -0.59, -0.59, -0.575, -0.565","11124, 8989, 8681, 5016, 1551, 13820, 8320, 14452, 19863, 9198, 3437, 5390, 21572, 5020, 11993, 12894, 6060, 7663, 6045, 16974"
PTB-XL,Q_Amp_V6_count,Top 20,"33, 31, 30, 29, 29, 29, 29, 29, 28, 28, 28, 28, 28, 27, 27, 27, 27, 27, 27, 27","14286, 16106, 16753, 2530, 4161, 10936, 12195, 16901, 449, 3134, 3476, 5833, 13112, 1173, 4496, 7796, 7889, 9337, 11349, 12988"
PTB-XL,Q_Amp_V6_count,Bottom 20,"0, 5, 5, 5, 5, 5, 6, 6, 6, 6, 6, 6, 6, 6, 6, 6, 6, 6, 6, 6","12722, 477, 722, 8907, 10266, 16151, 959, 1919, 2534, 3535, 4236, 5135, 8048, 8581, 8620, 8893, 8932, 9217, 9950, 10300"
PTB-XL,Q_Amp_V6_iqr,Top 20,"4.465, 3.78, 3.5425, 3.4475, 3.425, 3.17, 2.96, 2.92, 2.82, 2.725, 2.62, 2.5475, 2.53, 2.505, 2.44, 1.925, 1.92, 1.895, 1.8825, 1.83","8681, 17535, 8309, 8621, 1906, 14729, 6610, 18299, 14535, 8320, 18653, 14741, 1502, 18306, 18060, 1847, 11869, 8405, 1551, 674"
PTB-XL,Q_Amp_V6_iqr,Bottom 20,"0.0, 0.0, 0.0, 0.0, 0.0, 0.0, 0.0, 0.0, 0.0, 0.0, 0.0, 0.0, 0.0, 0.0, 0.0, 0.0, 0.0, 0.0, 0.0, 0.0","2359, 4590, 4680, 4858, 4876, 4913, 5036, 5060, 5793, 5863, 6215, 6383, 6739, 7146, 7231, 7385, 7494, 7554, 8892, 8894"
PTB-XL,Q_Amp_aVF,Top 20,"3.995, 3.92, 3.51, 2.73, 2.295, 2.2, 2.0, 1.81, 1.775, 1.77, 1.77, 1.74, 1.65, 1.64, 1.64, 1.6, 1.535, 1.52, 1.49, 1.485","14854, 20733, 11555, 11813, 19862, 19739, 13196, 21579, 15045, 15598, 20363, 19769, 15457, 8964, 17284, 17506, 20685, 18903, 18465, 9129"
PTB-XL,Q_Amp_aVF,Bottom 20,"-1.78, -1.43, -1.4, -1.11, -1.1, -1.075, -1.03, -1.01, -0.965, -0.94, -0.94, -0.93, -0.915, -0.91, -0.86, -0.855, -0.855, -0.84, -0.82, -0.82","13820, 6033, 13177, 5615, 12186, 13765, 8989, 6240, 5016, 21399, 21572, 15841, 5488, 190, 21453, 8543, 11487, 146, 21316, 21347"
PTB-XL,Q_Amp_aVF_count,Top 20,"33, 31, 30, 29, 29, 29, 29, 29, 28, 28, 28, 28, 28, 27, 27, 27, 27, 27, 27, 27","14286, 16106, 16753, 2530, 4161, 10936, 12195, 16901, 449, 3134, 3476, 5833, 13112, 1173, 4496, 7796, 7889, 9337, 11349, 12988"
PTB-XL,Q_Amp_aVF_count,Bottom 20,"5, 5, 5, 5, 5, 6, 6, 6, 6, 6, 6, 6, 6, 6, 6, 6, 6, 6, 6, 6","477, 722, 8907, 10266, 16151, 959, 1919, 2534, 3535, 4236, 5135, 8048, 8581, 8620, 8893, 8932, 9217, 9950, 10300, 10670"
PTB-XL,Q_Amp_aVF_iqr,Top 20,"3.14, 2.19, 2.0325, 1.9825, 1.9325, 1.86, 1.8125, 1.745, 1.72, 1.69, 1.64, 1.6, 1.5975, 1.53, 1.525, 1.5075, 1.48, 1.44, 1.43, 1.38","13196, 8872, 13820, 9129, 11487, 18599, 14609, 11777, 21579, 6345, 21384, 9158, 17284, 7510, 19046, 3723, 20107, 20036, 11700, 18909"
PTB-XL,Q_Amp_aVF_iqr,Bottom 20,"0.0, 0.0, 0.0, 0.0, 0.0, 0.0, 0.0, 0.0, 0.0, 0.0, 0.0, 0.0, 0.0, 0.0, 0.0, 0.0, 0.0, 0.0, 0.0, 0.0","4403, 4449, 4578, 4924, 4994, 5030, 5454, 5460, 5525, 5642, 7458, 7820, 8134, 8227, 8600, 8671, 8816, 9171, 10840, 10940"
PTB-XL,Q_Amp_aVL,Top 20,"1.86, 1.615, 1.59, 1.56, 1.55, 1.31, 1.305, 1.29, 1.22, 1.18, 1.085, 1.045, 1.04, 1.015, 1.01, 0.99, 0.99, 0.985, 0.97, 0.96","13820, 11487, 5016, 12000, 10869, 6240, 6033, 12155, 10395, 13177, 711, 18700, 19935, 16891, 21399, 6447, 21316, 21380, 12718, 10897"
PTB-XL,Q_Amp_aVL,Bottom 20,"-5.55, -2.61, -2.365, -1.65, -1.53, -1.21, -0.815, -0.79, -0.78, -0.765, -0.75, -0.74, -0.705, -0.7, -0.7, -0.675, -0.63, -0.63, -0.61, -0.61","11813, 15457, 17284, 1641, 12532, 17571, 5787, 11080, 4846, 1674, 3990, 17638, 4377, 11837, 16582, 14843, 9786, 14196, 3407, 12292"
PTB-XL,Q_Amp_aVL_count,Top 20,"33, 31, 30, 29, 29, 29, 29, 29, 28, 28, 28, 28, 28, 27, 27, 27, 27, 27, 27, 27","14286, 16106, 16753, 2530, 4161, 10936, 12195, 16901, 449, 3134, 3476, 5833, 13112, 1173, 4496, 7796, 7889, 9337, 11349, 12988"
PTB-XL,Q_Amp_aVL_count,Bottom 20,"5, 5, 5, 5, 5, 6, 6, 6, 6, 6, 6, 6, 6, 6, 6, 6, 6, 6, 6, 6","477, 722, 8907, 10266, 16151, 959, 1919, 2534, 3535, 4236, 5135, 8048, 8581, 8620, 8893, 8932, 9217, 9950, 10300, 10670"
PTB-XL,Q_Amp_aVL_iqr,Top 20,"2.58, 2.395, 1.6925, 1.4325, 1.43, 1.415, 1.35, 1.32, 1.315, 1.155, 1.14, 1.0375, 0.9925, 0.98, 0.9775, 0.9675, 0.9475, 0.94, 0.935, 0.9325","15457, 17284, 9129, 3990, 18439, 12000, 8872, 12085, 11828, 6447, 6345, 1399, 385, 7083, 17820, 8263, 21384, 5658, 10289, 20505"
PTB-XL,Q_Amp_aVL_iqr,Bottom 20,"0.0, 0.0, 0.0, 0.0, 0.0, 0.0, 0.0, 0.0, 0.0, 0.0, 0.0, 0.0, 0.0, 0.0, 0.0, 0.0, 0.0, 0.0, 0.0, 0.0","4732, 5115, 5261, 5630, 6426, 6457, 8511, 8647, 8663, 8694, 8741, 8985, 9524, 9790, 10645, 11173, 11400, 11463, 11592, 11652"
PTB-XL,Q_Amp_aVR,Top 20,"2.84, 1.27, 1.18, 1.04, 0.9, 0.81, 0.735, 0.72, 0.69, 0.66, 0.605, 0.53, 0.495, 0.47, 0.43, 0.405, 0.4, 0.395, 0.385, 0.37","11813, 8989, 21167, 13765, 17085, 11911, 21453, 5615, 12186, 17571, 5488, 8960, 9198, 20183, 5143, 5787, 5560, 5167, 12292, 2846"
PTB-XL,Q_Amp_aVR,Bottom 20,"-1.23, -1.07, -0.84, -0.785, -0.725, -0.64, -0.635, -0.625, -0.59, -0.56, -0.56, -0.55, -0.54, -0.53, -0.53, -0.52, -0.51, -0.5, -0.5, -0.5","15598, 5353, 19029, 19714, 6334, 1347, 11889, 10802, 21736, 32, 6325, 415, 11697, 4056, 9158, 1081, 9398, 7967, 12685, 12971"
PTB-XL,Q_Amp_aVR_count,Top 20,"33, 31, 30, 29, 29, 29, 29, 29, 28, 28, 28, 28, 28, 27, 27, 27, 27, 27, 27, 27","14286, 16106, 16753, 2530, 4161, 10936, 12195, 16901, 449, 3134, 3476, 5833, 13112, 1173, 4496, 7796, 7889, 9337, 11349, 12988"
PTB-XL,Q_Amp_aVR_count,Bottom 20,"5, 5, 5, 5, 5, 6, 6, 6, 6, 6, 6, 6, 6, 6, 6, 6, 6, 6, 6, 6","477, 722, 8907, 10266, 16151, 959, 1919, 2534, 3535, 4236, 5135, 8048, 8581, 8620, 8893, 8932, 9217, 9950, 10300, 10670"
PTB-XL,Q_Amp_aVR_iqr,Top 20,"2.22, 2.185, 1.975, 1.205, 1.135, 1.0875, 1.0375, 1.01, 0.99, 0.96, 0.8225, 0.815, 0.8, 0.7975, 0.79, 0.77, 0.77, 0.69, 0.64, 0.615","15598, 19046, 9158, 11911, 11869, 7204, 21003, 20392, 16874, 10289, 16719, 3660, 4763, 852, 21498, 8872, 12186, 1157, 13101, 15042"
PTB-XL,Q_Amp_aVR_iqr,Bottom 20,"0.0, 0.0, 0.0, 0.0, 0.0, 0.0, 0.0, 0.0, 0.0, 0.0, 0.0, 0.0, 0.0, 0.0, 0.0, 0.0, 0.0, 0.0, 0.0, 0.0","24, 1201, 2644, 3782, 4593, 4627, 4735, 5337, 5666, 5762, 5857, 6030, 6387, 6457, 7406, 7536, 7793, 8156, 8571, 8647"
PTB-XL,RR_Mean_Global,Top 20,"2195.0, 1957.0, 1925.0, 1818.0, 1758.0, 1724.0, 1710.0, 1684.0, 1677.0, 1672.0, 1661.0, 1658.0, 1654.0, 1627.0, 1616.0, 1614.0, 1614.0, 1606.0, 1604.0, 1586.0","16151, 8907, 477, 10266, 1919, 21533, 12634, 10300, 722, 11666, 18482, 3535, 14771, 4054, 8893, 1168, 16271, 8620, 8048, 14906"
PTB-XL,RR_Mean_Global,Bottom 20,"288.0, 300.0, 315.0, 325.0, 328.0, 328.0, 328.0, 332.0, 332.0, 334.0, 335.0, 336.0, 336.0, 339.0, 339.0, 341.0, 343.0, 343.0, 344.0, 345.0","12417, 14286, 16106, 14780, 5833, 16753, 16901, 191, 12988, 12195, 9575, 13112, 17726, 10936, 21567, 4161, 2530, 7438, 14102, 16229"
PTB-XL,RR_Mean_Global_count,Top 20,"32, 30, 29, 28, 28, 28, 28, 28, 27, 27, 27, 27, 27, 26, 26, 26, 26, 26, 26, 26","14286, 16106, 16753, 2530, 4161, 10936, 12195, 16901, 449, 3134, 3476, 5833, 13112, 1173, 4496, 7796, 7889, 9337, 11349, 12988"
PTB-XL,RR_Mean_Global_count,Bottom 20,"4, 4, 4, 4, 4, 5, 5, 5, 5, 5, 5, 5, 5, 5, 5, 5, 5, 5, 5, 5","477, 722, 8907, 10266, 16151, 959, 1919, 2534, 3535, 4236, 5135, 8048, 8581, 8620, 8893, 8932, 9217, 9950, 10300, 10670"
PTB-XL,RR_Mean_Global_iqr,Top 20,"1240.0, 1220.0, 1086.5, 1085.0, 1068.0, 1040.0, 989.0, 983.0, 958.0, 945.0, 938.0, 932.0, 920.0, 915.5, 901.0, 896.0, 889.0, 878.0, 852.0, 836.0","191, 5135, 7020, 16641, 9217, 628, 1168, 15535, 17091, 21193, 18246, 2204, 3029, 8911, 19434, 10672, 4632, 547, 16162, 13309"
PTB-XL,RR_Mean_Global_iqr,Bottom 20,"0.0, 0.0, 0.0, 0.0, 0.0, 0.0, 0.0, 0.0, 0.0, 0.0, 0.0, 0.0, 0.0, 0.0, 0.0, 0.0, 0.0, 0.0, 0.0, 0.0","2688, 3217, 5547, 5909, 8964, 9046, 9682, 10231, 10510, 11487, 13652, 14016, 14173, 14741, 14854, 15240, 15672, 15867, 16012, 16056"
PTB-XL,R_Amp_I,Top 20,"5.035, 4.71, 4.53, 4.02, 3.485, 3.37, 3.21, 3.195, 3.095, 3.025, 3.02, 2.98, 2.955, 2.94, 2.93, 2.83, 2.725, 2.705, 2.63, 2.62","14854, 20733, 11555, 21171, 299, 8530, 18034, 5756, 17066, 21170, 10719, 13196, 8752, 11106, 3895, 9032, 19862, 5121, 9395, 4146"
PTB-XL,R_Amp_I,Bottom 20,"-5.04, -2.83, -2.32, -1.81, -1.64, -1.495, -1.495, -1.34, -1.275, -1.19, -1.16, -1.16, -1.15, -1.11, -1.085, -1.005, -1.0, -1.0, -1.0, -0.99","11813, 14373, 9557, 8479, 14609, 3893, 21487, 18714, 18131, 20895, 12532, 12714, 21498, 2205, 11982, 498, 2650, 8970, 14196, 19686"
PTB-XL,R_Amp_II,Top 20,"6.52, 6.25, 6.13, 5.71, 4.665, 3.705, 3.615, 3.46, 3.46, 3.21, 2.83, 2.82, 2.805, 2.76, 2.755, 2.73, 2.695, 2.67, 2.615, 2.57","14854, 20733, 21171, 11555, 8530, 4146, 19862, 19739, 21169, 8752, 12009, 5121, 19769, 21168, 8037, 4469, 85, 15582, 21160, 4080"
PTB-XL,R_Amp_II,Bottom 20,"-2.57, -2.5, -2.465, -2.46, -2.45, -2.39, -2.38, -2.145, -2.115, -2.07, -2.07, -2.07, -2.055, -2.04, -2.01, -1.98, -1.98, -1.98, -1.975, -1.93","2218, 20013, 190, 15867, 15598, 8989, 5135, 19927, 12155, 7204, 12612, 20363, 12953, 17384, 12186, 11080, 13853, 18599, 11236, 19513"
PTB-XL,R_Amp_III,Top 20,"5.89, 4.08, 3.04, 2.755, 2.72, 2.675, 2.65, 2.52, 2.51, 2.45, 2.44, 2.42, 2.42, 2.4, 2.34, 2.34, 2.175, 2.17, 2.16, 2.15","11813, 14373, 21579, 21487, 16859, 18131, 21498, 3818, 8037, 5830, 15982, 9699, 21285, 4469, 4146, 21384, 17571, 14223, 5649, 8876"
PTB-XL,R_Amp_III,Bottom 20,"-3.44, -3.42, -3.37, -3.28, -3.28, -3.27, -3.17, -3.12, -3.095, -3.08, -3.05, -3.045, -3.02, -2.98, -2.95, -2.95, -2.94, -2.84, -2.835, -2.83","7511, 190, 15867, 10529, 11733, 20013, 3895, 10598, 13820, 13853, 15812, 15822, 18349, 7866, 6722, 18034, 1437, 12000, 455, 10555"
PTB-XL,R_Amp_III_count,Top 20,"33, 31, 30, 29, 29, 29, 29, 29, 28, 28, 28, 28, 28, 27, 27, 27, 27, 27, 27, 27","14286, 16106, 16753, 2530, 4161, 10936, 12195, 16901, 449, 3134, 3476, 5833, 13112, 1173, 4496, 7796, 7889, 9337, 11349, 12988"
PTB-XL,R_Amp_III_count,Bottom 20,"5, 5, 5, 5, 5, 6, 6, 6, 6, 6, 6, 6, 6, 6, 6, 6, 6, 6, 6, 6","477, 722, 8907, 10266, 16151, 959, 1919, 2534, 3535, 4236, 5135, 8048, 8581, 8620, 8893, 8932, 9217, 9950, 10300, 10670"
PTB-XL,R_Amp_III_iqr,Top 20,"5.785, 4.14, 3.975, 3.91, 3.7125, 3.64, 3.6325, 3.075, 3.07, 2.95, 2.8775, 2.815, 2.72, 2.7, 2.665, 2.66, 2.6075, 2.5975, 2.545, 2.5","21498, 8872, 9129, 6345, 12432, 11869, 6918, 12209, 21504, 14956, 17466, 12644, 5658, 14799, 20631, 10442, 8367, 18907, 18465, 17450"
PTB-XL,R_Amp_III_iqr,Bottom 20,"0.0, 0.0, 0.0, 0.0, 0.0075, 0.0075, 0.0075, 0.0075, 0.01, 0.01, 0.01, 0.01, 0.01, 0.01, 0.01, 0.01, 0.01, 0.01, 0.01, 0.01","2700, 8876, 20522, 20727, 5372, 7581, 19202, 20068, 4492, 17269, 332, 376, 3397, 4897, 5261, 7670, 10565, 16464, 16477, 16699"
PTB-XL,R_Amp_II_count,Top 20,"33, 31, 30, 29, 29, 29, 29, 29, 28, 28, 28, 28, 28, 27, 27, 27, 27, 27, 27, 27","14286, 16106, 16753, 2530, 4161, 10936, 12195, 16901, 449, 3134, 3476, 5833, 13112, 1173, 4496, 7796, 7889, 9337, 11349, 12988"
PTB-XL,R_Amp_II_count,Bottom 20,"5, 5, 5, 5, 5, 6, 6, 6, 6, 6, 6, 6, 6, 6, 6, 6, 6, 6, 6, 6","477, 722, 8907, 10266, 16151, 959, 1919, 2534, 3535, 4236, 5135, 8048, 8581, 8620, 8893, 8932, 9217, 9950, 10300, 10670"
PTB-XL,R_Amp_II_iqr,Top 20,"6.89, 6.56, 5.52, 4.86, 4.2425, 4.17, 4.16, 4.08, 3.845, 3.79, 3.69, 3.55, 3.405, 3.395, 3.13, 2.98, 2.8925, 2.76, 2.745, 2.745","12581, 18443, 13196, 21498, 5135, 13193, 11700, 21160, 21522, 6345, 8872, 17093, 20952, 18476, 16874, 19716, 14806, 15042, 9129, 18909"
PTB-XL,R_Amp_II_iqr,Bottom 20,"0.0, 0.0, 0.0, 0.0, 0.0, 0.0, 0.0, 0.0, 0.0025, 0.005, 0.005, 0.005, 0.005, 0.005, 0.005, 0.0075, 0.0075, 0.0075, 0.0075, 0.0075","5441, 7576, 12387, 13794, 14019, 15218, 20653, 20930, 15621, 14683, 17914, 4812, 5672, 16705, 15831, 7593, 17725, 19297, 20705, 984"
PTB-XL,R_Amp_I_count,Top 20,"33, 31, 30, 29, 29, 29, 29, 29, 28, 28, 28, 28, 28, 27, 27, 27, 27, 27, 27, 27","14286, 16106, 16753, 2530, 4161, 10936, 12195, 16901, 449, 3134, 3476, 5833, 13112, 1173, 4496, 7796, 7889, 9337, 11349, 12988"
PTB-XL,R_Amp_I_count,Bottom 20,"5, 5, 5, 5, 5, 6, 6, 6, 6, 6, 6, 6, 6, 6, 6, 6, 6, 6, 6, 6","477, 722, 8907, 10266, 16151, 959, 1919, 2534, 3535, 4236, 5135, 8048, 8581, 8620, 8893, 8932, 9217, 9950, 10300, 10670"
PTB-XL,R_Amp_I_iqr,Top 20,"4.19, 3.58, 3.5225, 3.375, 2.76, 2.58, 2.53, 2.4625, 2.44, 2.415, 2.245, 2.115, 2.08, 2.03, 1.87, 1.785, 1.765, 1.72, 1.72, 1.62","12581, 21504, 15457, 18443, 16641, 13193, 9032, 12091, 18714, 14806, 13196, 18476, 14413, 11658, 8634, 15217, 11869, 5135, 16874, 18599"
PTB-XL,R_Amp_I_iqr,Bottom 20,"0.0, 0.0, 0.0, 0.0025, 0.0025, 0.0025, 0.0025, 0.005, 0.0075, 0.0075, 0.0075, 0.0075, 0.0075, 0.0075, 0.0075, 0.0075, 0.0075, 0.01, 0.01, 0.01","148, 1054, 9561, 2405, 5689, 12861, 16518, 5745, 9389, 20119, 2670, 4509, 11892, 20291, 20500, 20800, 21133, 7493, 9405, 10241"
PTB-XL,R_Amp_V1,Top 20,"3.46, 2.41, 2.32, 2.24, 2.19, 2.17, 2.15, 2.015, 1.99, 1.975, 1.97, 1.97, 1.905, 1.895, 1.835, 1.79, 1.78, 1.75, 1.75, 1.75","4753, 826, 14196, 14173, 18455, 2894, 11636, 6269, 10526, 19976, 2889, 6512, 20569, 1328, 13031, 7118, 12162, 2493, 7073, 14576"
PTB-XL,R_Amp_V1,Bottom 20,"-6.17, -6.165, -5.43, -4.95, -4.31, -4.3, -4.22, -4.125, -4.045, -3.865, -3.85, -3.785, -3.75, -3.75, -3.73, -3.725, -3.68, -3.67, -3.66, -3.625","8581, 8620, 516, 1986, 20364, 20404, 20399, 8259, 15822, 299, 12009, 14887, 3107, 9580, 1159, 16189, 2818, 5359, 17041, 5432"
PTB-XL,R_Amp_V1_count,Top 20,"33, 31, 30, 29, 29, 29, 29, 29, 28, 28, 28, 28, 28, 27, 27, 27, 27, 27, 27, 27","14286, 16106, 16753, 2530, 4161, 10936, 12195, 16901, 449, 3134, 3476, 5833, 13112, 1173, 4496, 7796, 7889, 9337, 11349, 12988"
PTB-XL,R_Amp_V1_count,Bottom 20,"5, 5, 5, 5, 5, 6, 6, 6, 6, 6, 6, 6, 6, 6, 6, 6, 6, 6, 6, 6","477, 722, 8907, 10266, 16151, 959, 1919, 2534, 3535, 4236, 5135, 8048, 8581, 8620, 8893, 8932, 9217, 9950, 10300, 10670"
PTB-XL,R_Amp_V1_iqr,Top 20,"5.545, 4.0, 3.435, 3.29, 3.28, 3.235, 2.98, 2.82, 2.81, 2.735, 2.71, 2.5975, 2.48, 2.47, 2.43, 2.39, 2.37, 2.26, 2.19, 2.19","4753, 2889, 17638, 12872, 21504, 7302, 16641, 1625, 869, 19610, 5241, 15966, 2093, 18428, 3006, 1087, 5685, 13558, 20731, 20740"
PTB-XL,R_Amp_V1_iqr,Bottom 20,"0.0, 0.0, 0.0, 0.005, 0.005, 0.005, 0.005, 0.005, 0.005, 0.005, 0.005, 0.005, 0.005, 0.005, 0.0075, 0.0075, 0.0075, 0.0075, 0.0075, 0.0075","3438, 11520, 19367, 11501, 11580, 14469, 19281, 9517, 10268, 17945, 18090, 20626, 21577, 5879, 7218, 17465, 4363, 5857, 8672, 9254"
PTB-XL,R_Amp_V2,Top 20,"4.58, 3.83, 3.58, 3.21, 3.17, 3.1, 3.09, 3.0, 2.93, 2.855, 2.82, 2.75, 2.745, 2.725, 2.705, 2.68, 2.645, 2.55, 2.54, 2.54","14948, 2417, 17267, 12758, 18457, 425, 16444, 6543, 10939, 18841, 18502, 11106, 3880, 3010, 17272, 7424, 16344, 628, 1575, 16859"
PTB-XL,R_Amp_V2,Bottom 20,"-8.005, -7.8, -7.32, -7.17, -6.955, -6.565, -6.37, -6.355, -6.34, -6.22, -5.86, -5.66, -5.625, -5.61, -5.58, -5.575, -5.555, -5.55, -5.49, -5.49","1367, 8970, 20404, 18439, 14887, 20364, 20399, 9129, 14959, 18432, 15681, 9933, 8620, 2818, 180, 17690, 1046, 516, 20187, 20224"
PTB-XL,R_Amp_V2_count,Top 20,"33, 31, 30, 29, 29, 29, 29, 29, 28, 28, 28, 28, 28, 27, 27, 27, 27, 27, 27, 27","14286, 16106, 16753, 2530, 4161, 10936, 12195, 16901, 449, 3134, 3476, 5833, 13112, 1173, 4496, 7796, 7889, 9337, 11349, 12988"
PTB-XL,R_Amp_V2_count,Bottom 20,"5, 5, 5, 5, 5, 6, 6, 6, 6, 6, 6, 6, 6, 6, 6, 6, 6, 6, 6, 6","477, 722, 8907, 10266, 16151, 959, 1919, 2534, 3535, 4236, 5135, 8048, 8581, 8620, 8893, 8932, 9217, 9950, 10300, 10670"
PTB-XL,R_Amp_V2_iqr,Top 20,"5.41, 5.24, 5.14, 5.105, 5.05, 4.9125, 4.84, 4.805, 4.65, 4.555, 4.4, 4.24, 3.91, 3.79, 3.68, 3.54, 3.5175, 3.3725, 3.355, 3.3","2889, 5241, 12872, 21498, 19610, 12432, 14615, 18428, 1087, 7302, 13101, 12644, 12581, 14413, 9021, 20693, 14806, 13309, 191, 3006"
PTB-XL,R_Amp_V2_iqr,Bottom 20,"0.0, 0.0, 0.0, 0.0, 0.0, 0.0025, 0.005, 0.005, 0.0075, 0.0075, 0.0075, 0.0075, 0.0075, 0.0075, 0.01, 0.01, 0.01, 0.01, 0.01, 0.01","1814, 11173, 12977, 14475, 19524, 17576, 5049, 3507, 3868, 20530, 5131, 13410, 15258, 15708, 3442, 4832, 7334, 8663, 16779, 722"
PTB-XL,R_Amp_V3,Top 20,"5.61, 4.645, 4.43, 4.315, 4.22, 4.15, 4.05, 4.0, 3.94, 3.92, 3.91, 3.895, 3.85, 3.82, 3.73, 3.62, 3.605, 3.6, 3.59, 3.55","12895, 6624, 5303, 85, 3890, 21775, 19182, 16859, 18118, 9580, 4135, 4146, 4716, 11106, 11547, 17272, 3946, 5980, 6453, 21387"
PTB-XL,R_Amp_V3,Bottom 20,"-7.34, -7.31, -7.16, -6.82, -6.775, -6.73, -6.62, -6.31, -6.2, -5.87, -5.82, -5.77, -5.71, -5.68, -5.62, -5.515, -5.455, -5.26, -5.225, -5.13","18439, 2818, 1367, 8970, 20364, 20404, 9129, 10123, 16920, 8989, 8708, 13083, 20399, 14815, 15681, 6540, 15157, 21510, 7105, 20224"
PTB-XL,R_Amp_V3_count,Top 20,"33, 31, 30, 29, 29, 29, 29, 29, 28, 28, 28, 28, 28, 27, 27, 27, 27, 27, 27, 27","14286, 16106, 16753, 2530, 4161, 10936, 12195, 16901, 449, 3134, 3476, 5833, 13112, 1173, 4496, 7796, 7889, 9337, 11349, 12988"
PTB-XL,R_Amp_V3_count,Bottom 20,"5, 5, 5, 5, 5, 6, 6, 6, 6, 6, 6, 6, 6, 6, 6, 6, 6, 6, 6, 6","477, 722, 8907, 10266, 16151, 959, 1919, 2534, 3535, 4236, 5135, 8048, 8581, 8620, 8893, 8932, 9217, 9950, 10300, 10670"
PTB-XL,R_Amp_V3_iqr,Top 20,"7.905, 6.21, 6.165, 4.91, 4.815, 4.7425, 4.6025, 4.495, 4.46, 4.295, 4.26, 4.2425, 4.155, 4.13, 4.08, 4.045, 4.035, 4.025, 3.9275, 3.88","21498, 18428, 14615, 5241, 9021, 12432, 13309, 14433, 19610, 12209, 12581, 1809, 12644, 9827, 2889, 18907, 11869, 7302, 5095, 11352"
PTB-XL,R_Amp_V3_iqr,Bottom 20,"0.0, 0.0, 0.0025, 0.005, 0.005, 0.005, 0.005, 0.0075, 0.0075, 0.0075, 0.0075, 0.0075, 0.0075, 0.0075, 0.0075, 0.0075, 0.01, 0.01, 0.01, 0.01","9240, 16399, 15332, 8219, 1492, 19978, 2786, 16838, 3357, 6623, 12499, 18536, 5133, 8144, 12957, 14475, 18134, 2427, 19160, 16740"
PTB-XL,R_Amp_V4,Top 20,"8.13, 6.825, 6.82, 6.18, 6.1, 6.0, 5.84, 5.82, 5.805, 5.67, 5.65, 5.41, 5.4, 5.23, 5.18, 5.14, 5.07, 4.965, 4.95, 4.94","6624, 16926, 17675, 6647, 11547, 16697, 11106, 18012, 4080, 3107, 18954, 5303, 16851, 10869, 17261, 15797, 11032, 19182, 5926, 9089"
PTB-XL,R_Amp_V4,Bottom 20,"-9.065, -7.125, -5.68, -5.475, -5.47, -5.235, -5.19, -5.05, -4.8, -4.635, -4.56, -4.55, -4.545, -4.435, -4.415, -4.26, -4.22, -4.21, -4.21, -4.205","6816, 10123, 18439, 6540, 16920, 9129, 21498, 8989, 8970, 1367, 544, 13083, 15812, 1443, 8913, 17823, 12718, 7876, 19068, 15822"
PTB-XL,R_Amp_V4_count,Top 20,"33, 31, 30, 29, 29, 29, 29, 29, 28, 28, 28, 28, 28, 27, 27, 27, 27, 27, 27, 27","14286, 16106, 16753, 2530, 4161, 10936, 12195, 16901, 449, 3134, 3476, 5833, 13112, 1173, 4496, 7796, 7889, 9337, 11349, 12988"
PTB-XL,R_Amp_V4_count,Bottom 20,"0, 5, 5, 5, 5, 5, 6, 6, 6, 6, 6, 6, 6, 6, 6, 6, 6, 6, 6, 6","12722, 477, 722, 8907, 10266, 16151, 959, 1919, 2534, 3535, 4236, 5135, 8048, 8581, 8620, 8893, 8932, 9217, 9950, 10300"
PTB-XL,R_Amp_V4_iqr,Top 20,"5.275, 4.7, 3.9, 3.7425, 3.71, 3.6075, 3.6, 3.565, 3.3825, 3.3675, 3.3575, 3.2425, 3.225, 3.22, 3.19, 3.18, 3.16, 3.15, 3.11, 3.095","10507, 8686, 12581, 9754, 12644, 8092, 14413, 18907, 13309, 13974, 14806, 191, 13196, 18443, 8854, 16874, 19755, 2754, 21504, 20972"
PTB-XL,R_Amp_V4_iqr,Bottom 20,"0.0, 0.0, 0.0, 0.0025, 0.005, 0.0075, 0.0075, 0.0075, 0.0075, 0.0075, 0.0075, 0.0075, 0.01, 0.01, 0.01, 0.01, 0.01, 0.01, 0.01, 0.01","3078, 7141, 7625, 21253, 20504, 658, 5474, 11004, 15297, 17091, 13268, 15291, 8892, 9517, 13967, 19225, 20677, 12864, 15469, 16417"
PTB-XL,R_Amp_V5,Top 20,"7.07, 6.15, 6.05, 5.92, 5.78, 5.65, 5.275, 5.2, 5.04, 5.04, 5.0, 4.95, 4.94, 4.74, 4.705, 4.63, 4.62, 4.61, 4.6, 4.6","11036, 12585, 11106, 6624, 16697, 16851, 1486, 9869, 10869, 18012, 16926, 16859, 5926, 15797, 2131, 7200, 3087, 19356, 10555, 18564"
PTB-XL,R_Amp_V5,Bottom 20,"-15.885, -3.945, -3.76, -3.635, -3.06, -3.05, -3.03, -3.015, -2.89, -2.81, -2.675, -2.67, -2.6, -2.52, -2.52, -2.49, -2.475, -2.46, -2.43, -2.425","12251, 8913, 8714, 6540, 16920, 10012, 3037, 19068, 8989, 14225, 11585, 512, 9557, 5167, 16076, 16272, 5016, 11659, 11641, 5821"
PTB-XL,R_Amp_V5_count,Top 20,"33, 31, 30, 29, 29, 29, 29, 29, 28, 28, 28, 28, 28, 27, 27, 27, 27, 27, 27, 27","14286, 16106, 16753, 2530, 4161, 10936, 12195, 16901, 449, 3134, 3476, 5833, 13112, 1173, 4496, 7796, 7889, 9337, 11349, 12988"
PTB-XL,R_Amp_V5_count,Bottom 20,"0, 5, 5, 5, 5, 5, 6, 6, 6, 6, 6, 6, 6, 6, 6, 6, 6, 6, 6, 6","12722, 477, 722, 8907, 10266, 16151, 959, 1919, 2534, 3535, 4236, 5135, 8048, 8581, 8620, 8893, 8932, 9217, 9950, 10300"
PTB-XL,R_Amp_V5_iqr,Top 20,"19.0225, 6.515, 5.72, 4.49, 4.095, 3.8375, 3.7375, 3.5775, 3.415, 3.2975, 3.29, 3.26, 3.2, 3.16, 3.125, 3.11, 3.0925, 2.955, 2.93, 2.87","12251, 21498, 11700, 8686, 15205, 1405, 9129, 9182, 12091, 11036, 12581, 20816, 5801, 10894, 21243, 1908, 16359, 6045, 11658, 6852"
PTB-XL,R_Amp_V5_iqr,Bottom 20,"0.0, 0.0, 0.0, 0.0025, 0.005, 0.005, 0.0075, 0.0075, 0.0075, 0.0075, 0.01, 0.01, 0.01, 0.01, 0.01, 0.01, 0.01, 0.01, 0.01, 0.01","17070, 20469, 21624, 732, 10334, 11331, 8230, 18798, 863, 21573, 207, 7729, 14803, 15306, 18647, 19840, 7177, 525, 1273, 1390"
PTB-XL,R_Amp_V6,Top 20,"5.16, 4.645, 4.64, 4.385, 4.31, 4.22, 4.215, 4.045, 3.96, 3.94, 3.8, 3.68, 3.68, 3.665, 3.635, 3.63, 3.63, 3.625, 3.62, 3.58","12585, 1486, 10555, 3087, 5058, 4978, 2131, 17423, 6060, 16818, 16859, 6509, 11106, 3196, 4146, 14745, 21817, 12009, 6648, 16697"
PTB-XL,R_Amp_V6,Bottom 20,"-3.075, -2.265, -2.23, -2.195, -2.14, -2.11, -2.075, -2.03, -1.92, -1.81, -1.81, -1.77, -1.76, -1.75, -1.7, -1.69, -1.62, -1.61, -1.6, -1.585","10012, 5016, 16263, 14225, 2650, 9557, 2218, 12593, 8714, 8913, 12714, 1437, 924, 21033, 21541, 11270, 13853, 8989, 15867, 12953"
PTB-XL,R_Amp_V6_count,Top 20,"33, 31, 30, 29, 29, 29, 29, 29, 28, 28, 28, 28, 28, 27, 27, 27, 27, 27, 27, 27","14286, 16106, 16753, 2530, 4161, 10936, 12195, 16901, 449, 3134, 3476, 5833, 13112, 1173, 4496, 7796, 7889, 9337, 11349, 12988"
PTB-XL,R_Amp_V6_count,Bottom 20,"0, 5, 5, 5, 5, 5, 6, 6, 6, 6, 6, 6, 6, 6, 6, 6, 6, 6, 6, 6","12722, 477, 722, 8907, 10266, 16151, 959, 1919, 2534, 3535, 4236, 5135, 8048, 8581, 8620, 8893, 8932, 9217, 9950, 10300"
PTB-XL,R_Amp_V6_iqr,Top 20,"4.87, 4.325, 4.1, 3.91, 3.82, 3.6675, 3.3875, 3.18, 3.16, 3.1225, 3.07, 2.95, 2.9, 2.88, 2.88, 2.7675, 2.74, 2.705, 2.64, 2.51","18060, 8309, 8681, 17535, 21498, 1906, 8320, 18653, 10894, 17284, 21033, 14729, 18299, 12581, 4079, 8621, 21504, 14535, 6610, 18306"
PTB-XL,R_Amp_V6_iqr,Bottom 20,"0.0, 0.0, 0.0, 0.0, 0.0, 0.0, 0.0, 0.0, 0.0, 0.0, 0.0025, 0.0025, 0.005, 0.005, 0.005, 0.005, 0.005, 0.005, 0.0075, 0.0075","7473, 9664, 11592, 11695, 12034, 12241, 12835, 17117, 17918, 19299, 20071, 20981, 17368, 17470, 12277, 12496, 21426, 21641, 7156, 18841"
PTB-XL,R_Amp_aVF,Top 20,"3.86, 3.43, 2.95, 2.935, 2.71, 2.62, 2.56, 2.48, 2.405, 2.38, 2.34, 2.325, 2.32, 2.28, 2.27, 2.22, 2.21, 2.2, 2.17, 2.16","21171, 11813, 8530, 4146, 21579, 8037, 4469, 16859, 15982, 5830, 14223, 3818, 21384, 15454, 85, 7875, 11763, 21169, 12009, 9699"
PTB-XL,R_Amp_aVF,Bottom 20,"-2.945, -2.91, -2.89, -2.6, -2.55, -2.52, -2.45, -2.42, -2.415, -2.41, -2.395, -2.38, -2.37, -2.37, -2.37, -2.345, -2.295, -2.29, -2.28, -2.275","190, 15867, 20013, 15598, 13853, 7511, 19927, 11733, 5135, 12612, 13820, 18349, 10598, 11080, 12155, 19862, 10529, 11236, 17284, 15457"
PTB-XL,R_Amp_aVF_count,Top 20,"33, 31, 30, 29, 29, 29, 29, 29, 28, 28, 28, 28, 28, 27, 27, 27, 27, 27, 27, 27","14286, 16106, 16753, 2530, 4161, 10936, 12195, 16901, 449, 3134, 3476, 5833, 13112, 1173, 4496, 7796, 7889, 9337, 11349, 12988"
PTB-XL,R_Amp_aVF_count,Bottom 20,"5, 5, 5, 5, 5, 6, 6, 6, 6, 6, 6, 6, 6, 6, 6, 6, 6, 6, 6, 6","477, 722, 8907, 10266, 16151, 959, 1919, 2534, 3535, 4236, 5135, 8048, 8581, 8620, 8893, 8932, 9217, 9950, 10300, 10670"
PTB-XL,R_Amp_aVF_iqr,Top 20,"5.25, 4.57, 4.53, 3.93, 3.9, 3.78, 3.4875, 3.08, 2.92, 2.81, 2.7725, 2.7425, 2.665, 2.6, 2.5875, 2.505, 2.4975, 2.48, 2.465, 2.455","21498, 12581, 18443, 8872, 6345, 11700, 6918, 12209, 21522, 13193, 12432, 14956, 19716, 20631, 10442, 11869, 5135, 17466, 17093, 18907"
PTB-XL,R_Amp_aVF_iqr,Bottom 20,"0.0, 0.0, 0.0, 0.0, 0.0, 0.0, 0.0, 0.0, 0.005, 0.005, 0.005, 0.005, 0.005, 0.005, 0.005, 0.005, 0.0075, 0.0075, 0.0075, 0.0075","5130, 5510, 5862, 6210, 7367, 11683, 13317, 15143, 21273, 2722, 4561, 7553, 9138, 11544, 13513, 19985, 11348, 7190, 16495, 18720"
PTB-XL,R_Amp_aVL,Top 20,"3.02, 2.99, 2.63, 2.625, 2.62, 2.56, 2.44, 2.44, 2.43, 2.4, 2.39, 2.38, 2.38, 2.37, 2.345, 2.33, 2.3, 2.3, 2.285, 2.27","18034, 3895, 7511, 10529, 3010, 11733, 15812, 15822, 12000, 18960, 299, 6722, 10555, 10598, 10053, 7856, 7624, 11837, 7866, 10719"
PTB-XL,R_Amp_aVL,Bottom 20,"-5.69, -3.305, -2.135, -2.03, -1.985, -1.86, -1.72, -1.67, -1.51, -1.51, -1.495, -1.49, -1.49, -1.455, -1.43, -1.38, -1.33, -1.3, -1.28, -1.28","11813, 14373, 21487, 21498, 18131, 21579, 14609, 16859, 9699, 11982, 3893, 20895, 21285, 17571, 3818, 8970, 15982, 5830, 2205, 13415"
PTB-XL,R_Amp_aVL_count,Top 20,"33, 31, 30, 29, 29, 29, 29, 29, 28, 28, 28, 28, 28, 27, 27, 27, 27, 27, 27, 27","14286, 16106, 16753, 2530, 4161, 10936, 12195, 16901, 449, 3134, 3476, 5833, 13112, 1173, 4496, 7796, 7889, 9337, 11349, 12988"
PTB-XL,R_Amp_aVL_count,Bottom 20,"5, 5, 5, 5, 5, 6, 6, 6, 6, 6, 6, 6, 6, 6, 6, 6, 6, 6, 6, 6","477, 722, 8907, 10266, 16151, 959, 1919, 2534, 3535, 4236, 5135, 8048, 8581, 8620, 8893, 8932, 9217, 9950, 10300, 10670"
PTB-XL,R_Amp_aVL_iqr,Top 20,"3.38, 3.015, 3.01, 2.895, 2.7875, 2.75, 2.36, 2.25, 2.1575, 2.13, 1.9025, 1.87, 1.86, 1.86, 1.855, 1.8425, 1.81, 1.75, 1.705, 1.65","21504, 21498, 9129, 8872, 12432, 11869, 21579, 6345, 12091, 16641, 14799, 18428, 12644, 17450, 13841, 17466, 16513, 11658, 3327, 12209"
PTB-XL,R_Amp_aVL_iqr,Bottom 20,"0.0, 0.0, 0.0, 0.005, 0.0075, 0.0075, 0.0075, 0.0075, 0.0075, 0.0075, 0.0075, 0.0075, 0.0075, 0.0075, 0.01, 0.01, 0.01, 0.01, 0.01, 0.01","1962, 6601, 16927, 2329, 4832, 5640, 13536, 407, 8048, 8663, 11689, 15576, 20057, 20824, 20971, 153, 171, 9656, 12555, 15310"
PTB-XL,R_Amp_aVR,Top 20,"2.95, 1.98, 1.61, 1.46, 1.12, 1.06, 0.93, 0.925, 0.92, 0.92, 0.91, 0.835, 0.83, 0.81, 0.81, 0.805, 0.8, 0.795, 0.795, 0.79","9557, 11813, 2218, 8989, 12186, 15598, 10012, 2828, 12714, 19513, 7204, 2019, 21629, 12893, 19029, 5787, 6491, 12155, 12292, 15867"
PTB-XL,R_Amp_aVR,Bottom 20,"-5.72, -5.46, -5.05, -4.94, -4.035, -3.38, -3.205, -3.09, -3.08, -3.02, -2.99, -2.99, -2.865, -2.85, -2.805, -2.73, -2.73, -2.72, -2.71, -2.7","14854, 20733, 11555, 21171, 8530, 13196, 19862, 20952, 8752, 19739, 17066, 21170, 4146, 299, 21160, 9032, 11106, 21169, 5121, 7510"
PTB-XL,R_Amp_aVR_count,Top 20,"33, 31, 30, 29, 29, 29, 29, 29, 28, 28, 28, 28, 28, 27, 27, 27, 27, 27, 27, 27","14286, 16106, 16753, 2530, 4161, 10936, 12195, 16901, 449, 3134, 3476, 5833, 13112, 1173, 4496, 7796, 7889, 9337, 11349, 12988"
PTB-XL,R_Amp_aVR_count,Bottom 20,"5, 5, 5, 5, 5, 6, 6, 6, 6, 6, 6, 6, 6, 6, 6, 6, 6, 6, 6, 6","477, 722, 8907, 10266, 16151, 959, 1919, 2534, 3535, 4236, 5135, 8048, 8581, 8620, 8893, 8932, 9217, 9950, 10300, 10670"
PTB-XL,R_Amp_aVR_iqr,Top 20,"5.75, 4.75, 3.39, 2.785, 2.76, 2.745, 2.66, 2.65, 2.605, 2.43, 2.2725, 2.19, 1.975, 1.94, 1.915, 1.86, 1.84, 1.82, 1.77, 1.755","12581, 18443, 13193, 13196, 18476, 20952, 21522, 14806, 9032, 16874, 18909, 16641, 18599, 15042, 15217, 19716, 8634, 6345, 20777, 15205"
PTB-XL,R_Amp_aVR_iqr,Bottom 20,"0.0, 0.0, 0.0, 0.0, 0.0, 0.0, 0.0, 0.0, 0.0, 0.0, 0.0, 0.0, 0.0, 0.0, 0.0, 0.0, 0.0, 0.0025, 0.0025, 0.005","2406, 3340, 4561, 5558, 6606, 10582, 11465, 14245, 14429, 16933, 17001, 17486, 18297, 20027, 20423, 21464, 21574, 3984, 16479, 6210"
PTB-XL,ST_Elev_I,Top 20,"1.95, 1.945, 1.935, 1.85, 1.83, 1.83, 1.82, 1.81, 1.79, 1.78, 1.77, 1.72, 1.715, 1.69, 1.69, 1.68, 1.65, 1.64, 1.635, 1.63","21171, 21168, 10092, 1456, 1815, 21169, 17447, 9849, 4161, 181, 14926, 20585, 15135, 7296, 14369, 21428, 12942, 517, 2202, 7960"
PTB-XL,ST_Elev_I,Bottom 20,"-2.895, -2.77, -2.76, -2.48, -2.47, -2.15, -2.08, -1.96, -1.95, -1.92, -1.815, -1.755, -1.75, -1.735, -1.62, -1.51, -1.44, -1.39, -1.325, -1.31","836, 14355, 3455, 16700, 18119, 9557, 21517, 21357, 10344, 21497, 12106, 13015, 20248, 7824, 12394, 10936, 14609, 18677, 2894, 21573"
PTB-XL,ST_Elev_II,Top 20,"1.96, 1.94, 1.93, 1.84, 1.76, 1.7, 1.7, 1.695, 1.67, 1.665, 1.655, 1.64, 1.62, 1.61, 1.56, 1.55, 1.5, 1.49, 1.485, 1.47","21450, 7508, 8937, 10579, 21784, 15357, 15672, 5445, 12950, 15272, 12891, 20768, 6126, 17818, 4975, 23, 14130, 8769, 18867, 21476"
PTB-XL,ST_Elev_II,Bottom 20,"-2.975, -2.88, -2.835, -2.735, -2.63, -2.41, -2.405, -2.4, -2.36, -2.35, -2.34, -2.12, -2.115, -1.96, -1.96, -1.96, -1.9, -1.875, -1.84, -1.83","11218, 18769, 19858, 13618, 3505, 14472, 4320, 2795, 14060, 14569, 14355, 11662, 2104, 738, 11160, 17049, 1576, 857, 7252, 12948"
PTB-XL,ST_Elev_III,Top 20,"1.94, 1.905, 1.9, 1.87, 1.84, 1.78, 1.75, 1.72, 1.58, 1.56, 1.525, 1.52, 1.495, 1.495, 1.49, 1.48, 1.465, 1.46, 1.44, 1.43","788, 19005, 17345, 9833, 377, 4196, 13962, 12750, 7075, 14355, 8994, 12394, 4182, 7155, 2653, 13130, 13112, 3893, 8937, 10683"
PTB-XL,ST_Elev_III,Bottom 20,"-2.97, -2.91, -2.88, -2.86, -2.855, -2.76, -2.76, -2.755, -2.66, -2.61, -2.6, -2.48, -2.43, -2.425, -2.41, -2.33, -2.18, -2.15, -2.085, -2.075","12872, 10306, 12988, 16778, 19138, 9243, 15356, 10724, 853, 9590, 709, 15251, 20904, 12904, 7073, 18769, 20947, 6252, 14060, 21141"
PTB-XL,ST_Elev_III_count,Top 20,"33, 31, 30, 29, 29, 29, 29, 29, 28, 28, 28, 28, 28, 27, 27, 27, 27, 27, 27, 27","14286, 16106, 16753, 2530, 4161, 10936, 12195, 16901, 449, 3134, 3476, 5833, 13112, 1173, 4496, 7796, 7889, 9337, 12988, 13130"
PTB-XL,ST_Elev_III_count,Bottom 20,"0, 0, 0, 0, 0, 0, 0, 0, 0, 0, 0, 0, 0, 0, 0, 0, 0, 0, 0, 0","9, 21, 27, 42, 46, 57, 59, 61, 62, 76, 81, 82, 85, 92, 99, 104, 107, 109, 116, 120"
PTB-XL,ST_Elev_III_iqr,Top 20,"3.85, 3.77, 3.77, 3.6525, 3.545, 3.505, 3.4925, 3.375, 3.36, 3.3375, 3.26, 3.26, 3.25, 3.23, 3.23, 3.16, 3.12, 3.1075, 3.1, 3.09","16639, 8962, 17016, 11342, 16084, 3487, 17944, 21042, 6045, 10618, 4587, 15251, 18421, 8480, 19020, 13851, 5858, 8763, 5150, 20689"
PTB-XL,ST_Elev_III_iqr,Bottom 20,"0.005, 0.01, 0.01, 0.01, 0.01, 0.01, 0.01, 0.0125, 0.0125, 0.0125, 0.0125, 0.015, 0.015, 0.0175, 0.0175, 0.0175, 0.02, 0.02, 0.02, 0.02","15582, 10003, 10832, 13362, 14373, 17782, 21347, 3990, 11640, 19739, 21193, 4975, 5135, 578, 6889, 9682, 2291, 4470, 11091, 12436"
PTB-XL,ST_Elev_II_count,Top 20,"33, 31, 30, 29, 29, 29, 29, 29, 28, 28, 28, 28, 28, 27, 27, 27, 27, 27, 27, 27","14286, 16106, 16753, 2530, 4161, 10936, 12195, 16901, 449, 3134, 3476, 5833, 13112, 1173, 4496, 7796, 7889, 9337, 12988, 13130"
PTB-XL,ST_Elev_II_count,Bottom 20,"0, 0, 0, 0, 0, 0, 0, 0, 0, 0, 0, 0, 0, 0, 0, 0, 0, 0, 0, 0","9, 21, 27, 42, 46, 57, 59, 61, 62, 76, 81, 82, 85, 92, 99, 104, 107, 109, 116, 120"
PTB-XL,ST_Elev_II_iqr,Top 20,"3.925, 3.875, 3.76, 3.69, 3.6875, 3.635, 3.44, 3.415, 3.41, 3.38, 3.355, 3.33, 3.3025, 3.2975, 3.27, 3.255, 3.17, 3.1525, 3.1125, 3.09","15347, 8108, 17080, 836, 18638, 1576, 4214, 9347, 1902, 15387, 8971, 21630, 15626, 637, 14132, 1558, 4666, 11923, 191, 21735"
PTB-XL,ST_Elev_II_iqr,Bottom 20,"0.0, 0.0075, 0.0075, 0.01, 0.01, 0.01, 0.01, 0.01, 0.01, 0.01, 0.01, 0.01, 0.01, 0.01, 0.01, 0.01, 0.01, 0.01, 0.01, 0.0125","683, 4236, 11745, 8530, 10808, 20248, 21215, 498, 1276, 2217, 2871, 3094, 9824, 11080, 11267, 17740, 18904, 20845, 21602, 11582"
PTB-XL,ST_Elev_I_count,Top 20,"33, 31, 30, 29, 29, 29, 29, 29, 28, 28, 28, 28, 28, 27, 27, 27, 27, 27, 27, 27","14286, 16106, 16753, 2530, 4161, 10936, 12195, 16901, 449, 3134, 3476, 5833, 13112, 1173, 4496, 7796, 7889, 9337, 12988, 13130"
PTB-XL,ST_Elev_I_count,Bottom 20,"0, 0, 0, 0, 0, 0, 0, 0, 0, 0, 0, 0, 0, 0, 0, 0, 0, 0, 0, 0","9, 21, 27, 42, 46, 57, 59, 61, 62, 76, 81, 82, 85, 92, 99, 104, 107, 109, 116, 120"
PTB-XL,ST_Elev_I_iqr,Top 20,"3.655, 3.6, 3.48, 3.3625, 3.1975, 3.165, 3.075, 3.04, 2.83, 2.76, 2.745, 2.7225, 2.6375, 2.63, 2.6225, 2.62, 2.58, 2.525, 2.48, 2.47","3455, 12215, 6212, 16966, 836, 18065, 11442, 9061, 12872, 17026, 2894, 14609, 17091, 18677, 11658, 14517, 21614, 3181, 11756, 7255"
PTB-XL,ST_Elev_I_iqr,Bottom 20,"0.005, 0.005, 0.005, 0.01, 0.01, 0.01, 0.01, 0.01, 0.01, 0.01, 0.01, 0.01, 0.01, 0.01, 0.01, 0.01, 0.01, 0.01, 0.01, 0.01","15241, 19862, 3447, 8811, 2227, 5121, 11981, 1454, 1980, 2644, 3155, 6561, 10003, 10136, 10398, 10740, 11839, 12635, 15686, 21250"
PTB-XL,ST_Elev_V1,Top 20,"3.0, 2.98, 2.96, 2.94, 2.92, 2.915, 2.91, 2.85, 2.81, 2.57, 2.53, 2.41, 1.94, 1.865, 1.86, 1.8, 1.77, 1.74, 1.735, 1.71","18489, 9813, 2567, 11662, 21497, 13618, 6070, 7304, 19506, 19966, 20118, 10724, 16313, 18254, 6252, 11166, 18184, 15526, 12447, 13130"
PTB-XL,ST_Elev_V1,Bottom 20,"-3.1, -2.98, -2.97, -2.96, -2.95, -2.93, -2.925, -2.9, -2.9, -2.88, -2.875, -2.87, -2.85, -2.845, -2.84, -2.83, -2.82, -2.81, -2.81, -2.8","9129, 19363, 5884, 647, 10978, 6762, 8964, 8667, 17226, 9046, 9682, 21825, 18888, 19769, 12993, 1877, 3438, 3306, 16056, 17080"
PTB-XL,ST_Elev_V1_count,Top 20,"33, 31, 30, 29, 29, 29, 29, 29, 28, 28, 28, 28, 28, 27, 27, 27, 27, 27, 27, 27","14286, 16106, 16753, 2530, 4161, 10936, 12195, 16901, 449, 3134, 3476, 5833, 13112, 1173, 4496, 7796, 7889, 9337, 12988, 13130"
PTB-XL,ST_Elev_V1_count,Bottom 20,"0, 0, 0, 0, 0, 0, 0, 0, 0, 0, 0, 0, 0, 0, 0, 0, 0, 0, 0, 0","9, 21, 27, 42, 46, 57, 59, 61, 62, 76, 81, 82, 85, 92, 99, 104, 107, 109, 116, 120"
PTB-XL,ST_Elev_V1_iqr,Top 20,"3.925, 3.875, 3.85, 3.8475, 3.8275, 3.81, 3.8, 3.79, 3.75, 3.7475, 3.745, 3.73, 3.7, 3.65, 3.645, 3.6275, 3.5425, 3.51, 3.5, 3.49","14870, 16297, 15118, 14594, 7831, 17241, 19024, 21199, 14499, 16445, 2215, 11367, 21825, 9813, 6581, 4274, 9785, 15716, 7200, 6899"
PTB-XL,ST_Elev_V1_iqr,Bottom 20,"0.0, 0.0, 0.005, 0.0075, 0.0075, 0.0075, 0.0075, 0.01, 0.01, 0.01, 0.01, 0.01, 0.01, 0.01, 0.01, 0.01, 0.01, 0.01, 0.01, 0.01","3076, 11376, 11095, 4757, 11208, 16845, 20855, 12942, 11203, 15390, 5756, 10190, 12915, 21565, 414, 1496, 2493, 2581, 4580, 4588"
PTB-XL,ST_Elev_V2,Top 20,"2.74, 2.64, 2.46, 2.29, 2.25, 2.165, 2.105, 2.1, 1.94, 1.94, 1.85, 1.8, 1.78, 1.75, 1.745, 1.74, 1.71, 1.7, 1.64, 1.63","11632, 13334, 14989, 18438, 19399, 9860, 19444, 21122, 4696, 7466, 19976, 8030, 21324, 3648, 21328, 15526, 7075, 16508, 12936, 21804"
PTB-XL,ST_Elev_V2,Bottom 20,"-2.99, -2.99, -2.98, -2.98, -2.97, -2.965, -2.96, -2.96, -2.95, -2.945, -2.94, -2.925, -2.89, -2.88, -2.88, -2.86, -2.855, -2.85, -2.795, -2.79","15906, 20961, 14043, 18234, 20247, 10500, 8964, 14060, 7378, 9046, 21734, 19769, 15079, 6169, 7716, 6904, 20061, 18829, 15081, 1877"
PTB-XL,ST_Elev_V2_count,Top 20,"33, 31, 30, 29, 29, 29, 29, 29, 28, 28, 28, 28, 28, 27, 27, 27, 27, 27, 27, 27","14286, 16106, 16753, 2530, 4161, 10936, 12195, 16901, 449, 3134, 3476, 5833, 13112, 1173, 4496, 7796, 7889, 9337, 12988, 13130"
PTB-XL,ST_Elev_V2_count,Bottom 20,"0, 0, 0, 0, 0, 0, 0, 0, 0, 0, 0, 0, 0, 0, 0, 0, 0, 0, 0, 0","9, 21, 27, 42, 46, 57, 59, 61, 62, 76, 81, 82, 85, 92, 99, 104, 107, 109, 116, 120"
PTB-XL,ST_Elev_V2_iqr,Top 20,"5.075, 3.99, 3.92, 3.88, 3.87, 3.8575, 3.82, 3.82, 3.77, 3.73, 3.725, 3.7, 3.6925, 3.6625, 3.655, 3.65, 3.65, 3.64, 3.6025, 3.585","19585, 13615, 21573, 173, 18234, 623, 3596, 21511, 15268, 15061, 20540, 14043, 6922, 17758, 19024, 19873, 20575, 16905, 15205, 5794"
PTB-XL,ST_Elev_V2_iqr,Bottom 20,"0.0, 0.0, 0.0, 0.0, 0.0, 0.0, 0.0, 0.0, 0.0, 0.0, 0.0, 0.0, 0.0, 0.0, 0.0, 0.0, 0.0, 0.0, 0.0, 0.0","75, 775, 1270, 3509, 6053, 6444, 6677, 9405, 10241, 10267, 10336, 11261, 11782, 11818, 12453, 13556, 13753, 14066, 14279, 14689"
PTB-XL,ST_Elev_V3,Top 20,"2.98, 2.54, 2.235, 2.23, 2.18, 2.1, 2.08, 2.07, 2.0, 1.97, 1.93, 1.91, 1.905, 1.9, 1.87, 1.84, 1.83, 1.795, 1.79, 1.785","18455, 4665, 19444, 6616, 14355, 16012, 7466, 7482, 2349, 17329, 19464, 4942, 9991, 5693, 19823, 20324, 12415, 4778, 8599, 8030"
PTB-XL,ST_Elev_V3,Bottom 20,"-3.0, -2.99, -2.99, -2.985, -2.975, -2.97, -2.97, -2.91, -2.895, -2.89, -2.88, -2.875, -2.865, -2.86, -2.85, -2.815, -2.8, -2.78, -2.78, -2.75","14331, 563, 13615, 10548, 8964, 9046, 19353, 2411, 15081, 4396, 2865, 14060, 4832, 19294, 6904, 5833, 12988, 15268, 20152, 9540"
PTB-XL,ST_Elev_V3_count,Top 20,"33, 31, 30, 29, 29, 29, 29, 29, 28, 28, 28, 28, 28, 27, 27, 27, 27, 27, 27, 27","14286, 16106, 16753, 2530, 4161, 10936, 12195, 16901, 449, 3134, 3476, 5833, 13112, 1173, 4496, 7796, 7889, 9337, 12988, 13130"
PTB-XL,ST_Elev_V3_count,Bottom 20,"0, 0, 0, 0, 0, 0, 0, 0, 0, 0, 0, 0, 0, 0, 0, 0, 0, 0, 0, 0","9, 21, 27, 42, 46, 57, 59, 61, 62, 76, 81, 82, 85, 92, 99, 104, 107, 109, 116, 120"
PTB-XL,ST_Elev_V3_iqr,Top 20,"5.375, 4.18, 3.95, 3.935, 3.9, 3.85, 3.83, 3.8175, 3.815, 3.7725, 3.69, 3.68, 3.6125, 3.58, 3.575, 3.52, 3.515, 3.515, 3.51, 3.505","7716, 13273, 14139, 15268, 17880, 2367, 20961, 17241, 3506, 11185, 18360, 18421, 11581, 4396, 7881, 15133, 2797, 5254, 18728, 15407"
PTB-XL,ST_Elev_V3_iqr,Bottom 20,"0.0, 0.0, 0.0, 0.0, 0.0, 0.0, 0.0, 0.0, 0.0, 0.0, 0.0, 0.0, 0.0, 0.0, 0.0, 0.0, 0.0, 0.0, 0.0, 0.0","1351, 2672, 3194, 3236, 4051, 4439, 4678, 5354, 5423, 5664, 8615, 8913, 9364, 9450, 9512, 9662, 10385, 11206, 12195, 12465"
PTB-XL,ST_Elev_V4,Top 20,"2.94, 2.255, 1.99, 1.965, 1.94, 1.94, 1.81, 1.77, 1.76, 1.74, 1.72, 1.71, 1.71, 1.7, 1.69, 1.69, 1.67, 1.665, 1.66, 1.64","18455, 10404, 3477, 11424, 7232, 17862, 807, 20910, 1456, 19134, 5289, 4822, 18557, 12415, 12963, 19506, 7107, 6576, 14144, 14070"
PTB-XL,ST_Elev_V4,Bottom 20,"-2.98, -2.97, -2.97, -2.955, -2.92, -2.845, -2.835, -2.82, -2.79, -2.755, -2.75, -2.665, -2.66, -2.61, -2.59, -2.55, -2.52, -2.52, -2.52, -2.52","15473, 5884, 20961, 637, 2225, 20339, 17241, 12988, 15511, 9177, 7118, 11397, 8252, 21024, 14355, 1635, 269, 1592, 9337, 13615"
PTB-XL,ST_Elev_V4_count,Top 20,"33, 31, 30, 29, 29, 29, 29, 29, 28, 28, 28, 28, 28, 27, 27, 27, 27, 27, 27, 27","14286, 16106, 16753, 2530, 4161, 10936, 12195, 16901, 449, 3134, 3476, 5833, 13112, 1173, 4496, 7796, 7889, 9337, 12988, 13130"
PTB-XL,ST_Elev_V4_count,Bottom 20,"0, 0, 0, 0, 0, 0, 0, 0, 0, 0, 0, 0, 0, 0, 0, 0, 0, 0, 0, 0","9, 21, 27, 42, 46, 57, 59, 61, 62, 76, 81, 82, 85, 92, 99, 104, 107, 109, 116, 120"
PTB-XL,ST_Elev_V4_iqr,Top 20,"4.025, 3.755, 3.7225, 3.58, 3.5675, 3.52, 3.46, 3.44, 3.395, 3.38, 3.37, 3.3625, 3.355, 3.33, 3.32, 3.315, 3.2475, 3.1625, 3.075, 3.075","2225, 7090, 8108, 18303, 4846, 21024, 16706, 20534, 8504, 15104, 8812, 3290, 20961, 4841, 10500, 4991, 20245, 15718, 2033, 3254"
PTB-XL,ST_Elev_V4_iqr,Bottom 20,"0.0, 0.0, 0.0, 0.0, 0.0, 0.0, 0.0, 0.0, 0.0, 0.0, 0.0, 0.0, 0.0, 0.0, 0.0, 0.0, 0.0, 0.0, 0.0025, 0.0025","649, 1279, 3657, 5114, 7630, 7846, 9838, 12001, 12184, 13875, 15063, 16242, 16934, 17759, 17979, 20417, 21069, 21777, 1954, 2231"
PTB-XL,ST_Elev_V5,Top 20,"2.0, 1.85, 1.82, 1.81, 1.8, 1.8, 1.77, 1.745, 1.74, 1.72, 1.7, 1.68, 1.66, 1.64, 1.63, 1.62, 1.585, 1.52, 1.515, 1.445","8266, 19240, 6576, 7107, 7296, 14130, 11048, 12891, 1820, 8937, 14144, 3708, 20604, 19353, 23, 12415, 7444, 15925, 3560, 3234"
PTB-XL,ST_Elev_V5,Bottom 20,"-2.975, -2.95, -2.93, -2.89, -2.875, -2.81, -2.765, -2.73, -2.715, -2.675, -2.6, -2.57, -2.51, -2.48, -2.425, -2.32, -2.27, -2.27, -2.12, -1.95","7603, 11970, 18633, 13831, 7881, 14355, 10724, 16668, 9610, 11397, 10136, 19976, 12988, 20729, 13851, 3772, 7118, 19800, 14641, 18500"
PTB-XL,ST_Elev_V5_count,Top 20,"33, 31, 30, 29, 29, 29, 29, 29, 28, 28, 28, 28, 28, 27, 27, 27, 27, 27, 27, 27","14286, 16106, 16753, 2530, 4161, 10936, 12195, 16901, 449, 3134, 3476, 5833, 13112, 1173, 4496, 7796, 7889, 9337, 12988, 13130"
PTB-XL,ST_Elev_V5_count,Bottom 20,"0, 0, 0, 0, 0, 0, 0, 0, 0, 0, 0, 0, 0, 0, 0, 0, 0, 0, 0, 0","9, 21, 27, 42, 46, 57, 59, 61, 62, 76, 81, 82, 85, 92, 99, 104, 107, 109, 116, 120"
PTB-XL,ST_Elev_V5_iqr,Top 20,"4.225, 3.8825, 3.55, 3.435, 3.42, 3.3825, 3.3, 3.22, 3.18, 2.975, 2.97, 2.95, 2.8975, 2.875, 2.87, 2.865, 2.855, 2.855, 2.8525, 2.83","3913, 21168, 7118, 8108, 6976, 5747, 1471, 3254, 17342, 19662, 16715, 2908, 5103, 19800, 18948, 5219, 11923, 13039, 18633, 15230"
PTB-XL,ST_Elev_V5_iqr,Bottom 20,"0.0, 0.0, 0.0, 0.0, 0.0, 0.0, 0.0, 0.0025, 0.0025, 0.0025, 0.005, 0.005, 0.0075, 0.0075, 0.0075, 0.0075, 0.0075, 0.0075, 0.0075, 0.0075","1199, 6811, 12465, 12554, 16354, 18589, 18807, 12374, 18118, 20318, 18838, 21155, 931, 8913, 11782, 14594, 16568, 18620, 20185, 196"
PTB-XL,ST_Elev_V6,Top 20,"2.215, 1.975, 1.96, 1.94, 1.915, 1.915, 1.905, 1.89, 1.875, 1.83, 1.83, 1.81, 1.8, 1.795, 1.79, 1.76, 1.75, 1.74, 1.74, 1.72","8482, 15822, 19240, 12494, 6576, 20763, 18867, 5847, 15838, 11048, 17226, 9575, 15958, 12891, 9716, 20675, 7304, 23, 15135, 12993"
PTB-XL,ST_Elev_V6,Bottom 20,"-2.79, -2.77, -2.71, -2.685, -2.675, -2.645, -2.59, -2.295, -2.23, -2.17, -2.12, -2.07, -2.06, -2.045, -1.97, -1.96, -1.94, -1.86, -1.85, -1.84","3455, 14355, 10344, 1754, 524, 8108, 14472, 15526, 4496, 3772, 12334, 1984, 17119, 5240, 10752, 5911, 18755, 3389, 19976, 15230"
PTB-XL,ST_Elev_V6_count,Top 20,"33, 31, 30, 29, 29, 29, 29, 29, 28, 28, 28, 28, 28, 27, 27, 27, 27, 27, 27, 27","14286, 16106, 16753, 2530, 4161, 10936, 12195, 16901, 449, 3134, 3476, 5833, 13112, 1173, 4496, 7796, 7889, 9337, 12988, 13130"
PTB-XL,ST_Elev_V6_count,Bottom 20,"0, 0, 0, 0, 0, 0, 0, 0, 0, 0, 0, 0, 0, 0, 0, 0, 0, 0, 0, 0","9, 21, 27, 42, 46, 57, 59, 61, 62, 76, 81, 82, 85, 92, 99, 104, 107, 109, 116, 120"
PTB-XL,ST_Elev_V6_iqr,Top 20,"3.88, 3.82, 3.81, 3.7425, 3.62, 3.3875, 3.155, 3.14, 3.1375, 3.08, 3.045, 2.9925, 2.9725, 2.92, 2.9025, 2.885, 2.86, 2.85, 2.82, 2.81","15961, 3913, 3455, 16965, 5998, 14641, 8108, 4586, 13836, 853, 12897, 12690, 11397, 16501, 14734, 3329, 18890, 20553, 19264, 524"
PTB-XL,ST_Elev_V6_iqr,Bottom 20,"0.0, 0.0, 0.0, 0.0, 0.0, 0.0, 0.005, 0.005, 0.01, 0.01, 0.01, 0.01, 0.01, 0.01, 0.01, 0.01, 0.01, 0.01, 0.01, 0.01","1097, 5170, 12119, 12468, 15818, 19798, 6319, 9401, 75, 2305, 8811, 11939, 12689, 79, 1054, 1313, 8069, 12001, 16106, 16178"
PTB-XL,ST_Elev_aVF,Top 20,"2.29, 1.97, 1.96, 1.84, 1.84, 1.84, 1.81, 1.78, 1.67, 1.65, 1.645, 1.63, 1.61, 1.6, 1.595, 1.565, 1.545, 1.52, 1.5, 1.47","6805, 19886, 842, 15240, 18621, 20471, 15241, 13962, 16553, 20604, 20694, 2034, 15672, 12891, 7462, 5445, 942, 8647, 15272, 12601"
PTB-XL,ST_Elev_aVF,Bottom 20,"-3.04, -2.98, -2.955, -2.91, -2.9, -2.875, -2.79, -2.72, -2.72, -2.71, -2.63, -2.58, -2.47, -2.44, -2.42, -2.39, -2.38, -2.37, -2.365, -2.28","4513, 16496, 11566, 18419, 18769, 1576, 10724, 853, 10316, 15318, 6661, 13577, 6773, 4874, 19858, 7073, 18344, 17016, 14060, 14472"
PTB-XL,ST_Elev_aVF_count,Top 20,"33, 31, 30, 29, 29, 29, 29, 29, 28, 28, 28, 28, 28, 27, 27, 27, 27, 27, 27, 27","14286, 16106, 16753, 2530, 4161, 10936, 12195, 16901, 449, 3134, 3476, 5833, 13112, 1173, 4496, 7796, 7889, 9337, 12988, 13130"
PTB-XL,ST_Elev_aVF_count,Bottom 20,"0, 0, 0, 0, 0, 0, 0, 0, 0, 0, 0, 0, 0, 0, 0, 0, 0, 0, 0, 0","9, 21, 27, 42, 46, 57, 59, 61, 62, 76, 81, 82, 85, 92, 99, 104, 107, 109, 116, 120"
PTB-XL,ST_Elev_aVF_iqr,Top 20,"3.745, 3.635, 3.63, 3.59, 3.475, 3.44, 3.355, 3.335, 3.33, 3.3275, 3.3075, 3.27, 3.27, 3.25, 3.22, 3.1825, 3.1275, 3.0475, 2.99, 2.945","17016, 9737, 19858, 6661, 20950, 15860, 15318, 5925, 4513, 8943, 11268, 8108, 18419, 3401, 12960, 1756, 15251, 21293, 18644, 18645"
PTB-XL,ST_Elev_aVF_iqr,Bottom 20,"0.0, 0.01, 0.01, 0.01, 0.01, 0.01, 0.01, 0.01, 0.01, 0.01, 0.01, 0.01, 0.01, 0.0125, 0.0125, 0.0125, 0.0125, 0.015, 0.015, 0.015","5162, 1167, 8305, 12573, 14324, 2217, 2580, 9956, 15582, 18667, 19202, 19739, 19862, 5121, 8530, 12953, 18315, 16496, 15867, 17557"
PTB-XL,ST_Elev_aVL,Top 20,"1.98, 1.92, 1.88, 1.855, 1.85, 1.845, 1.83, 1.82, 1.82, 1.81, 1.78, 1.78, 1.76, 1.745, 1.745, 1.74, 1.7, 1.685, 1.675, 1.65","12872, 10306, 12988, 500, 858, 449, 9716, 5252, 16535, 2692, 3772, 9849, 12963, 1919, 3295, 1430, 5424, 15135, 1109, 9195"
PTB-XL,ST_Elev_aVL,Bottom 20,"-2.835, -2.78, -2.75, -2.64, -2.57, -2.485, -2.43, -2.41, -2.195, -2.095, -2.09, -2.06, -1.97, -1.86, -1.755, -1.69, -1.605, -1.58, -1.475, -1.445","4830, 15075, 14355, 14083, 13130, 3893, 10913, 10900, 7145, 8695, 16928, 2599, 14992, 3486, 621, 13015, 9932, 13607, 15219, 12106"
PTB-XL,ST_Elev_aVL_count,Top 20,"33, 31, 30, 29, 29, 29, 29, 29, 28, 28, 28, 28, 28, 27, 27, 27, 27, 27, 27, 27","14286, 16106, 16753, 2530, 4161, 10936, 12195, 16901, 449, 3134, 3476, 5833, 13112, 1173, 4496, 7796, 7889, 9337, 12988, 13130"
PTB-XL,ST_Elev_aVL_count,Bottom 20,"0, 0, 0, 0, 0, 0, 0, 0, 0, 0, 0, 0, 0, 0, 0, 0, 0, 0, 0, 0","9, 21, 27, 42, 46, 57, 59, 61, 62, 76, 81, 82, 85, 92, 99, 104, 107, 109, 116, 120"
PTB-XL,ST_Elev_aVL_iqr,Top 20,"3.81, 3.69, 3.6625, 3.58, 3.5175, 3.32, 3.28, 3.2025, 3.1625, 3.0875, 3.0525, 3.03, 2.99, 2.975, 2.95, 2.89, 2.8725, 2.855, 2.7075, 2.7","7716, 18119, 6917, 6606, 621, 20248, 8651, 8582, 9241, 836, 13258, 17999, 7145, 7705, 21384, 20243, 2607, 12827, 19301, 7576"
PTB-XL,ST_Elev_aVL_iqr,Bottom 20,"0.0, 0.005, 0.0075, 0.01, 0.01, 0.01, 0.01, 0.01, 0.01, 0.01, 0.01, 0.01, 0.0125, 0.0125, 0.0125, 0.015, 0.015, 0.0175, 0.0175, 0.0175","7846, 4975, 19933, 21250, 4496, 10003, 1772, 4209, 7510, 15582, 15811, 20423, 11981, 21517, 2227, 2992, 19269, 5746, 6630, 6889"
PTB-XL,ST_Elev_aVR,Top 20,"2.89, 2.89, 2.805, 2.5, 2.45, 2.215, 2.21, 2.19, 2.125, 2.085, 1.92, 1.915, 1.9, 1.87, 1.85, 1.8, 1.79, 1.79, 1.72, 1.72","738, 11894, 9951, 18769, 11662, 2104, 18438, 807, 16619, 2042, 4270, 19927, 3947, 19976, 7118, 8575, 544, 14355, 12587, 15906"
PTB-XL,ST_Elev_aVR,Bottom 20,"-2.83, -2.83, -2.81, -2.78, -2.76, -2.74, -2.69, -2.66, -2.61, -2.595, -2.59, -2.49, -2.445, -2.38, -2.35, -2.29, -2.265, -2.2, -2.16, -2.0","1456, 15672, 12993, 20309, 20604, 6576, 12891, 23, 7304, 20694, 13855, 14130, 21224, 13853, 17640, 4292, 17818, 21784, 15318, 19519"
PTB-XL,ST_Elev_aVR_count,Top 20,"33, 31, 30, 29, 29, 29, 29, 29, 28, 28, 28, 28, 28, 27, 27, 27, 27, 27, 27, 27","14286, 16106, 16753, 2530, 4161, 10936, 12195, 16901, 449, 3134, 3476, 5833, 13112, 1173, 4496, 7796, 7889, 9337, 12988, 13130"
PTB-XL,ST_Elev_aVR_count,Bottom 20,"0, 0, 0, 0, 0, 0, 0, 0, 0, 0, 0, 0, 0, 0, 0, 0, 0, 0, 0, 0","9, 21, 27, 42, 46, 57, 59, 61, 62, 76, 81, 82, 85, 92, 99, 104, 107, 109, 116, 120"
PTB-XL,ST_Elev_aVR_iqr,Top 20,"3.86, 3.61, 3.555, 3.475, 3.21, 3.2, 3.1825, 3.0625, 3.015, 2.99, 2.9475, 2.94, 2.93, 2.93, 2.93, 2.925, 2.905, 2.9, 2.885, 2.8825","19539, 4228, 20254, 4292, 20506, 19932, 4568, 16619, 3454, 17862, 16668, 21428, 8867, 11244, 13803, 191, 17447, 5152, 6145, 2670"
PTB-XL,ST_Elev_aVR_iqr,Bottom 20,"0.0, 0.0025, 0.01, 0.01, 0.01, 0.01, 0.01, 0.01, 0.01, 0.01, 0.01, 0.01, 0.01, 0.01, 0.01, 0.01, 0.01, 0.01, 0.0125, 0.0125","14854, 8530, 1303, 2291, 3155, 11236, 17511, 19621, 1276, 7510, 7592, 8902, 10136, 11732, 14369, 15240, 17774, 19989, 20016, 4945"
PTB-XL,S_Amp_V1,Top 20,"4.78, 1.485, 1.43, 1.34, 1.17, 1.11, 0.96, 0.955, 0.945, 0.94, 0.9, 0.885, 0.88, 0.88, 0.85, 0.84, 0.83, 0.83, 0.82, 0.8","4753, 2840, 14941, 11500, 17571, 3777, 9061, 5615, 17782, 18602, 10266, 17282, 7897, 12481, 6684, 11485, 7603, 12714, 11733, 18180"
PTB-XL,S_Amp_V1,Bottom 20,"-2.27, -2.025, -1.97, -1.71, -1.6, -1.58, -1.54, -1.47, -1.435, -1.425, -1.42, -1.385, -1.38, -1.34, -1.335, -1.29, -1.29, -1.28, -1.28, -1.275","8620, 8581, 1986, 15822, 11095, 17041, 15681, 17989, 11288, 11208, 11334, 15576, 20832, 12571, 9628, 6382, 18499, 5504, 17270, 6895"
PTB-XL,S_Amp_V1_count,Top 20,"33, 31, 30, 29, 29, 29, 29, 29, 28, 28, 28, 28, 28, 27, 27, 27, 27, 27, 27, 27","14286, 16106, 16753, 2530, 4161, 10936, 12195, 16901, 449, 3134, 3476, 5833, 13112, 1173, 4496, 7796, 7889, 9337, 11349, 12988"
PTB-XL,S_Amp_V1_count,Bottom 20,"5, 5, 5, 5, 5, 6, 6, 6, 6, 6, 6, 6, 6, 6, 6, 6, 6, 6, 6, 6","477, 722, 8907, 10266, 16151, 959, 1919, 2534, 3535, 4236, 5135, 8048, 8581, 8620, 8893, 8932, 9217, 9950, 10300, 10670"
PTB-XL,S_Amp_V1_iqr,Top 20,"5.585, 3.715, 2.295, 2.165, 2.1, 1.87, 1.81, 1.7, 1.67, 1.635, 1.54, 1.525, 1.4875, 1.44, 1.425, 1.405, 1.385, 1.38, 1.305, 1.3","4753, 17638, 15966, 1625, 869, 16940, 12349, 14267, 17651, 17650, 11141, 4112, 3949, 14642, 8519, 8081, 1025, 6697, 10500, 292"
PTB-XL,S_Amp_V1_iqr,Bottom 20,"0.0, 0.0, 0.0, 0.0, 0.0, 0.0, 0.0, 0.0, 0.0, 0.0, 0.0, 0.0, 0.0, 0.0, 0.0, 0.0, 0.0, 0.0, 0.0, 0.0","153, 811, 2407, 3499, 3585, 4236, 4608, 4766, 4876, 4888, 4914, 5035, 5165, 5223, 5357, 5470, 5541, 5561, 5680, 6406"
PTB-XL,S_Amp_V2,Top 20,"1.47, 1.36, 1.2, 1.16, 0.91, 0.9, 0.85, 0.84, 0.83, 0.78, 0.765, 0.74, 0.735, 0.72, 0.71, 0.705, 0.7, 0.695, 0.68, 0.66","10003, 17342, 17571, 3777, 10950, 16206, 6800, 10300, 12714, 15669, 15718, 20788, 7897, 1820, 5488, 19219, 18559, 17939, 20365, 9545"
PTB-XL,S_Amp_V2,Bottom 20,"-3.23, -3.01, -3.0, -2.695, -2.64, -2.605, -2.58, -2.57, -2.56, -2.5, -2.47, -2.45, -2.45, -2.41, -2.37, -2.275, -2.25, -2.21, -2.18, -2.17","15681, 14959, 8957, 11288, 15576, 9628, 20404, 10514, 8970, 18439, 9662, 11208, 16928, 1367, 20832, 11218, 14815, 11896, 180, 10861"
PTB-XL,S_Amp_V2_count,Top 20,"33, 31, 30, 29, 29, 29, 29, 29, 28, 28, 28, 28, 28, 27, 27, 27, 27, 27, 27, 27","14286, 16106, 16753, 2530, 4161, 10936, 12195, 16901, 449, 3134, 3476, 5833, 13112, 1173, 4496, 7796, 7889, 9337, 11349, 12988"
PTB-XL,S_Amp_V2_count,Bottom 20,"5, 5, 5, 5, 5, 6, 6, 6, 6, 6, 6, 6, 6, 6, 6, 6, 6, 6, 6, 6","477, 722, 8907, 10266, 16151, 959, 1919, 2534, 3535, 4236, 5135, 8048, 8581, 8620, 8893, 8932, 9217, 9950, 10300, 10670"
PTB-XL,S_Amp_V2_iqr,Top 20,"3.03, 2.76, 2.6775, 2.5775, 2.49, 2.2575, 2.005, 1.98, 1.9725, 1.9575, 1.7625, 1.75, 1.69, 1.69, 1.6475, 1.6375, 1.62, 1.59, 1.535, 1.5325","4058, 1158, 18585, 15015, 8062, 864, 10387, 1426, 594, 14557, 12648, 17293, 6820, 12390, 14615, 6561, 8638, 6524, 12464, 7897"
PTB-XL,S_Amp_V2_iqr,Bottom 20,"0.0, 0.0, 0.0, 0.0, 0.0, 0.0, 0.0, 0.0, 0.0, 0.0, 0.0, 0.0, 0.0, 0.0, 0.0, 0.0, 0.0, 0.0, 0.0, 0.0","380, 787, 4690, 4852, 5262, 5295, 5423, 5857, 6387, 6604, 6877, 6901, 6978, 7202, 7475, 8677, 9204, 9654, 9686, 9828"
PTB-XL,S_Amp_V3,Top 20,"1.15, 1.11, 1.06, 0.93, 0.9, 0.89, 0.85, 0.825, 0.75, 0.75, 0.71, 0.71, 0.68, 0.65, 0.615, 0.61, 0.57, 0.55, 0.545, 0.54","2599, 12297, 17361, 11370, 2324, 17342, 4929, 11409, 2840, 21268, 1492, 3777, 13913, 13853, 7232, 13060, 17379, 15939, 8620, 14586"
PTB-XL,S_Amp_V3,Bottom 20,"-3.645, -3.06, -2.885, -2.88, -2.75, -2.685, -2.67, -2.65, -2.595, -2.56, -2.47, -2.435, -2.38, -2.37, -2.33, -2.325, -2.3, -2.275, -2.27, -2.265","1970, 14815, 11288, 15681, 3890, 16490, 15576, 18439, 11218, 20832, 17308, 9129, 8970, 10861, 10897, 11208, 16920, 4146, 1367, 16414"
PTB-XL,S_Amp_V3_count,Top 20,"33, 31, 30, 29, 29, 29, 29, 29, 28, 28, 28, 28, 28, 27, 27, 27, 27, 27, 27, 27","14286, 16106, 16753, 2530, 4161, 10936, 12195, 16901, 449, 3134, 3476, 5833, 13112, 1173, 4496, 7796, 7889, 9337, 11349, 12988"
PTB-XL,S_Amp_V3_count,Bottom 20,"5, 5, 5, 5, 5, 6, 6, 6, 6, 6, 6, 6, 6, 6, 6, 6, 6, 6, 6, 6","477, 722, 8907, 10266, 16151, 959, 1919, 2534, 3535, 4236, 5135, 8048, 8581, 8620, 8893, 8932, 9217, 9950, 10300, 10670"
PTB-XL,S_Amp_V3_iqr,Top 20,"3.14, 2.99, 2.9325, 2.9325, 2.615, 2.5975, 2.48, 2.43, 2.28, 2.21, 2.14, 2.0775, 2.05, 1.98, 1.935, 1.8825, 1.845, 1.78, 1.74, 1.7325","1809, 16585, 1235, 4723, 15792, 17719, 1551, 3019, 13684, 1970, 3278, 11914, 21498, 12390, 12753, 1810, 6784, 14615, 1146, 15939"
PTB-XL,S_Amp_V3_iqr,Bottom 20,"0.0, 0.0, 0.0, 0.0, 0.0, 0.0, 0.0, 0.0, 0.0, 0.0, 0.0, -0.0, 0.0, 0.0, 0.0, 0.0, 0.0, 0.0, 0.0, 0.0","4627, 4807, 5096, 5362, 5441, 5826, 5857, 7020, 7115, 7392, 8512, 8674, 9049, 9157, 9450, 9473, 9565, 9581, 9686, 10681"
PTB-XL,T_Amp_I,Top 20,"1.085, 1.03, 0.92, 0.915, 0.91, 0.89, 0.89, 0.86, 0.855, 0.84, 0.83, 0.81, 0.805, 0.78, 0.78, 0.78, 0.71, 0.705, 0.69, 0.69","15822, 15812, 5016, 20072, 4688, 4975, 17506, 9328, 6561, 15240, 15241, 6386, 20685, 3672, 3893, 11555, 2650, 11777, 8479, 16686"
PTB-XL,T_Amp_I,Bottom 20,"-5.46, -1.09, -1.06, -0.76, -0.75, -0.75, -0.74, -0.72, -0.67, -0.64, -0.635, -0.63, -0.62, -0.61, -0.6, -0.59, -0.585, -0.58, -0.58, -0.57","11813, 17571, 21167, 11837, 10452, 19935, 14959, 7511, 20874, 10897, 11269, 14369, 15265, 7967, 13820, 6240, 20877, 10395, 10719, 711"
PTB-XL,T_Amp_II,Top 20,"1.9, 1.48, 1.35, 1.305, 1.18, 1.085, 1.04, 1.025, 0.97, 0.95, 0.84, 0.84, 0.82, 0.815, 0.795, 0.75, 0.75, 0.74, 0.73, 0.73","5353, 20013, 13184, 19739, 11080, 2218, 13177, 7204, 13820, 20363, 12292, 17284, 8752, 12155, 15457, 144, 19046, 20072, 12186, 21689"
PTB-XL,T_Amp_II,Bottom 20,"-2.48, -1.29, -1.23, -1.22, -1.11, -1.1, -1.1, -1.08, -1.01, -1.0, -1.0, -0.96, -0.91, -0.875, -0.875, -0.855, -0.85, -0.845, -0.82, -0.81","21498, 4975, 5547, 5615, 16686, 5445, 13765, 15272, 21167, 8960, 21169, 21171, 17085, 21168, 21453, 21170, 19716, 5016, 5488, 10897"
PTB-XL,T_Amp_III,Top 20,"5.63, 1.62, 1.58, 1.56, 1.525, 1.49, 1.49, 1.44, 1.43, 1.35, 1.34, 1.28, 1.22, 1.19, 1.165, 1.15, 1.145, 1.14, 1.135, 1.12","11813, 20013, 15867, 13820, 17571, 5353, 13184, 19739, 13177, 11080, 7511, 11837, 7204, 15822, 15812, 12155, 20363, 19862, 17719, 4975"
PTB-XL,T_Amp_III,Bottom 20,"-2.08, -1.93, -1.815, -1.81, -1.785, -1.67, -1.66, -1.53, -1.45, -1.42, -1.395, -1.34, -1.31, -1.2, -1.16, -1.11, -1.04, -1.04, -0.98, -0.96","21498, 9328, 5016, 16686, 5547, 15272, 5445, 19716, 3893, 14373, 15336, 21419, 21517, 5615, 5488, 21160, 8960, 20777, 15582, 21193"
PTB-XL,T_Amp_III_count,Top 20,"33, 31, 30, 29, 29, 29, 29, 29, 28, 28, 28, 28, 28, 27, 27, 27, 27, 27, 27, 27","14286, 16106, 16753, 2530, 4161, 10936, 12195, 16901, 449, 3134, 3476, 5833, 13112, 1173, 4496, 7796, 7889, 9337, 11349, 12988"
PTB-XL,T_Amp_III_count,Bottom 20,"5, 5, 5, 5, 5, 6, 6, 6, 6, 6, 6, 6, 6, 6, 6, 6, 6, 6, 6, 6","477, 722, 8907, 10266, 16151, 959, 1919, 2534, 3535, 4236, 5135, 8048, 8581, 8620, 8893, 8932, 9217, 9950, 10300, 10670"
PTB-XL,T_Amp_III_iqr,Top 20,"2.175, 2.05, 1.8125, 1.795, 1.635, 1.46, 1.44, 1.35, 1.33, 1.325, 1.31, 1.31, 1.2825, 1.265, 1.26, 1.2475, 1.2425, 1.21, 1.165, 1.1475","21498, 21522, 9328, 19716, 9129, 8872, 18465, 12581, 17093, 11700, 15911, 21579, 5445, 11879, 8713, 11828, 15336, 18007, 18599, 16719"
PTB-XL,T_Amp_III_iqr,Bottom 20,"0.0, 0.0, 0.0, 0.0, 0.0, 0.0, 0.0, 0.0, 0.0, 0.0, 0.0, 0.0, 0.0, 0.0, 0.0, 0.0, 0.0, 0.0, 0.0, 0.0","2559, 3357, 5477, 5578, 5707, 6863, 7388, 8741, 9201, 9282, 9524, 11645, 11826, 12866, 13304, 13729, 13817, 14986, 15228, 15506"
PTB-XL,T_Amp_II_count,Top 20,"33, 31, 30, 29, 29, 29, 29, 29, 28, 28, 28, 28, 28, 27, 27, 27, 27, 27, 27, 27","14286, 16106, 16753, 2530, 4161, 10936, 12195, 16901, 449, 3134, 3476, 5833, 13112, 1173, 4496, 7796, 7889, 9337, 11349, 12988"
PTB-XL,T_Amp_II_count,Bottom 20,"5, 5, 5, 5, 5, 6, 6, 6, 6, 6, 6, 6, 6, 6, 6, 6, 6, 6, 6, 6","477, 722, 8907, 10266, 16151, 959, 1919, 2534, 3535, 4236, 5135, 8048, 8581, 8620, 8893, 8932, 9217, 9950, 10300, 10670"
PTB-XL,T_Amp_II_iqr,Top 20,"2.69, 2.58, 1.71, 1.4, 1.36, 1.2975, 1.265, 1.26, 1.25, 1.24, 1.2275, 1.17, 1.155, 1.105, 1.09, 1.09, 1.08, 1.0675, 1.045, 1.02","21498, 8989, 16719, 20817, 21522, 8713, 6918, 8872, 17093, 3660, 1282, 18007, 19739, 18599, 8970, 12581, 19716, 11700, 11989, 18465"
PTB-XL,T_Amp_II_iqr,Bottom 20,"0.0, 0.0, 0.0, 0.0, 0.0, 0.0, 0.0, 0.0, 0.0, 0.0, 0.0, 0.0, 0.0, 0.0, 0.0, 0.0, 0.0, 0.0, 0.0, 0.0","1497, 4856, 5301, 5310, 5642, 5907, 9656, 11243, 12007, 12230, 12503, 12570, 13276, 13444, 13461, 13489, 13562, 13804, 14031, 14429"
PTB-XL,T_Amp_I_count,Top 20,"33, 31, 30, 29, 29, 29, 29, 29, 28, 28, 28, 28, 28, 27, 27, 27, 27, 27, 27, 27","14286, 16106, 16753, 2530, 4161, 10936, 12195, 16901, 449, 3134, 3476, 5833, 13112, 1173, 4496, 7796, 7889, 9337, 11349, 12988"
PTB-XL,T_Amp_I_count,Bottom 20,"5, 5, 5, 5, 5, 6, 6, 6, 6, 6, 6, 6, 6, 6, 6, 6, 6, 6, 6, 6","477, 722, 8907, 10266, 16151, 959, 1919, 2534, 3535, 4236, 5135, 8048, 8581, 8620, 8893, 8932, 9217, 9950, 10300, 10670"
PTB-XL,T_Amp_I_iqr,Top 20,"3.83, 1.375, 1.28, 1.1975, 1.13, 1.09, 1.05, 0.94, 0.91, 0.89, 0.8675, 0.8525, 0.84, 0.825, 0.825, 0.8175, 0.785, 0.76, 0.76, 0.735","10565, 16431, 20817, 11828, 20392, 1189, 1157, 10289, 15240, 7083, 12091, 21602, 8989, 12145, 15457, 852, 9602, 2650, 4320, 15797"
PTB-XL,T_Amp_I_iqr,Bottom 20,"0.0, 0.0, 0.0, 0.0, 0.0, 0.0, 0.0, 0.0, 0.0, 0.0, 0.0, 0.0, 0.0, 0.0, 0.0, 0.0, 0.0, 0.0, 0.0, 0.0","329, 1089, 3036, 3569, 4799, 5188, 5537, 6620, 7331, 8242, 8949, 9805, 10299, 11258, 11822, 12684, 12751, 12911, 14429, 16659"
PTB-XL,T_Amp_V1,Top 20,"5.53, 2.15, 2.13, 2.05, 1.785, 1.685, 1.65, 1.56, 1.42, 1.41, 1.39, 1.37, 1.32, 1.3, 1.3, 1.26, 1.255, 1.23, 1.23, 1.215","4753, 20399, 1986, 20404, 20364, 8620, 8581, 17041, 11334, 18659, 19816, 14959, 9628, 516, 8957, 10381, 5432, 2365, 5168, 14887"
PTB-XL,T_Amp_V1,Bottom 20,"-1.37, -1.185, -1.135, -1.11, -1.06, -1.06, -1.04, -1.02, -1.01, -1.0, -0.99, -0.99, -0.965, -0.96, -0.81, -0.78, -0.755, -0.72, -0.7, -0.68","16686, 14806, 5547, 7073, 5016, 12714, 7118, 9328, 7098, 19716, 8970, 19976, 21193, 20777, 5445, 20947, 21453, 15582, 14083, 2599"
PTB-XL,T_Amp_V1_count,Top 20,"33, 31, 30, 29, 29, 29, 29, 29, 28, 28, 28, 28, 28, 27, 27, 27, 27, 27, 27, 27","14286, 16106, 16753, 2530, 4161, 10936, 12195, 16901, 449, 3134, 3476, 5833, 13112, 1173, 4496, 7796, 7889, 9337, 11349, 12988"
PTB-XL,T_Amp_V1_count,Bottom 20,"5, 5, 5, 5, 5, 6, 6, 6, 6, 6, 6, 6, 6, 6, 6, 6, 6, 6, 6, 6","477, 722, 8907, 10266, 16151, 959, 1919, 2534, 3535, 4236, 5135, 8048, 8581, 8620, 8893, 8932, 9217, 9950, 10300, 10670"
PTB-XL,T_Amp_V1_iqr,Top 20,"5.545, 4.595, 3.515, 2.78, 2.6775, 2.205, 1.95, 1.91, 1.695, 1.61, 1.5775, 1.575, 1.54, 1.51, 1.49, 1.48, 1.46, 1.4525, 1.43, 1.43","4753, 6076, 17638, 869, 15966, 14267, 17650, 17651, 8519, 292, 12349, 3949, 1625, 8746, 2528, 16940, 16816, 11141, 6697, 10517"
PTB-XL,T_Amp_V1_iqr,Bottom 20,"0.0, 0.0, 0.0, 0.0, 0.0, 0.0, 0.0, 0.0, 0.0, 0.0, 0.0, 0.0, 0.0, 0.0, 0.0, 0.0, 0.0, 0.0, 0.0, 0.0","194, 1279, 2383, 3359, 3670, 4509, 4876, 5392, 5400, 5558, 5761, 5857, 6538, 6742, 6863, 7533, 9336, 9379, 9393, 10492"
PTB-XL,T_Amp_V2,Top 20,"3.425, 3.22, 2.78, 2.76, 2.515, 2.405, 2.345, 2.28, 2.27, 2.24, 2.155, 2.13, 2.11, 2.07, 2.06, 2.045, 2.04, 2.04, 1.99, 1.99","20404, 20399, 20364, 14959, 1367, 8957, 14887, 11334, 20781, 12942, 11914, 12464, 15194, 11911, 17041, 15157, 10381, 19967, 2818, 19816"
PTB-XL,T_Amp_V2,Bottom 20,"-3.27, -2.515, -2.15, -1.9, -1.79, -1.69, -1.69, -1.27, -1.19, -1.185, -1.11, -1.07, -1.03, -1.0, -1.0, -0.94, -0.93, -0.9, -0.89, -0.89","21498, 14806, 15582, 21193, 20777, 5547, 16686, 5016, 2599, 5445, 6817, 19716, 18457, 2417, 6751, 21517, 15576, 21676, 12714, 18671"
PTB-XL,T_Amp_V2_count,Top 20,"33, 31, 30, 29, 29, 29, 29, 29, 28, 28, 28, 28, 28, 27, 27, 27, 27, 27, 27, 27","14286, 16106, 16753, 2530, 4161, 10936, 12195, 16901, 449, 3134, 3476, 5833, 13112, 1173, 4496, 7796, 7889, 9337, 11349, 12988"
PTB-XL,T_Amp_V2_count,Bottom 20,"5, 5, 5, 5, 5, 6, 6, 6, 6, 6, 6, 6, 6, 6, 6, 6, 6, 6, 6, 6","477, 722, 8907, 10266, 16151, 959, 1919, 2534, 3535, 4236, 5135, 8048, 8581, 8620, 8893, 8932, 9217, 9950, 10300, 10670"
PTB-XL,T_Amp_V2_iqr,Top 20,"3.94, 3.04, 2.86, 2.845, 2.77, 2.6725, 2.3825, 2.1325, 2.1225, 2.07, 2.055, 2.025, 2.02, 1.995, 1.99, 1.97, 1.9525, 1.9, 1.8725, 1.83","8989, 21498, 4058, 6076, 1158, 15015, 17531, 14615, 18585, 12390, 15272, 14806, 12648, 864, 14557, 17065, 594, 17293, 6524, 8638"
PTB-XL,T_Amp_V2_iqr,Bottom 20,"0.0, 0.0, 0.0, 0.0, 0.0, 0.0, 0.0, 0.0, 0.0, 0.0, 0.0, 0.0, 0.0, 0.0, 0.0, 0.0, 0.0, 0.0, 0.0, 0.0","1519, 4470, 5815, 8964, 9082, 9872, 11232, 11272, 11466, 11773, 13300, 14619, 15163, 15268, 15340, 16981, 17117, 17199, 17424, 19186"
PTB-XL,T_Amp_V3,Top 20,"3.17, 2.92, 2.725, 2.4, 2.27, 2.235, 2.2, 2.17, 2.16, 2.155, 2.155, 2.15, 2.13, 2.12, 2.11, 2.05, 2.02, 2.02, 2.0, 2.0","20404, 20399, 20364, 20781, 2818, 15157, 12942, 19816, 20768, 8752, 12464, 20675, 6033, 21152, 17308, 1367, 12525, 14897, 6382, 6540"
PTB-XL,T_Amp_V3,Bottom 20,"-5.1, -2.43, -2.26, -2.06, -2.04, -2.03, -1.84, -1.755, -1.66, -1.51, -1.47, -1.43, -1.41, -1.41, -1.39, -1.26, -1.21, -1.16, -1.13, -1.07","21498, 14806, 5547, 21193, 15582, 20777, 1809, 18118, 6817, 16926, 11547, 13193, 5016, 18358, 1056, 12421, 21171, 21056, 19075, 3777"
PTB-XL,T_Amp_V3_count,Top 20,"33, 31, 30, 29, 29, 29, 29, 29, 28, 28, 28, 28, 28, 27, 27, 27, 27, 27, 27, 27","14286, 16106, 16753, 2530, 4161, 10936, 12195, 16901, 449, 3134, 3476, 5833, 13112, 1173, 4496, 7796, 7889, 9337, 11349, 12988"
PTB-XL,T_Amp_V3_count,Bottom 20,"5, 5, 5, 5, 5, 6, 6, 6, 6, 6, 6, 6, 6, 6, 6, 6, 6, 6, 6, 6","477, 722, 8907, 10266, 16151, 959, 1919, 2534, 3535, 4236, 5135, 8048, 8581, 8620, 8893, 8932, 9217, 9950, 10300, 10670"
PTB-XL,T_Amp_V3_iqr,Top 20,"5.49, 5.295, 4.3525, 2.82, 2.7975, 2.77, 2.595, 2.5675, 2.515, 2.38, 2.3525, 2.2075, 2.205, 2.1475, 2.12, 2.075, 2.05, 1.9975, 1.9825, 1.9675","8989, 21498, 1970, 16585, 4723, 3278, 1235, 15939, 17065, 3019, 1551, 15792, 14615, 1809, 12390, 12648, 13684, 11914, 12525, 6784"
PTB-XL,T_Amp_V3_iqr,Bottom 20,"0.0, 0.0, 0.0, 0.0, 0.0, 0.0, 0.0, 0.0, 0.0, 0.0, 0.0, 0.0, 0.0, 0.0, 0.0, 0.0, 0.0, 0.0, 0.0, 0.0","904, 6402, 7199, 7385, 7434, 7898, 9339, 10480, 11683, 11691, 12370, 12713, 12807, 13554, 14137, 14619, 15818, 16447, 16784, 19041"
PTB-XL,T_Amp_V4,Top 20,"2.98, 2.065, 1.995, 1.995, 1.92, 1.9, 1.795, 1.795, 1.79, 1.79, 1.79, 1.785, 1.76, 1.715, 1.685, 1.67, 1.66, 1.645, 1.6, 1.595","21498, 19068, 6033, 6540, 20675, 17481, 15804, 21152, 7630, 15460, 17719, 7445, 2754, 15157, 20781, 14815, 17308, 10012, 14897, 15135"
PTB-XL,T_Amp_V4,Bottom 20,"-9.955, -2.485, -2.48, -2.055, -1.84, -1.67, -1.64, -1.635, -1.58, -1.55, -1.5, -1.48, -1.475, -1.44, -1.42, -1.36, -1.32, -1.29, -1.24, -1.23","6816, 16926, 18118, 14806, 21193, 20777, 16851, 11097, 18358, 11612, 13193, 11547, 4080, 6817, 15582, 5865, 8772, 19075, 12418, 11106"
PTB-XL,T_Amp_V4_count,Top 20,"33, 31, 30, 29, 29, 29, 29, 29, 28, 28, 28, 28, 28, 27, 27, 27, 27, 27, 27, 27","14286, 16106, 16753, 2530, 4161, 10936, 12195, 16901, 449, 3134, 3476, 5833, 13112, 1173, 4496, 7796, 7889, 9337, 11349, 12988"
PTB-XL,T_Amp_V4_count,Bottom 20,"0, 5, 5, 5, 5, 5, 6, 6, 6, 6, 6, 6, 6, 6, 6, 6, 6, 6, 6, 6","12722, 477, 722, 8907, 10266, 16151, 959, 1919, 2534, 3535, 4236, 5135, 8048, 8581, 8620, 8893, 8932, 9217, 9950, 10300"
PTB-XL,T_Amp_V4_iqr,Top 20,"5.905, 5.09, 3.4575, 3.45, 3.21, 2.955, 2.94, 2.2825, 2.225, 2.0475, 2.035, 2.02, 2.0125, 1.975, 1.97, 1.94, 1.88, 1.87, 1.8225, 1.81","10507, 8989, 8092, 2754, 4054, 13974, 1920, 17065, 3293, 1426, 10703, 3395, 17674, 17698, 13684, 8782, 1396, 15797, 5874, 14615"
PTB-XL,T_Amp_V4_iqr,Bottom 20,"0.0, 0.0, 0.0, 0.0, 0.0, 0.0, 0.0, 0.0, 0.0, 0.0, 0.0, 0.0, 0.0, 0.0, 0.0, 0.0, 0.0, 0.0, 0.0, 0.0","48, 320, 2881, 4387, 7357, 7473, 8477, 8811, 10039, 11259, 11331, 11676, 11811, 12908, 14644, 15467, 15611, 16663, 18051, 18104"
PTB-XL,T_Amp_V5,Top 20,"6.565, 1.515, 1.45, 1.36, 1.35, 1.34, 1.305, 1.25, 1.235, 1.23, 1.21, 1.17, 1.16, 1.09, 1.08, 1.075, 1.05, 1.03, 1.02, 1.02","11036, 17875, 8714, 10012, 15867, 5801, 6540, 16076, 17481, 19068, 19739, 12714, 20013, 14926, 7632, 16920, 13177, 12663, 2650, 13934"
PTB-XL,T_Amp_V5,Bottom 20,"-1.72, -1.61, -1.5, -1.485, -1.455, -1.44, -1.33, -1.3, -1.27, -1.21, -1.2, -1.19, -1.15, -1.13, -1.11, -1.105, -1.05, -1.05, -1.04, -1.025","5016, 18118, 5865, 6045, 16926, 16851, 21155, 21387, 10897, 11106, 10861, 11097, 11837, 15265, 21169, 2131, 8772, 20777, 6817, 21193"
PTB-XL,T_Amp_V5_count,Top 20,"33, 31, 30, 29, 29, 29, 29, 29, 28, 28, 28, 28, 28, 27, 27, 27, 27, 27, 27, 27","14286, 16106, 16753, 2530, 4161, 10936, 12195, 16901, 449, 3134, 3476, 5833, 13112, 1173, 4496, 7796, 7889, 9337, 11349, 12988"
PTB-XL,T_Amp_V5_count,Bottom 20,"0, 5, 5, 5, 5, 5, 6, 6, 6, 6, 6, 6, 6, 6, 6, 6, 6, 6, 6, 6","12722, 477, 722, 8907, 10266, 16151, 959, 1919, 2534, 3535, 4236, 5135, 8048, 8581, 8620, 8893, 8932, 9217, 9950, 10300"
PTB-XL,T_Amp_V5_iqr,Top 20,"13.1275, 6.22, 4.0975, 4.08, 3.7375, 3.18, 3.065, 2.75, 2.65, 2.645, 2.5525, 2.17, 2.13, 2.04, 1.995, 1.925, 1.855, 1.83, 1.815, 1.73","12251, 17652, 6045, 8081, 1405, 11036, 8989, 6610, 2754, 16954, 16359, 331, 4361, 17674, 15832, 3293, 9864, 14349, 4477, 10019"
PTB-XL,T_Amp_V5_iqr,Bottom 20,"0.0, 0.0, 0.0, 0.0, 0.0, 0.0, 0.0, 0.0, 0.0, 0.0, 0.0, 0.0, 0.0, 0.0, 0.0, 0.0, 0.0, 0.0, 0.0, 0.0","560, 1295, 2238, 4441, 4470, 4596, 5030, 5071, 5319, 5406, 5471, 5578, 6406, 6426, 6801, 7044, 8784, 9047, 9152, 9157"
PTB-XL,T_Amp_V6,Top 20,"1.365, 1.31, 1.21, 1.15, 1.09, 1.04, 1.025, 0.885, 0.83, 0.815, 0.81, 0.805, 0.78, 0.77, 0.76, 0.75, 0.73, 0.73, 0.72, 0.7","10012, 2650, 14741, 18060, 15867, 20013, 17875, 12692, 13934, 9347, 12663, 7632, 16279, 13820, 21541, 7828, 3961, 12714, 19739, 12186"
PTB-XL,T_Amp_V6,Bottom 20,"-2.055, -1.44, -1.39, -1.25, -1.115, -1.08, -1.03, -1.025, -0.975, -0.93, -0.92, -0.915, -0.91, -0.89, -0.87, -0.855, -0.85, -0.84, -0.83, -0.82","5016, 17535, 8681, 11124, 11269, 20399, 1486, 16920, 10649, 5865, 11218, 20404, 14815, 3210, 10861, 8893, 2131, 15582, 11911, 19519"
PTB-XL,T_Amp_V6_count,Top 20,"33, 31, 30, 29, 29, 29, 29, 29, 28, 28, 28, 28, 28, 27, 27, 27, 27, 27, 27, 27","14286, 16106, 16753, 2530, 4161, 10936, 12195, 16901, 449, 3134, 3476, 5833, 13112, 1173, 4496, 7796, 7889, 9337, 11349, 12988"
PTB-XL,T_Amp_V6_count,Bottom 20,"0, 5, 5, 5, 5, 5, 6, 6, 6, 6, 6, 6, 6, 6, 6, 6, 6, 6, 6, 6","12722, 477, 722, 8907, 10266, 16151, 959, 1919, 2534, 3535, 4236, 5135, 8048, 8581, 8620, 8893, 8932, 9217, 9950, 10300"
PTB-XL,T_Amp_V6_iqr,Top 20,"3.74, 3.66, 3.46, 3.3575, 3.31, 2.93, 2.93, 2.9225, 2.675, 2.63, 2.55, 2.3725, 2.34, 2.2225, 2.1275, 2.04, 1.9775, 1.95, 1.94, 1.82","6610, 14048, 17535, 1906, 8309, 14729, 18653, 8320, 8681, 14535, 18060, 14741, 18299, 674, 10649, 1502, 1551, 13085, 685, 8621"
PTB-XL,T_Amp_V6_iqr,Bottom 20,"0.0, 0.0, 0.0, 0.0, 0.0, 0.0, 0.0, 0.0, 0.0, 0.0, 0.0, 0.0, 0.0, 0.0, 0.0, 0.0, 0.0, 0.0, 0.0, 0.0","1250, 2505, 3095, 3565, 3755, 4791, 4823, 5223, 5400, 5825, 6231, 6397, 6677, 6980, 7186, 7233, 7283, 7720, 8227, 8353"
PTB-XL,T_Amp_aVF,Top 20,"2.88, 1.7, 1.52, 1.42, 1.395, 1.27, 1.265, 1.24, 1.13, 1.12, 1.035, 0.985, 0.98, 0.975, 0.96, 0.925, 0.9, 0.89, 0.88, 0.875","11813, 5353, 15867, 13184, 19739, 11080, 13820, 13177, 15598, 7204, 20363, 17571, 7511, 2218, 17284, 15822, 7828, 21689, 15457, 17719"
PTB-XL,T_Amp_aVF,Bottom 20,"-2.29, -1.46, -1.425, -1.405, -1.355, -1.33, -1.2, -1.19, -1.12, -1.045, -1.02, -1.01, -1.005, -1.0, -0.91, -0.89, -0.815, -0.77, -0.77, -0.665","21498, 16686, 5547, 15272, 5445, 5016, 5615, 19716, 8970, 15336, 5488, 21419, 21171, 8960, 13765, 20777, 21193, 15582, 21453, 498"
PTB-XL,T_Amp_aVF_count,Top 20,"33, 31, 30, 29, 29, 29, 29, 29, 28, 28, 28, 28, 28, 27, 27, 27, 27, 27, 27, 27","14286, 16106, 16753, 2530, 4161, 10936, 12195, 16901, 449, 3134, 3476, 5833, 13112, 1173, 4496, 7796, 7889, 9337, 11349, 12988"
PTB-XL,T_Amp_aVF_count,Bottom 20,"5, 5, 5, 5, 5, 6, 6, 6, 6, 6, 6, 6, 6, 6, 6, 6, 6, 6, 6, 6","477, 722, 8907, 10266, 16151, 959, 1919, 2534, 3535, 4236, 5135, 8048, 8581, 8620, 8893, 8932, 9217, 9950, 10300, 10670"
PTB-XL,T_Amp_aVF_iqr,Top 20,"2.43, 2.27, 1.735, 1.455, 1.35, 1.34, 1.34, 1.29, 1.28, 1.25, 1.24, 1.225, 1.22, 1.2075, 1.16, 1.15, 1.135, 1.1175, 1.05, 1.0375","21498, 8989, 21522, 19716, 8872, 16719, 17093, 8970, 8713, 3660, 12581, 1282, 18465, 11700, 18007, 21579, 18599, 21517, 5068, 5445"
PTB-XL,T_Amp_aVF_iqr,Bottom 20,"0.0, 0.0, 0.0, 0.0, 0.0, 0.0, 0.0, 0.0, 0.0, 0.0, 0.0, 0.0, 0.0, 0.0, 0.0, 0.0, 0.0, 0.0, 0.0, 0.0","1747, 4385, 5064, 5320, 5578, 5646, 5783, 6182, 6415, 6426, 6808, 7549, 7624, 8571, 8820, 8985, 9149, 9171, 9213, 9250"
PTB-XL,T_Amp_aVL,Top 20,"1.355, 1.26, 1.215, 1.12, 1.12, 0.99, 0.92, 0.8, 0.79, 0.78, 0.76, 0.7, 0.7, 0.63, 0.6, 0.56, 0.56, 0.56, 0.51, 0.5","5016, 16686, 5547, 3893, 15272, 21517, 8970, 21170, 2650, 21498, 5488, 10133, 15582, 21193, 21171, 5615, 14806, 21714, 16302, 628"
PTB-XL,T_Amp_aVL,Bottom 20,"-5.53, -1.31, -1.08, -1.08, -1.02, -0.9, -0.89, -0.89, -0.88, -0.875, -0.87, -0.84, -0.83, -0.81, -0.81, -0.8, -0.775, -0.76, -0.745, -0.74","11813, 17571, 11837, 13820, 7511, 20013, 13177, 20874, 15812, 15822, 15867, 14959, 13184, 4975, 17719, 19935, 19739, 11080, 18034, 6240"
PTB-XL,T_Amp_aVL_count,Top 20,"33, 31, 30, 29, 29, 29, 29, 29, 28, 28, 28, 28, 28, 27, 27, 27, 27, 27, 27, 27","14286, 16106, 16753, 2530, 4161, 10936, 12195, 16901, 449, 3134, 3476, 5833, 13112, 1173, 4496, 7796, 7889, 9337, 11349, 12988"
PTB-XL,T_Amp_aVL_count,Bottom 20,"5, 5, 5, 5, 5, 6, 6, 6, 6, 6, 6, 6, 6, 6, 6, 6, 6, 6, 6, 6","477, 722, 8907, 10266, 16151, 959, 1919, 2534, 3535, 4236, 5135, 8048, 8581, 8620, 8893, 8932, 9217, 9950, 10300, 10670"
PTB-XL,T_Amp_aVL_iqr,Top 20,"1.2825, 1.0375, 0.99, 0.9, 0.895, 0.845, 0.84, 0.835, 0.83, 0.83, 0.815, 0.81, 0.8, 0.8, 0.7675, 0.7575, 0.755, 0.7525, 0.7525, 0.745","11828, 16431, 2818, 7083, 10289, 21498, 8872, 9347, 1189, 2650, 9602, 21579, 6345, 12581, 16719, 3327, 9021, 12091, 4320, 16686"
PTB-XL,T_Amp_aVL_iqr,Bottom 20,"0.0, 0.0, 0.0, 0.0, 0.0, 0.0, 0.0, 0.0, 0.0, 0.0, 0.0, 0.0, 0.0, 0.0, 0.0, 0.0, 0.0, 0.0, 0.0, 0.0","557, 1289, 1678, 4484, 4736, 7752, 8163, 8919, 9478, 9713, 11587, 11594, 13611, 13722, 14014, 14571, 14993, 15165, 15174, 15618"
PTB-XL,T_Amp_aVR,Top 20,"2.63, 1.45, 1.11, 0.95, 0.82, 0.74, 0.715, 0.68, 0.64, 0.635, 0.6, 0.59, 0.57, 0.56, 0.545, 0.545, 0.52, 0.51, 0.51, 0.51","11813, 21498, 21167, 12953, 5533, 13765, 19358, 17085, 13196, 11236, 5615, 15045, 7510, 18903, 11640, 21453, 17093, 7967, 8960, 16096"
PTB-XL,T_Amp_aVR,Bottom 20,"-1.25, -0.74, -0.665, -0.665, -0.66, -0.65, -0.6, -0.57, -0.55, -0.53, -0.525, -0.52, -0.5, -0.5, -0.495, -0.48, -0.47, -0.46, -0.46, -0.46","5353, 15240, 2218, 14629, 15867, 20013, 13184, 2423, 2442, 10363, 2065, 362, 7632, 11080, 14369, 18061, 13934, 950, 12387, 8048"
PTB-XL,T_Amp_aVR_count,Top 20,"33, 31, 30, 29, 29, 29, 29, 29, 28, 28, 28, 28, 28, 27, 27, 27, 27, 27, 27, 27","14286, 16106, 16753, 2530, 4161, 10936, 12195, 16901, 449, 3134, 3476, 5833, 13112, 1173, 4496, 7796, 7889, 9337, 11349, 12988"
PTB-XL,T_Amp_aVR_count,Bottom 20,"5, 5, 5, 5, 5, 6, 6, 6, 6, 6, 6, 6, 6, 6, 6, 6, 6, 6, 6, 6","477, 722, 8907, 10266, 16151, 959, 1919, 2534, 3535, 4236, 5135, 8048, 8581, 8620, 8893, 8932, 9217, 9950, 10300, 10670"
PTB-XL,T_Amp_aVR_iqr,Top 20,"2.165, 1.655, 1.34, 0.95, 0.92, 0.885, 0.82, 0.785, 0.76, 0.745, 0.705, 0.705, 0.695, 0.6875, 0.6825, 0.68, 0.675, 0.665, 0.64, 0.6375","16431, 21498, 20817, 20392, 10289, 16719, 1157, 12145, 3660, 852, 15582, 18465, 128, 964, 11914, 13101, 13196, 18599, 12083, 7098"
PTB-XL,T_Amp_aVR_iqr,Bottom 20,"0.0, 0.0, 0.0, 0.0, 0.0, 0.0, 0.0, 0.0, 0.0, 0.0, 0.0, 0.0, 0.0, 0.0, 0.0, 0.0, 0.0, 0.0, 0.0, 0.0","151, 1207, 4745, 5423, 5717, 5868, 5967, 6595, 6811, 6961, 7556, 7568, 7724, 8360, 9561, 9587, 9647, 10504, 10585, 10889"
