,Q_Amp_I_iqr,T_Amp_V4_iqr,ST_Elev_V3_iqr,ST_Elev_aVF_iqr,T_Amp_II,R_Amp_V1_iqr,Q_Amp_aVF_count,R_Amp_V5_iqr,R_Amp_III_count,ST_Elev_V4_iqr,R_Amp_V1,QRS_Dur_Global,ST_Elev_V1_count,T_Amp_V4_count,Q_Amp_aVF,ST_Elev_aVR_iqr,T_Amp_V3,ST_Elev_I_count,T_Amp_aVF_count,Q_Amp_V1,Q_Amp_V5_count,T_Amp_V5,R_Amp_III,ST_Elev_V5,Q_Amp_aVR_count,T_Amp_V2_iqr,T_Amp_II_iqr,ST_Elev_III_iqr,R_Amp_aVR,R_Amp_V5_count,T_Amp_aVR,R_Amp_V4_iqr,T_Amp_V1_count,Q_Amp_V5,T_Amp_V6_count,T_Amp_aVL,Q_Amp_I_count,R_Amp_V1_count,Q_Amp_V5_iqr,Q_Amp_V4_count,ST_Elev_III,ST_Elev_aVR_count,RR_Mean_Global_count,Q_Amp_V2,R_Amp_V3,R_Amp_V3_count,R_Amp_aVR_iqr,S_Amp_V2_iqr,R_Amp_V6_count,Q_Amp_V6_iqr,ST_Elev_I_iqr,Q_Amp_V1_iqr,T_Amp_aVL_iqr,ST_Elev_V3_count,ST_Elev_I,R_Amp_aVL_count,T_Amp_III,S_Amp_V3_iqr,Q_Amp_V3_count,R_Amp_aVL_iqr,S_Amp_V2,Q_Amp_II,QRS_Dur_Global_count,Q_Amp_V2_count,Q_Amp_V6,ST_Elev_III_count,R_Amp_I_iqr,T_Amp_V5_count,ST_Elev_V5_iqr,S_Amp_V1,Q_Amp_V2_iqr,ST_Elev_V2,R_Amp_II,ST_Elev_II_iqr,ST_Elev_II,T_Amp_aVF_iqr,Q_Amp_I,T_Amp_I,Q_Amp_V4_iqr,S_Amp_V2_count,T_Amp_V5_iqr,R_Amp_II_iqr,ST_Elev_V4_count,ST_Elev_V3,T_Amp_aVF,R_Amp_V6_iqr,ST_Elev_aVF_count,Q_Amp_aVL_iqr,T_Amp_I_iqr,T_Amp_V4,ST_Elev_V2_count,R_Amp_aVF_iqr,T_Amp_V2,Q_Amp_aVR_iqr,S_Amp_V1_iqr,Q_Amp_V3_iqr,Q_Amp_V1_count,T_Amp_I_count,T_Amp_III_iqr,ST_Elev_V1,S_Amp_V3_count,Q_Amp_aVR,R_Amp_I,S_Amp_V3,ST_Elev_II_count,R_Amp_aVL,T_Amp_aVR_count,T_Amp_V2_count,R_Amp_V5,ST_Elev_V6,S_Amp_V1_count,Q_Amp_II_iqr,R_Amp_I_count,ST_Elev_V4,T_Amp_V3_count,R_Amp_aVF,Q_Amp_V3,R_Amp_V2,R_Amp_V2_iqr,R_Amp_III_iqr,RR_Mean_Global,T_Amp_II_count,Q_Amp_aVL,R_Amp_V2_count,Q_Amp_aVL_count,R_Amp_V6,R_Amp_V4,R_Amp_aVR_count,Q_Amp_III_count,Q_Amp_aVF_iqr,ST_Elev_aVR,ST_Elev_V2_iqr,Q_Amp_III_iqr,R_Amp_V3_iqr,ST_Elev_V6_iqr,T_Amp_aVR_iqr,ST_Elev_aVL_count,Q_Amp_V6_count,T_Amp_aVL_count,ST_Elev_V6_count,ST_Elev_V1_iqr,T_Amp_V3_iqr,ST_Elev_aVL,ST_Elev_aVL_iqr,T_Amp_V1_iqr,Q_Amp_II_count,Q_Amp_V4,T_Amp_V6_iqr,T_Amp_V1,R_Amp_II_count,ST_Elev_V5_count,R_Amp_V4_count,Q_Amp_III,T_Amp_V6,R_Amp_aVF_count,T_Amp_III_count,ST_Elev_aVF,QRS_Dur_Global_iqr,RR_Mean_Global_iqr
Q_Amp_I_iqr,1.0,0.18852826127140548,0.08066718778200045,0.0592586589812787,-0.006985434055945285,0.1461431907562326,0.06790553019054868,0.14897216476892952,0.06790553019054868,0.0786042137793786,-0.03223196999636977,0.10552697925798275,0.05552388725672591,0.06789842659816078,0.035524112265360085,0.09243099734889713,0.03749853833769356,0.05552388725672591,0.06790553019054868,-0.030711704365310923,0.06789842659816078,-0.022027862085686925,-0.06018954425575389,-0.020770852457826023,0.06790553019054868,0.1851145824357039,0.29061634362240213,0.051341698972558976,0.05014353220599484,0.06789842659816078,0.048105154984129005,0.1666114818024677,0.06790553019054868,0.09286553796116606,0.06789842659816078,-0.10836840798834242,0.06790553019054868,0.06790553019054868,0.16478132026444364,0.06789842659816078,0.03940956226025565,0.05552388725672591,0.06790553019054868,-0.029153302363192402,-0.06088350849799449,0.06790553019054868,0.2506419061387196,0.1955045454450629,0.06789842659816078,0.1761750990371802,0.06490537254375274,0.17141840786449156,0.4651442642623651,0.05552388725672591,-0.04319268306285439,0.06790553019054868,0.08147365996075516,0.19005148759760426,0.06790553019054868,0.30630471706569534,-0.08008698253701618,0.036398838049022206,0.06680647823136909,0.06790553019054868,0.11476066338246414,0.05552388725672591,0.40344360867396517,0.06789842659816078,0.08740626953109858,-0.09489442233269454,0.19022889571578308,-0.026032969502429112,-0.06140890186742068,0.07846164256572151,-0.004295038359343847,0.29531443147111364,0.1356872394564705,-0.0908382820766356,0.1719668216766023,0.06790553019054868,0.14680470293613157,0.20245710907776948,0.05552388725672591,-0.023807468132750025,0.04937758637346886,0.15884803772224504,0.05552388725672591,0.4751343168207179,0.6845657603803456,0.020011147467196736,0.05552388725672591,0.2083351720138544,0.03582997270375601,0.509077140851088,0.1674286969604433,0.177388782716745,0.06790553019054868,0.06790553019054868,0.3443137826456095,-0.03539155807484772,0.06790553019054868,-0.06469940197292899,-0.01942462508940674,-0.02592324114170349,0.05552388725672591,0.03987188935560643,0.06790553019054868,0.06790553019054868,-0.05920513052198328,-0.019190832438037517,0.06790553019054868,0.2991890292633881,0.06790553019054868,-0.00906327505251227,0.06790553019054868,-0.07017326268298296,0.007079096716409188,-0.03520206249197497,0.17388163978735563,0.24320094960720237,-0.06087060805200657,0.06790553019054868,0.07434745474717709,0.06790553019054868,0.06790553019054868,-0.02065607436501446,-0.07607460168033893,0.06790553019054868,0.06790553019054868,0.29000388366749147,0.021667744693994163,0.07254862029349884,0.3440712601578253,0.17229125897546085,0.07835722143701225,0.41361427421815716,0.05552388725672591,0.06789842659816078,0.06790553019054868,0.05552388725672591,0.04866584326615345,0.19363841099285553,-0.049532658228474746,0.058592071204718744,0.1593685998008394,0.06790553019054868,0.04255712103360111,0.1399470199886631,0.07314305912900171,0.06790553019054868,0.05552388725672591,0.06789842659816078,-0.03489751414424275,-0.048885155747259885,0.06790553019054868,0.06790553019054868,0.0266126068008628,0.12315365689432156,0.10130988447421634
T_Amp_V4_iqr,0.18852826127140548,1.0,0.10489445501180927,0.06610255574121364,-0.012710591121091545,0.25313781079398445,0.06635620692543828,0.30372891609450586,0.06635620692543828,0.20276282114520966,-0.015434397041091865,0.04464927768708502,0.05785452866097813,0.06635620692543828,0.044892301751361434,0.07326618711289655,0.0106297086276975,0.05785452866097813,0.06635620692543828,-0.037697397242439694,0.06635620692543828,-0.017532059981735716,-0.03978682410668078,-0.0017776950967081596,0.06635620692543828,0.3642911870635404,0.3386133577916365,0.05564237157863132,0.021064812999206563,0.06635620692543828,0.05148575570218019,0.6251267951669428,0.06635620692543828,0.02236604567583792,0.06635620692543828,-0.06116974319826008,0.06635620692543828,0.06635620692543828,0.28101481462374767,0.06635620692543828,0.034579309864411,0.05785452866097813,0.06635620692543828,-0.029288365217979385,-0.038932329544503194,0.06635620692543828,0.25342069556161056,0.3010309677826546,0.06635620692543828,0.25265002113849855,0.05394660082406077,0.22472376245573034,0.3132440951608223,0.05785452866097813,-0.03585567776911209,0.06635620692543828,0.04287883397740573,0.35067829733460987,0.06635620692543828,0.23545297963117684,-0.017924258641623312,0.03636573426266851,0.0652535117084961,0.06635620692543828,0.045317915702412344,0.05785452866097813,0.2200382448369285,0.06635620692543828,0.13439834051282207,-0.012361039863152882,0.28448048973155265,-0.02980504703017599,-0.04188594376089994,0.08225499982590807,-0.01145711047670514,0.3588839864890155,0.03613131597631093,-0.04327406728826659,0.6694130724544525,0.06635620692543828,0.3535043252983797,0.2624489128628179,0.05785452866097813,-0.02963775506021784,0.01695881523684652,0.28959927048999334,0.05785452866097813,0.24400194605846867,0.2557981133292639,0.005600616459985142,0.05785452866097813,0.2796919171640306,0.008544713456186685,0.22896867999798812,0.22612601691971726,0.3315190502994871,0.06635620692543828,0.06635620692543828,0.3349659386466226,-0.01393293158905041,0.06635620692543828,-0.030270701613318237,0.004356838723271835,-0.0018688906511721622,0.05785452866097813,0.025842185229591814,0.06635620692543828,0.06635620692543828,-0.02174557211970149,-0.007896301621580332,0.06635620692543828,0.23244967709016906,0.06635620692543828,0.0017708436441966366,0.06635620692543828,-0.04490187597675743,0.009281975663031279,-0.01578082219526197,0.30006296195965554,0.26357225891826636,-0.06083174186143871,0.06635620692543828,0.011833960643733618,0.06635620692543828,0.06635620692543828,0.019134246047004325,-0.0463307503934986,0.06635620692543828,0.06635620692543828,0.24451890446708655,0.014178582451401205,0.09108435100087667,0.26720770417345696,0.326921495603995,0.10576110822128429,0.2844902163059355,0.05785452866097813,0.06635620692543828,0.06635620692543828,0.05785452866097813,0.07981603497464358,0.45184397931268944,-0.03912911762337814,0.05270432696678725,0.24184954030182015,0.06635620692543828,0.007080703591551861,0.2826023341523328,0.02565060361249205,0.06635620692543828,0.05785452866097813,0.06635620692543828,0.007814038332856448,-0.030403640467916233,0.06635620692543828,0.06635620692543828,0.017257147532537823,0.13529547436452843,0.1645178501019455
ST_Elev_V3_iqr,0.08066718778200045,0.10489445501180927,1.0,0.1552934782523719,-0.14332487230691873,0.11096283267683933,0.08412798070566742,0.10357053583888512,0.08412798070566742,0.3441211239753242,0.08588632210816147,0.051341462125945106,0.08412798070566742,0.08412798070566742,0.03759261184512628,0.16540758475652764,-0.26959847663807757,0.08412798070566742,0.08412798070566742,-0.0484496342358974,0.08412798070566742,-0.1603686406374009,-0.05432201916299723,-0.10627882330397108,0.08412798070566742,0.1144111109551514,0.10874962901540285,0.09815601182353399,0.0586206681895599,0.08412798070566742,0.1605518511380324,0.10691101069846413,0.08412798070566742,0.07689451523968396,0.08412798070566742,-0.07312296862414333,0.08412798070566742,0.08412798070566742,0.08677710025820676,0.08412798070566742,0.009885062147110999,0.08412798070566742,0.08412798070566742,0.0032491053603132198,-0.01972497240612377,0.08412798070566742,0.10151151542633959,0.10926621596962281,0.08412798070566742,0.07948938521525035,0.1527788506476419,0.07077785409119335,0.12195219081968912,0.08412798070566742,-0.07925120801499778,0.08412798070566742,-0.01194651798161724,0.1886413060797632,0.08412798070566742,0.11847466696496443,0.02431418648909667,0.056077037763108364,0.08150205918653487,0.08412798070566742,0.07014598091970507,0.08412798070566742,0.0990201587943034,0.08412798070566742,0.22815897439928354,0.0071771495190541285,0.112154384312065,-0.08497336367890193,-0.07238253070935952,0.19170602102454862,-0.09055767553687746,0.10734111696226581,0.04804985373521342,-0.12911573298088047,0.10396070411632836,0.08412798070566742,0.08540787854536205,0.10922994310950454,0.08412798070566742,-0.14310163402780673,-0.09032615761514962,0.09959569751681617,0.08412798070566742,0.07764144117701018,0.10373570507139952,-0.21817168808715326,0.08412798070566742,0.12262519337540904,-0.21472989718173632,0.09425682162405592,0.07200647143169937,0.17598710290603595,0.08412798070566742,0.08412798070566742,0.1095774186355577,-0.08888721192480215,0.08412798070566742,-0.07478052704396934,-0.00508212255010706,0.06617904929408429,0.08412798070566742,0.034573539953034756,0.08412798070566742,0.08412798070566742,-0.08516668854557952,-0.08053367647353005,0.08412798070566742,0.08530659073576692,0.08412798070566742,-0.14092908083515512,0.08412798070566742,-0.06713744212992251,0.03954569402872181,0.05016539375939299,0.1388502531651997,0.12338125864700558,-0.08170413421164585,0.08412798070566742,0.007421447161930353,0.08412798070566742,0.08412798070566742,-0.07337046552900899,-0.08377439267875764,0.08412798070566742,0.08412798070566742,0.07219173574224873,0.08329603557658632,0.35708836311507897,0.07973643080743059,0.1821097927793281,0.19287644055096037,0.11351892018336017,0.08412798070566742,0.08412798070566742,0.08412798070566742,0.08412798070566742,0.1321054674427949,0.20304360794781612,-0.056918620054943754,0.11618175449641054,0.07554283710272194,0.08412798070566742,0.07940971559679351,0.07735156944782139,-0.08380200489833607,0.08412798070566742,0.08412798070566742,0.08412798070566742,0.01834294758595958,-0.12763895161531832,0.08412798070566742,0.08412798070566742,-0.05877056898596331,0.10245106408505328,0.14099938026251807
ST_Elev_aVF_iqr,0.0592586589812787,0.06610255574121364,0.1552934782523719,1.0,-0.26513473806545795,0.07320044354931467,0.05753756244508661,0.09656093408977398,0.05753756244508661,0.18921962479733925,0.025464444275769632,0.08328383491117126,0.05753756244508661,0.05753756244508661,0.07643064548889035,0.25311751063676996,-0.1328975544327313,0.05753756244508661,0.05753756244508661,-0.0652933208582281,0.05753756244508661,-0.18588567489388372,-0.10494564551590913,-0.054964971874057925,0.05753756244508661,0.07970695842943533,0.13619738734801526,0.28665390611069175,0.052446615933204356,0.05753756244508661,0.19621922343157935,0.09250366213253074,0.05753756244508661,0.0852817661263438,0.05753756244508661,-0.0031373448527831807,0.05753756244508661,0.05753756244508661,0.060099903204477015,0.05753756244508661,-0.0413689984861592,0.05753756244508661,0.05753756244508661,-0.023811412562584712,-0.0534108093136402,0.05753756244508661,0.0898205195979297,0.07030298015491919,0.05753756244508661,0.060025007728260214,0.1968327060025205,0.041529974377189464,0.14190421402482933,0.05753756244508661,-0.04010780358860504,0.05753756244508661,-0.12572401202155065,0.07486628461392156,0.05753756244508661,0.13383400855029198,-0.0043253444930602385,0.09483195525843212,0.05389999920787209,0.05753756244508661,0.07957108038167146,0.05753756244508661,0.0920325469809972,0.05753756244508661,0.2222893043738979,-0.02136417358912124,0.07693312399513322,-0.021318299039113073,-0.10172609059997954,0.39097474514325675,-0.07646782590883353,0.14900575691547413,0.014484074594961763,-0.12729073773463823,0.07894456265949365,0.05753756244508661,0.050748180814257214,0.12244339607620444,0.05753756244508661,-0.010280761830436132,-0.26378590405083563,0.0787113347730133,0.05753756244508661,0.08895483510578724,0.09262904125973205,-0.16530630074639974,0.05753756244508661,0.14260600657030256,-0.09727985624895094,0.09591134244603168,0.044559200342599414,0.07381786839043361,0.05753756244508661,0.05753756244508661,0.14521459021612595,-0.01936874758770066,0.05753756244508661,-0.08841372512247689,0.0352164142585395,0.04550335225334508,0.05753756244508661,0.08903086548659801,0.05753756244508661,0.05753756244508661,-0.04283421008704331,-0.058570732854844994,0.05753756244508661,0.10720414143757089,0.05753756244508661,-0.01790938792124197,0.05753756244508661,-0.10953902558680481,0.03495378259895584,0.01097040804167809,0.09379574431538144,0.13971336354860925,-0.04586151178640548,0.05753756244508661,-0.039031793895788286,0.05753756244508661,0.05753756244508661,-0.032785393757589154,-0.07181553555113147,0.05753756244508661,0.05753756244508661,0.10511599561990288,0.07457694012931973,0.13861092837199085,0.09965169702261613,0.09680544269849407,0.21789491354936108,0.1232516254011866,0.05753756244508661,0.05753756244508661,0.05753756244508661,0.05753756244508661,0.1203126174460037,0.08447513535159773,-0.011089496728786443,0.1634811353985529,0.042462791587960666,0.05753756244508661,0.08261918709977452,0.05595113948610922,-0.0038903515347346027,0.05753756244508661,0.05753756244508661,0.05753756244508661,0.06811985134788862,-0.1869412428731207,0.05753756244508661,0.05753756244508661,-0.09932896265967595,0.10309198100327639,0.10917509790420411
T_Amp_II,-0.006985434055945285,-0.012710591121091545,-0.14332487230691873,-0.26513473806545795,1.0,-0.02784427921750772,-0.12454477200861207,-0.05319057723640784,-0.12454477200861207,-0.21526015202521387,0.10441226508671989,-0.1439667126108644,-0.06997528368534667,-0.12460185981446203,-0.00020969282170227378,-0.2737368337866551,0.31677734684395287,-0.06997528368534667,-0.12454477200861207,0.07571765468909035,-0.12460185981446203,0.613648633697504,0.04881864956294631,0.20007323756808357,-0.12454477200861207,-0.038020805680164194,-0.02932413786426099,-0.12348210430430594,0.05973264864097121,-0.12460185981446203,-0.6792843199247923,-0.041352718256411757,-0.12454477200861207,-0.10546264944043,-0.12460185981446203,0.00274027589561929,-0.12454477200861207,-0.12454477200861207,-0.013356749562686438,-0.12460185981446203,0.05629981182445177,-0.06997528368534667,-0.12454477200861207,0.009601870606434781,0.08907153915506537,-0.12454477200861207,-0.02831384432431195,-0.02171076532376372,-0.12460185981446203,-0.004035963750603515,-0.22217039416636783,0.016520860760152262,-0.020461469094096185,-0.06997528368534667,0.12091590025531648,-0.12454477200861207,0.4178011925937963,-0.020845339875185623,-0.12454477200861207,-0.07392616934610108,0.040193228830206026,-0.009994284941628549,-0.12075822936145594,-0.12454477200861207,-0.10557080340959965,-0.06997528368534667,-0.03922955047282912,-0.12460185981446203,-0.23414767928650404,0.0588720278391025,-0.021349255465915953,-0.019558358918201645,-0.03553220352808934,-0.3502638809034838,0.16062986466023382,-0.013393523048848421,-0.07125361204522651,0.4230980494679512,-0.05879079924552395,-0.12454477200861207,-0.009393595030171427,-0.046816567970458224,-0.06997528368534667,0.015097527996810647,0.7574769560388516,-0.03412684036756076,-0.06997528368534667,0.025148413307330895,-0.03828667081737175,0.4661259705129686,-0.06997528368534667,-0.05882918376016615,0.15101678637076407,0.009185423041107185,-0.009020207340663512,-0.02772520702283019,-0.12454477200861207,-0.12454477200861207,-0.016134937272983763,-0.06608155418210862,-0.12454477200861207,0.07165962746251735,-0.09522227565532902,-0.04770950964355444,-0.06997528368534667,-0.07394782754049577,-0.12454477200861207,-0.12454477200861207,-0.047868349745566745,0.22262915810310255,-0.12454477200861207,0.04141512704671457,-0.12454477200861207,0.09051311471609975,-0.12454477200861207,0.005110854806041433,-0.07760231951925559,0.05780102521405372,-0.06233803118833549,-0.059390762938163755,0.09820531118366786,-0.12454477200861207,-0.02856727346797591,-0.12454477200861207,-0.12454477200861207,-0.06878303293996514,0.06656750587264638,-0.12454477200861207,-0.12454477200861207,0.039720448819524384,-0.26797443339030613,-0.11075756400338839,0.030990713930223412,-0.06402589538142212,-0.25024632731814733,-0.034952884296627955,-0.06997528368534667,-0.12460185981446203,-0.12454477200861207,-0.06997528368534667,-0.07829366578312962,-0.03932167633083293,0.0624228395268227,-0.12927447406920411,-0.01315108437932948,-0.12454477200861207,-0.13985093070828136,-0.0008972805341267464,-0.18995704392305116,-0.12454477200861207,-0.06997528368534667,-0.12460185981446203,-0.008897983207395717,0.6243621014224419,-0.12454477200861207,-0.12454477200861207,0.17459107229365364,-0.12145718628701972,-0.04883043279687798
R_Amp_V1_iqr,0.1461431907562326,0.25313781079398445,0.11096283267683933,0.07320044354931467,-0.02784427921750772,1.0,0.0594029700302421,0.26047258709663573,0.0594029700302421,0.11091445797764996,-0.03055436087895224,0.0422158669642559,0.04863448764480071,0.0593921616787107,0.04534089473166964,0.09577567244462681,0.0023836879469228975,0.04863448764480071,0.0594029700302421,0.030937104319580903,0.0593921616787107,-0.02442922355627721,-0.007659511844037677,-0.01695321476592333,0.0594029700302421,0.367335052049045,0.26851714678421795,0.06084562116160268,-0.01558662998541058,0.0593921616787107,0.0634675386060918,0.3049174887248924,0.0594029700302421,0.02097417478109353,0.0593921616787107,-0.03780780448836488,0.0594029700302421,0.0594029700302421,0.1735158036929642,0.0593921616787107,0.0020197666449691684,0.04863448764480071,0.0594029700302421,-0.004907491221945866,-0.02112678271040767,0.0594029700302421,0.33352793455950697,0.31158034186392153,0.0593921616787107,0.16968462435141052,0.07360654153780745,0.6887165459055453,0.2758371404320288,0.04863448764480071,-0.0193117420338275,0.0594029700302421,0.02519801166010306,0.2585734209196679,0.0594029700302421,0.3583535420714387,-0.005844305791739665,0.04513405942743416,0.059645243349304454,0.0594029700302421,0.04921445362128743,0.04863448764480071,0.3411515166461611,0.0593921616787107,0.1108549192991311,0.03499426630992616,0.30736400395286306,-0.023705298006183456,-0.006517403914590262,0.08244392015912848,-0.016867332187060564,0.2747174473057293,0.023018013722240133,-0.04010584508748363,0.20159486154353945,0.0594029700302421,0.20697591679336338,0.33196784963324966,0.04863448764480071,-0.01607445332360606,-0.0010408965701494582,0.28859646315084175,0.04863448764480071,0.19122044683842693,0.2218278926989063,-0.007830467429739056,0.04863448764480071,0.3580815444303711,0.009176238045728854,0.20281514061162215,0.7186466946059336,0.2508629826846839,0.0594029700302421,0.0594029700302421,0.2749552397755615,-0.017339258476494545,0.0594029700302421,-0.028842065494529733,0.008709028444516575,-0.011113284682286414,0.04863448764480071,0.00047191490613459155,0.0594029700302421,0.0594029700302421,0.0004028529615226722,-0.015971596233707672,0.0594029700302421,0.2333568983342627,0.0594029700302421,-0.009054894748770474,0.0594029700302421,-0.008587487503734219,0.011976765645967618,-0.017556253500199653,0.5703054848241985,0.3548640241456214,-0.06722033776297533,0.0594029700302421,0.009246418334061394,0.0594029700302421,0.0594029700302421,0.0044083737375959,-0.017223796223209572,0.0594029700302421,0.0594029700302421,0.23146276666873083,0.020869291900863125,0.12226830516523766,0.23053574633201276,0.4553287080246612,0.10971348153600119,0.25979090999862403,0.04863448764480071,0.0593921616787107,0.0594029700302421,0.04863448764480071,0.18875023142581626,0.3044379820072811,-0.019110113791485663,0.06961544846223118,0.7180064884154235,0.0594029700302421,0.03282767907157826,0.17857540835547547,0.07279677343359928,0.0594029700302421,0.04863448764480071,0.0593921616787107,0.013233873438786705,-0.03712682428372488,0.0594029700302421,0.0594029700302421,0.005336100800574666,0.15933634878225827,0.25736771832414157
Q_Amp_aVF_count,0.06790553019054868,0.06635620692543828,0.08412798070566742,0.05753756244508661,-0.12454477200861207,0.0594029700302421,1.0,0.06030097295452288,1.0,0.08694877189939484,0.000678137437822989,-0.06693316409513504,0.603090788560821,0.9994987846918347,-0.029627783386201662,0.14645021619350906,0.016348249555918577,0.603090788560821,1.0,-0.04348372779164424,0.9994987846918347,-0.11074052721407537,-0.003355573938472902,-0.2256419483505542,1.0,0.05852663434844684,0.07142356221960657,0.06651173669590207,0.11070511110331886,0.9994987846918347,0.26458951482476206,0.0425403272138691,1.0,0.027194969360224176,0.9994987846918347,-0.1038121481934956,1.0,1.0,0.06040311428282506,0.9994987846918347,-0.05797562997878374,0.603090788560821,1.0,-0.024378368328115206,-0.09658055144073324,1.0,0.04774094671388972,0.0724738351734002,0.9994987846918347,0.08035691536001435,0.05701357539313245,0.0678362680982933,0.08701024754836133,0.603090788560821,-0.20873124555309838,1.0,0.0624173627026633,0.08514110638649797,1.0,0.03373417393427282,0.0011898091077743728,-0.003352257334907129,0.9966467271835502,1.0,0.05425227170748052,0.603090788560821,0.039727304042233326,0.9994987846918347,0.09881925658978595,0.004731921863014278,0.07632484279545822,-0.26047969033519186,-0.06775203001322648,0.06450516253592428,-0.2210212155180474,0.06747600248950884,0.03229128518730253,-0.15147426842969205,0.047653827127011196,1.0,0.0743355529655387,0.03656583084518029,0.603090788560821,-0.2559634497368158,-0.04206583888464519,0.0766653268444405,0.603090788560821,0.05855530987728124,0.08204063206753556,-0.0392021926542863,0.603090788560821,0.03974315376385593,0.02734504939507833,0.10250973952412278,0.06465160773398793,0.08004652575198017,1.0,1.0,0.07310027599799108,-0.14700418951041022,1.0,-0.06375244003260759,-0.06536000809427164,0.024851504163041445,0.603090788560821,-0.01567270747009387,1.0,1.0,-0.09408156646179826,-0.21992244647174078,1.0,0.06290769031358341,1.0,-0.2198824272966781,1.0,-0.03444595888885041,-0.001386748147137618,-0.04756486991241716,0.06786615334111648,0.043485106950388555,-0.9276676623491351,1.0,0.024677036860326528,1.0,1.0,-0.07957618648362544,-0.11655597496988367,1.0,1.0,0.06050882561225699,0.17174128651198467,0.08950849724156083,0.07248997830240783,0.06390108411845473,0.097090976485365,0.08648351946438605,0.603090788560821,0.9994987846918347,1.0,0.603090788560821,0.10541790476646289,0.08082018374733482,-0.09890205189770786,0.06180580048944654,0.05992719128059247,1.0,0.016064666351403734,0.07741930716135245,0.1195936099325498,1.0,0.603090788560821,0.9994987846918347,-0.045964279141403996,-0.16027204272469744,1.0,1.0,-0.16333493014607456,0.0221107577873702,-0.05334602832310683
R_Amp_V5_iqr,0.14897216476892952,0.30372891609450586,0.10357053583888512,0.09656093408977398,-0.05319057723640784,0.26047258709663573,0.06030097295452288,1.0,0.06030097295452287,0.12137189037761908,-0.013861763432052473,0.059729061824233286,0.03438096981743862,0.06030097295452287,0.0737677991287865,0.10203788521971374,-0.02109459702001847,0.03438096981743862,0.06030097295452287,-0.020022644779999058,0.06030097295452287,-0.022204954034544575,-0.06915231319142269,-0.026045508799125025,0.06030097295452287,0.22579579071170822,0.26886139813930904,0.0704309342892115,-0.02007475161025321,0.06030097295452287,0.07755825334417342,0.375803892232395,0.06030097295452287,-0.04856394802065854,0.06030097295452287,-0.05613978613958393,0.06030097295452287,0.06030097295452287,0.7924268245658652,0.06030097295452287,0.039928017706211495,0.03438096981743862,0.06030097295452287,-0.022817586145063955,-0.03530370737698917,0.06030097295452287,0.33280732847405103,0.19274215420620922,0.06030097295452287,0.23726468940530207,0.07377015032871029,0.15399065432335665,0.24206513110765576,0.03438096981743862,-0.05752086159186588,0.06030097295452287,0.01039109464790888,0.20858089478554326,0.06030097295452287,0.30329891035902545,-0.025914577369744306,0.06796936783255036,0.060543894618028365,0.06030097295452287,0.034520918912049975,0.03438096981743862,0.30950473972144843,0.06030097295452287,0.21183573852606463,0.0006444006165362148,0.19274633673794733,-0.03499753155763049,-0.041468302439380586,0.12306729875500419,-0.027000575346291522,0.2697311630464152,0.014456221610934242,-0.0536034713392636,0.2895923527681406,0.06030097295452287,0.7299207806046418,0.38361119499971086,0.03438096981743862,-0.026083358712506874,-0.016933247881305787,0.40650992768614086,0.03438096981743862,0.1697360075900725,0.18915937125690724,-0.004518433211064415,0.03438096981743862,0.3686689395861098,-0.022764760521940222,0.20255710538006952,0.1793623771030101,0.21390562763256754,0.06030097295452287,0.06030097295452287,0.27017582289336106,-0.012101184212343035,0.06030097295452287,-0.033894969356698786,0.053946660211649254,-0.004843827579073597,0.03438096981743862,0.064656674960125,0.06030097295452287,0.06030097295452287,-0.0589891132219865,-0.026252485164822308,0.06030097295452287,0.22108126589955965,0.06030097295452287,-0.0027116987744908367,0.06030097295452287,-0.06181308998913998,0.018566045520546637,0.0035620968445174627,0.3116905797534729,0.34672630432292445,-0.05937463339414312,0.06030097295452287,-0.003185180024825732,0.06030097295452287,0.06030097295452287,0.04576914505669275,-0.03951894138718899,0.06030097295452287,0.06030097295452287,0.2288078348090489,0.04307725537842555,0.11247775484263933,0.19246392247109037,0.3263769193036349,0.1306511633141183,0.24493752158753992,0.03438096981743862,0.06030097295452287,0.06030097295452287,0.03438096981743862,0.09885939011284935,0.26634034472824886,-0.05624573918428517,0.06166337555203133,0.169501673491493,0.06030097295452287,0.06488677825445545,0.25030008770548506,0.014733169325468207,0.06030097295452287,0.03438096981743862,0.06030097295452287,0.02914039822674181,-0.06101974743279978,0.06030097295452287,0.06030097295452287,0.010898033222199625,0.15248578993642325,0.16788279667188932
R_Amp_III_count,0.06790553019054868,0.06635620692543828,0.08412798070566742,0.05753756244508661,-0.12454477200861207,0.0594029700302421,1.0,0.06030097295452287,1.0,0.08694877189939484,0.000678137437822989,-0.06693316409513504,0.603090788560821,0.9994987846918347,-0.029627783386201662,0.14645021619350906,0.016348249555918577,0.603090788560821,1.0,-0.04348372779164424,0.9994987846918347,-0.11074052721407537,-0.003355573938472902,-0.2256419483505542,1.0,0.05852663434844684,0.07142356221960657,0.06651173669590207,0.11070511110331886,0.9994987846918347,0.26458951482476206,0.0425403272138691,1.0,0.027194969360224176,0.9994987846918347,-0.1038121481934956,1.0,1.0,0.06040311428282506,0.9994987846918347,-0.05797562997878374,0.603090788560821,1.0,-0.024378368328115206,-0.09658055144073324,1.0,0.04774094671388972,0.0724738351734002,0.9994987846918347,0.08035691536001435,0.05701357539313245,0.0678362680982933,0.08701024754836133,0.603090788560821,-0.20873124555309838,1.0,0.0624173627026633,0.08514110638649797,1.0,0.03373417393427282,0.0011898091077743728,-0.003352257334907129,0.9966467271835502,1.0,0.05425227170748052,0.603090788560821,0.039727304042233326,0.9994987846918347,0.09881925658978595,0.004731921863014278,0.07632484279545822,-0.26047969033519186,-0.06775203001322648,0.06450516253592428,-0.2210212155180474,0.06747600248950884,0.03229128518730253,-0.15147426842969205,0.047653827127011196,1.0,0.0743355529655387,0.03656583084518029,0.603090788560821,-0.2559634497368158,-0.04206583888464519,0.0766653268444405,0.603090788560821,0.05855530987728124,0.08204063206753556,-0.0392021926542863,0.603090788560821,0.03974315376385593,0.02734504939507833,0.10250973952412278,0.06465160773398793,0.08004652575198017,1.0,1.0,0.07310027599799108,-0.14700418951041022,1.0,-0.06375244003260759,-0.06536000809427164,0.024851504163041445,0.603090788560821,-0.01567270747009387,1.0,1.0,-0.09408156646179826,-0.21992244647174078,1.0,0.06290769031358341,1.0,-0.2198824272966781,1.0,-0.03444595888885041,-0.001386748147137618,-0.04756486991241716,0.06786615334111648,0.043485106950388555,-0.9276676623491351,1.0,0.024677036860326528,1.0,1.0,-0.07957618648362544,-0.11655597496988367,1.0,1.0,0.06050882561225699,0.17174128651198467,0.08950849724156083,0.07248997830240783,0.06390108411845473,0.097090976485365,0.08648351946438605,0.603090788560821,0.9994987846918347,1.0,0.603090788560821,0.10541790476646289,0.08082018374733482,-0.09890205189770786,0.06180580048944654,0.05992719128059247,1.0,0.016064666351403734,0.07741930716135245,0.1195936099325498,1.0,0.603090788560821,0.9994987846918347,-0.045964279141403996,-0.16027204272469744,1.0,1.0,-0.16333493014607456,0.0221107577873702,-0.05334602832310683
ST_Elev_V4_iqr,0.0786042137793786,0.20276282114520966,0.3441211239753242,0.18921962479733925,-0.21526015202521387,0.11091445797764996,0.08694877189939484,0.12137189037761908,0.08694877189939484,1.0,0.04295586291462436,0.08652011060428706,0.08694877189939479,0.08694877189939479,0.07007827830036102,0.23433369236130044,-0.2281893173798622,0.08694877189939479,0.08694877189939479,-0.06909903838879575,0.08694877189939479,-0.23515198895775172,-0.09205926583345896,-0.13144979693522962,0.08694877189939479,0.09720678503137027,0.10916376208845319,0.09970232272121492,0.05839813401786137,0.08694877189939479,0.23620206763102558,0.16929005396935695,0.08694877189939479,0.09128306023403772,0.08694877189939479,-0.09962512702166591,0.08694877189939479,0.08694877189939479,0.118267858908426,0.08694877189939479,0.03807082258851661,0.08694877189939479,0.08694877189939479,-0.014089632824206529,-0.03924037530695505,0.08694877189939479,0.09398973104190554,0.09789417592452597,0.08694877189939479,0.09576110981357012,0.2000258399885691,0.07821324412143418,0.11164948241550428,0.08694877189939479,-0.10106313503157749,0.08694877189939479,-0.029868090343313138,0.11013442769042905,0.08694877189939479,0.11661638818201417,0.005776746389729096,0.08723822871802299,0.08492268277801966,0.08694877189939479,0.09699262320545221,0.08694877189939479,0.10684343549339081,0.08694877189939479,0.3936620745617019,-0.022386922499126247,0.09805799144689416,-0.05483782141271792,-0.10325259984928124,0.23657458030647643,-0.10345237939953957,0.10815549906847632,0.04724984905109902,-0.191673902507337,0.18273840806280864,0.08694877189939479,0.11013295410661986,0.1066429128312232,0.08694877189939479,-0.0590158341596037,-0.1395889202461624,0.11231922346225669,0.08694877189939479,0.08123787507917848,0.10687803867452118,-0.28027045274864637,0.08694877189939479,0.11595473153233782,-0.1677890300596351,0.09766195531562027,0.08044943395167735,0.11244992399148174,0.08694877189939479,0.08694877189939479,0.11384017666930994,-0.03783662939716211,0.08694877189939479,-0.09602319013918495,0.02110240286797071,0.060732971136963076,0.08694877189939479,0.07469673103239631,0.08694877189939479,0.08694877189939479,-0.09442322088525097,-0.11964919125124945,0.08694877189939479,0.0873439841485721,0.08694877189939479,-0.1336025790354726,0.08694877189939479,-0.10146133563510176,0.03909618339728924,0.027459291252967657,0.12534132733784534,0.11628402624274858,-0.08034329047863648,0.08694877189939479,-0.009171515585219125,0.08694877189939479,0.08694877189939479,-0.08373764608330425,-0.09730508063956025,0.08694877189939479,0.08694877189939479,0.08020350808342104,0.13157410126628288,0.22203032190267463,0.0839025349474598,0.13014732702440085,0.29219612849748794,0.12012226867879346,0.08694877189939479,0.08694877189939479,0.08694877189939479,0.08694877189939479,0.10596514445625974,0.1184482969890967,-0.08999354154672701,0.1272239216273557,0.08222657168767168,0.08694877189939479,0.08245709957983426,0.09312450603280656,-0.009293968780603266,0.08694877189939479,0.08694877189939479,0.08694877189939479,0.03977738296971874,-0.20440023157906342,0.08694877189939479,0.08694877189939479,-0.04899537505488252,0.11955707213285109,0.12774195845625194
R_Amp_V1,-0.03223196999636977,-0.015434397041091865,0.08588632210816147,0.025464444275769632,0.10441226508671989,-0.03055436087895224,0.000678137437822989,-0.013861763432052473,0.000678137437822989,0.04295586291462436,1.0,-0.1126466032108686,-0.0075423034180836296,0.0005170202540875773,0.010711671019211728,-0.0030939900570184312,-0.26052290757257446,-0.0075423034180836296,0.0006781374378229809,-0.3434391845343745,0.0005170202540875773,0.18814519553625356,0.053951419129429586,0.12668805750562964,0.0006781374378229809,0.0029773932369545233,0.01271037219095424,0.022497093881311735,0.3858226458972229,0.0005170202540875773,-0.21405041098821373,-0.03003107561330544,0.0006781374378229809,0.06633289829223711,0.0005170202540875773,0.22823321299867108,0.0006781374378229809,0.0006781374378229809,-0.020580484131514344,0.0005170202540875773,-0.06809227588000694,-0.0075423034180836296,0.0006781374378229809,-0.09692067538130372,0.27095457525547156,0.0006781374378229809,0.015960548727498705,0.01263037841756622,0.0005170202540875773,-0.03187138525914625,0.0256812163778635,0.03415742126845287,-0.0024947165579394127,-0.0075423034180836296,0.1916270086009158,0.0006781374378229809,-0.14385937304679788,-0.020946015158237134,0.0006781374378229809,-0.04482960026824436,0.043409446740498535,0.07403767499568503,0.002031173457780906,0.0006781374378229809,0.039689169431841385,-0.0075423034180836296,-0.01952833473342461,0.0005170202540875773,0.00903050264354167,0.14540666206811528,0.009438897682637967,-0.22782822698984828,-0.23559667299695117,0.0003019679933801059,0.13204676170725696,0.010639569631769989,0.10027705296471585,0.26779847416278124,-0.021067862221987477,0.0006781374378229809,-0.010123495590448188,0.011826771521763844,-0.0075423034180836296,-0.15542747144829855,-0.03187949397677093,0.005107649917936928,-0.0075423034180836296,-0.060520310421863274,0.011917097361616285,-0.03557045564351142,-0.0075423034180836296,-0.006155753270825434,-0.40671784814470757,0.00586435718123756,0.005066433660589183,-0.029847108146858176,0.0006781374378229809,0.0006781374378229809,0.0053835888403877,-0.34210447145758777,0.0006781374378229809,-0.15947267048642874,-0.34274471009129454,0.03390069160325854,-0.0075423034180836296,-0.18457449891078864,0.0006781374378229809,0.0006781374378229809,-0.19338991442845957,0.18717957391876994,0.0006781374378229809,0.0038765144627223845,0.0006781374378229809,-0.05200934649921618,0.0006781374378229809,-0.07312760819065167,-0.03620559129650177,0.5896841527586383,-0.015566996039344576,-0.028293319461386406,-0.0014080594897788532,0.0006781374378229809,0.0006123949549557878,0.0006781374378229809,0.0006781374378229809,-0.2954676887361449,0.02134721810061488,0.0006781374378229809,0.0006781374378229809,-0.0199027973480266,-0.22427341078993282,0.12036629484613076,-0.05622340999215729,-0.022178797351330763,0.0038633766457373186,0.031886960309410455,-0.0075423034180836296,0.0005170202540875773,0.0006781374378229809,-0.0075423034180836296,0.07899492844806164,-0.013194309291628487,0.14596985866228349,0.022618966560180774,0.011405517883746878,0.0006781374378229809,0.017126110503606313,-0.0020293125506892764,-0.5703879542636776,0.0006781374378229809,-0.0075423034180836296,0.0005170202540875773,0.017419165874817306,0.2799368896646476,0.0006781374378229809,0.0006781374378229809,0.024817478452315647,-0.08165810151875529,0.03800742787397325
QRS_Dur_Global,0.10552697925798275,0.04464927768708502,0.051341462125945106,0.08328383491117126,-0.1439667126108644,0.0422158669642559,-0.06693316409513504,0.059729061824233286,-0.06693316409513504,0.08652011060428706,-0.1126466032108686,1.0,-0.017006669088468585,-0.06700482822368825,0.20692181419064296,0.16645397586786242,0.0901301911685706,-0.017006669088468585,-0.066933164095135,-0.22123095547812585,-0.06700482822368825,-0.1933685248805859,-0.29908404347968937,-0.1371531719037316,-0.066933164095135,0.053012418936533426,0.04236699276609327,-0.00619255968359556,0.2112818628072561,-0.06700482822368825,0.2770120210248276,0.07009092094461154,-0.066933164095135,0.24910561363535866,-0.06700482822368825,-0.29649244263921193,-0.066933164095135,-0.066933164095135,0.05583236841202011,-0.06700482822368825,0.17237422047743328,-0.017006669088468585,-0.066933164095135,-0.11649571689232502,-0.2930495411959304,-0.066933164095135,0.0863539576181924,0.07271432201964063,-0.06700482822368825,0.06784778252461554,0.11397336091590883,0.032791817982885246,0.054121432106115024,-0.017006669088468585,-0.21175757701575265,-0.066933164095135,0.17592372573312193,0.058807577305655244,-0.066933164095135,0.055878041160922556,-0.18404933875466553,0.2621821296892316,-0.06680158666667606,-0.066933164095135,0.3519671211463736,-0.017006669088468585,0.08404666512790218,-0.06700482822368825,0.10593974203498965,-0.38215152225895604,0.05844278581559025,-0.00440430490366197,-0.32416576399915514,0.15591775364238192,-0.08003811338481522,0.03249321452426657,0.2216395762593176,-0.2890702640724528,0.08273031499326448,-0.066933164095135,0.0212653872239086,0.07986293621736126,-0.017006669088468585,0.037022687469166975,0.022848040113269446,0.04938138473882919,-0.017006669088468585,0.1538168753157585,0.05128612716890027,-0.007445384605464572,-0.017006669088468585,0.05629985886527139,0.1294048653049614,0.0734493886910143,0.04851207126164597,0.06473985449928196,-0.066933164095135,-0.066933164095135,0.03800821055262124,0.060297735806613684,-0.066933164095135,-0.2563544353915062,0.0013823577739488873,0.013170208409705949,-0.017006669088468585,0.19276341155380178,-0.066933164095135,-0.066933164095135,-0.21948379932454057,-0.17574822702216175,-0.066933164095135,0.09071878768922495,-0.066933164095135,0.004681711383479105,-0.066933164095135,-0.34128767421647627,0.03962867969440276,-0.17916380151795688,0.08265849283325223,0.05300679687515621,0.07468343384534382,-0.066933164095135,0.11485293147699381,-0.066933164095135,-0.066933164095135,-0.17306103850613636,-0.3271081786242738,-0.066933164095135,-0.066933164095135,0.11783931141544754,0.18882180693437342,0.027309225652897933,0.12870084086390698,0.07598945474184703,0.09299639398589182,0.02923430403739563,-0.017006669088468585,-0.06700482822368825,-0.066933164095135,-0.017006669088468585,-0.03698202313954735,0.05587393485855799,-0.246381097694257,0.020206616483820744,0.01026116770332036,-0.066933164095135,0.17938347573575603,0.009343246375103115,0.2925066633941404,-0.066933164095135,-0.017006669088468585,-0.06700482822368825,0.027264871379264408,-0.28779361203351045,-0.066933164095135,-0.066933164095135,0.04492315100090815,0.2764073736009215,0.05920991215452418
ST_Elev_V1_count,0.05552388725672591,0.05785452866097813,0.08412798070566742,0.05753756244508661,-0.06997528368534667,0.04863448764480071,0.603090788560821,0.03438096981743862,0.603090788560821,0.08694877189939479,-0.0075423034180836296,-0.017006669088468585,1.0,0.6032606536379885,-0.006277884862554382,0.14645021619350906,0.024136774213720822,1.0,0.6030907885608209,-0.028785883139884966,0.6032606536379885,-0.06698045225821184,-0.021972830464454685,-0.2256419483505542,0.6030907885608209,0.049805323320518624,0.0619983179420338,0.06651173669590207,0.06286628375905794,0.6032606536379885,0.15958025955028002,0.037616759132044014,0.6030907885608209,0.022836653645909682,0.6032606536379885,-0.07358988607428933,0.6030907885608209,0.6030907885608209,0.03296560175869315,0.6032606536379885,-0.05797562997878374,1.0,0.6030907885608209,-0.014001128519824949,-0.061538759591211876,0.6030907885608209,0.03292551726906371,0.061619650505808025,0.6032606536379885,0.049625147526543706,0.05701357539313245,0.057460245394809616,0.06480786391104335,1.0,-0.20873124555309838,0.6030907885608209,0.047055135334825186,0.07042262449848506,0.6030907885608209,0.02887533184786346,-0.0021770642006239626,0.009837487234289042,0.600690651573292,0.6030907885608209,0.03449797139710492,1.0,0.02998558321491976,0.6032606536379885,0.09881925658978595,0.0010140402694029885,0.06001152216915462,-0.26047969033519186,-0.053081938196110984,0.06450516253592428,-0.2210212155180474,0.054383318314955444,0.021669284031175778,-0.09441538334073056,0.03695628496414987,0.6030907885608209,0.04738287559329846,0.030684688562610786,1.0,-0.2559634497368158,-0.01347913685232939,0.04495140364940444,1.0,0.04532113917755112,0.0687354086521867,-0.01142323369699784,1.0,0.028946004403353296,0.026989263705054244,0.08594266365133524,0.05288378966158771,0.06448899540664517,0.6030907885608209,0.6030907885608209,0.056255619944319046,-0.14700418951041022,0.6030907885608209,-0.04238722011061444,-0.02388132230997851,0.0066733194031558096,1.0,0.009374181789287533,0.6030907885608209,0.6030907885608209,-0.04758054888583204,-0.21992244647174078,0.6030907885608209,0.05922969297058081,0.6030907885608209,-0.2198824272966781,0.6030907885608209,-0.04064251422576443,0.003430767624331134,-0.029011892625643562,0.04736020392897645,0.035606365532755445,-0.5521613041619947,0.6030907885608209,0.016851921786110016,0.6030907885608209,0.6030907885608209,-0.041310587908133,-0.07462765381767635,0.6030907885608209,0.6030907885608209,0.05017011784297683,0.17174128651198467,0.08950849724156083,0.052356873815606095,0.04288563015703014,0.097090976485365,0.07409911655753261,1.0,0.6032606536379885,0.6030907885608209,1.0,0.10541790476646289,0.06296279453136,-0.09890205189770786,0.06180580048944654,0.05545197100423101,0.6030907885608209,0.01952533143290476,0.04513895811952199,0.08387336981175895,0.6030907885608209,1.0,0.6032606536379885,-0.027047124614756654,-0.09898077475900603,0.6030907885608209,0.6030907885608209,-0.16333493014607456,0.02608058310188458,-0.028418246069887482
T_Amp_V4_count,0.06789842659816078,0.06635620692543828,0.08412798070566742,0.05753756244508661,-0.12460185981446203,0.0593921616787107,0.9994987846918347,0.06030097295452287,0.9994987846918347,0.08694877189939479,0.0005170202540875773,-0.06700482822368825,0.6032606536379885,1.0,-0.029548662841467774,0.14645021619350906,0.016601151978123306,0.6032606536379885,0.9994987846918347,-0.0434789723832146,1.0,-0.11074052721407537,-0.003422854194407884,-0.2256419483505542,0.9994987846918347,0.05846065312406245,0.07136937709476715,0.06651173669590207,0.11055465282381699,1.0,0.26463143162521396,0.0425403272138691,0.9994987846918347,0.027194969360224176,1.0,-0.10391057732172888,0.9994987846918347,0.9994987846918347,0.06040311428282506,1.0,-0.05797562997878374,0.6032606536379885,0.9994987846918347,-0.024347881692994542,-0.09658878792786868,0.9994987846918347,0.047748976738926176,0.0724205048303915,1.0,0.08035691536001435,0.05701357539313245,0.06779554275923796,0.08693368191146912,0.6032606536379885,-0.20873124555309838,0.9994987846918347,0.062482874841370016,0.08495545402851871,0.9994987846918347,0.03377781755289671,0.001136715540958565,-0.003296471029476274,0.9961429333636146,0.9994987846918347,0.05425227170748052,0.6032606536379885,0.039811537563485794,1.0,0.09881925658978595,0.004676745564148951,0.07630968930981546,-0.26047969033519186,-0.0676813127175391,0.06450516253592428,-0.2210212155180474,0.06748730514024699,0.03232886096602493,-0.15159858356067465,0.047653827127011196,0.9994987846918347,0.0743355529655387,0.03655516493415626,0.6032606536379885,-0.2559634497368158,-0.042099255911570495,0.0766653268444405,0.6032606536379885,0.058510112194825985,0.08203252069696246,-0.0392021926542863,0.6032606536379885,0.039813781924592936,0.027388651737538305,0.10247007163278543,0.06458784628261777,0.07992121231812876,0.9994987846918347,0.9994987846918347,0.07310009217606514,-0.14700418951041022,0.9994987846918347,-0.06379123266296916,-0.06524784019247389,0.0246833505362022,0.6032606536379885,-0.015634083695821883,0.9994987846918347,0.9994987846918347,-0.09408156646179826,-0.21992244647174078,0.9994987846918347,0.06288388655247192,0.9994987846918347,-0.2198824272966781,0.9994987846918347,-0.034450566589494976,-0.001299584596769262,-0.047622897404073064,0.06780155676637953,0.04349981017165433,-0.9271618506868925,0.9994987846918347,0.024738840318481017,0.9994987846918347,0.9994987846918347,-0.07957618648362544,-0.11655597496988367,0.9994987846918347,0.9994987846918347,0.060508799703227256,0.17174128651198467,0.08950849724156083,0.07250216892814063,0.06372031757020583,0.097090976485365,0.08642329787604879,0.6032606536379885,1.0,0.9994987846918347,0.6032606536379885,0.10541790476646289,0.07964680794869936,-0.09890205189770786,0.06180580048944654,0.05987968311915117,0.9994987846918347,0.016064666351403734,0.07741930716135245,0.11967227109566107,0.9994987846918347,0.6032606536379885,1.0,-0.04589316735717042,-0.16027204272469744,0.9994987846918347,0.9994987846918347,-0.16333493014607456,0.021811918120766476,-0.05333845773569821
Q_Amp_aVF,0.035524112265360085,0.044892301751361434,0.03759261184512628,0.07643064548889035,-0.00020969282170227378,0.04534089473166964,-0.029627783386201662,0.0737677991287865,-0.029627783386201662,0.07007827830036102,0.010711671019211728,0.20692181419064296,-0.006277884862554382,-0.029548662841467774,1.0,0.0775719733168023,-0.02719108254524281,-0.006277884862554391,-0.02962778338620163,-0.1137891439023277,-0.029548662841467743,-0.11305376313803366,-0.5215716561236892,-0.024173394878420112,-0.02962778338620163,0.019596498507549527,0.060511630433616466,0.023942737054978434,0.06972223393795594,-0.029548662841467743,0.1324992152936679,0.07736180144418243,-0.02962778338620163,0.25279048435317664,-0.029548662841467743,-0.21750212257052665,-0.02962778338620163,-0.02962778338620163,0.061651058803017335,-0.029548662841467743,0.17889969233625028,-0.006277884862554391,-0.02962778338620163,-0.12039681417431948,-0.11124812747046535,-0.02962778338620163,0.13503832755265127,0.04238452520938637,-0.029548662841467743,0.06327134242402538,0.046295155272696634,0.046083448297443964,0.04342905053465898,-0.006277884862554391,-0.09660964429854525,-0.02962778338620163,0.1841030398713604,0.03903535582708397,-0.02962778338620163,0.07019834908189844,-0.059619454131431764,0.5669121342404584,-0.02878184035808882,-0.02962778338620163,0.26865994564532997,-0.006277884862554391,0.15356511131224107,-0.029548662841467743,0.08572548257672122,-0.07242286875443098,0.04277998188463863,-0.037508063155011415,-0.36458100539356914,0.09461421207732523,0.02866773976407708,0.03819327287859771,-0.13725559619204514,-0.1106459393966782,0.07371012100044359,-0.02962778338620163,0.035425201765735735,0.10704125745587717,-0.006277884862554391,0.001338895367059397,0.11549313225031789,0.08649048873636554,-0.006277884862554391,0.061069498011645504,0.04995948960275162,-0.07149779812101313,-0.006277884862554391,0.06344435366438918,-0.022450464134887316,0.05397328321948432,0.056809502647089026,0.05338325082877583,-0.02962778338620163,-0.02962778338620163,0.04956780954172849,-0.0013156221709391424,-0.02962778338620163,-0.25472152615279176,0.1859056098182944,0.031546447579352786,-0.006277884862554391,0.3874066293649416,-0.02962778338620163,-0.02962778338620163,-0.16047496543617112,-0.023365727971102784,-0.02962778338620163,0.1356223330903129,-0.02962778338620163,0.014292778050970935,-0.02962778338620163,-0.621796467114318,0.05827704339526112,0.04443917471472087,0.04277038516510214,0.059916463601504086,0.03530908400144643,-0.02962778338620163,-0.4028394383644409,-0.02962778338620163,-0.02962778338620163,-0.14793466845933184,-0.19171607005709745,-0.02962778338620163,-0.02962778338620163,0.19538193378990365,0.054500704398316155,0.03569947061322694,0.10638872789555937,0.0575451294997846,0.07929532570652,0.05702711793156416,-0.006277884862554391,-0.029548662841467743,-0.02962778338620163,-0.006277884862554391,0.018523476016983557,0.030096306697378825,-0.18489001661116572,-7.121147465044293e-05,0.028010602156502928,-0.02962778338620163,0.19779509286437832,0.0477599572561684,0.059387931237135864,-0.02962778338620163,-0.006277884862554391,-0.029548662841467743,0.6281052863577712,-0.12130311550996621,-0.02962778338620163,-0.02962778338620163,0.11555150764379313,0.06972659257741119,0.019811139068289678
ST_Elev_aVR_iqr,0.09243099734889713,0.07326618711289655,0.16540758475652764,0.25311751063676996,-0.2737368337866551,0.09577567244462681,0.14645021619350906,0.10203788521971374,0.14645021619350906,0.23433369236130044,-0.0030939900570184312,0.16645397586786242,0.14645021619350906,0.14645021619350906,0.0775719733168023,1.0,-0.0967134789890724,0.14645021619350912,0.14645021619350912,-0.08231864572054798,0.14645021619350912,-0.25085540357628444,-0.12564109945571078,-0.1421532522234732,0.14645021619350912,0.08635590855398895,0.11836659300795564,0.1259605123963271,0.1227972249154467,0.14645021619350912,0.394441037277159,0.09066047840701283,0.14645021619350912,0.11285813951952366,0.14645021619350912,-0.1723392849172909,0.14645021619350912,0.14645021619350912,0.07600165660259255,0.14645021619350912,0.04709890230223121,0.14645021619350912,0.14645021619350912,-0.05239553908667077,-0.10755221192798142,0.14645021619350912,0.11042562537969483,0.08239924467021477,0.14645021619350912,0.05697197880947331,0.40274884454749016,0.059765025499876966,0.12078382406608326,0.14645021619350912,-0.1353918169891054,0.14645021619350912,0.017203583881305405,0.0807410599879133,0.14645021619350912,0.10219530099661829,-0.01801594684926984,0.10509456081215146,0.1455707426790109,0.14645021619350912,0.1417502378298216,0.14645021619350912,0.11101245353284561,0.14645021619350912,0.30882136773134683,-0.047576858855421386,0.0807116687215315,-0.08171177784187235,-0.15387560453412719,0.3952879675868696,-0.1184962014663007,0.10584459451862416,0.08370002988258855,-0.28252367179665333,0.07486530361143602,0.14645021619350912,0.06780147454773937,0.11020590586803378,0.14645021619350912,-0.0786110303984225,-0.14765528130840605,0.08335988485074877,0.14645021619350912,0.09164930693818872,0.12197202090846333,-0.1805935906116514,0.14645021619350912,0.10660630497388862,-0.06193503174346456,0.11836416722523176,0.061290423671216496,0.08524880503614217,0.14645021619350912,0.14645021619350912,0.10135235799939961,-0.003967520434656711,0.14645021619350912,-0.12779265132257553,-0.012565526250901776,0.05573015122558974,0.14645021619350912,0.08393875233460464,0.14645021619350912,0.14645021619350912,-0.08438336770491853,-0.15943375182566502,0.14645021619350912,0.09676571606651994,0.14645021619350912,-0.07960079370804687,0.14645021619350912,-0.1491058160079635,0.033197747790529246,-0.021398412867793218,0.11498160419716756,0.10475673605534772,-0.1280558462176926,0.14645021619350912,0.014463485289888944,0.14645021619350912,0.14645021619350912,-0.07318832850008654,-0.12405360932129336,0.14645021619350912,0.14645021619350912,0.09503537148728469,0.07767761126838808,0.15517638286363578,0.09241803380830545,0.10857699050468128,0.31935467440922083,0.15373911561222112,0.14645021619350912,0.14645021619350912,0.14645021619350912,0.14645021619350912,0.11941878514110037,0.08674432975300113,-0.1206632676806658,0.20039190729856093,0.05712043519518606,0.14645021619350912,0.09081397716404,0.047186094067843284,0.10939483704816863,0.14645021619350912,0.14645021619350912,0.14645021619350912,0.02785735193284108,-0.2743235084013002,0.14645021619350912,0.14645021619350912,-0.049187524384808494,0.1294941470244566,0.1171773378251231
T_Amp_V3,0.03749853833769356,0.0106297086276975,-0.26959847663807757,-0.1328975544327313,0.31677734684395287,0.0023836879469228975,0.016348249555918577,-0.02109459702001847,0.016348249555918577,-0.2281893173798622,-0.26052290757257446,0.0901301911685706,0.024136774213720822,0.016601151978123306,-0.02719108254524281,-0.0967134789890724,1.0,0.02413677421372082,0.01634824955591859,0.07588528051391881,0.016601151978123323,0.4112494459631328,0.024940497007929288,0.032973422235660854,0.01634824955591859,0.035084198009271664,-0.019937080941991373,-0.06986402452420719,-0.016350293903041123,0.016601151978123323,-0.22357300551730425,0.008889503481796466,0.01634824955591859,-0.08375015856052292,0.016601151978123323,0.032761798770006956,0.01634824955591859,0.01634824955591859,-0.010072119029717073,0.016601151978123323,-0.010384422889682388,0.02413677421372082,0.01634824955591859,-0.004239603593699769,-0.2213373828450763,0.01634824955591859,-0.02872502927140926,0.010144760262534224,0.016601151978123323,0.011733380151653185,-0.130970269193225,0.006200417031009757,0.006266069974463637,0.02413677421372082,-0.007183220251792501,0.01634824955591859,0.14582558191422415,-0.012965581995010125,0.01634824955591859,-0.0277650638018701,-0.15314953360728234,-0.04740091684073324,0.020048486177067986,0.01634824955591859,-0.019754857258926797,0.02413677421372082,-0.023452335608364756,0.016601151978123323,-0.17044730905434377,-0.17376337730452013,0.005139167698257616,0.02929122488850912,0.038513312583357266,-0.1467721047353308,0.021874915815718595,-0.010293618941842048,-0.017458207258999034,0.189430034945158,-0.03669894176468711,0.01634824955591859,-0.00942257908276697,-0.029265220961691738,0.02413677421372082,0.02178437110919336,0.27426932029717715,-0.033104096619975,0.02413677421372082,0.06226214169058195,-0.01538825954299799,0.7224337357855061,0.02413677421372082,-0.03756939725228484,0.763860580385743,0.015124336035933477,0.02135459512085417,-0.006567895302037987,0.01634824955591859,0.01634824955591859,-0.0022773983978371915,0.10467812786489131,0.01634824955591859,0.0671820000236318,-0.02328916855620154,-0.1459859424810461,0.02413677421372082,-0.02875144453977794,0.01634824955591859,0.01634824955591859,0.10288615441886989,-0.006774006480145974,0.01634824955591859,0.006036744162842771,0.01634824955591859,0.11558117960246282,0.01634824955591859,0.025455656806451125,0.0028866650175498115,-0.29789704116230603,0.007220787251113968,-0.02421650122455273,-0.01922861045907042,0.01634824955591859,0.04106970429822174,0.01634824955591859,0.01634824955591859,0.12655571475375427,-0.02776818080495492,0.01634824955591859,0.01634824955591859,0.042153489432663394,-0.05587925356395499,-0.22086699864209217,0.052629902760505484,-0.024634634763055215,-0.1726553855599114,-0.049511980608442314,0.02413677421372082,0.016601151978123323,0.01634824955591859,0.02413677421372082,-0.08554268948612789,-0.01589681754664625,0.0057357987022796,-0.0707555628361461,0.012986020878343937,0.01634824955591859,-0.06250971658989131,-0.01157779226133156,0.3655636296023725,0.01634824955591859,0.02413677421372082,0.016601151978123323,-0.04285992391204153,0.19971191954708556,0.01634824955591859,0.01634824955591859,0.032345091583802076,-0.0565675410950776,-0.025866758211116465
ST_Elev_I_count,0.05552388725672591,0.05785452866097813,0.08412798070566742,0.05753756244508661,-0.06997528368534667,0.04863448764480071,0.603090788560821,0.03438096981743862,0.603090788560821,0.08694877189939479,-0.0075423034180836296,-0.017006669088468585,1.0,0.6032606536379885,-0.006277884862554391,0.14645021619350912,0.02413677421372082,1.0,0.6030907885608209,-0.028785883139884966,0.6032606536379885,-0.06698045225821184,-0.021972830464454685,-0.2256419483505542,0.6030907885608209,0.049805323320518624,0.0619983179420338,0.06651173669590207,0.06286628375905794,0.6032606536379885,0.15958025955028002,0.037616759132044014,0.6030907885608209,0.022836653645909682,0.6032606536379885,-0.07358988607428933,0.6030907885608209,0.6030907885608209,0.03296560175869315,0.6032606536379885,-0.05797562997878374,1.0,0.6030907885608209,-0.014001128519824949,-0.061538759591211876,0.6030907885608209,0.03292551726906371,0.061619650505808025,0.6032606536379885,0.049625147526543706,0.05701357539313245,0.057460245394809616,0.06480786391104335,1.0,-0.20873124555309838,0.6030907885608209,0.047055135334825186,0.07042262449848506,0.6030907885608209,0.02887533184786346,-0.0021770642006239626,0.009837487234289042,0.600690651573292,0.6030907885608209,0.03449797139710492,1.0,0.02998558321491976,0.6032606536379885,0.09881925658978595,0.0010140402694029885,0.06001152216915462,-0.26047969033519186,-0.053081938196110984,0.06450516253592428,-0.2210212155180474,0.054383318314955444,0.021669284031175778,-0.09441538334073056,0.03695628496414987,0.6030907885608209,0.04738287559329846,0.030684688562610786,1.0,-0.2559634497368158,-0.01347913685232939,0.04495140364940444,1.0,0.04532113917755112,0.0687354086521867,-0.01142323369699784,1.0,0.028946004403353296,0.026989263705054244,0.08594266365133524,0.05288378966158771,0.06448899540664517,0.6030907885608209,0.6030907885608209,0.056255619944319046,-0.14700418951041022,0.6030907885608209,-0.04238722011061444,-0.02388132230997851,0.0066733194031558096,1.0,0.009374181789287533,0.6030907885608209,0.6030907885608209,-0.04758054888583204,-0.21992244647174078,0.6030907885608209,0.05922969297058081,0.6030907885608209,-0.2198824272966781,0.6030907885608209,-0.04064251422576443,0.003430767624331134,-0.029011892625643562,0.04736020392897645,0.035606365532755445,-0.5521613041619947,0.6030907885608209,0.016851921786110016,0.6030907885608209,0.6030907885608209,-0.041310587908133,-0.07462765381767635,0.6030907885608209,0.6030907885608209,0.05017011784297683,0.17174128651198467,0.08950849724156083,0.052356873815606095,0.04288563015703014,0.097090976485365,0.07409911655753261,1.0,0.6032606536379885,0.6030907885608209,1.0,0.10541790476646289,0.06296279453136,-0.09890205189770786,0.06180580048944654,0.05545197100423101,0.6030907885608209,0.01952533143290476,0.04513895811952199,0.08387336981175895,0.6030907885608209,1.0,0.6032606536379885,-0.027047124614756654,-0.09898077475900603,0.6030907885608209,0.6030907885608209,-0.16333493014607456,0.02608058310188458,-0.028418246069887482
T_Amp_aVF_count,0.06790553019054868,0.06635620692543828,0.08412798070566742,0.05753756244508661,-0.12454477200861207,0.0594029700302421,1.0,0.06030097295452287,1.0,0.08694877189939479,0.0006781374378229809,-0.066933164095135,0.6030907885608209,0.9994987846918347,-0.02962778338620163,0.14645021619350912,0.01634824955591859,0.6030907885608209,1.0,-0.04348372779164424,0.9994987846918347,-0.11074052721407537,-0.003355573938472902,-0.2256419483505542,1.0,0.05852663434844684,0.07142356221960657,0.06651173669590207,0.11070511110331886,0.9994987846918347,0.26458951482476206,0.0425403272138691,1.0,0.027194969360224176,0.9994987846918347,-0.1038121481934956,1.0,1.0,0.06040311428282506,0.9994987846918347,-0.05797562997878374,0.603090788560821,1.0,-0.024378368328115206,-0.09658055144073324,1.0,0.04774094671388972,0.0724738351734002,0.9994987846918347,0.08035691536001435,0.05701357539313245,0.0678362680982933,0.08701024754836133,0.603090788560821,-0.20873124555309838,1.0,0.0624173627026633,0.08514110638649797,1.0,0.03373417393427282,0.0011898091077743728,-0.003352257334907129,0.9966467271835502,1.0,0.05425227170748052,0.603090788560821,0.039727304042233326,0.9994987846918347,0.09881925658978595,0.004731921863014278,0.07632484279545822,-0.26047969033519186,-0.06775203001322648,0.06450516253592428,-0.2210212155180474,0.06747600248950884,0.03229128518730253,-0.15147426842969205,0.047653827127011196,1.0,0.0743355529655387,0.03656583084518029,0.603090788560821,-0.2559634497368158,-0.04206583888464519,0.0766653268444405,0.603090788560821,0.05855530987728124,0.08204063206753556,-0.0392021926542863,0.603090788560821,0.03974315376385593,0.02734504939507833,0.10250973952412278,0.06465160773398793,0.08004652575198017,1.0,1.0,0.07310027599799108,-0.14700418951041022,1.0,-0.06375244003260759,-0.06536000809427164,0.024851504163041445,0.603090788560821,-0.01567270747009387,1.0,1.0,-0.09408156646179826,-0.21992244647174078,1.0,0.06290769031358341,1.0,-0.2198824272966781,1.0,-0.03444595888885041,-0.001386748147137618,-0.04756486991241716,0.06786615334111648,0.043485106950388555,-0.9276676623491351,1.0,0.024677036860326528,1.0,1.0,-0.07957618648362544,-0.11655597496988367,1.0,1.0,0.06050882561225699,0.17174128651198467,0.08950849724156083,0.07248997830240783,0.06390108411845473,0.097090976485365,0.08648351946438605,0.603090788560821,0.9994987846918347,1.0,0.603090788560821,0.10541790476646289,0.08082018374733482,-0.09890205189770786,0.06180580048944654,0.05992719128059247,1.0,0.016064666351403734,0.07741930716135245,0.1195936099325498,1.0,0.603090788560821,0.9994987846918347,-0.045964279141403996,-0.16027204272469744,1.0,1.0,-0.16333493014607456,0.0221107577873702,-0.05334602832310683
Q_Amp_V1,-0.030711704365310923,-0.037697397242439694,-0.0484496342358974,-0.0652933208582281,0.07571765468909035,0.030937104319580903,-0.04348372779164424,-0.020022644779999058,-0.04348372779164424,-0.06909903838879575,-0.3434391845343745,-0.22123095547812585,-0.028785883139884966,-0.0434789723832146,-0.1137891439023277,-0.08231864572054798,0.07588528051391881,-0.028785883139884966,-0.04348372779164424,1.0,-0.043478972383214555,0.08056557078303658,0.12519693779656668,0.04691568346098337,-0.0434837277916442,-0.033753812218297805,-0.01447981378006329,-0.017978677200686858,-0.24800164856570633,-0.043478972383214555,-0.11457144512213831,-0.020585009334685777,-0.0434837277916442,-0.20072732427424986,-0.043478972383214555,0.06001684720344099,-0.0434837277916442,-0.0434837277916442,-0.025924170172344146,-0.043478972383214555,-0.054091676773235335,-0.028785883139884966,-0.0434837277916442,0.41165223878723567,0.10791753121180232,-0.0434837277916442,-0.030393144639441462,-0.05480432271957215,-0.043478972383214555,-0.03315395314023487,-0.0663193653065795,0.02444282037615468,-0.03150529560109626,-0.028785883139884966,0.055250330381674616,-0.0434837277916442,-0.016334697930609664,-0.03589042489571142,-0.0434837277916442,-0.0022020671344443847,-0.05902671213358756,-0.1955282732124886,-0.04329476311636092,-0.0434837277916442,-0.25710426806898706,-0.028785883139884966,-0.02489056221549527,-0.043478972383214555,-0.06362246370082572,0.12388056485947047,-0.0364433295672903,0.0684491447783906,0.2440333921223541,-0.0690585082296436,0.02117301483901491,-0.0076742761569251,-0.2676358760864377,0.07704976593648982,-0.037678198118073936,-0.0434837277916442,-0.02011086686324802,-0.03737041446397772,-0.028785883139884966,0.033743494500290426,0.037274632687955216,-0.03968307506752374,-0.028785883139884966,-0.026238569737981957,-0.03276510648405906,0.0683992746031975,-0.028785883139884966,-0.022980151502811973,0.10459711980486598,-0.014803970074658255,0.016553218066865515,-0.02957086379478811,-0.0434837277916442,-0.0434837277916442,-0.025029393136848276,0.065900882067375,-0.0434837277916442,0.32082525788358635,0.1301859958678219,-0.14432077730049558,-0.028785883139884966,-0.02173877678658189,-0.0434837277916442,-0.0434837277916442,0.18446558143212985,0.05447259623013514,-0.0434837277916442,-0.022003791818800314,-0.0434837277916442,0.029579074115742444,-0.0434837277916442,0.19821513727608436,0.06946355232959846,-0.11037354823123298,-0.0365189145167527,-0.014007013355285708,0.03971266802405119,-0.0434837277916442,-0.12634847095767598,-0.0434837277916442,-0.0434837277916442,0.1632442237758612,0.19184200930472425,-0.0434837277916442,-0.0434837277916442,-0.0200915392526626,-0.04665345960007819,-0.05306068835011295,-0.0163262768348611,-0.028408045056745542,-0.04172148212093459,-0.023179732785241547,-0.028785883139884966,-0.043478972383214555,-0.0434837277916442,-0.028785883139884966,-0.02123557942519114,-0.028904212675292414,0.06740262260781853,-0.03790790025296748,0.032194818123497886,-0.0434837277916442,-0.10129994344957381,-0.026055263975272885,0.1337865635599874,-0.0434837277916442,-0.028785883139884966,-0.043478972383214555,0.012063863947875848,0.07485804482770564,-0.0434837277916442,-0.0434837277916442,-0.005103923040356875,-0.08210624010880481,-0.05182497772954327
Q_Amp_V5_count,0.06789842659816078,0.06635620692543828,0.08412798070566742,0.05753756244508661,-0.12460185981446203,0.0593921616787107,0.9994987846918347,0.06030097295452287,0.9994987846918347,0.08694877189939479,0.0005170202540875773,-0.06700482822368825,0.6032606536379885,1.0,-0.029548662841467743,0.14645021619350912,0.016601151978123323,0.6032606536379885,0.9994987846918347,-0.043478972383214555,1.0,-0.11074052721407537,-0.003422854194407884,-0.2256419483505542,0.9994987846918347,0.05846065312406245,0.07136937709476715,0.06651173669590207,0.11055465282381699,1.0,0.26463143162521396,0.0425403272138691,0.9994987846918347,0.027194969360224176,1.0,-0.10391057732172888,0.9994987846918347,0.9994987846918347,0.06040311428282506,1.0,-0.05797562997878374,0.6032606536379885,0.9994987846918347,-0.024347881692994542,-0.09658878792786868,0.9994987846918347,0.047748976738926176,0.0724205048303915,1.0,0.08035691536001435,0.05701357539313245,0.06779554275923796,0.08693368191146912,0.6032606536379885,-0.20873124555309838,0.9994987846918347,0.062482874841370016,0.08495545402851871,0.9994987846918347,0.03377781755289671,0.001136715540958565,-0.003296471029476274,0.9961429333636146,0.9994987846918347,0.05425227170748052,0.6032606536379885,0.039811537563485794,1.0,0.09881925658978595,0.004676745564148951,0.07630968930981546,-0.26047969033519186,-0.0676813127175391,0.06450516253592428,-0.2210212155180474,0.06748730514024699,0.03232886096602493,-0.15159858356067465,0.047653827127011196,0.9994987846918347,0.0743355529655387,0.03655516493415626,0.6032606536379885,-0.2559634497368158,-0.042099255911570495,0.0766653268444405,0.6032606536379885,0.058510112194825985,0.08203252069696246,-0.0392021926542863,0.6032606536379885,0.039813781924592936,0.027388651737538305,0.10247007163278543,0.06458784628261777,0.07992121231812876,0.9994987846918347,0.9994987846918347,0.07310009217606514,-0.14700418951041022,0.9994987846918347,-0.06379123266296916,-0.06524784019247389,0.0246833505362022,0.6032606536379885,-0.015634083695821883,0.9994987846918347,0.9994987846918347,-0.09408156646179826,-0.21992244647174078,0.9994987846918347,0.06288388655247192,0.9994987846918347,-0.2198824272966781,0.9994987846918347,-0.034450566589494976,-0.001299584596769262,-0.047622897404073064,0.06780155676637953,0.04349981017165433,-0.9271618506868925,0.9994987846918347,0.024738840318481017,0.9994987846918347,0.9994987846918347,-0.07957618648362544,-0.11655597496988367,0.9994987846918347,0.9994987846918347,0.060508799703227256,0.17174128651198467,0.08950849724156083,0.07250216892814063,0.06372031757020583,0.097090976485365,0.08642329787604879,0.6032606536379885,1.0,0.9994987846918347,0.6032606536379885,0.10541790476646289,0.07964680794869936,-0.09890205189770786,0.06180580048944654,0.05987968311915117,0.9994987846918347,0.016064666351403734,0.07741930716135245,0.11967227109566107,0.9994987846918347,0.6032606536379885,1.0,-0.04589316735717042,-0.16027204272469744,0.9994987846918347,0.9994987846918347,-0.16333493014607456,0.021811918120766476,-0.05333845773569821
T_Amp_V5,-0.022027862085686925,-0.017532059981735716,-0.1603686406374009,-0.18588567489388372,0.613648633697504,-0.02442922355627721,-0.11074052721407537,-0.022204954034544575,-0.11074052721407537,-0.23515198895775172,0.18814519553625356,-0.1933685248805859,-0.06698045225821184,-0.11074052721407537,-0.11305376313803366,-0.25085540357628444,0.4112494459631328,-0.06698045225821184,-0.11074052721407537,0.08056557078303658,-0.11074052721407537,1.0,0.16377626279240176,0.20279325991606278,-0.11074052721407532,0.01001347651289072,0.007858931048912587,-0.07135068030055,0.05211871025726905,-0.11074052721407532,-0.656457583004808,-0.05068609043237844,-0.11074052721407532,-0.10444058743787703,-0.11074052721407532,0.3091010867128374,-0.11074052721407532,-0.11074052721407532,-0.01031637142975166,-0.11074052721407532,-0.06760766535349166,-0.06698045225821188,-0.11074052721407532,0.025442834183166247,0.11124625823756507,-0.11074052721407532,-0.032915516678205504,-0.014211258838114763,-0.11074052721407532,-0.031827016907301456,-0.21018551885255554,0.007674948888657083,-0.0058489097157790005,-0.06698045225821188,0.22367761032647995,-0.11074052721407532,0.04600840231626062,-0.024983881489028803,-0.11074052721407532,-0.04574465219205889,0.037162086400489146,-0.12491275633237689,-0.10706546795255419,-0.11074052721407532,-0.17515219902715992,-0.06698045225821188,-0.051347084891695746,-0.11074052721407532,-0.2629014333056419,0.10656425229384406,-0.012121875743588426,-0.029814666596373354,0.06120072158669764,-0.25105289198875735,0.20466174376472945,0.017760008548307313,-0.1032955894173975,0.5801933132218473,-0.03458598942942558,-0.11074052721407532,-0.008458404881927884,-0.030322577469195568,-0.06698045225821188,0.007117154207657913,0.35939304971565944,-0.029423602502601856,-0.06698045225821188,-0.015209321082605252,-0.022698614978021402,0.6733877951378878,-0.06698045225821188,-0.03285913571909923,0.18196876369942525,0.0014069290287819294,-0.009389134200839186,-0.030548098011267972,-0.11074052721407532,-0.11074052721407532,0.0075469468516410525,-0.10793411494173742,-0.11074052721407532,0.1450282337937024,-0.15431115042358642,-0.0682754728687483,-0.06698045225821188,-0.17609982406536892,-0.11074052721407532,-0.11074052721407532,-0.01612923438922036,0.2620078361712883,-0.11074052721407532,0.007077982181365638,-0.11074052721407532,0.12479129037915328,-0.11074052721407532,0.12420294883979077,-0.06045048963195457,0.10310993455640402,-0.032785928372455996,-0.03241264404450935,0.10005077589417713,-0.11074052721407532,-0.02205242024233758,-0.11074052721407532,-0.11074052721407532,-0.026639605579780658,0.08839171092192302,-0.11074052721407532,-0.11074052721407532,-0.005690366303684421,-0.3287804359248023,-0.10123659910173068,-0.016698165171799204,-0.04980257152048507,-0.25187552398835134,-0.005958082972506932,-0.06698045225821188,-0.11074052721407532,-0.11074052721407532,-0.06698045225821188,-0.04093389856217662,-0.01285744117004577,0.1874566758769423,-0.10815887575938472,0.004126885581537479,-0.11074052721407532,-0.14817172662901548,-0.01467364530026819,-0.271998891405121,-0.11074052721407532,-0.06698045225821188,-0.11074052721407532,-0.06176990822090914,0.7873215242628547,-0.11074052721407532,-0.11074052721407532,0.1083323499537111,-0.11646625859055877,-0.03324265848733367
R_Amp_III,-0.06018954425575389,-0.03978682410668078,-0.05432201916299723,-0.10494564551590913,0.04881864956294631,-0.007659511844037677,-0.003355573938472902,-0.06915231319142269,-0.003355573938472902,-0.09205926583345896,0.053951419129429586,-0.29908404347968937,-0.021972830464454685,-0.003422854194407884,-0.5215716561236892,-0.12564109945571078,0.024940497007929288,-0.021972830464454685,-0.003355573938472902,0.12519693779656668,-0.003422854194407884,0.16377626279240176,1.0,0.05646503812146677,-0.0033555739384728846,-0.02087349474770963,0.004675954711671872,-0.011912550205943314,-0.17540857033745996,-0.003422854194407866,-0.1897258437551499,-0.06656275692666819,-0.0033555739384728846,-0.2738291799650213,-0.003422854194407866,0.27342639702600025,-0.0033555739384728846,-0.0033555739384728846,-0.05579703892468005,-0.003422854194407866,-0.3227727771427621,-0.0219728304644547,-0.0033555739384728846,0.18312828238297899,0.12339416722842314,-0.0033555739384728846,-0.05722816896869973,-0.05420755133409058,-0.003422854194407866,-0.06579548356673862,-0.05652431837295705,-0.04046605482399522,-0.014307273086615748,-0.0219728304644547,0.2511070022272306,-0.0033555739384728846,-0.21300188696384317,-0.04685078634117002,-0.0033555739384728846,-0.04155465564089103,0.14945246470413176,-0.4593452677574777,-0.003905194637637227,-0.0033555739384728846,-0.3010461482657751,-0.0219728304644547,-0.07865736540536995,-0.003422854194407866,-0.11313649329647098,0.13280404285524267,-0.04363593624337119,0.05138042033202,0.6702334068157652,-0.13685610736905088,-0.05939543861364233,0.009922905952078932,0.1809751702867904,0.20993283694599688,-0.05956146156970101,-0.0033555739384728846,-0.030030582597848916,-0.030907885971503575,-0.0219728304644547,0.013803792058355463,-0.09919627235553656,-0.07611511681604051,-0.0219728304644547,-0.06442818968959524,-0.03878720240890881,0.08476861292302233,-0.0219728304644547,-0.015619219203381668,0.004267726465360458,-0.04061285056565702,-0.04598679302833083,-0.05133684154482239,-0.0033555739384728846,-0.0033555739384728846,0.0006166373676844175,-0.07349762846429178,-0.0033555739384728846,0.20613322160358172,-0.5028179857744184,-0.01791461403179076,-0.0219728304644547,-0.8726884209189836,-0.0033555739384728846,-0.0033555739384728846,0.26720157628621244,0.07579108544517449,-0.0033555739384728846,-0.05221398441791988,-0.0033555739384728846,0.004813302587469132,-0.0033555739384728846,0.8951110826088606,-0.003635794178203083,-0.11487479244780961,-0.022515968144191097,-0.01714714757185744,0.004592734629403921,-0.0033555739384728846,0.3909976418964318,-0.0033555739384728846,-0.0033555739384728846,0.26530056432251503,0.28436859065230646,-0.0033555739384728846,-0.0033555739384728846,-0.0835966128169505,-0.09760327087708831,-0.02492486520569805,-0.05419919240025379,-0.04419926640326731,-0.12048967049563013,-0.0024456358875396722,-0.0219728304644547,-0.003422854194407866,-0.0033555739384728846,-0.0219728304644547,-0.01153633820341663,-0.03649513943346526,0.3626579478873556,0.04281242822124039,-0.01666036297632435,-0.0033555739384728846,-0.19077008113450247,-0.04097392495905427,-0.16614162109433667,-0.0033555739384728846,-0.0219728304644547,-0.003422854194407866,-0.5283726774525869,0.18440950992514943,-0.0033555739384728846,-0.0033555739384728846,-0.18983594867497344,-0.10391684334290337,0.03768501575665952
ST_Elev_V5,-0.020770852457826023,-0.0017776950967081596,-0.10627882330397108,-0.054964971874057925,0.20007323756808357,-0.01695321476592333,-0.2256419483505542,-0.026045508799125025,-0.2256419483505542,-0.13144979693522962,0.12668805750562964,-0.1371531719037316,-0.2256419483505542,-0.2256419483505542,-0.024173394878420112,-0.1421532522234732,0.032973422235660854,-0.2256419483505542,-0.2256419483505542,0.04691568346098337,-0.2256419483505542,0.20279325991606278,0.05646503812146677,1.0,-0.22564194835055415,-0.003539994005930353,0.00827595936980642,-0.03551668442285574,0.03536045903013381,-0.22564194835055415,-0.3826791515391075,-0.014982810218073586,-0.22564194835055415,-0.03854155437456747,-0.22564194835055415,0.14255594752206666,-0.22564194835055415,-0.22564194835055415,-0.0023115303053943778,-0.22564194835055415,0.05870273504989598,-0.22564194835055415,-0.22564194835055415,0.024313088557586127,0.055036749017636985,-0.22564194835055415,0.00114093031653016,-0.00961313244731592,-0.22564194835055415,-0.023791929968546392,-0.07830247624897958,0.006992703874069413,-0.022579553258532076,-0.22564194835055415,0.5037663126090427,-0.22564194835055415,-0.038014059094223285,-0.019465343398322975,-0.22564194835055415,-0.030278372662863453,0.0696331735751866,-0.03291959442375522,-0.22686038195208102,-0.22564194835055415,-0.09516697645897035,-0.22564194835055415,-0.01376647213640477,-0.22564194835055415,-0.10907160890026628,0.074531948270824,-0.009421836078763193,0.25670819401197587,-0.005150611397817944,-0.10815737064395327,0.5396528286303975,0.013548522697897669,-0.06845958822711543,0.2307133736442216,0.0009212290377417312,-0.22564194835055415,0.003988393286757566,-0.007486681045007286,-0.22564194835055415,0.3651295822248787,0.10702377112255086,-0.016395342142938585,-0.22564194835055415,-0.020712363489674326,-0.03093656462387398,0.15934726897185922,-0.22564194835055415,-0.012821429988855755,-0.037493526532079734,-0.006752093714504105,-0.008770640730429484,-0.0012901398974657966,-0.22564194835055415,-0.22564194835055415,-0.001892779947066283,-0.03477162414798848,-0.22564194835055415,0.09829610235356946,-0.07744977836709045,0.022359003897748416,-0.22564194835055415,-0.08032152025971895,-0.22564194835055415,-0.22564194835055415,-0.10489313066427872,0.6786321601823129,-0.22564194835055415,0.011371833447650286,-0.22564194835055415,0.5578371293580805,-0.22564194835055415,0.03156392810107774,0.004371370878631208,0.07228751544787777,-0.023722964321644995,-0.025060353968494375,0.23703590897371693,-0.22564194835055415,-0.03868693820353884,-0.22564194835055415,-0.22564194835055415,-0.07415561098363913,-0.008929158086406288,-0.22564194835055415,-0.22564194835055415,0.01059774497403394,-0.49524950570785936,-0.07968262826352802,-0.012581618707167189,-0.027138570938913316,-0.09031675878480758,-0.008360537397528829,-0.22564194835055415,-0.22564194835055415,-0.22564194835055415,-0.22564194835055415,0.010476509635583203,-0.012449797843746419,0.28944023330526747,-0.047903058263417626,-0.0014735065998681236,-0.22564194835055415,-0.008422149312231323,-0.008045924396767164,-0.18899969095436361,-0.22564194835055415,-0.22564194835055415,-0.22564194835055415,0.00532703362582317,0.25953857854025286,-0.22564194835055415,-0.22564194835055415,0.3409618966238138,-0.07484149192070987,-0.05488219297630194
Q_Amp_aVR_count,0.06790553019054868,0.06635620692543828,0.08412798070566742,0.05753756244508661,-0.12454477200861207,0.0594029700302421,1.0,0.06030097295452287,1.0,0.08694877189939479,0.0006781374378229809,-0.066933164095135,0.6030907885608209,0.9994987846918347,-0.02962778338620163,0.14645021619350912,0.01634824955591859,0.6030907885608209,1.0,-0.0434837277916442,0.9994987846918347,-0.11074052721407532,-0.0033555739384728846,-0.22564194835055415,1.0,0.05852663434844684,0.07142356221960657,0.06651173669590207,0.11070511110331886,0.9994987846918347,0.26458951482476206,0.0425403272138691,1.0,0.027194969360224176,0.9994987846918347,-0.1038121481934956,1.0,1.0,0.06040311428282506,0.9994987846918347,-0.05797562997878374,0.603090788560821,1.0,-0.024378368328115206,-0.09658055144073324,1.0,0.04774094671388972,0.0724738351734002,0.9994987846918347,0.08035691536001435,0.05701357539313245,0.0678362680982933,0.08701024754836133,0.603090788560821,-0.20873124555309838,1.0,0.0624173627026633,0.08514110638649797,1.0,0.03373417393427282,0.0011898091077743728,-0.003352257334907129,0.9966467271835502,1.0,0.05425227170748052,0.603090788560821,0.039727304042233326,0.9994987846918347,0.09881925658978595,0.004731921863014278,0.07632484279545822,-0.26047969033519186,-0.06775203001322648,0.06450516253592428,-0.2210212155180474,0.06747600248950884,0.03229128518730253,-0.15147426842969205,0.047653827127011196,1.0,0.0743355529655387,0.03656583084518029,0.603090788560821,-0.2559634497368158,-0.04206583888464519,0.0766653268444405,0.603090788560821,0.05855530987728124,0.08204063206753556,-0.0392021926542863,0.603090788560821,0.03974315376385593,0.02734504939507833,0.10250973952412278,0.06465160773398793,0.08004652575198017,1.0,1.0,0.07310027599799108,-0.14700418951041022,1.0,-0.06375244003260759,-0.06536000809427164,0.024851504163041445,0.603090788560821,-0.01567270747009387,1.0,1.0,-0.09408156646179826,-0.21992244647174078,1.0,0.06290769031358341,1.0,-0.2198824272966781,1.0,-0.03444595888885041,-0.001386748147137618,-0.04756486991241716,0.06786615334111648,0.043485106950388555,-0.9276676623491351,1.0,0.024677036860326528,1.0,1.0,-0.07957618648362544,-0.11655597496988367,1.0,1.0,0.06050882561225699,0.17174128651198467,0.08950849724156083,0.07248997830240783,0.06390108411845473,0.097090976485365,0.08648351946438605,0.603090788560821,0.9994987846918347,1.0,0.603090788560821,0.10541790476646289,0.08082018374733482,-0.09890205189770786,0.06180580048944654,0.05992719128059247,1.0,0.016064666351403734,0.07741930716135245,0.1195936099325498,1.0,0.603090788560821,0.9994987846918347,-0.045964279141403996,-0.16027204272469744,1.0,1.0,-0.16333493014607456,0.0221107577873702,-0.05334602832310683
T_Amp_V2_iqr,0.1851145824357039,0.3642911870635404,0.1144111109551514,0.07970695842943533,-0.038020805680164194,0.367335052049045,0.05852663434844684,0.22579579071170822,0.05852663434844684,0.09720678503137027,0.0029773932369545233,0.053012418936533426,0.049805323320518624,0.05846065312406245,0.019596498507549527,0.08635590855398895,0.035084198009271664,0.049805323320518624,0.05852663434844684,-0.033753812218297805,0.05846065312406245,0.01001347651289072,-0.02087349474770963,-0.003539994005930353,0.05852663434844684,1.0,0.356068741374801,0.05234229446324856,0.01663656326036147,0.05846065312406245,0.04868467467277738,0.2873507614631164,0.05852663434844684,0.03197085952632317,0.05846065312406245,-0.025966311000789957,0.05852663434844684,0.05852663434844684,0.20145872322720826,0.05846065312406245,0.022708326361935916,0.04980532332051859,0.05852663434844684,-0.02801634729659185,-0.03732777926999851,0.05852663434844684,0.2515338476850495,0.8204255036453262,0.05846065312406245,0.20022730140219722,0.03846010260102956,0.3051190164618179,0.3172292783452925,0.04980532332051859,-0.019265518321625374,0.05852663434844684,-0.006374040511084674,0.39408301479299057,0.05852663434844684,0.2639123397096416,-0.03291254278304564,0.02098950963843935,0.05784630010854388,0.05852663434844684,0.03663962227791069,0.04980532332051859,0.2280610481209444,0.05846065312406245,0.10436424637753179,-0.03275150571715595,0.7710707667795754,-0.06146544512081507,-0.028268824000621844,0.07601348017847455,-0.006565017383461577,0.3708159665860093,0.035847162788727654,-0.02609854431563171,0.2748475967606456,0.05852663434844684,0.23293112438788502,0.28276497707755804,0.04980532332051859,-0.038959264985333676,-0.029602513700933815,0.24076812930745256,0.04980532332051859,0.22524504839686302,0.24860471751402252,0.04604362088960452,0.04980532332051859,0.3090811536641977,0.027688427711076928,0.23599147920667043,0.3172423806312451,0.3602267065492178,0.05852663434844684,0.05852663434844684,0.3540857689711392,-0.028809225416393712,0.05852663434844684,-0.021014772080571596,-0.0015560307486592758,-0.01162067231896209,0.04980532332051859,0.009031542467877657,0.05852663434844684,0.05852663434844684,-0.022535004966957862,-0.001909927476151807,0.05852663434844684,0.24249308625833613,0.05852663434844684,-0.008271510588154651,0.05852663434844684,-0.026312018780313997,0.014131374633980277,-0.01159234562885567,0.6680547091859828,0.29736783160033825,-0.05607124072951097,0.05852663434844684,0.023037906230217658,0.05852663434844684,0.05852663434844684,0.01030986413303139,-0.042245476910380914,0.05852663434844684,0.05852663434844684,0.24434012208131928,0.004015670709457909,0.18565215441064864,0.2530781582898469,0.422181759993828,0.09158720573489973,0.29183411091322364,0.04980532332051859,0.05846065312406245,0.05852663434844684,0.04980532332051859,0.10820953621665716,0.5198218199523952,-0.021575519509926318,0.04755286710924902,0.3874317880140291,0.05852663434844684,0.020530015280446554,0.21538718645646399,0.022012781051297583,0.05852663434844684,0.04980532332051859,0.05846065312406245,-0.006784235396976791,-0.011938714541370556,0.05852663434844684,0.05852663434844684,0.021277987427619913,0.14038674360131068,0.19356963650106707
T_Amp_II_iqr,0.29061634362240213,0.3386133577916365,0.10874962901540285,0.13619738734801526,-0.02932413786426099,0.26851714678421795,0.07142356221960657,0.26886139813930904,0.07142356221960657,0.10916376208845319,0.01271037219095424,0.04236699276609327,0.0619983179420338,0.07136937709476715,0.060511630433616466,0.11836659300795564,-0.019937080941991373,0.0619983179420338,0.07142356221960657,-0.01447981378006329,0.07136937709476715,0.007858931048912587,0.004675954711671872,0.00827595936980642,0.07142356221960657,0.356068741374801,1.0,0.12074606926633936,-0.0051198048152697245,0.07136937709476711,0.04106696866988443,0.24986925249999817,0.07142356221960652,0.03661862859127629,0.07136937709476711,-0.02652250642112835,0.07142356221960652,0.07142356221960652,0.23523527316811388,0.07136937709476711,0.018369426115536353,0.06199831794203382,0.07142356221960652,-0.024338376557831148,-0.021785676915658102,0.07142356221960652,0.4929054195168986,0.26060005912284034,0.07136937709476711,0.20479362128793038,0.05733030901979887,0.22462812535340074,0.565640253874247,0.06199831794203382,-0.010850824852933849,0.07142356221960652,-0.0005800367904470837,0.26712759366703753,0.07142356221960652,0.4333132050558639,-0.011262386184279882,0.05014077995847595,0.07055680567982008,0.07142356221960652,0.049623499010945316,0.06199831794203382,0.3543106972533429,0.07136937709476711,0.11897065477594447,-0.004698137459979851,0.2595244422337218,-0.03884821187821551,-0.011611333636654455,0.144688054318141,0.01871015775389692,0.8649638641551038,0.05263990800524582,-0.00506657812141935,0.3086564860443004,0.07142356221960652,0.25344168360851466,0.5982774365123914,0.06199831794203382,-0.03656675255362319,-0.015365930626355348,0.27904217628868166,0.06199831794203382,0.42353010169890887,0.41386791612110435,0.01660765409043038,0.06199831794203382,0.5871271263603315,-0.03859369648593719,0.5892088854002636,0.23125805223516555,0.28275060376974503,0.07142356221960652,0.07142356221960652,0.7094767486243797,-0.04720471337580464,0.07142356221960652,-0.021072276613467902,-0.018685667395737165,-0.0073920641362999265,0.06199831794203382,-0.025460822522951853,0.07142356221960652,0.07142356221960652,-0.04928103741839206,0.015501970120277948,0.07142356221960652,0.6589342407617503,0.07142356221960652,0.00037958605869067803,0.07142356221960652,-0.007626118001019951,0.0007972448650867957,0.0016228074005492019,0.3130338487184533,0.5299678102204706,-0.07062115321771624,0.07142356221960652,0.03306215879958424,0.07142356221960652,0.07142356221960652,-0.01771531071983496,-0.04708592748208573,0.07142356221960652,0.07142356221960652,0.6155965225491767,-0.004906561177053908,0.10666706767356064,0.5406977912167367,0.30877464773068797,0.09350960748951959,0.7398596121139575,0.06199831794203382,0.07136937709476711,0.07142356221960652,0.06199831794203382,0.0930083064628439,0.3671762556733271,-0.011371452283362372,0.08432049221740014,0.252915111615111,0.07142356221960652,0.013734573766637318,0.22935065639894597,-0.026272464666258967,0.07142356221960652,0.06199831794203382,0.07136937709476711,0.007751252511148365,-0.007399185931271563,0.07142356221960652,0.07142356221960652,0.026002445447472582,0.15409194881065671,0.17436346547360934
ST_Elev_III_iqr,0.051341698972558976,0.05564237157863132,0.09815601182353399,0.28665390611069175,-0.12348210430430594,0.06084562116160268,0.06651173669590207,0.0704309342892115,0.06651173669590207,0.09970232272121492,0.022497093881311735,-0.00619255968359556,0.06651173669590207,0.06651173669590207,0.023942737054978434,0.1259605123963271,-0.06986402452420719,0.06651173669590207,0.06651173669590207,-0.017978677200686858,0.06651173669590207,-0.07135068030055,-0.011912550205943314,-0.03551668442285574,0.06651173669590207,0.05234229446324856,0.12074606926633936,1.0,0.021570248295856086,0.06651173669590206,0.08932410576630047,0.06512062666920607,0.06651173669590206,0.0208635395380392,0.06651173669590206,0.01084779797040296,0.06651173669590206,0.06651173669590206,0.05315114020236365,0.06651173669590206,-0.10270715810474873,0.06651173669590206,0.06651173669590206,-0.0026845025418866975,-0.014476685129940547,0.06651173669590206,0.06871494861259742,0.049013041166675805,0.06651173669590206,0.03170348942149679,0.14811779882275386,0.029676570536881226,0.13213109310488158,0.06651173669590206,-0.007359515939217001,0.06651173669590206,-0.09470103782248393,0.04973391867551657,0.06651173669590206,0.1264554714578137,0.0068224125459204355,0.029625267197733188,0.06291355356495816,0.06651173669590206,0.014489976708388102,0.06651173669590206,0.06722235114196064,0.06651173669590206,0.10269279550915772,0.01848771190327327,0.050653656708379804,-0.021703715225175488,-0.022173326037580345,0.14405906043538486,-0.054461077928805175,0.13581918305682086,1.271316069811817e-05,-0.05382284442024028,0.05372195781628559,0.06651173669590206,0.04965686388589007,0.10622637761760556,0.06651173669590206,-0.032421633640218044,-0.12774263856980356,0.040092427382877265,0.06651173669590206,0.08324938508972934,0.0777185261930328,-0.075876103574368,0.06651173669590206,0.13282672474517979,-0.0712330765155656,0.08241087931510006,0.033014409569352296,0.050261701113888904,0.06651173669590206,0.06651173669590206,0.14740311338425463,-0.025530419384185637,0.06651173669590206,-0.03057149221011797,-0.01050079801971922,0.026611590513734424,0.06651173669590206,0.0003378220912471606,0.06651173669590206,0.06651173669590206,0.003375046309670914,-0.028745773011003315,0.06651173669590206,0.09182772563422859,0.06651173669590206,-0.028810803312958155,0.06651173669590206,-0.015025189448780868,0.03008239519982467,0.01706163914868966,0.06835098953876624,0.13640546102323428,-0.05872832419949543,0.06651173669590206,-0.01700936703115031,0.06651173669590206,0.06651173669590206,0.006245895350234747,-0.010243072708791013,0.06651173669590206,0.06651173669590206,0.09872267123696106,0.042422779804037386,0.11658342932391771,0.10626652664522444,0.06924313638762268,0.11540411441841343,0.10264447015994681,0.06651173669590206,0.06651173669590206,0.06651173669590206,0.06651173669590206,0.11180913886317684,0.05846091164339824,0.02339538426641228,0.24853188939072565,0.03779485793980102,0.06651173669590206,0.026365737710124307,0.03831083704932746,-0.022136505922482022,0.06651173669590206,0.06651173669590206,0.06651173669590206,0.03464352250196721,-0.06920365501784621,0.06651173669590206,0.06651173669590206,-0.056828089146086724,0.04921636947486675,0.08328170581579869
R_Amp_aVR,0.05014353220599484,0.021064812999206563,0.0586206681895599,0.052446615933204356,0.05973264864097121,-0.01558662998541058,0.11070511110331886,-0.02007475161025321,0.11070511110331886,0.05839813401786137,0.3858226458972229,0.2112818628072561,0.06286628375905794,0.11055465282381699,0.06972223393795594,0.1227972249154467,-0.016350293903041123,0.06286628375905794,0.11070511110331886,-0.24800164856570633,0.11055465282381699,0.05211871025726905,-0.17540857033745996,0.03536045903013381,0.11070511110331886,0.01663656326036147,-0.0051198048152697245,0.021570248295856086,1.0,0.11055465282381699,0.013123540038185062,-0.03444653037297203,0.11070511110331886,0.2786562489613489,0.11055465282381699,-0.11256919132006081,0.11070511110331886,0.11070511110331886,0.02062275279129616,0.11055465282381699,0.09350923447107952,0.06286628375905791,0.11070511110331886,-0.18653101623628113,-0.2280594159679556,0.11070511110331886,-0.09264461440867733,0.046484164580349006,0.11055465282381699,0.02807911485306517,0.11828877314094505,0.032880758108251036,-0.005179627189477065,0.06286628375905791,-0.03168942847302326,0.11070511110331886,0.11686888773899128,0.02217150904938688,0.11070511110331886,-0.06890932853711508,0.014993281527942517,0.2671881344406855,0.11015803995327479,0.11070511110331886,0.31095395143384935,0.06286628375905791,-0.11093295570983065,0.11055465282381699,0.06034210604962239,-0.09360716312899646,0.017091049337688794,-0.07187022724039695,-0.7009500952450863,0.08509301523589824,0.07708613613901505,0.0001776575578694267,0.20441208856527138,-0.09743317918485637,0.037548046842560995,0.11070511110331886,0.006180124864808375,-0.05200184411590215,0.06286628375905791,-0.021961714380014014,0.10831800714612687,-0.009873544544476932,0.06286628375905791,0.04161286634040079,0.003806190961172654,0.04252934752009123,0.06286628375905791,-0.0636671754226225,-0.09971374882639417,0.0830249279530594,0.02207723046672227,0.021586959055943305,0.11070511110331886,0.11070511110331886,-0.003082242973541815,-0.12909420461875046,0.11070511110331886,-0.48599994506962396,-0.6325701967562772,0.15389829382560075,0.06286628375905791,-0.11960894325802318,0.11070511110331886,0.11070511110331886,-0.5195814405687195,0.03236809540489852,0.11070511110331886,0.03129850895260125,0.11070511110331886,0.017433144464229233,0.11070511110331886,-0.4127423850583298,0.04635885301778606,0.05570401851310014,0.016347746589537908,-0.04666696441662721,-0.09914272837217049,0.11070511110331886,0.010581692827736298,0.11070511110331886,0.11070511110331886,-0.5883761336175664,-0.40810726371059314,0.11070511110331886,0.11070511110331886,-0.01800810996345737,-0.07547344471417922,0.07507114709224788,-0.009259318501181092,-0.0017376874986083973,0.08642518261183042,-0.014682874937459458,0.06286628375905791,0.11055465282381699,0.11070511110331886,0.06286628375905791,0.03596612108258927,0.03498194094104075,-0.05490148048898226,0.05891121344561486,0.0027339171538906253,0.11070511110331886,0.20537683270397625,0.011298857516938142,-0.07397279128583285,0.11070511110331886,0.06286628375905791,0.11055465282381699,0.058554065002527855,0.04489824019102992,0.11070511110331886,0.11070511110331886,0.07378001780017505,0.04989487311996588,0.036829255510351065
R_Amp_V5_count,0.06789842659816078,0.06635620692543828,0.08412798070566742,0.05753756244508661,-0.12460185981446203,0.0593921616787107,0.9994987846918347,0.06030097295452287,0.9994987846918347,0.08694877189939479,0.0005170202540875773,-0.06700482822368825,0.6032606536379885,1.0,-0.029548662841467743,0.14645021619350912,0.016601151978123323,0.6032606536379885,0.9994987846918347,-0.043478972383214555,1.0,-0.11074052721407532,-0.003422854194407866,-0.22564194835055415,0.9994987846918347,0.05846065312406245,0.07136937709476711,0.06651173669590206,0.11055465282381699,1.0,0.26463143162521396,0.0425403272138691,0.9994987846918347,0.027194969360224176,1.0,-0.10391057732172888,0.9994987846918347,0.9994987846918347,0.06040311428282506,1.0,-0.05797562997878374,0.6032606536379885,0.9994987846918347,-0.024347881692994542,-0.09658878792786868,0.9994987846918347,0.047748976738926176,0.0724205048303915,1.0,0.08035691536001435,0.05701357539313245,0.06779554275923796,0.08693368191146912,0.6032606536379885,-0.20873124555309838,0.9994987846918347,0.062482874841370016,0.08495545402851871,0.9994987846918347,0.03377781755289671,0.001136715540958565,-0.003296471029476274,0.9961429333636146,0.9994987846918347,0.05425227170748052,0.6032606536379885,0.039811537563485794,1.0,0.09881925658978595,0.004676745564148951,0.07630968930981546,-0.26047969033519186,-0.0676813127175391,0.06450516253592428,-0.2210212155180474,0.06748730514024699,0.03232886096602493,-0.15159858356067465,0.047653827127011196,0.9994987846918347,0.0743355529655387,0.03655516493415626,0.6032606536379885,-0.2559634497368158,-0.042099255911570495,0.0766653268444405,0.6032606536379885,0.058510112194825985,0.08203252069696246,-0.0392021926542863,0.6032606536379885,0.039813781924592936,0.027388651737538305,0.10247007163278543,0.06458784628261777,0.07992121231812876,0.9994987846918347,0.9994987846918347,0.07310009217606514,-0.14700418951041022,0.9994987846918347,-0.06379123266296916,-0.06524784019247389,0.0246833505362022,0.6032606536379885,-0.015634083695821883,0.9994987846918347,0.9994987846918347,-0.09408156646179826,-0.21992244647174078,0.9994987846918347,0.06288388655247192,0.9994987846918347,-0.2198824272966781,0.9994987846918347,-0.034450566589494976,-0.001299584596769262,-0.047622897404073064,0.06780155676637953,0.04349981017165433,-0.9271618506868925,0.9994987846918347,0.024738840318481017,0.9994987846918347,0.9994987846918347,-0.07957618648362544,-0.11655597496988367,0.9994987846918347,0.9994987846918347,0.060508799703227256,0.17174128651198467,0.08950849724156083,0.07250216892814063,0.06372031757020583,0.097090976485365,0.08642329787604879,0.6032606536379885,1.0,0.9994987846918347,0.6032606536379885,0.10541790476646289,0.07964680794869936,-0.09890205189770786,0.06180580048944654,0.05987968311915117,0.9994987846918347,0.016064666351403734,0.07741930716135245,0.11967227109566107,0.9994987846918347,0.6032606536379885,1.0,-0.04589316735717042,-0.16027204272469744,0.9994987846918347,0.9994987846918347,-0.16333493014607456,0.021811918120766476,-0.05333845773569821
T_Amp_aVR,0.048105154984129005,0.05148575570218019,0.1605518511380324,0.19621922343157935,-0.6792843199247923,0.0634675386060918,0.26458951482476206,0.07755825334417342,0.26458951482476206,0.23620206763102558,-0.21405041098821373,0.2770120210248276,0.15958025955028002,0.26463143162521396,0.1324992152936679,0.394441037277159,-0.22357300551730425,0.15958025955028002,0.26458951482476206,-0.11457144512213831,0.26463143162521396,-0.656457583004808,-0.1897258437551499,-0.3826791515391075,0.26458951482476206,0.04868467467277738,0.04106696866988443,0.08932410576630047,0.013123540038185062,0.26463143162521396,1.0,0.06851729410557664,0.2645895148247621,0.17892899326099046,0.264631431625214,-0.43499233876251997,0.2645895148247621,0.2645895148247621,0.05379779612757542,0.264631431625214,0.0637871587937707,0.15958025955028005,0.2645895148247621,-0.07187016807853078,-0.17744917466516197,0.2645895148247621,0.08598004900297279,0.04739138735811498,0.264631431625214,0.052735392128456016,0.2740441336515878,0.01852247605205229,0.05333563827778674,0.15958025955028005,-0.3800382932570343,0.2645895148247621,0.0652213770194363,0.06546908404612423,0.2645895148247621,0.07845748943026022,-0.08890899348355982,0.13792051326815688,0.2636110112652912,0.2645895148247621,0.2235935832204503,0.15958025955028005,0.09121882363800707,0.264631431625214,0.27284488688329467,-0.1726379515560947,0.05058745487762038,-0.08567858379114357,-0.12523276340280878,0.30149658689564707,-0.3488073755306219,0.031032577981235324,0.055599731368739365,-0.7175450528486772,0.08360835789935785,0.2645895148247621,0.044139396687714876,0.08612087307293906,0.15958025955028005,-0.11858824870005812,-0.3408440470281287,0.07143467932873791,0.15958025955028005,0.05334343047462982,0.0581256462703985,-0.4301642563049507,0.15958025955028005,0.08278399493419526,-0.04903209948387696,0.031031267837224475,0.04557176053362083,0.06475329043599035,0.2645895148247621,0.2645895148247621,0.03802373857960974,0.11662065780870437,0.2645895148247621,-0.12513885674498548,0.11255340465478539,0.03884529672033224,0.15958025955028005,0.1760254394317577,0.2645895148247621,0.2645895148247621,-0.0348704129094105,-0.4168631130009246,0.2645895148247621,0.03972179925962664,0.2645895148247621,-0.21751609635584856,0.2645895148247621,-0.1720425697513809,0.044438549702141894,-0.12076331551181468,0.08487217470728009,0.08005896561720573,-0.26083480661653263,0.2645895148247621,-0.00864900100510182,0.2645895148247621,0.2645895148247621,-0.006642161349772333,-0.15797035887674984,0.2645895148247621,0.2645895148247621,0.062438944719689096,0.35816532803264883,0.12053362256423768,0.06818105426220869,0.10160916402779281,0.2854250276573523,0.06003182273838403,0.15958025955028005,0.264631431625214,0.2645895148247621,0.15958025955028005,0.056560720148224275,0.07204461821238393,-0.2956462107144027,0.15354760603375275,0.02202782335987509,0.2645895148247621,0.1394473549238882,0.034230296919664366,0.41924098493374234,0.2645895148247621,0.15958025955028005,0.264631431625214,0.05551463128348953,-0.6960571010417181,0.2645895148247621,0.2645895148247621,-0.19760937410740478,0.1693035939342598,0.053467707697108596
R_Amp_V4_iqr,0.1666114818024677,0.6251267951669428,0.10691101069846413,0.09250366213253074,-0.041352718256411757,0.3049174887248924,0.0425403272138691,0.375803892232395,0.0425403272138691,0.16929005396935695,-0.03003107561330544,0.07009092094461154,0.037616759132044014,0.0425403272138691,0.07736180144418243,0.09066047840701283,0.008889503481796466,0.037616759132044014,0.0425403272138691,-0.020585009334685777,0.0425403272138691,-0.05068609043237844,-0.06656275692666819,-0.014982810218073586,0.0425403272138691,0.2873507614631164,0.24986925249999817,0.06512062666920607,-0.03444653037297203,0.0425403272138691,0.06851729410557664,1.0,0.042540327213869106,0.01853208796168498,0.042540327213869106,-0.06339891149484193,0.042540327213869106,0.042540327213869106,0.21302628847534297,0.042540327213869106,0.0372946886289747,0.03761675913204401,0.042540327213869106,-0.014329185735196214,-0.023765904367983443,0.042540327213869106,0.35306883996245814,0.23837274025071525,0.042540327213869106,0.19239874371657348,0.07133154541752408,0.15903925957176954,0.26448531791377017,0.03761675913204401,-0.031134632980487936,0.042540327213869106,0.031605804279871995,0.2760086469909006,0.042540327213869106,0.32061771801865513,-0.026876443871651532,0.05964163149607943,0.04258696501107978,0.042540327213869106,0.04586126587803658,0.03761675913204401,0.3444773211204325,0.042540327213869106,0.1264269282372547,-0.02091436371506363,0.24959079449762017,-0.022737628971667374,-0.03023854104644061,0.10137152825383948,-0.012490950268899492,0.2701715018664077,0.03302434958394121,-0.059672714854453725,0.6336474554296602,0.042540327213869106,0.22850985911964672,0.389573383611705,0.03761675913204401,-0.015117649388530172,-0.007414790351594095,0.30035375427033034,0.03761675913204401,0.19526259865116571,0.18662621600820892,-0.014893032140220606,0.03761675913204401,0.4076464701559599,0.004191547705093077,0.19960150825242312,0.1709903242316417,0.2724675245465646,0.042540327213869106,0.042540327213869106,0.2823047685135894,-0.0010631719035318972,0.042540327213869106,-0.03906701089949608,0.057262138946484464,-0.022518950651123398,0.03761675913204401,0.06204807549655478,0.042540327213869106,0.042540327213869106,0.0447552481348711,-0.02073506355849561,0.042540327213869106,0.2136597519178004,0.042540327213869106,-0.01701717525964692,0.042540327213869106,-0.057269336384611624,0.016531180419758693,-0.0034019127828158998,0.4190439790316638,0.36807585743601307,-0.045921024747776644,0.042540327213869106,-0.0002755654233288825,0.042540327213869106,0.042540327213869106,0.04884284148328757,0.00904801288808183,0.042540327213869106,0.042540327213869106,0.2376671473438074,0.03741970101795165,0.1039503780353446,0.23206817548505432,0.4906500942596736,0.10465041321390711,0.21686114744804091,0.03761675913204401,0.042540327213869106,0.042540327213869106,0.03761675913204401,0.09036090419258037,0.33849641681063863,-0.044193831505599045,0.06890273023897277,0.18261547255408417,0.042540327213869106,0.02919505728432601,0.18228668624565936,0.030355760249540446,0.042540327213869106,0.03761675913204401,0.042540327213869106,0.031797471562088266,-0.06311884336864622,0.042540327213869106,0.042540327213869106,0.017709736977552806,0.194535211127119,0.24391286683671026
T_Amp_V1_count,0.06790553019054868,0.06635620692543828,0.08412798070566742,0.05753756244508661,-0.12454477200861207,0.0594029700302421,1.0,0.06030097295452287,1.0,0.08694877189939479,0.0006781374378229809,-0.066933164095135,0.6030907885608209,0.9994987846918347,-0.02962778338620163,0.14645021619350912,0.01634824955591859,0.6030907885608209,1.0,-0.0434837277916442,0.9994987846918347,-0.11074052721407532,-0.0033555739384728846,-0.22564194835055415,1.0,0.05852663434844684,0.07142356221960652,0.06651173669590206,0.11070511110331886,0.9994987846918347,0.2645895148247621,0.042540327213869106,1.0,0.027194969360224176,0.9994987846918347,-0.1038121481934956,1.0,1.0,0.06040311428282506,0.9994987846918347,-0.05797562997878374,0.603090788560821,1.0,-0.024378368328115206,-0.09658055144073324,1.0,0.04774094671388972,0.0724738351734002,0.9994987846918347,0.08035691536001435,0.05701357539313245,0.0678362680982933,0.08701024754836133,0.603090788560821,-0.20873124555309838,1.0,0.0624173627026633,0.08514110638649797,1.0,0.03373417393427282,0.0011898091077743728,-0.003352257334907129,0.9966467271835502,1.0,0.05425227170748052,0.603090788560821,0.039727304042233326,0.9994987846918347,0.09881925658978595,0.004731921863014278,0.07632484279545822,-0.26047969033519186,-0.06775203001322648,0.06450516253592428,-0.2210212155180474,0.06747600248950884,0.03229128518730253,-0.15147426842969205,0.047653827127011196,1.0,0.0743355529655387,0.03656583084518029,0.603090788560821,-0.2559634497368158,-0.04206583888464519,0.0766653268444405,0.603090788560821,0.05855530987728124,0.08204063206753556,-0.0392021926542863,0.603090788560821,0.03974315376385593,0.02734504939507833,0.10250973952412278,0.06465160773398793,0.08004652575198017,1.0,1.0,0.07310027599799108,-0.14700418951041022,1.0,-0.06375244003260759,-0.06536000809427164,0.024851504163041445,0.603090788560821,-0.01567270747009387,1.0,1.0,-0.09408156646179826,-0.21992244647174078,1.0,0.06290769031358341,1.0,-0.2198824272966781,1.0,-0.03444595888885041,-0.001386748147137618,-0.04756486991241716,0.06786615334111648,0.043485106950388555,-0.9276676623491351,1.0,0.024677036860326528,1.0,1.0,-0.07957618648362544,-0.11655597496988367,1.0,1.0,0.06050882561225699,0.17174128651198467,0.08950849724156083,0.07248997830240783,0.06390108411845473,0.097090976485365,0.08648351946438605,0.603090788560821,0.9994987846918347,1.0,0.603090788560821,0.10541790476646289,0.08082018374733482,-0.09890205189770786,0.06180580048944654,0.05992719128059247,1.0,0.016064666351403734,0.07741930716135245,0.1195936099325498,1.0,0.603090788560821,0.9994987846918347,-0.045964279141403996,-0.16027204272469744,1.0,1.0,-0.16333493014607456,0.0221107577873702,-0.05334602832310683
Q_Amp_V5,0.09286553796116606,0.02236604567583792,0.07689451523968396,0.0852817661263438,-0.10546264944043,0.02097417478109353,0.027194969360224176,-0.04856394802065854,0.027194969360224176,0.09128306023403772,0.06633289829223711,0.24910561363535866,0.022836653645909682,0.027194969360224176,0.25279048435317664,0.11285813951952366,-0.08375015856052292,0.022836653645909682,0.027194969360224176,-0.20072732427424986,0.027194969360224176,-0.10444058743787703,-0.2738291799650213,-0.03854155437456747,0.027194969360224176,0.03197085952632317,0.03661862859127629,0.0208635395380392,0.2786562489613489,0.027194969360224176,0.17892899326099046,0.01853208796168498,0.027194969360224176,1.0,0.02719496936022419,-0.18042315111276194,0.02719496936022419,0.02719496936022419,0.010070874583191287,0.02719496936022419,0.12614423393481025,0.022836653645909696,0.02719496936022419,-0.08083034641563625,-0.23641864300713422,0.02719496936022419,0.04104369234161694,0.06492758375585382,0.02719496936022419,0.07874022739419091,0.09604404627288095,0.041372147790767304,0.04787701528245511,0.022836653645909696,-0.11186473665899567,0.02719496936022419,0.09688098654381487,0.046585020985503586,0.02719496936022419,0.023056424534104718,-0.03791444309977812,0.366566753674408,0.027714802879088844,0.02719496936022419,0.5607195901993016,0.022836653645909696,0.05798344274877653,0.02719496936022419,0.1172835366958644,-0.1164256792566375,0.044935174156470414,-0.016171055580369194,-0.38725230622957724,0.13368400855150694,-0.008432141895186642,0.02197160002758826,0.19604359025615883,-0.18817236927429212,0.08061289275363012,0.02719496936022419,-0.06862395271106705,0.03946518559060866,0.022836653645909696,0.00985044386561928,0.0020219925996677233,0.05756829916251251,0.022836653645909696,0.08021281175101737,0.04521227956334582,-0.10789930666664153,0.022836653645909696,0.02839397592286519,-0.07075552677229893,0.06715373036442894,0.05084661253187399,0.051806377195461,0.02719496936022419,0.02719496936022419,0.03311908509207014,-0.0038965695625395483,0.02719496936022419,-0.37366856976614277,-0.05662826031954925,0.10620184100992733,0.022836653645909696,0.1518377939244575,0.02719496936022419,0.02719496936022419,-0.5598428246109681,-0.04892390992361506,0.02719496936022419,0.06639171221039751,0.02719496936022419,0.008943495758029031,0.02719496936022419,-0.341411920890279,0.11933163844389998,-0.054830812398619005,0.04430087708353791,0.020044319818066342,-0.010765554469200524,0.02719496936022419,0.004104596118745623,0.02719496936022419,0.02719496936022419,-0.3457573928801856,-0.4348662163641454,0.02719496936022419,0.02719496936022419,0.06117780886259996,0.08086228514505439,0.06829927452611682,0.056398523964415935,0.03596950402473083,0.11319935637299791,0.0391182582966511,0.022836653645909696,0.02719496936022419,0.02719496936022419,0.022836653645909696,0.0269429619770194,0.027655318473790436,-0.14371130382129363,0.037381596887438535,0.030587507383988848,0.02719496936022419,0.3981321760904694,0.03269904272584786,0.06784144892826155,0.02719496936022419,0.022836653645909696,0.02719496936022419,0.13931246782196566,-0.17101294326972122,0.02719496936022419,0.02719496936022419,0.05809287957391504,0.04603928916193553,0.033808696454810445
T_Amp_V6_count,0.06789842659816078,0.06635620692543828,0.08412798070566742,0.05753756244508661,-0.12460185981446203,0.0593921616787107,0.9994987846918347,0.06030097295452287,0.9994987846918347,0.08694877189939479,0.0005170202540875773,-0.06700482822368825,0.6032606536379885,1.0,-0.029548662841467743,0.14645021619350912,0.016601151978123323,0.6032606536379885,0.9994987846918347,-0.043478972383214555,1.0,-0.11074052721407532,-0.003422854194407866,-0.22564194835055415,0.9994987846918347,0.05846065312406245,0.07136937709476711,0.06651173669590206,0.11055465282381699,1.0,0.264631431625214,0.042540327213869106,0.9994987846918347,0.02719496936022419,1.0,-0.10391057732172888,0.9994987846918347,0.9994987846918347,0.06040311428282506,1.0,-0.05797562997878374,0.6032606536379885,0.9994987846918347,-0.024347881692994542,-0.09658878792786868,0.9994987846918347,0.047748976738926176,0.0724205048303915,1.0,0.08035691536001435,0.05701357539313245,0.06779554275923796,0.08693368191146912,0.6032606536379885,-0.20873124555309838,0.9994987846918347,0.062482874841370016,0.08495545402851871,0.9994987846918347,0.03377781755289671,0.001136715540958565,-0.003296471029476274,0.9961429333636146,0.9994987846918347,0.05425227170748052,0.6032606536379885,0.039811537563485794,1.0,0.09881925658978595,0.004676745564148951,0.07630968930981546,-0.26047969033519186,-0.0676813127175391,0.06450516253592428,-0.2210212155180474,0.06748730514024699,0.03232886096602493,-0.15159858356067465,0.047653827127011196,0.9994987846918347,0.0743355529655387,0.03655516493415626,0.6032606536379885,-0.2559634497368158,-0.042099255911570495,0.0766653268444405,0.6032606536379885,0.058510112194825985,0.08203252069696246,-0.0392021926542863,0.6032606536379885,0.039813781924592936,0.027388651737538305,0.10247007163278543,0.06458784628261777,0.07992121231812876,0.9994987846918347,0.9994987846918347,0.07310009217606514,-0.14700418951041022,0.9994987846918347,-0.06379123266296916,-0.06524784019247389,0.0246833505362022,0.6032606536379885,-0.015634083695821883,0.9994987846918347,0.9994987846918347,-0.09408156646179826,-0.21992244647174078,0.9994987846918347,0.06288388655247192,0.9994987846918347,-0.2198824272966781,0.9994987846918347,-0.034450566589494976,-0.001299584596769262,-0.047622897404073064,0.06780155676637953,0.04349981017165433,-0.9271618506868925,0.9994987846918347,0.024738840318481017,0.9994987846918347,0.9994987846918347,-0.07957618648362544,-0.11655597496988367,0.9994987846918347,0.9994987846918347,0.060508799703227256,0.17174128651198467,0.08950849724156083,0.07250216892814063,0.06372031757020583,0.097090976485365,0.08642329787604879,0.6032606536379885,1.0,0.9994987846918347,0.6032606536379885,0.10541790476646289,0.07964680794869936,-0.09890205189770786,0.06180580048944654,0.05987968311915117,0.9994987846918347,0.016064666351403734,0.07741930716135245,0.11967227109566107,0.9994987846918347,0.6032606536379885,1.0,-0.04589316735717042,-0.16027204272469744,0.9994987846918347,0.9994987846918347,-0.16333493014607456,0.021811918120766476,-0.05333845773569821
T_Amp_aVL,-0.10836840798834242,-0.06116974319826008,-0.07312296862414333,-0.0031373448527831807,0.00274027589561929,-0.03780780448836488,-0.1038121481934956,-0.05613978613958393,-0.1038121481934956,-0.09962512702166591,0.22823321299867108,-0.29649244263921193,-0.07358988607428933,-0.10391057732172888,-0.21750212257052665,-0.1723392849172909,0.032761798770006956,-0.07358988607428933,-0.1038121481934956,0.06001684720344099,-0.10391057732172888,0.3091010867128374,0.27342639702600025,0.14255594752206666,-0.1038121481934956,-0.025966311000789957,-0.02652250642112835,0.01084779797040296,-0.11256919132006081,-0.10391057732172888,-0.43499233876251997,-0.06339891149484193,-0.1038121481934956,-0.18042315111276194,-0.10391057732172888,1.0,-0.10381214819349557,-0.10381214819349557,-0.0669637927229857,-0.10391057732172887,-0.30305963618238557,-0.0735898860742893,-0.10381214819349557,0.08229375211821995,0.19675443979650944,-0.10381214819349557,-0.06789408648535843,-0.060049825332567135,-0.10391057732172887,-0.0713273517319817,-0.15927678581793855,-0.04979660657739155,-0.03575822996507214,-0.0735898860742893,0.2715248659037963,-0.10381214819349557,-0.757889021120532,-0.07451084557675293,-0.10381214819349557,-0.015873134435917414,0.08990345028907581,-0.21157713308432372,-0.1011251294116441,-0.10381214819349557,-0.23831745635152976,-0.0735898860742893,-0.07402561890620178,-0.10391057732172887,-0.12017594224062542,0.22094634403180746,-0.05816885198797669,-0.013710297097662272,0.2365195238850622,-0.11763314385125018,0.04101206101209481,-0.01720665529953008,-0.02807495734031327,0.7279144234478675,-0.06940411534321439,-0.10381214819349557,-0.04326616410997924,-0.046448689651536604,-0.0735898860742893,-0.024650368100655885,-0.44353259184677624,-0.052590458605607605,-0.0735898860742893,-0.15553554720046453,-0.047611235555073655,0.15219143996356457,-0.0735898860742893,-0.024281561643981674,-0.0013007875038253923,-0.06495529967629143,-0.055969825829058344,-0.08173935133001525,-0.10381214819349557,-0.10381214819349557,-0.03712104047127601,-0.13538734423306215,-0.10381214819349557,0.09534903520560337,-0.05106800884259169,-0.018113412435654112,-0.0735898860742893,-0.20017705210457995,-0.10381214819349557,-0.10381214819349557,0.12747817023175992,0.1728978400349628,-0.10381214819349557,-0.07901642123581584,-0.10381214819349557,0.02530968114695294,-0.10381214819349557,0.2854753125660465,-0.026127099833061728,0.14417868804270065,-0.04633647013217538,-0.02507670531997561,0.10048904747434041,-0.10381214819349557,0.014765516315901629,-0.10381214819349557,-0.10381214819349557,0.09216234712141236,0.2014507566986573,-0.10381214819349557,-0.10381214819349557,-0.11941928303251007,-0.22794214002492416,-0.04980476591679963,-0.14040828716748635,-0.06268068143353647,-0.11303970412759454,-0.019505302182083694,-0.0735898860742893,-0.10391057732172887,-0.10381214819349557,-0.0735898860742893,0.009448395435471922,-0.05257573087243505,0.25751477090784375,-0.11357717214522134,-0.02105697608460176,-0.10381214819349557,-0.12328218983050565,-0.04037206644213811,-0.3608071439567626,-0.10381214819349557,-0.0735898860742893,-0.10391057732172887,-0.1030442931187317,0.34753372574020014,-0.10381214819349557,-0.10381214819349557,-0.13623593166932674,-0.09589357044189817,-0.008836481181031383
Q_Amp_I_count,0.06790553019054868,0.06635620692543828,0.08412798070566742,0.05753756244508661,-0.12454477200861207,0.0594029700302421,1.0,0.06030097295452287,1.0,0.08694877189939479,0.0006781374378229809,-0.066933164095135,0.6030907885608209,0.9994987846918347,-0.02962778338620163,0.14645021619350912,0.01634824955591859,0.6030907885608209,1.0,-0.0434837277916442,0.9994987846918347,-0.11074052721407532,-0.0033555739384728846,-0.22564194835055415,1.0,0.05852663434844684,0.07142356221960652,0.06651173669590206,0.11070511110331886,0.9994987846918347,0.2645895148247621,0.042540327213869106,1.0,0.02719496936022419,0.9994987846918347,-0.10381214819349557,1.0,1.0,0.06040311428282506,0.9994987846918347,-0.05797562997878374,0.603090788560821,1.0,-0.024378368328115206,-0.09658055144073324,1.0,0.04774094671388972,0.0724738351734002,0.9994987846918347,0.08035691536001435,0.05701357539313245,0.0678362680982933,0.08701024754836133,0.603090788560821,-0.20873124555309838,1.0,0.0624173627026633,0.08514110638649797,1.0,0.03373417393427282,0.0011898091077743728,-0.003352257334907129,0.9966467271835502,1.0,0.05425227170748052,0.603090788560821,0.039727304042233326,0.9994987846918347,0.09881925658978595,0.004731921863014278,0.07632484279545822,-0.26047969033519186,-0.06775203001322648,0.06450516253592428,-0.2210212155180474,0.06747600248950884,0.03229128518730253,-0.15147426842969205,0.047653827127011196,1.0,0.0743355529655387,0.03656583084518029,0.603090788560821,-0.2559634497368158,-0.04206583888464519,0.0766653268444405,0.603090788560821,0.05855530987728124,0.08204063206753556,-0.0392021926542863,0.603090788560821,0.03974315376385593,0.02734504939507833,0.10250973952412278,0.06465160773398793,0.08004652575198017,1.0,1.0,0.07310027599799108,-0.14700418951041022,1.0,-0.06375244003260759,-0.06536000809427164,0.024851504163041445,0.603090788560821,-0.01567270747009387,1.0,1.0,-0.09408156646179826,-0.21992244647174078,1.0,0.06290769031358341,1.0,-0.2198824272966781,1.0,-0.03444595888885041,-0.001386748147137618,-0.04756486991241716,0.06786615334111648,0.043485106950388555,-0.9276676623491351,1.0,0.024677036860326528,1.0,1.0,-0.07957618648362544,-0.11655597496988367,1.0,1.0,0.06050882561225699,0.17174128651198467,0.08950849724156083,0.07248997830240783,0.06390108411845473,0.097090976485365,0.08648351946438605,0.603090788560821,0.9994987846918347,1.0,0.603090788560821,0.10541790476646289,0.08082018374733482,-0.09890205189770786,0.06180580048944654,0.05992719128059247,1.0,0.016064666351403734,0.07741930716135245,0.1195936099325498,1.0,0.603090788560821,0.9994987846918347,-0.045964279141403996,-0.16027204272469744,1.0,1.0,-0.16333493014607456,0.0221107577873702,-0.05334602832310683
R_Amp_V1_count,0.06790553019054868,0.06635620692543828,0.08412798070566742,0.05753756244508661,-0.12454477200861207,0.0594029700302421,1.0,0.06030097295452287,1.0,0.08694877189939479,0.0006781374378229809,-0.066933164095135,0.6030907885608209,0.9994987846918347,-0.02962778338620163,0.14645021619350912,0.01634824955591859,0.6030907885608209,1.0,-0.0434837277916442,0.9994987846918347,-0.11074052721407532,-0.0033555739384728846,-0.22564194835055415,1.0,0.05852663434844684,0.07142356221960652,0.06651173669590206,0.11070511110331886,0.9994987846918347,0.2645895148247621,0.042540327213869106,1.0,0.02719496936022419,0.9994987846918347,-0.10381214819349557,1.0,1.0,0.06040311428282506,0.9994987846918347,-0.05797562997878374,0.603090788560821,1.0,-0.024378368328115206,-0.09658055144073324,1.0,0.04774094671388972,0.0724738351734002,0.9994987846918347,0.08035691536001435,0.05701357539313245,0.0678362680982933,0.08701024754836133,0.603090788560821,-0.20873124555309838,1.0,0.0624173627026633,0.08514110638649797,1.0,0.03373417393427282,0.0011898091077743728,-0.003352257334907129,0.9966467271835502,1.0,0.05425227170748052,0.603090788560821,0.039727304042233326,0.9994987846918347,0.09881925658978595,0.004731921863014278,0.07632484279545822,-0.26047969033519186,-0.06775203001322648,0.06450516253592428,-0.2210212155180474,0.06747600248950884,0.03229128518730253,-0.15147426842969205,0.047653827127011196,1.0,0.0743355529655387,0.03656583084518029,0.603090788560821,-0.2559634497368158,-0.04206583888464519,0.0766653268444405,0.603090788560821,0.05855530987728124,0.08204063206753556,-0.0392021926542863,0.603090788560821,0.03974315376385593,0.02734504939507833,0.10250973952412278,0.06465160773398793,0.08004652575198017,1.0,1.0,0.07310027599799108,-0.14700418951041022,1.0,-0.06375244003260759,-0.06536000809427164,0.024851504163041445,0.603090788560821,-0.01567270747009387,1.0,1.0,-0.09408156646179826,-0.21992244647174078,1.0,0.06290769031358341,1.0,-0.2198824272966781,1.0,-0.03444595888885041,-0.001386748147137618,-0.04756486991241716,0.06786615334111648,0.043485106950388555,-0.9276676623491351,1.0,0.024677036860326528,1.0,1.0,-0.07957618648362544,-0.11655597496988367,1.0,1.0,0.06050882561225699,0.17174128651198467,0.08950849724156083,0.07248997830240783,0.06390108411845473,0.097090976485365,0.08648351946438605,0.603090788560821,0.9994987846918347,1.0,0.603090788560821,0.10541790476646289,0.08082018374733482,-0.09890205189770786,0.06180580048944654,0.05992719128059247,1.0,0.016064666351403734,0.07741930716135245,0.1195936099325498,1.0,0.603090788560821,0.9994987846918347,-0.045964279141403996,-0.16027204272469744,1.0,1.0,-0.16333493014607456,0.0221107577873702,-0.05334602832310683
Q_Amp_V5_iqr,0.16478132026444364,0.28101481462374767,0.08677710025820676,0.060099903204477015,-0.013356749562686438,0.1735158036929642,0.06040311428282506,0.7924268245658652,0.06040311428282506,0.118267858908426,-0.020580484131514344,0.05583236841202011,0.03296560175869315,0.06040311428282506,0.061651058803017335,0.07600165660259255,-0.010072119029717073,0.03296560175869315,0.06040311428282506,-0.025924170172344146,0.06040311428282506,-0.01031637142975166,-0.05579703892468005,-0.0023115303053943778,0.06040311428282506,0.20145872322720826,0.23523527316811388,0.05315114020236365,0.02062275279129616,0.06040311428282506,0.05379779612757542,0.21302628847534297,0.06040311428282506,0.010070874583191287,0.06040311428282506,-0.0669637927229857,0.06040311428282506,0.06040311428282506,1.0,0.06040311428282507,0.04114631966663077,0.03296560175869313,0.06040311428282507,-0.037267714368695824,-0.03547693614847059,0.06040311428282507,0.14653856923208688,0.19495806386730835,0.06040311428282507,0.31101376213175264,0.050916299755554915,0.18642501611354528,0.2167245429842583,0.03296560175869313,-0.04414184107114467,0.06040311428282507,0.04937470014289764,0.2087930349263224,0.06040311428282507,0.19857725946513052,-0.03694208263376861,0.0682083789853071,0.06051986329899916,0.06040311428282507,0.05887478925187112,0.03296560175869313,0.16151218224813627,0.06040311428282507,0.22592250619405455,-0.03066867451868245,0.1962607533994002,-0.01622210581306173,-0.05348767557960129,0.0810425902628205,-0.014026890724677738,0.2289377813246661,0.02624537793226646,-0.05432663828487445,0.3163877827524201,0.06040311428282507,0.8305590393414385,0.18844296823095225,0.03296560175869313,-0.006694433536740966,0.01948110316106648,0.30963719061649275,0.03296560175869313,0.21665013583076906,0.16808226396125273,0.00178967099948935,0.03296560175869313,0.2104517727874503,-0.007428252978386083,0.22378919653747545,0.18524308400184847,0.21194105308450087,0.06040311428282507,0.06040311428282507,0.21897996341182632,-0.003611126574784109,0.06040311428282507,-0.03590426509646063,0.010596155382363342,0.002786611878974713,0.03296560175869313,0.036649213256988784,0.06040311428282507,0.06040311428282507,-0.14900013948453683,-0.00042549281054525036,0.06040311428282507,0.21821947070685413,0.06040311428282507,0.009370713458723753,0.06040311428282507,-0.060250088214563714,0.005220035301856695,-0.0031793277875328298,0.17923796583978482,0.2193531307218658,-0.05440376964120418,0.06040311428282507,-0.009778005536304903,0.06040311428282507,0.06040311428282507,-0.0031164190365858065,-0.06175336033573693,0.06040311428282507,0.06040311428282507,0.21062400677247506,0.02025930964518758,0.07747754989457424,0.22030314547780497,0.19936052454343914,0.1300990349413303,0.21097204101442554,0.03296560175869313,0.06040311428282507,0.06040311428282507,0.03296560175869313,0.0716666485992389,0.22478070140825734,-0.03898099222432227,0.03450094065368318,0.17295200660811857,0.06040311428282507,0.05911327282611673,0.30000775891445697,0.027174621197471008,0.06040311428282507,0.03296560175869313,0.06040311428282507,0.03712267387817901,-0.044478610478180025,0.06040311428282507,0.06040311428282507,0.018677437611045504,0.07835267846841097,0.07609001965025218
Q_Amp_V4_count,0.06789842659816078,0.06635620692543828,0.08412798070566742,0.05753756244508661,-0.12460185981446203,0.0593921616787107,0.9994987846918347,0.06030097295452287,0.9994987846918347,0.08694877189939479,0.0005170202540875773,-0.06700482822368825,0.6032606536379885,1.0,-0.029548662841467743,0.14645021619350912,0.016601151978123323,0.6032606536379885,0.9994987846918347,-0.043478972383214555,1.0,-0.11074052721407532,-0.003422854194407866,-0.22564194835055415,0.9994987846918347,0.05846065312406245,0.07136937709476711,0.06651173669590206,0.11055465282381699,1.0,0.264631431625214,0.042540327213869106,0.9994987846918347,0.02719496936022419,1.0,-0.10391057732172887,0.9994987846918347,0.9994987846918347,0.06040311428282507,1.0,-0.05797562997878374,0.6032606536379885,0.9994987846918347,-0.024347881692994542,-0.09658878792786868,0.9994987846918347,0.047748976738926176,0.0724205048303915,1.0,0.08035691536001435,0.05701357539313245,0.06779554275923796,0.08693368191146912,0.6032606536379885,-0.20873124555309838,0.9994987846918347,0.062482874841370016,0.08495545402851871,0.9994987846918347,0.03377781755289671,0.001136715540958565,-0.003296471029476274,0.9961429333636146,0.9994987846918347,0.05425227170748052,0.6032606536379885,0.039811537563485794,1.0,0.09881925658978595,0.004676745564148951,0.07630968930981546,-0.26047969033519186,-0.0676813127175391,0.06450516253592428,-0.2210212155180474,0.06748730514024699,0.03232886096602493,-0.15159858356067465,0.047653827127011196,0.9994987846918347,0.0743355529655387,0.03655516493415626,0.6032606536379885,-0.2559634497368158,-0.042099255911570495,0.0766653268444405,0.6032606536379885,0.058510112194825985,0.08203252069696246,-0.0392021926542863,0.6032606536379885,0.039813781924592936,0.027388651737538305,0.10247007163278543,0.06458784628261777,0.07992121231812876,0.9994987846918347,0.9994987846918347,0.07310009217606514,-0.14700418951041022,0.9994987846918347,-0.06379123266296916,-0.06524784019247389,0.0246833505362022,0.6032606536379885,-0.015634083695821883,0.9994987846918347,0.9994987846918347,-0.09408156646179826,-0.21992244647174078,0.9994987846918347,0.06288388655247192,0.9994987846918347,-0.2198824272966781,0.9994987846918347,-0.034450566589494976,-0.001299584596769262,-0.047622897404073064,0.06780155676637953,0.04349981017165433,-0.9271618506868925,0.9994987846918347,0.024738840318481017,0.9994987846918347,0.9994987846918347,-0.07957618648362544,-0.11655597496988367,0.9994987846918347,0.9994987846918347,0.060508799703227256,0.17174128651198467,0.08950849724156083,0.07250216892814063,0.06372031757020583,0.097090976485365,0.08642329787604879,0.6032606536379885,1.0,0.9994987846918347,0.6032606536379885,0.10541790476646289,0.07964680794869936,-0.09890205189770786,0.06180580048944654,0.05987968311915117,0.9994987846918347,0.016064666351403734,0.07741930716135245,0.11967227109566107,0.9994987846918347,0.6032606536379885,1.0,-0.04589316735717042,-0.16027204272469744,0.9994987846918347,0.9994987846918347,-0.16333493014607456,0.021811918120766476,-0.05333845773569821
ST_Elev_III,0.03940956226025565,0.034579309864411,0.009885062147110999,-0.0413689984861592,0.05629981182445177,0.0020197666449691684,-0.05797562997878374,0.039928017706211495,-0.05797562997878374,0.03807082258851661,-0.06809227588000694,0.17237422047743328,-0.05797562997878374,-0.05797562997878374,0.17889969233625028,0.04709890230223121,-0.010384422889682388,-0.05797562997878374,-0.05797562997878374,-0.054091676773235335,-0.05797562997878374,-0.06760766535349166,-0.3227727771427621,0.05870273504989598,-0.05797562997878374,0.022708326361935916,0.018369426115536353,-0.10270715810474873,0.09350923447107952,-0.05797562997878374,0.0637871587937707,0.0372946886289747,-0.05797562997878374,0.12614423393481025,-0.05797562997878374,-0.30305963618238557,-0.05797562997878374,-0.05797562997878374,0.04114631966663077,-0.05797562997878374,1.0,-0.05797562997878373,-0.05797562997878373,-0.08159543001041022,-0.07658991644408523,-0.05797562997878373,0.04112427021868552,0.031408695251191,-0.05797562997878373,0.03168413742815776,0.03225633218604396,0.027828818549251774,0.021008351576197338,-0.05797562997878373,-0.19701453202812855,-0.05797562997878373,0.22659015195805285,0.038426713884704936,-0.05797562997878373,0.01137244457046496,-0.07457031994197857,0.1685411014593606,-0.05898007593594914,-0.05797562997878373,0.13596549423900056,-0.05797562997878373,0.038345471581252455,-0.05797562997878373,0.030405750625812293,-0.09926783968329637,0.029569580462407957,0.03147605459373232,-0.24876595231166126,0.034780252621079547,0.2699107615237811,0.017746466561204134,0.0010300275648234146,-0.1935163962933247,0.048910028163527415,-0.05797562997878373,0.02779965264900677,0.03595466516188416,-0.05797562997878373,0.07966459947048714,0.1966374563547156,0.039490033274014576,-0.05797562997878373,0.049185880384059966,0.02850304302360758,-0.023269967847115252,-0.05797562997878373,0.0184788601860159,-0.018294665002450968,0.027977093134696006,0.029163497085186396,0.0412889109456489,-0.05797562997878373,-0.05797562997878373,0.020744611760993584,0.07650425856430719,-0.05797562997878373,-0.09314193751748118,0.12198351018492738,0.008996484908014706,-0.05797562997878373,0.2664899794652851,-0.05797562997878373,-0.05797562997878373,-0.14737760827398103,0.04195006725411887,-0.05797562997878373,0.04626871324574605,-0.05797562997878373,0.08761997446070437,-0.05797562997878373,-0.32081307783931834,-0.016784260808867385,-0.007972818313942268,0.01593956378616326,0.012757634539895058,0.0718297964232076,-0.05797562997878373,-0.06813654411099847,-0.05797562997878373,-0.05797562997878373,-0.13032150119569902,-0.1566634042404476,-0.05797562997878373,-0.05797562997878373,0.05665712585836183,-0.01419649258505411,0.008241467568095084,0.04468129574376677,0.035229543618381425,0.03674618919098103,0.01568519194416227,-0.05797562997878373,-0.05797562997878373,-0.05797562997878373,-0.05797562997878373,-0.016106576794835945,0.031722924502648756,-0.49116229094892416,-0.01158510587405183,0.023071622203781034,-0.05797562997878373,0.09211713905800221,0.021695204153503005,0.11127516614351349,-0.05797562997878373,-0.05797562997878373,-0.05797562997878373,0.11345385721334206,-0.07785806134650979,-0.05797562997878373,-0.05797562997878373,0.5186212213520324,0.05950017160922353,0.010941596939729712
ST_Elev_aVR_count,0.05552388725672591,0.05785452866097813,0.08412798070566742,0.05753756244508661,-0.06997528368534667,0.04863448764480071,0.603090788560821,0.03438096981743862,0.603090788560821,0.08694877189939479,-0.0075423034180836296,-0.017006669088468585,1.0,0.6032606536379885,-0.006277884862554391,0.14645021619350912,0.02413677421372082,1.0,0.603090788560821,-0.028785883139884966,0.6032606536379885,-0.06698045225821188,-0.0219728304644547,-0.22564194835055415,0.603090788560821,0.04980532332051859,0.06199831794203382,0.06651173669590206,0.06286628375905791,0.6032606536379885,0.15958025955028005,0.03761675913204401,0.603090788560821,0.022836653645909696,0.6032606536379885,-0.0735898860742893,0.603090788560821,0.603090788560821,0.03296560175869313,0.6032606536379885,-0.05797562997878373,1.0,0.6030907885608209,-0.014001128519824949,-0.061538759591211876,0.6030907885608209,0.03292551726906371,0.061619650505808025,0.6032606536379885,0.049625147526543706,0.05701357539313245,0.057460245394809616,0.06480786391104335,1.0,-0.20873124555309838,0.6030907885608209,0.047055135334825186,0.07042262449848506,0.6030907885608209,0.02887533184786346,-0.0021770642006239626,0.009837487234289042,0.600690651573292,0.6030907885608209,0.03449797139710492,1.0,0.02998558321491976,0.6032606536379885,0.09881925658978595,0.0010140402694029885,0.06001152216915462,-0.26047969033519186,-0.053081938196110984,0.06450516253592428,-0.2210212155180474,0.054383318314955444,0.021669284031175778,-0.09441538334073056,0.03695628496414987,0.6030907885608209,0.04738287559329846,0.030684688562610786,1.0,-0.2559634497368158,-0.01347913685232939,0.04495140364940444,1.0,0.04532113917755112,0.0687354086521867,-0.01142323369699784,1.0,0.028946004403353296,0.026989263705054244,0.08594266365133524,0.05288378966158771,0.06448899540664517,0.6030907885608209,0.6030907885608209,0.056255619944319046,-0.14700418951041022,0.6030907885608209,-0.04238722011061444,-0.02388132230997851,0.0066733194031558096,1.0,0.009374181789287533,0.6030907885608209,0.6030907885608209,-0.04758054888583204,-0.21992244647174078,0.6030907885608209,0.05922969297058081,0.6030907885608209,-0.2198824272966781,0.6030907885608209,-0.04064251422576443,0.003430767624331134,-0.029011892625643562,0.04736020392897645,0.035606365532755445,-0.5521613041619947,0.6030907885608209,0.016851921786110016,0.6030907885608209,0.6030907885608209,-0.041310587908133,-0.07462765381767635,0.6030907885608209,0.6030907885608209,0.05017011784297683,0.17174128651198467,0.08950849724156083,0.052356873815606095,0.04288563015703014,0.097090976485365,0.07409911655753261,1.0,0.6032606536379885,0.6030907885608209,1.0,0.10541790476646289,0.06296279453136,-0.09890205189770786,0.06180580048944654,0.05545197100423101,0.6030907885608209,0.01952533143290476,0.04513895811952199,0.08387336981175895,0.6030907885608209,1.0,0.6032606536379885,-0.027047124614756654,-0.09898077475900603,0.6030907885608209,0.6030907885608209,-0.16333493014607456,0.02608058310188458,-0.028418246069887482
RR_Mean_Global_count,0.06790553019054868,0.06635620692543828,0.08412798070566742,0.05753756244508661,-0.12454477200861207,0.0594029700302421,1.0,0.06030097295452287,1.0,0.08694877189939479,0.0006781374378229809,-0.066933164095135,0.6030907885608209,0.9994987846918347,-0.02962778338620163,0.14645021619350912,0.01634824955591859,0.6030907885608209,1.0,-0.0434837277916442,0.9994987846918347,-0.11074052721407532,-0.0033555739384728846,-0.22564194835055415,1.0,0.05852663434844684,0.07142356221960652,0.06651173669590206,0.11070511110331886,0.9994987846918347,0.2645895148247621,0.042540327213869106,1.0,0.02719496936022419,0.9994987846918347,-0.10381214819349557,1.0,1.0,0.06040311428282507,0.9994987846918347,-0.05797562997878373,0.6030907885608209,1.0,-0.024378368328115206,-0.09658055144073324,1.0,0.04774094671388972,0.0724738351734002,0.9994987846918347,0.08035691536001435,0.05701357539313245,0.0678362680982933,0.08701024754836133,0.603090788560821,-0.20873124555309838,1.0,0.0624173627026633,0.08514110638649797,1.0,0.03373417393427282,0.0011898091077743728,-0.003352257334907129,0.9966467271835502,1.0,0.05425227170748052,0.603090788560821,0.039727304042233326,0.9994987846918347,0.09881925658978595,0.004731921863014278,0.07632484279545822,-0.26047969033519186,-0.06775203001322648,0.06450516253592428,-0.2210212155180474,0.06747600248950884,0.03229128518730253,-0.15147426842969205,0.047653827127011196,1.0,0.0743355529655387,0.03656583084518029,0.603090788560821,-0.2559634497368158,-0.04206583888464519,0.0766653268444405,0.603090788560821,0.05855530987728124,0.08204063206753556,-0.0392021926542863,0.603090788560821,0.03974315376385593,0.02734504939507833,0.10250973952412278,0.06465160773398793,0.08004652575198017,1.0,1.0,0.07310027599799108,-0.14700418951041022,1.0,-0.06375244003260759,-0.06536000809427164,0.024851504163041445,0.603090788560821,-0.01567270747009387,1.0,1.0,-0.09408156646179826,-0.21992244647174078,1.0,0.06290769031358341,1.0,-0.2198824272966781,1.0,-0.03444595888885041,-0.001386748147137618,-0.04756486991241716,0.06786615334111648,0.043485106950388555,-0.9276676623491351,1.0,0.024677036860326528,1.0,1.0,-0.07957618648362544,-0.11655597496988367,1.0,1.0,0.06050882561225699,0.17174128651198467,0.08950849724156083,0.07248997830240783,0.06390108411845473,0.097090976485365,0.08648351946438605,0.603090788560821,0.9994987846918347,1.0,0.603090788560821,0.10541790476646289,0.08082018374733482,-0.09890205189770786,0.06180580048944654,0.05992719128059247,1.0,0.016064666351403734,0.07741930716135245,0.1195936099325498,1.0,0.603090788560821,0.9994987846918347,-0.045964279141403996,-0.16027204272469744,1.0,1.0,-0.16333493014607456,0.0221107577873702,-0.05334602832310683
Q_Amp_V2,-0.029153302363192402,-0.029288365217979385,0.0032491053603132198,-0.023811412562584712,0.009601870606434781,-0.004907491221945866,-0.024378368328115206,-0.022817586145063955,-0.024378368328115206,-0.014089632824206529,-0.09692067538130372,-0.11649571689232502,-0.014001128519824949,-0.024347881692994542,-0.12039681417431948,-0.05239553908667077,-0.004239603593699769,-0.014001128519824949,-0.024378368328115206,0.41165223878723567,-0.024347881692994542,0.025442834183166247,0.18312828238297899,0.024313088557586127,-0.024378368328115206,-0.02801634729659185,-0.024338376557831148,-0.0026845025418866975,-0.18653101623628113,-0.024347881692994542,-0.07187016807853078,-0.014329185735196214,-0.024378368328115206,-0.08083034641563625,-0.024347881692994542,0.08229375211821995,-0.024378368328115206,-0.024378368328115206,-0.037267714368695824,-0.024347881692994542,-0.08159543001041022,-0.014001128519824949,-0.024378368328115206,1.0,0.021461161069314803,-0.024378368328115203,-0.015629875664921994,-0.08018815824278448,-0.02434788169299454,-0.050787368208057085,-0.03657735041889178,-0.022031451468126278,-0.03477288791398824,-0.014001128519824954,0.07081242640586989,-0.024378368328115203,-0.07168543002779817,-0.025272667704883595,-0.024378368328115203,-0.015191145407033733,0.26832880629129297,-0.12483005737086356,-0.023706821974724478,-0.024378368328115203,-0.13639932034501057,-0.014001128519824954,-0.017205114769877187,-0.02434788169299454,-0.03698032497792599,0.02223492738813679,0.037423785733183924,0.03612386900812107,0.19872758307449961,-0.029621549376206657,-0.0025511132440811926,-0.023996386664466216,-0.045299608455257885,0.07309325773566568,-0.02321460917607924,-0.024378368328115203,-0.030674727153353447,-0.023530174900192075,-0.014001128519824954,0.00027463375801078097,-0.027835584073130346,-0.04886653707853908,-0.014001128519824954,-0.024965548340981497,-0.026622214979625435,-0.0011154959774655204,-0.014001128519824954,-0.01476553295409464,0.07010195244350415,-0.020631600157567456,-0.02458574537576901,-0.0046006741850283936,-0.024378368328115203,-0.024378368328115203,-0.029040978839942055,0.008486246499152438,-0.024378368328115203,0.14847900395087743,0.04414625739708204,-0.20075170838657364,-0.014001128519824954,-0.10552932566041322,-0.024378368328115203,-0.024378368328115203,0.13712778147910673,0.03480331373931987,-0.024378368328115203,-0.014955141118324937,-0.024378368328115203,-0.0012590678381385755,-0.024378368328115203,0.20663836695644755,0.32316783744429295,-0.3987522631432413,-0.00940191146046759,-0.018079212542348375,0.024216018690933,-0.024378368328115203,0.04602138900098021,-0.024378368328115203,-0.024378368328115203,0.11035927854263286,0.13603927647782108,-0.024378368328115203,-0.024378368328115203,-0.01352987931001459,-0.016010020797743846,-0.02195990960520931,-0.01961040197249961,-0.02026556534735653,-0.04156761616458248,-0.027351295316060887,-0.014001128519824954,-0.02434788169299454,-0.024378368328115203,-0.014001128519824954,0.01851754648876289,-0.02330430520972064,0.09349672206393486,-0.010775617422389533,-0.022501046663377072,-0.024378368328115203,0.03337626361489865,-0.04936930461258385,-0.0039118160659229045,-0.024378368328115203,-0.014001128519824954,-0.02434788169299454,-0.09811940116524774,0.03666036970053591,-0.024378368328115203,-0.024378368328115203,-0.04355428774378618,-0.10737998402346095,-0.018307970430223492
R_Amp_V3,-0.06088350849799449,-0.038932329544503194,-0.01972497240612377,-0.0534108093136402,0.08907153915506537,-0.02112678271040767,-0.09658055144073324,-0.03530370737698917,-0.09658055144073324,-0.03924037530695505,0.27095457525547156,-0.2930495411959304,-0.061538759591211876,-0.09658878792786868,-0.11124812747046535,-0.10755221192798142,-0.2213373828450763,-0.061538759591211876,-0.09658055144073324,0.10791753121180232,-0.09658878792786868,0.11124625823756507,0.12339416722842314,0.055036749017636985,-0.09658055144073324,-0.03732777926999851,-0.021785676915658102,-0.014476685129940547,-0.2280594159679556,-0.09658878792786868,-0.17744917466516197,-0.023765904367983443,-0.09658055144073324,-0.23641864300713422,-0.09658878792786868,0.19675443979650944,-0.09658055144073324,-0.09658055144073324,-0.03547693614847059,-0.09658878792786868,-0.07658991644408523,-0.061538759591211876,-0.09658055144073324,0.021461161069314803,1.0,-0.09658055144073321,-0.013022820009501291,-0.018534363581636192,-0.09658878792786865,-0.04631318350728579,-0.08013334866801916,-0.01388753453889175,-0.024291099335283534,-0.061538759591211876,0.11767625871714535,-0.09658055144073321,-0.12260681053395975,0.003492987482032785,-0.09658055144073321,-0.02976164683677745,-0.16773559035237837,-0.174226795041337,-0.0961631287154874,-0.09658055144073321,-0.21780514335262946,-0.061538759591211876,-0.019599555197161802,-0.09658878792786865,-0.0616781120456163,0.1296152119537844,0.0011989144068515136,-0.1387325752805337,0.23486295599287643,-0.08492248977107159,0.06362173656014464,-0.01638028183126214,-0.1667811195506715,0.21252339127361067,-0.07643911975088018,-0.09658055144073321,-0.011502268634084756,-0.02889124785845926,-0.061538759591211876,-0.18243452000057464,-0.031121443367832954,-0.027559082570117188,-0.061538759591211876,-0.08072300019497455,-0.020092523824145222,-0.09558947040544734,-0.061538759591211876,-0.023560749654116715,-0.15874270186555273,-0.03289885091322751,-0.03450755628862536,-0.09494682615378149,-0.09658055144073321,-0.09658055144073321,-0.017960475175499636,-0.1142506765294498,-0.09658055144073321,0.18425712874466263,0.12697041511201923,-0.5863326942626226,-0.061538759591211876,-0.01560368297420686,-0.09658055144073321,-0.09658055144073321,0.2280454559888284,0.12507142902327414,-0.09658055144073321,-0.046261740771123556,-0.09658055144073321,-0.11842743618789131,-0.09658055144073321,0.1908631280916179,-0.6242107562939184,0.5955206438485176,-0.06424830906264814,-0.03156209215268579,0.07972446749320253,-0.09658055144073321,-0.10082055780421369,-0.09658055144073321,-0.09658055144073321,0.07351930695733024,0.5897956932603964,-0.09658055144073321,-0.09658055144073321,-0.05603942588057353,-0.13439334664951202,-0.02377773215893118,-0.06628456692376818,-0.0277099179514691,-0.04805430048532971,0.0003377702538531496,-0.061538759591211876,-0.09658878792786865,-0.09658055144073321,-0.061538759591211876,-0.0036424391939813092,-0.045800924302626965,0.10558162977084201,-0.04109870360364471,-0.013924008640051031,-0.09658055144073321,-0.3873750452875954,-0.015180902050850997,-0.20973399132965065,-0.09658055144073321,-0.061538759591211876,-0.09658878792786865,-0.009134198214723662,0.211860168696813,-0.09658055144073321,-0.09658055144073321,-0.0009188691515988,-0.057757586397063784,-0.032562646754138724
R_Amp_V3_count,0.06790553019054868,0.06635620692543828,0.08412798070566742,0.05753756244508661,-0.12454477200861207,0.0594029700302421,1.0,0.06030097295452287,1.0,0.08694877189939479,0.0006781374378229809,-0.066933164095135,0.6030907885608209,0.9994987846918347,-0.02962778338620163,0.14645021619350912,0.01634824955591859,0.6030907885608209,1.0,-0.0434837277916442,0.9994987846918347,-0.11074052721407532,-0.0033555739384728846,-0.22564194835055415,1.0,0.05852663434844684,0.07142356221960652,0.06651173669590206,0.11070511110331886,0.9994987846918347,0.2645895148247621,0.042540327213869106,1.0,0.02719496936022419,0.9994987846918347,-0.10381214819349557,1.0,1.0,0.06040311428282507,0.9994987846918347,-0.05797562997878373,0.6030907885608209,1.0,-0.024378368328115203,-0.09658055144073321,1.0,0.04774094671388972,0.0724738351734002,0.9994987846918347,0.08035691536001435,0.05701357539313245,0.0678362680982933,0.08701024754836133,0.603090788560821,-0.20873124555309838,1.0,0.0624173627026633,0.08514110638649797,1.0,0.03373417393427282,0.0011898091077743728,-0.003352257334907129,0.9966467271835502,1.0,0.05425227170748052,0.603090788560821,0.039727304042233326,0.9994987846918347,0.09881925658978595,0.004731921863014278,0.07632484279545822,-0.26047969033519186,-0.06775203001322648,0.06450516253592428,-0.2210212155180474,0.06747600248950884,0.03229128518730253,-0.15147426842969205,0.047653827127011196,1.0,0.0743355529655387,0.03656583084518029,0.603090788560821,-0.2559634497368158,-0.04206583888464519,0.0766653268444405,0.603090788560821,0.05855530987728124,0.08204063206753556,-0.0392021926542863,0.603090788560821,0.03974315376385593,0.02734504939507833,0.10250973952412278,0.06465160773398793,0.08004652575198017,1.0,1.0,0.07310027599799108,-0.14700418951041022,1.0,-0.06375244003260759,-0.06536000809427164,0.024851504163041445,0.603090788560821,-0.01567270747009387,1.0,1.0,-0.09408156646179826,-0.21992244647174078,1.0,0.06290769031358341,1.0,-0.2198824272966781,1.0,-0.03444595888885041,-0.001386748147137618,-0.04756486991241716,0.06786615334111648,0.043485106950388555,-0.9276676623491351,1.0,0.024677036860326528,1.0,1.0,-0.07957618648362544,-0.11655597496988367,1.0,1.0,0.06050882561225699,0.17174128651198467,0.08950849724156083,0.07248997830240783,0.06390108411845473,0.097090976485365,0.08648351946438605,0.603090788560821,0.9994987846918347,1.0,0.603090788560821,0.10541790476646289,0.08082018374733482,-0.09890205189770786,0.06180580048944654,0.05992719128059247,1.0,0.016064666351403734,0.07741930716135245,0.1195936099325498,1.0,0.603090788560821,0.9994987846918347,-0.045964279141403996,-0.16027204272469744,1.0,1.0,-0.16333493014607456,0.0221107577873702,-0.05334602832310683
R_Amp_aVR_iqr,0.2506419061387196,0.25342069556161056,0.10151151542633959,0.0898205195979297,-0.02831384432431195,0.33352793455950697,0.04774094671388972,0.33280732847405103,0.04774094671388972,0.09398973104190554,0.015960548727498705,0.0863539576181924,0.03292551726906371,0.047748976738926176,0.13503832755265127,0.11042562537969483,-0.02872502927140926,0.03292551726906371,0.04774094671388972,-0.030393144639441462,0.047748976738926176,-0.032915516678205504,-0.05722816896869973,0.00114093031653016,0.04774094671388972,0.2515338476850495,0.4929054195168986,0.06871494861259742,-0.09264461440867733,0.047748976738926176,0.08598004900297279,0.35306883996245814,0.04774094671388972,0.04104369234161694,0.047748976738926176,-0.06789408648535843,0.04774094671388972,0.04774094671388972,0.14653856923208688,0.047748976738926176,0.04112427021868552,0.03292551726906371,0.04774094671388972,-0.015629875664921994,-0.013022820009501291,0.04774094671388972,1.0,0.177785034817111,0.04774897673892618,0.11862393154234556,0.0763564291108684,0.15231561767282276,0.3828486164349219,0.03292551726906371,-0.005596573885988908,0.047740946713889724,0.026779770018474112,0.1874705795749571,0.047740946713889724,0.3852150218454452,-0.022607197609111517,0.08737700144009747,0.04751413274192816,0.047740946713889724,0.05872962382567175,0.03292551726906371,0.7105523608540981,0.04774897673892618,0.11069067475605066,-0.015676898619141774,0.20050120044959846,-0.06264781338405336,-0.018655810595259937,0.11282082240692616,0.01405184452824008,0.4415877950576617,0.023343328432381606,-0.00466722602529787,0.20897454972276963,0.047740946713889724,0.17825666346806437,0.7794897670583574,0.03292551726906371,-0.04326831689145832,0.0036631105093416854,0.34329203656943685,0.03292551726906371,0.2737573349014214,0.3728132672655937,-0.01940646935593799,0.03292551726906371,0.621675052164566,-0.04545247144610882,0.40217154438412495,0.17327694433632923,0.20996095867290124,0.047740946713889724,0.047740946713889724,0.4071452179618708,-0.05207822937562725,0.047740946713889724,-0.039706489748296055,0.07609202155970643,-0.008758629738846767,0.03292551726906371,0.043390508653729,0.047740946713889724,0.047740946713889724,-0.05361421525483637,0.010994424878767216,0.047740946713889724,0.39949024952858975,0.047740946713889724,-0.004235917468809743,0.047740946713889724,-0.05101809886403079,0.011206155983785708,0.031213361136299557,0.3787362706839631,0.4616170624872173,-0.05320175644397757,0.047740946713889724,-0.0054811718588346605,0.047740946713889724,0.047740946713889724,-0.0433583118587502,-0.04471298076140615,0.047740946713889724,0.047740946713889724,0.43611859516780394,-0.012862753797466061,0.11113277067927448,0.3505440634045434,0.3672933692809605,0.08845752918523589,0.5127918567071601,0.03292551726906371,0.04774897673892618,0.047740946713889724,0.03292551726906371,0.08747016299191736,0.25356346314676376,-0.048440702227287497,0.07536887418202193,0.2067978363805941,0.047740946713889724,0.03678624314332669,0.1459918331229942,-0.015980892985042416,0.047740946713889724,0.03292551726906371,0.04774897673892618,0.02510023635785341,-0.03702751924561198,0.047740946713889724,0.047740946713889724,0.04513763927653668,0.23304098436448553,0.19826182676020204
S_Amp_V2_iqr,0.1955045454450629,0.3010309677826546,0.10926621596962281,0.07030298015491919,-0.02171076532376372,0.31158034186392153,0.0724738351734002,0.19274215420620922,0.0724738351734002,0.09789417592452597,0.01263037841756622,0.07271432201964063,0.061619650505808025,0.0724205048303915,0.04238452520938637,0.08239924467021477,0.010144760262534224,0.061619650505808025,0.0724738351734002,-0.05480432271957215,0.0724205048303915,-0.014211258838114763,-0.05420755133409058,-0.00961313244731592,0.0724738351734002,0.8204255036453262,0.26060005912284034,0.049013041166675805,0.046484164580349006,0.0724205048303915,0.04739138735811498,0.23837274025071525,0.0724738351734002,0.06492758375585382,0.0724205048303915,-0.060049825332567135,0.0724738351734002,0.0724738351734002,0.19495806386730835,0.0724205048303915,0.031408695251191,0.061619650505808025,0.0724738351734002,-0.08018815824278448,-0.018534363581636192,0.0724738351734002,0.177785034817111,1.0,0.07242050483039149,0.2207949829059401,0.049994040033092886,0.32085987277492944,0.27591891107459604,0.061619650505808046,-0.028625521059394966,0.07247383517340018,0.03863962378063321,0.4334256324420678,0.07247383517340018,0.20294278468019938,-0.10773215223501531,0.04703946970454366,0.07164110515721919,0.07247383517340018,0.07401856486173877,0.061619650505808046,0.1700322986977954,0.07242050483039149,0.1086929143960915,-0.06044769075126669,0.8132474697632976,-0.055551311737555065,-0.06168393955464506,0.07426258184631529,-0.020474954947140175,0.2760890084308154,0.04632432682826605,-0.04998883970203126,0.2308258542541568,0.07247383517340018,0.20645802975955868,0.1964552436433306,0.061619650505808046,-0.031134271083596468,0.008960314379191411,0.2294325854978395,0.061619650505808046,0.2237215466796053,0.21957365096293027,0.008962087095133223,0.061619650505808046,0.20753697411293281,-0.00178923876536777,0.22584248949085445,0.34653673868814583,0.35053516481658903,0.07247383517340018,0.07247383517340018,0.2782594186217599,-0.03329581468095206,0.07247383517340018,-0.05408601752737934,-0.00426014531931723,-0.02494802433521329,0.061619650505808046,0.03458572211946634,0.07247383517340018,0.07247383517340018,-0.040642916444052754,-0.008386862117348395,0.07247383517340018,0.21351166933582458,0.07247383517340018,-0.010385624868833283,0.07247383517340018,-0.06396093016932569,-0.014917707122062153,0.042179800992834963,0.5885552476692324,0.21133161951275437,-0.06398359338308093,0.07247383517340018,0.016012072367215496,0.07247383517340018,0.07247383517340018,-0.0010998929258918013,-0.05332549380798611,0.07247383517340018,0.07247383517340018,0.2176155810611214,0.017061770547871082,0.182025617189026,0.23348126370797517,0.3300315561031533,0.10128517633974111,0.2442515685477593,0.061619650505808046,0.07242050483039149,0.07247383517340018,0.061619650505808046,0.09888986620480605,0.4201448460843016,-0.03876944608914014,0.03414984742806861,0.32207541086719643,0.07247383517340018,0.034733878661363723,0.2133433921318599,0.03026889394475241,0.07247383517340018,0.061619650505808046,0.07242050483039149,0.008779551804419071,-0.03370120106506458,0.07247383517340018,0.07247383517340018,0.02081452335961988,0.09880949947709514,0.12197058449215191
R_Amp_V6_count,0.06789842659816078,0.06635620692543828,0.08412798070566742,0.05753756244508661,-0.12460185981446203,0.0593921616787107,0.9994987846918347,0.06030097295452287,0.9994987846918347,0.08694877189939479,0.0005170202540875773,-0.06700482822368825,0.6032606536379885,1.0,-0.029548662841467743,0.14645021619350912,0.016601151978123323,0.6032606536379885,0.9994987846918347,-0.043478972383214555,1.0,-0.11074052721407532,-0.003422854194407866,-0.22564194835055415,0.9994987846918347,0.05846065312406245,0.07136937709476711,0.06651173669590206,0.11055465282381699,1.0,0.264631431625214,0.042540327213869106,0.9994987846918347,0.02719496936022419,1.0,-0.10391057732172887,0.9994987846918347,0.9994987846918347,0.06040311428282507,1.0,-0.05797562997878373,0.6032606536379885,0.9994987846918347,-0.02434788169299454,-0.09658878792786865,0.9994987846918347,0.04774897673892618,0.07242050483039149,1.0,0.08035691536001435,0.05701357539313245,0.06779554275923796,0.08693368191146912,0.6032606536379885,-0.20873124555309838,0.9994987846918347,0.062482874841370016,0.08495545402851871,0.9994987846918347,0.03377781755289671,0.001136715540958565,-0.003296471029476274,0.9961429333636146,0.9994987846918347,0.05425227170748052,0.6032606536379885,0.039811537563485794,1.0,0.09881925658978595,0.004676745564148951,0.07630968930981546,-0.26047969033519186,-0.0676813127175391,0.06450516253592428,-0.2210212155180474,0.06748730514024699,0.03232886096602493,-0.15159858356067465,0.047653827127011196,0.9994987846918347,0.0743355529655387,0.03655516493415626,0.6032606536379885,-0.2559634497368158,-0.042099255911570495,0.0766653268444405,0.6032606536379885,0.058510112194825985,0.08203252069696246,-0.0392021926542863,0.6032606536379885,0.039813781924592936,0.027388651737538305,0.10247007163278543,0.06458784628261777,0.07992121231812876,0.9994987846918347,0.9994987846918347,0.07310009217606514,-0.14700418951041022,0.9994987846918347,-0.06379123266296916,-0.06524784019247389,0.0246833505362022,0.6032606536379885,-0.015634083695821883,0.9994987846918347,0.9994987846918347,-0.09408156646179826,-0.21992244647174078,0.9994987846918347,0.06288388655247192,0.9994987846918347,-0.2198824272966781,0.9994987846918347,-0.034450566589494976,-0.001299584596769262,-0.047622897404073064,0.06780155676637953,0.04349981017165433,-0.9271618506868925,0.9994987846918347,0.024738840318481017,0.9994987846918347,0.9994987846918347,-0.07957618648362544,-0.11655597496988367,0.9994987846918347,0.9994987846918347,0.060508799703227256,0.17174128651198467,0.08950849724156083,0.07250216892814063,0.06372031757020583,0.097090976485365,0.08642329787604879,0.6032606536379885,1.0,0.9994987846918347,0.6032606536379885,0.10541790476646289,0.07964680794869936,-0.09890205189770786,0.06180580048944654,0.05987968311915117,0.9994987846918347,0.016064666351403734,0.07741930716135245,0.11967227109566107,0.9994987846918347,0.6032606536379885,1.0,-0.04589316735717042,-0.16027204272469744,0.9994987846918347,0.9994987846918347,-0.16333493014607456,0.021811918120766476,-0.05333845773569821
Q_Amp_V6_iqr,0.1761750990371802,0.25265002113849855,0.07948938521525035,0.060025007728260214,-0.004035963750603515,0.16968462435141052,0.08035691536001435,0.23726468940530207,0.08035691536001435,0.09576110981357012,-0.03187138525914625,0.06784778252461554,0.049625147526543706,0.08035691536001435,0.06327134242402538,0.05697197880947331,0.011733380151653185,0.049625147526543706,0.08035691536001435,-0.03315395314023487,0.08035691536001435,-0.031827016907301456,-0.06579548356673862,-0.023791929968546392,0.08035691536001435,0.20022730140219722,0.20479362128793038,0.03170348942149679,0.02807911485306517,0.08035691536001435,0.052735392128456016,0.19239874371657348,0.08035691536001435,0.07874022739419091,0.08035691536001435,-0.0713273517319817,0.08035691536001435,0.08035691536001435,0.31101376213175264,0.08035691536001435,0.03168413742815776,0.049625147526543706,0.08035691536001435,-0.050787368208057085,-0.04631318350728579,0.08035691536001435,0.11862393154234556,0.2207949829059401,0.08035691536001435,1.0,0.02844197712174073,0.19273319329315,0.2142459671752863,0.049625147526543734,-0.05361832267002497,0.08035691536001432,0.05992043748431118,0.22262123042234921,0.08035691536001432,0.17907873099669386,-0.059468044300590765,0.06979012491199234,0.0792917539915375,0.08035691536001432,0.11193376207993248,0.049625147526543734,0.14492748735095673,0.08035691536001432,0.13214982478454812,-0.06442853028714263,0.21604464143686772,-0.008938750232195435,-0.057562351195155154,0.043732145627288464,-0.032796764470215484,0.2025179972882887,0.03630276506642421,-0.07238666640973704,0.21876328158993968,0.08035691536001432,0.2954791213396737,0.14019473036598384,0.049625147526543734,-0.01169594175203035,0.035406655355470246,0.8065435381793551,0.049625147526543734,0.19936190304859092,0.17498863266752848,-0.0007730118573808044,0.049625147526543734,0.15362184163939144,0.008737164817702937,0.2340603725547951,0.19400311908265058,0.20863057427272266,0.08035691536001432,0.08035691536001432,0.20384808461619444,-0.0030911911838875468,0.08035691536001432,-0.053351629204734866,0.01096956962243644,-0.01114035679350146,0.049625147526543734,0.0477286868081652,0.08035691536001432,0.08035691536001432,-0.05988717109960045,-0.009247007808920023,0.08035691536001432,0.20940530509780694,0.08035691536001432,-0.011566605896530847,0.08035691536001432,-0.06975001390598709,-0.008901694261317972,-0.009773760604525734,0.16443691961895424,0.18007867616382475,-0.07601531543029075,0.08035691536001432,0.001169832461222551,0.08035691536001432,0.08035691536001432,-0.02978671259326154,-0.06499413242228902,0.08035691536001432,0.08035691536001432,0.19475071424287874,0.031792066207909385,0.07115316697078941,0.20505418636396414,0.1787379557676785,0.26429839661809723,0.1961842650803094,0.049625147526543734,0.08035691536001432,0.08035691536001432,0.049625147526543734,0.05020767304841206,0.21673187650672432,-0.03855280152862674,0.021461183391114635,0.182858503557189,0.08035691536001432,0.03483970497724885,0.8868380519819221,0.048646707373753435,0.08035691536001432,0.049625147526543734,0.08035691536001432,0.031153812546562274,-0.0928685643455761,0.08035691536001432,0.08035691536001432,0.0031787250813320256,0.08056728360721545,0.06656582497799937
ST_Elev_I_iqr,0.06490537254375274,0.05394660082406077,0.1527788506476419,0.1968327060025205,-0.22217039416636783,0.07360654153780745,0.05701357539313245,0.07377015032871029,0.05701357539313245,0.2000258399885691,0.0256812163778635,0.11397336091590883,0.05701357539313245,0.05701357539313245,0.046295155272696634,0.40274884454749016,-0.130970269193225,0.05701357539313245,0.05701357539313245,-0.0663193653065795,0.05701357539313245,-0.21018551885255554,-0.05652431837295705,-0.07830247624897958,0.05701357539313245,0.03846010260102956,0.05733030901979887,0.14811779882275386,0.11828877314094505,0.05701357539313245,0.2740441336515878,0.07133154541752408,0.05701357539313245,0.09604404627288095,0.05701357539313245,-0.15927678581793855,0.05701357539313245,0.05701357539313245,0.050916299755554915,0.05701357539313245,0.03225633218604396,0.05701357539313245,0.05701357539313245,-0.03657735041889178,-0.08013334866801916,0.05701357539313245,0.0763564291108684,0.049994040033092886,0.05701357539313245,0.02844197712174073,1.0,0.03393424750826869,0.08692857543103662,0.05701357539313246,-0.050946120824939635,0.05701357539313246,0.008851914726070801,0.05082582050589155,0.05701357539313246,0.090340566041117,0.0033466256365067065,0.08576719262075899,0.05383836153838245,0.05701357539313246,0.0899339719483978,0.05701357539313246,0.08909107236478424,0.05701357539313246,0.2581199703160389,-0.01605388373327952,0.056595319785879276,-0.013707283465731468,-0.11519655746481382,0.27203656534637327,-0.0853121380931255,0.04131929998785795,0.08380427248765929,-0.3002726155769689,0.06341764061172295,0.05701357539313246,0.037094068951419805,0.07407347690551701,0.05701357539313246,-0.009528116663608867,-0.11490298288277773,0.04754557513003398,0.05701357539313246,0.0655624024210957,0.11585486589403261,-0.16942749879394906,0.05701357539313246,0.07786476755387493,-0.11448632332000756,0.06580678716760363,0.03799423925667429,0.05316280680573136,0.05701357539313246,0.05701357539313246,0.05387176326510551,0.026162051685596276,0.05701357539313246,-0.10812515387075583,-0.058726146687977,0.06008988542137312,0.05701357539313246,0.01479080132621341,0.05701357539313246,0.05701357539313246,-0.07077064943798497,-0.10731649864997876,0.05701357539313246,0.05086760508256845,0.05701357539313246,-0.024796038559869574,0.05701357539313246,-0.0838798881347846,0.04385182778163162,-0.003226227548918696,0.0784121727791075,0.07789060041628512,-0.05015893696872788,0.05701357539313246,0.02466345624720974,0.05701357539313246,0.05701357539313246,-0.06554392589144502,-0.09875683976858997,0.05701357539313246,0.05701357539313246,0.052655013179700894,0.0981939917289248,0.14006533270734717,0.053615514239541584,0.07039768934524146,0.2772825213128533,0.08648704703079771,0.05701357539313246,0.05701357539313246,0.05701357539313246,0.05701357539313246,0.11206323647761661,0.04678408959362513,-0.0830718662218368,0.36167965867987567,0.035531494931367626,0.05701357539313246,0.10101816118860983,0.026054173286453,0.053410665597126566,0.05701357539313246,0.05701357539313246,0.05701357539313246,0.011212147618853724,-0.22328525064059593,0.05701357539313246,0.05701357539313246,-0.055076874506189415,0.09769654693720044,0.08938582809766646
Q_Amp_V1_iqr,0.17141840786449156,0.22472376245573034,0.07077785409119335,0.041529974377189464,0.016520860760152262,0.6887165459055453,0.0678362680982933,0.15399065432335665,0.0678362680982933,0.07821324412143418,0.03415742126845287,0.032791817982885246,0.057460245394809616,0.06779554275923796,0.046083448297443964,0.059765025499876966,0.006200417031009757,0.057460245394809616,0.0678362680982933,0.02444282037615468,0.06779554275923796,0.007674948888657083,-0.04046605482399522,0.006992703874069413,0.0678362680982933,0.3051190164618179,0.22462812535340074,0.029676570536881226,0.032880758108251036,0.06779554275923796,0.01852247605205229,0.15903925957176954,0.0678362680982933,0.041372147790767304,0.06779554275923796,-0.04979660657739155,0.0678362680982933,0.0678362680982933,0.18642501611354528,0.06779554275923796,0.027828818549251774,0.057460245394809616,0.0678362680982933,-0.022031451468126278,-0.01388753453889175,0.0678362680982933,0.15231561767282276,0.32085987277492944,0.06779554275923796,0.19273319329315,0.03393424750826869,1.0,0.22967811818484876,0.05746024539480962,-0.016083107389918683,0.06783626809829328,0.05057457111651297,0.2639867542242905,0.06783626809829328,0.15397108256612005,-0.02194661438154445,0.051075785276497115,0.06800172818935604,0.06783626809829328,0.060158459713996214,0.05746024539480962,0.14877935722891641,0.06779554275923795,0.0898628223739647,0.04461460056938389,0.3183735385509244,-0.023589330981112964,-0.04792134841908078,0.03723176149007174,0.00829831575805671,0.22719557982178432,0.029693936873872992,-0.02272934756225558,0.18477441840239184,0.06783626809829328,0.20493815942343063,0.14472766341882473,0.05746024539480962,-0.005341907195400044,0.04074996333026716,0.18182795449491798,0.05746024539480962,0.21319300472676012,0.19389646267828772,0.011936467134094743,0.05746024539480962,0.1527485172458447,-0.004812789838132706,0.22490566371309145,0.8963603878196915,0.24384950292462973,0.06783626809829328,0.06783626809829328,0.22545458860909692,-0.03222908193701882,0.06783626809829328,-0.03310031449675199,-0.0013155735319320364,-0.011646074640994536,0.05746024539480962,0.024807901239294602,0.06783626809829328,0.06783626809829328,-0.03895512071902214,0.011664875737451487,0.06783626809829328,0.20730197796017683,0.06783626809829328,0.006050868111811854,0.06783626809829328,-0.048968914173611836,0.0026058072126692797,0.02295865576240166,0.217062321326669,0.1552026334637682,-0.061950228648566294,0.06783626809829328,0.0025465355354381256,0.06783626809829328,0.06783626809829328,-0.009908502807116843,-0.041273218334649205,0.06783626809829328,0.06783626809829328,0.20762756546824387,0.0023221343994470787,0.07009103120999614,0.21577717328613025,0.18594181832232898,0.09129897643485793,0.21948875215230146,0.05746024539480962,0.06779554275923795,0.06783626809829328,0.05746024539480962,0.19521162245040402,0.25765654792243864,-0.026679082118727784,0.03524930724016832,0.8626382093312224,0.06783626809829328,0.035457703200245376,0.18974499148048596,0.06750965861944533,0.06783626809829328,0.05746024539480962,0.06779554275923795,0.02356779699769145,-0.0032424478033895336,0.06783626809829328,0.06783626809829328,0.021844516250996888,0.05336833689929944,0.072007982410099
T_Amp_aVL_iqr,0.4651442642623651,0.3132440951608223,0.12195219081968912,0.14190421402482933,-0.020461469094096185,0.2758371404320288,0.08701024754836133,0.24206513110765576,0.08701024754836133,0.11164948241550428,-0.0024947165579394127,0.054121432106115024,0.06480786391104335,0.08693368191146912,0.04342905053465898,0.12078382406608326,0.006266069974463637,0.06480786391104335,0.08701024754836133,-0.03150529560109626,0.08693368191146912,-0.0058489097157790005,-0.014307273086615748,-0.022579553258532076,0.08701024754836133,0.3172292783452925,0.565640253874247,0.13213109310488158,-0.005179627189477065,0.08693368191146912,0.05333563827778674,0.26448531791377017,0.08701024754836133,0.04787701528245511,0.08693368191146912,-0.03575822996507214,0.08701024754836133,0.08701024754836133,0.2167245429842583,0.08693368191146912,0.021008351576197338,0.06480786391104335,0.08701024754836133,-0.03477288791398824,-0.024291099335283534,0.08701024754836133,0.3828486164349219,0.27591891107459604,0.08693368191146912,0.2142459671752863,0.08692857543103662,0.22967811818484876,1.0,0.06480786391104332,-0.024191552343152966,0.08701024754836141,0.0264154326670168,0.2842021567921835,0.08701024754836141,0.5803080394371836,-0.04157407334160553,0.052383278648388286,0.08668925521134564,0.08701024754836141,0.05875649242183099,0.06480786391104332,0.44545959334917823,0.0869336819114692,0.12112940663777544,-0.03582457568220801,0.268971931422539,-0.052703037882262424,-0.017347835173616762,0.12069069539481816,-0.020499728884909113,0.6913424063578237,0.03889992875201186,-0.03272234249949078,0.2755725783859735,0.08701024754836141,0.22838636107497015,0.4261081652173518,0.06480786391104332,-0.04778007396414181,0.00087532405111791,0.25264825838367133,0.06480786391104332,0.6087073042861212,0.6355521805222533,0.01200741555920776,0.06480786391104332,0.5272984435284813,0.005216544795025381,0.48796788526512774,0.24417170328639842,0.26665276496807894,0.08701024754836141,0.08701024754836141,0.7980311974571536,-0.05226167522486538,0.08701024754836141,-0.04373505348662816,0.0038217808442132417,-0.011119874425150278,0.06480786391104332,0.006811911469982545,0.08701024754836141,0.08701024754836141,-0.029558238112641848,-0.007250586766715362,0.08701024754836141,0.4663269408817604,0.08701024754836141,-0.018716725234032235,0.08701024754836141,-0.017277260743305493,-0.005409369446956506,0.0003804600027616866,0.29183893949997425,0.5709005259083578,-0.08146967860381646,0.08701024754836141,0.008142469291465917,0.08701024754836141,0.08701024754836141,0.01163024608648287,-0.03771208771389097,0.08701024754836141,0.08701024754836141,0.5328448212907317,0.0003140822184076672,0.11460267911066409,0.5939490099505611,0.3168242571843141,0.09979688039093478,0.5779580616984501,0.06480786391104332,0.0869336819114692,0.08701024754836141,0.06480786391104332,0.09718390892826062,0.3229025283018798,-0.029707802144823617,0.13356208318765148,0.26214747347556516,0.08701024754836141,0.019066992346256587,0.21976053896903794,0.013679520071294521,0.08701024754836141,0.06480786391104332,0.0869336819114692,0.01459981632003491,-0.020247056376209473,0.08701024754836141,0.08701024754836141,0.014556425562222206,0.1787285000152068,0.18379239419413992
ST_Elev_V3_count,0.05552388725672591,0.05785452866097813,0.08412798070566742,0.05753756244508661,-0.06997528368534667,0.04863448764480071,0.603090788560821,0.03438096981743862,0.603090788560821,0.08694877189939479,-0.0075423034180836296,-0.017006669088468585,1.0,0.6032606536379885,-0.006277884862554391,0.14645021619350912,0.02413677421372082,1.0,0.603090788560821,-0.028785883139884966,0.6032606536379885,-0.06698045225821188,-0.0219728304644547,-0.22564194835055415,0.603090788560821,0.04980532332051859,0.06199831794203382,0.06651173669590206,0.06286628375905791,0.6032606536379885,0.15958025955028005,0.03761675913204401,0.603090788560821,0.022836653645909696,0.6032606536379885,-0.0735898860742893,0.603090788560821,0.603090788560821,0.03296560175869313,0.6032606536379885,-0.05797562997878373,1.0,0.603090788560821,-0.014001128519824954,-0.061538759591211876,0.603090788560821,0.03292551726906371,0.061619650505808046,0.6032606536379885,0.049625147526543734,0.05701357539313246,0.05746024539480962,0.06480786391104332,1.0,-0.20873124555309838,0.6030907885608209,0.047055135334825186,0.07042262449848506,0.6030907885608209,0.02887533184786346,-0.0021770642006239626,0.009837487234289042,0.600690651573292,0.6030907885608209,0.03449797139710492,1.0,0.02998558321491976,0.6032606536379885,0.09881925658978595,0.0010140402694029885,0.06001152216915462,-0.26047969033519186,-0.053081938196110984,0.06450516253592428,-0.2210212155180474,0.054383318314955444,0.021669284031175778,-0.09441538334073056,0.03695628496414987,0.6030907885608209,0.04738287559329846,0.030684688562610786,1.0,-0.2559634497368158,-0.01347913685232939,0.04495140364940444,1.0,0.04532113917755112,0.0687354086521867,-0.01142323369699784,1.0,0.028946004403353296,0.026989263705054244,0.08594266365133524,0.05288378966158771,0.06448899540664517,0.6030907885608209,0.6030907885608209,0.056255619944319046,-0.14700418951041022,0.6030907885608209,-0.04238722011061444,-0.02388132230997851,0.0066733194031558096,1.0,0.009374181789287533,0.6030907885608209,0.6030907885608209,-0.04758054888583204,-0.21992244647174078,0.6030907885608209,0.05922969297058081,0.6030907885608209,-0.2198824272966781,0.6030907885608209,-0.04064251422576443,0.003430767624331134,-0.029011892625643562,0.04736020392897645,0.035606365532755445,-0.5521613041619947,0.6030907885608209,0.016851921786110016,0.6030907885608209,0.6030907885608209,-0.041310587908133,-0.07462765381767635,0.6030907885608209,0.6030907885608209,0.05017011784297683,0.17174128651198467,0.08950849724156083,0.052356873815606095,0.04288563015703014,0.097090976485365,0.07409911655753261,1.0,0.6032606536379885,0.6030907885608209,1.0,0.10541790476646289,0.06296279453136,-0.09890205189770786,0.06180580048944654,0.05545197100423101,0.6030907885608209,0.01952533143290476,0.04513895811952199,0.08387336981175895,0.6030907885608209,1.0,0.6032606536379885,-0.027047124614756654,-0.09898077475900603,0.6030907885608209,0.6030907885608209,-0.16333493014607456,0.02608058310188458,-0.028418246069887482
ST_Elev_I,-0.04319268306285439,-0.03585567776911209,-0.07925120801499778,-0.04010780358860504,0.12091590025531648,-0.0193117420338275,-0.20873124555309838,-0.05752086159186588,-0.20873124555309838,-0.10106313503157749,0.1916270086009158,-0.21175757701575265,-0.20873124555309838,-0.20873124555309838,-0.09660964429854525,-0.1353918169891054,-0.007183220251792501,-0.20873124555309838,-0.20873124555309838,0.055250330381674616,-0.20873124555309838,0.22367761032647995,0.2511070022272306,0.5037663126090427,-0.20873124555309838,-0.019265518321625374,-0.010850824852933849,-0.007359515939217001,-0.03168942847302326,-0.20873124555309838,-0.3800382932570343,-0.031134632980487936,-0.20873124555309838,-0.11186473665899567,-0.20873124555309838,0.2715248659037963,-0.20873124555309838,-0.20873124555309838,-0.04414184107114467,-0.20873124555309838,-0.19701453202812855,-0.20873124555309838,-0.20873124555309838,0.07081242640586989,0.11767625871714535,-0.20873124555309838,-0.005596573885988908,-0.028625521059394966,-0.20873124555309838,-0.05361832267002497,-0.050946120824939635,-0.016083107389918683,-0.024191552343152966,-0.20873124555309838,1.0,-0.20873124555309838,-0.18615284570523513,-0.03995210358431216,-0.20873124555309838,-0.035119986781901265,0.09172545894048151,-0.10408437456158223,-0.21009658819570412,-0.20873124555309838,-0.1520024821712862,-0.20873124555309838,-0.018984514389997174,-0.20873124555309838,-0.0834698113147524,0.10824612700827542,-0.025906172075230233,0.1768546015777705,0.14681057427622698,-0.10564831194106314,0.3958276192725418,-0.009115598307953564,-0.033911262626095465,0.23622688492946387,-0.026402785742989508,-0.20873124555309838,-0.038986484574916255,-0.016048317489174235,-0.20873124555309838,0.2310054839430451,-0.0246647147550087,-0.052177967269867995,-0.20873124555309838,-0.04087000226072647,-0.03716790189210373,0.11633698944477056,-0.20873124555309838,-0.023194501872929672,-0.0685437880296116,-0.036138949811799465,-0.02317702930547666,-0.02689080293008579,-0.20873124555309838,-0.20873124555309838,-0.02044645693280569,-0.14508670256182746,-0.20873124555309838,0.1254461523693925,-0.1699092438382219,0.015444688659631847,-0.20873124555309838,-0.26012361806572687,-0.20873124555309838,-0.20873124555309838,0.037190423529651274,0.5423046362196511,-0.20873124555309838,-0.016505289399508537,-0.20873124555309838,0.3472057389743309,-0.20873124555309838,0.2201205054929914,0.018415559843562548,0.0942793908887136,-0.027759626557974867,-0.03712147166128931,0.23175460908478446,-0.20873124555309838,0.026524498890971037,-0.20873124555309838,-0.20873124555309838,0.015408703009771072,0.11731502002064471,-0.20873124555309838,-0.20873124555309838,-0.017433848520596328,-0.5309146784574559,-0.04550810831506839,-0.03249230576665341,-0.044864738373013156,-0.09313627757729744,-0.01726670591686271,-0.20873124555309838,-0.20873124555309838,-0.20873124555309838,-0.20873124555309838,0.03469993799909756,-0.03790412319295573,0.5872388729552831,-0.013461522185523116,-0.006596849291887019,-0.20873124555309838,-0.051029472405582775,-0.036353848077604146,-0.26106048942064136,-0.20873124555309838,-0.20873124555309838,-0.20873124555309838,-0.056251192908381854,0.25834267741221373,-0.20873124555309838,-0.20873124555309838,0.13549892702273092,-0.10533047547722947,-0.030929254641948782
R_Amp_aVL_count,0.06790553019054868,0.06635620692543828,0.08412798070566742,0.05753756244508661,-0.12454477200861207,0.0594029700302421,1.0,0.06030097295452287,1.0,0.08694877189939479,0.0006781374378229809,-0.066933164095135,0.6030907885608209,0.9994987846918347,-0.02962778338620163,0.14645021619350912,0.01634824955591859,0.6030907885608209,1.0,-0.0434837277916442,0.9994987846918347,-0.11074052721407532,-0.0033555739384728846,-0.22564194835055415,1.0,0.05852663434844684,0.07142356221960652,0.06651173669590206,0.11070511110331886,0.9994987846918347,0.2645895148247621,0.042540327213869106,1.0,0.02719496936022419,0.9994987846918347,-0.10381214819349557,1.0,1.0,0.06040311428282507,0.9994987846918347,-0.05797562997878373,0.6030907885608209,1.0,-0.024378368328115203,-0.09658055144073321,1.0,0.047740946713889724,0.07247383517340018,0.9994987846918347,0.08035691536001432,0.05701357539313246,0.06783626809829328,0.08701024754836141,0.6030907885608209,-0.20873124555309838,1.0,0.0624173627026633,0.08514110638649797,1.0,0.03373417393427282,0.0011898091077743728,-0.003352257334907129,0.9966467271835502,1.0,0.05425227170748052,0.603090788560821,0.039727304042233326,0.9994987846918347,0.09881925658978595,0.004731921863014278,0.07632484279545822,-0.26047969033519186,-0.06775203001322648,0.06450516253592428,-0.2210212155180474,0.06747600248950884,0.03229128518730253,-0.15147426842969205,0.047653827127011196,1.0,0.0743355529655387,0.03656583084518029,0.603090788560821,-0.2559634497368158,-0.04206583888464519,0.0766653268444405,0.603090788560821,0.05855530987728124,0.08204063206753556,-0.0392021926542863,0.603090788560821,0.03974315376385593,0.02734504939507833,0.10250973952412278,0.06465160773398793,0.08004652575198017,1.0,1.0,0.07310027599799108,-0.14700418951041022,1.0,-0.06375244003260759,-0.06536000809427164,0.024851504163041445,0.603090788560821,-0.01567270747009387,1.0,1.0,-0.09408156646179826,-0.21992244647174078,1.0,0.06290769031358341,1.0,-0.2198824272966781,1.0,-0.03444595888885041,-0.001386748147137618,-0.04756486991241716,0.06786615334111648,0.043485106950388555,-0.9276676623491351,1.0,0.024677036860326528,1.0,1.0,-0.07957618648362544,-0.11655597496988367,1.0,1.0,0.06050882561225699,0.17174128651198467,0.08950849724156083,0.07248997830240783,0.06390108411845473,0.097090976485365,0.08648351946438605,0.603090788560821,0.9994987846918347,1.0,0.603090788560821,0.10541790476646289,0.08082018374733482,-0.09890205189770786,0.06180580048944654,0.05992719128059247,1.0,0.016064666351403734,0.07741930716135245,0.1195936099325498,1.0,0.603090788560821,0.9994987846918347,-0.045964279141403996,-0.16027204272469744,1.0,1.0,-0.16333493014607456,0.0221107577873702,-0.05334602832310683
T_Amp_III,0.08147365996075516,0.04287883397740573,-0.01194651798161724,-0.12572401202155065,0.4178011925937963,0.02519801166010306,0.0624173627026633,0.01039109464790888,0.0624173627026633,-0.029868090343313138,-0.14385937304679788,0.17592372573312193,0.047055135334825186,0.062482874841370016,0.1841030398713604,0.017203583881305405,0.14582558191422415,0.047055135334825186,0.0624173627026633,-0.016334697930609664,0.062482874841370016,0.04600840231626062,-0.21300188696384317,-0.038014059094223285,0.0624173627026633,-0.006374040511084674,-0.0005800367904470837,-0.09470103782248393,0.11686888773899128,0.062482874841370016,0.0652213770194363,0.031605804279871995,0.0624173627026633,0.09688098654381487,0.062482874841370016,-0.757889021120532,0.0624173627026633,0.0624173627026633,0.04937470014289764,0.062482874841370016,0.22659015195805285,0.047055135334825186,0.0624173627026633,-0.07168543002779817,-0.12260681053395975,0.0624173627026633,0.026779770018474112,0.03863962378063321,0.062482874841370016,0.05992043748431118,0.008851914726070801,0.05057457111651297,0.0264154326670168,0.047055135334825186,-0.18615284570523513,0.0624173627026633,1.0,0.04573572180873218,0.06241736270266334,-0.028255171794616767,-0.06149719450916265,0.16403936032798008,0.06348482580816327,0.06241736270266334,0.14538807914159993,0.047055135334825186,0.025719972271451938,0.06248287484137005,-0.02224849474492409,-0.161100993323687,0.038043748624702445,-0.023660785337904756,-0.20537445441651148,-0.06510959297049324,0.07063608837656896,-0.00867647078928969,-0.02273680652420745,-0.38742213444393475,0.03192966163391281,0.06241736270266334,0.02931579164290761,-0.012331594027279314,0.047055135334825186,3.9362065758051335e-05,0.7636400582513898,0.025100318493895647,0.047055135334825186,0.13523054701766996,0.011049658278025048,0.11452202783110624,0.047055135334825186,-0.01625784440969313,0.10164107082039557,0.06351709404809107,0.042947972823572315,0.05360901325134766,0.06241736270266334,0.06241736270266334,-0.018001268984758883,0.07372566825275602,0.06241736270266334,-0.04561758310754506,0.009606284426932099,-0.017518875960316357,0.047055135334825186,0.13372390402711076,0.06241736270266334,0.06241736270266334,-0.13195826384903356,-0.04719241658928677,0.06241736270266334,0.08538739918665143,0.06241736270266334,0.003965730267460372,0.06241736270266334,-0.2344693922761781,-0.027590802201614625,-0.10089927966925348,0.011263168668243263,-0.02336218048739936,-0.07332328090749889,0.06241736270266334,-0.03048218239815493,0.06241736270266334,0.06241736270266334,-0.11164138298683117,-0.14052810298437318,0.06241736270266334,0.06241736270266334,0.12359762448243355,0.04492455008164454,-0.018851737902943137,0.140156408029295,0.027046301736387637,-0.03404723329449956,-0.0076584638763665955,0.047055135334825186,0.06248287484137005,0.06241736270266334,0.047055135334825186,-0.03791036194844552,0.02243084125844926,-0.2539488998425013,-0.007398132927779366,-0.0008988240116513122,0.06241736270266334,0.02672802391732626,0.03462815486935018,0.22860169877131242,0.06241736270266334,0.047055135334825186,0.06248287484137005,0.08675970555582256,0.015741254899799304,0.06241736270266334,0.06241736270266334,0.18845836276559097,0.02562016552348767,-0.01799802886342645
S_Amp_V3_iqr,0.19005148759760426,0.35067829733460987,0.1886413060797632,0.07486628461392156,-0.020845339875185623,0.2585734209196679,0.08514110638649797,0.20858089478554326,0.08514110638649797,0.11013442769042905,-0.020946015158237134,0.058807577305655244,0.07042262449848506,0.08495545402851871,0.03903535582708397,0.0807410599879133,-0.012965581995010125,0.07042262449848506,0.08514110638649797,-0.03589042489571142,0.08495545402851871,-0.024983881489028803,-0.04685078634117002,-0.019465343398322975,0.08514110638649797,0.39408301479299057,0.26712759366703753,0.04973391867551657,0.02217150904938688,0.08495545402851871,0.06546908404612423,0.2760086469909006,0.08514110638649797,0.046585020985503586,0.08495545402851871,-0.07451084557675293,0.08514110638649797,0.08514110638649797,0.2087930349263224,0.08495545402851871,0.038426713884704936,0.07042262449848506,0.08514110638649797,-0.025272667704883595,0.003492987482032785,0.08514110638649797,0.1874705795749571,0.4334256324420678,0.08495545402851871,0.22262123042234921,0.05082582050589155,0.2639867542242905,0.2842021567921835,0.07042262449848506,-0.03995210358431216,0.08514110638649797,0.04573572180873218,1.0,0.08514110638649797,0.20719161011414539,-0.04671797690628697,0.04920231719919101,0.08433965722186448,0.08514110638649797,0.06743691882835802,0.07042262449848506,0.17482425130906082,0.08495545402851871,0.11977828158988665,-0.03853248058360739,0.38286820384920517,-0.029278998801192,-0.04596481760018018,0.07902949757435064,-0.0177589171560026,0.27427762710046755,0.043840164188031265,-0.06488676763189861,0.30514850893130446,0.08514110638649797,0.21546720226842322,0.20086658013139103,0.07042262449848506,-0.03317117874368553,0.015992578938052497,0.22727557023737285,0.07042262449848506,0.22506230396499172,0.23762294861722885,0.0032791397561508897,0.07042262449848506,0.21352805961313906,0.006917941109389453,0.23404623025625215,0.2836194571984342,0.8169781942823441,0.08514110638649797,0.08514110638649797,0.2821174849245502,-0.001563767619327899,0.08514110638649797,-0.04890785550556725,0.009897392242797672,-0.08398375385994093,0.07042262449848506,0.035896824946743774,0.08514110638649797,0.08514110638649797,-0.02332305134751833,-0.026712935746947556,0.08514110638649797,0.2204354366515096,0.08514110638649797,-0.004649337608303077,0.08514110638649797,-0.049295872972660554,-0.060077187870567296,-0.006219460050998326,0.3229065661760051,0.2159118123184422,-0.07619771146543008,0.08514110638649797,0.017651997427143122,0.08514110638649797,0.08514110638649797,0.014928489781734678,-0.0385884945013846,0.08514110638649797,0.08514110638649797,0.2096964978543305,0.021299066892767664,0.10701962636270498,0.2287161140098369,0.6094336547739522,0.10296524248006908,0.2644239109700264,0.07042262449848506,0.08495545402851871,0.08514110638649797,0.07042262449848506,0.09211543863878693,0.8195446116025753,-0.04291881651040947,0.04903509771954084,0.2633369781814955,0.08514110638649797,0.020709521712482103,0.21260264925886305,0.04933211221583692,0.08514110638649797,0.07042262449848506,0.08495545402851871,0.007035701830143288,-0.048219024458473994,0.08514110638649797,0.08514110638649797,0.018769343460930458,0.09389082256770653,0.10823874658841148
Q_Amp_V3_count,0.06790553019054868,0.06635620692543828,0.08412798070566742,0.05753756244508661,-0.12454477200861207,0.0594029700302421,1.0,0.06030097295452287,1.0,0.08694877189939479,0.0006781374378229809,-0.066933164095135,0.6030907885608209,0.9994987846918347,-0.02962778338620163,0.14645021619350912,0.01634824955591859,0.6030907885608209,1.0,-0.0434837277916442,0.9994987846918347,-0.11074052721407532,-0.0033555739384728846,-0.22564194835055415,1.0,0.05852663434844684,0.07142356221960652,0.06651173669590206,0.11070511110331886,0.9994987846918347,0.2645895148247621,0.042540327213869106,1.0,0.02719496936022419,0.9994987846918347,-0.10381214819349557,1.0,1.0,0.06040311428282507,0.9994987846918347,-0.05797562997878373,0.6030907885608209,1.0,-0.024378368328115203,-0.09658055144073321,1.0,0.047740946713889724,0.07247383517340018,0.9994987846918347,0.08035691536001432,0.05701357539313246,0.06783626809829328,0.08701024754836141,0.6030907885608209,-0.20873124555309838,1.0,0.06241736270266334,0.08514110638649797,1.0,0.03373417393427282,0.0011898091077743728,-0.003352257334907129,0.9966467271835502,1.0,0.05425227170748052,0.603090788560821,0.039727304042233326,0.9994987846918347,0.09881925658978595,0.004731921863014278,0.07632484279545822,-0.26047969033519186,-0.06775203001322648,0.06450516253592428,-0.2210212155180474,0.06747600248950884,0.03229128518730253,-0.15147426842969205,0.047653827127011196,1.0,0.0743355529655387,0.03656583084518029,0.603090788560821,-0.2559634497368158,-0.04206583888464519,0.0766653268444405,0.603090788560821,0.05855530987728124,0.08204063206753556,-0.0392021926542863,0.603090788560821,0.03974315376385593,0.02734504939507833,0.10250973952412278,0.06465160773398793,0.08004652575198017,1.0,1.0,0.07310027599799108,-0.14700418951041022,1.0,-0.06375244003260759,-0.06536000809427164,0.024851504163041445,0.603090788560821,-0.01567270747009387,1.0,1.0,-0.09408156646179826,-0.21992244647174078,1.0,0.06290769031358341,1.0,-0.2198824272966781,1.0,-0.03444595888885041,-0.001386748147137618,-0.04756486991241716,0.06786615334111648,0.043485106950388555,-0.9276676623491351,1.0,0.024677036860326528,1.0,1.0,-0.07957618648362544,-0.11655597496988367,1.0,1.0,0.06050882561225699,0.17174128651198467,0.08950849724156083,0.07248997830240783,0.06390108411845473,0.097090976485365,0.08648351946438605,0.603090788560821,0.9994987846918347,1.0,0.603090788560821,0.10541790476646289,0.08082018374733482,-0.09890205189770786,0.06180580048944654,0.05992719128059247,1.0,0.016064666351403734,0.07741930716135245,0.1195936099325498,1.0,0.603090788560821,0.9994987846918347,-0.045964279141403996,-0.16027204272469744,1.0,1.0,-0.16333493014607456,0.0221107577873702,-0.05334602832310683
R_Amp_aVL_iqr,0.30630471706569534,0.23545297963117684,0.11847466696496443,0.13383400855029198,-0.07392616934610108,0.3583535420714387,0.03373417393427282,0.30329891035902545,0.03373417393427282,0.11661638818201417,-0.04482960026824436,0.055878041160922556,0.02887533184786346,0.03377781755289671,0.07019834908189844,0.10219530099661829,-0.0277650638018701,0.02887533184786346,0.03373417393427282,-0.0022020671344443847,0.03377781755289671,-0.04574465219205889,-0.04155465564089103,-0.030278372662863453,0.03373417393427282,0.2639123397096416,0.4333132050558639,0.1264554714578137,-0.06890932853711508,0.03377781755289671,0.07845748943026022,0.32061771801865513,0.03373417393427282,0.023056424534104718,0.03377781755289671,-0.015873134435917414,0.03373417393427282,0.03373417393427282,0.19857725946513052,0.03377781755289671,0.01137244457046496,0.02887533184786346,0.03373417393427282,-0.015191145407033733,-0.02976164683677745,0.03373417393427282,0.3852150218454452,0.20294278468019938,0.03377781755289671,0.17907873099669386,0.090340566041117,0.15397108256612005,0.5803080394371836,0.02887533184786346,-0.035119986781901265,0.03373417393427282,-0.028255171794616767,0.20719161011414539,0.03373417393427282,1.0,-0.010255818556292503,0.053340610198888964,0.034059140885894124,0.03373417393427284,0.03373060813119292,0.02887533184786343,0.5713777417834415,0.03377781755289672,0.12328570701167095,0.005711385995365958,0.22273785103347882,-0.031106058220857328,0.013122015056530559,0.12502196836256954,-0.03676156250434443,0.49947377888689004,0.0034770324505811407,-0.04658548851347287,0.29595325248927024,0.03373417393427284,0.16890563870499342,0.5415508930122874,0.02887533184786343,-0.02349790695845251,-0.04732002782228541,0.2991106942729943,0.02887533184786343,0.5038050810315076,0.3834056875895708,-0.015146772240629493,0.02887533184786343,0.6857449490524136,-0.016733991990903783,0.365976382026698,0.16497993892004567,0.22025538170232592,0.03373417393427284,0.03373417393427284,0.5504448562209474,-0.018292272265956682,0.03373417393427284,-0.017813263725364133,0.082461093736215,-0.001610055372400781,0.02887533184786343,0.05410989057146748,0.03373417393427284,0.03373417393427284,0.03744676034328653,-0.021998385195374663,0.03373417393427284,0.4134123332834068,0.03373417393427284,-0.021956414792967498,0.03373417393427284,-0.018861447755674863,0.008905871885911024,-0.01258899577783305,0.38818624137865204,0.8186380484423151,-0.036356166587672836,0.03373417393427284,-0.019749788420305295,0.03373417393427284,0.03373417393427284,0.053567463251299366,-0.019190495148076508,0.03373417393427284,0.03373417393427284,0.4484172218960141,0.03150376308666669,0.10922857944360659,0.44978533584839014,0.4239627696606053,0.10111088927442234,0.40220471617162573,0.02887533184786343,0.03377781755289672,0.03373417393427284,0.02887533184786343,0.09939114075072411,0.26269923686457325,-0.032433826263903905,0.11097469178570711,0.18314306337461683,0.03373417393427284,0.04636244456697513,0.15428835631316487,0.018906069618292595,0.03373417393427284,0.02887533184786343,0.03377781755289672,0.05488440278153632,-0.05689617690868144,0.03373417393427284,0.03373417393427284,-0.007610399859796114,0.2206677090389062,0.27699022232998044
S_Amp_V2,-0.08008698253701618,-0.017924258641623312,0.02431418648909667,-0.0043253444930602385,0.040193228830206026,-0.005844305791739665,0.0011898091077743728,-0.025914577369744306,0.0011898091077743728,0.005776746389729096,0.043409446740498535,-0.18404933875466553,-0.0021770642006239626,0.001136715540958565,-0.059619454131431764,-0.01801594684926984,-0.15314953360728234,-0.0021770642006239626,0.0011898091077743728,-0.05902671213358756,0.001136715540958565,0.037162086400489146,0.14945246470413176,0.0696331735751866,0.0011898091077743728,-0.03291254278304564,-0.011262386184279882,0.0068224125459204355,0.014993281527942517,0.001136715540958565,-0.08890899348355982,-0.026876443871651532,0.0011898091077743728,-0.03791444309977812,0.001136715540958565,0.08990345028907581,0.0011898091077743728,0.0011898091077743728,-0.03694208263376861,0.001136715540958565,-0.07457031994197857,-0.0021770642006239626,0.0011898091077743728,0.26832880629129297,-0.16773559035237837,0.0011898091077743728,-0.022607197609111517,-0.10773215223501531,0.001136715540958565,-0.059468044300590765,0.0033466256365067065,-0.02194661438154445,-0.04157407334160553,-0.0021770642006239626,0.09172545894048151,0.0011898091077743728,-0.06149719450916265,-0.04671797690628697,0.0011898091077743728,-0.010255818556292503,1.0,-0.05043900315153823,0.0009484656085936399,0.0011898091077743769,-0.13822840333205524,-0.0021770642006239643,-0.02605618914363532,0.0011367155409585691,-0.007086279124041436,0.49029294484964514,-0.01773695422357234,0.0856236371364279,0.0709558116624356,-0.030364665196590312,0.03487191256047209,-0.009894021146868789,-0.010309571235978506,0.08901266912590375,-0.008409279581706989,0.0011898091077743769,-0.02569588439585799,-0.020901441831129863,-0.0021770642006239643,0.046267697509003315,-0.023570786600888,-0.018026802675827035,-0.0021770642006239643,-0.10014291715451291,-0.030380278981210367,-0.09175354090253104,-0.0021770642006239643,-0.0018012107398469523,-0.2020986626168238,-0.03229128242319231,-0.04728993436830699,0.00014329351849507935,0.0011898091077743769,0.0011898091077743769,-0.017134098796333704,0.015332917986584529,0.0011898091077743769,0.017509050325590084,-0.11208536071190982,0.4139596638141246,-0.0021770642006239643,-0.14927962555194269,0.0011898091077743769,0.0011898091077743769,0.022760029073025444,0.06746881817074124,0.0011898091077743769,-0.02763046450889666,0.0011898091077743769,0.02231536418425634,0.0011898091077743769,0.13170284072801577,0.1582077897681004,-0.32595138056364165,-0.02203312680204267,-0.003357132025683226,0.006629901245779627,0.0011898091077743769,-0.028755147610561745,0.0011898091077743769,0.0011898091077743769,0.0338745971950746,-0.01867382939699875,0.0011898091077743769,0.0011898091077743769,-0.05497903278076497,-0.07576882206290496,0.045042750987215795,-0.0698738396137232,-0.022390423363903025,-0.0020883437241682457,0.0010181467243799685,-0.0021770642006239643,0.0011367155409585691,0.0011898091077743769,-0.0021770642006239643,0.029659286805570208,-0.020021172986854747,0.1115991202220198,0.01074754063821029,-0.020341516433866124,0.0011898091077743769,0.05056110167455223,-0.02299138814017188,-0.2399011511359775,0.0011898091077743769,-0.0021770642006239643,0.0011367155409585691,-0.0037624284736951148,0.13037345785451773,0.0011898091077743769,0.0011898091077743769,-0.036141145473456225,-0.03213102243044542,0.027618811510619005
Q_Amp_II,0.036398838049022206,0.03636573426266851,0.056077037763108364,0.09483195525843212,-0.009994284941628549,0.04513405942743416,-0.003352257334907129,0.06796936783255036,-0.003352257334907129,0.08723822871802299,0.07403767499568503,0.2621821296892316,0.009837487234289042,-0.003296471029476274,0.5669121342404584,0.10509456081215146,-0.04740091684073324,0.009837487234289042,-0.003352257334907129,-0.1955282732124886,-0.003296471029476274,-0.12491275633237689,-0.4593452677574777,-0.03291959442375522,-0.003352257334907129,0.02098950963843935,0.05014077995847595,0.029625267197733188,0.2671881344406855,-0.003296471029476274,0.13792051326815688,0.05964163149607943,-0.003352257334907129,0.366566753674408,-0.003296471029476274,-0.21157713308432372,-0.003352257334907129,-0.003352257334907129,0.0682083789853071,-0.003296471029476274,0.1685411014593606,0.009837487234289042,-0.003352257334907129,-0.12483005737086356,-0.174226795041337,-0.003352257334907129,0.08737700144009747,0.04703946970454366,-0.003296471029476274,0.06979012491199234,0.08576719262075899,0.051075785276497115,0.052383278648388286,0.009837487234289042,-0.10408437456158223,-0.003352257334907129,0.16403936032798008,0.04920231719919101,-0.003352257334907129,0.053340610198888964,-0.05043900315153823,1.0,-0.0020447022145373465,-0.0033522573349071215,0.36360049347987156,0.00983748723428904,0.08002785072075352,-0.0032964710294762665,0.09796154046171307,-0.1071647851662496,0.03634140977981075,-0.030178433462604175,-0.6661936802315793,0.12579463943383576,0.04179048307059396,0.0479180967457106,0.05464419760246397,-0.1563348062576928,0.08531556804845598,-0.0033522573349071215,0.03119934463159261,0.07475568127835905,0.00983748723428904,0.011493923185986306,0.09132497487852757,0.07039101936538572,0.00983748723428904,0.061682452590766344,0.04608385026304634,-0.0746215152591104,0.00983748723428904,0.05699628339876295,-0.05612442809816288,0.07045543833936764,0.05462537350099341,0.06630248166623792,-0.0033522573349071215,-0.0033522573349071215,0.04866202875209609,-0.013718241565128898,-0.0033522573349071215,-0.4349170565164267,0.03299152538143984,0.05843752240152278,0.00983748723428904,0.3059295897221494,-0.0033522573349071215,-0.0033522573349071215,-0.2735331439921693,-0.03404291658797799,-0.0033522573349071215,0.2059387629431583,-0.0033522573349071215,0.00785835800151155,-0.0033522573349071215,-0.5509489353871504,0.08915784979523064,0.01563566313876942,0.04595668997693462,0.05014747714249088,0.016417794194147795,-0.0033522573349071215,-0.20594984825657917,-0.0033522573349071215,-0.0033522573349071215,-0.24488010439857474,-0.28939061736619937,-0.0033522573349071215,-0.0033522573349071215,0.1308642731050094,0.06367406809970061,0.06213852418669055,0.08898864723909494,0.06266529253874836,0.09676299149755806,0.059151149512884395,0.00983748723428904,-0.0032964710294762665,-0.0033522573349071215,0.00983748723428904,0.03737229320090987,0.029895887488485286,-0.17194156224127524,0.02804632179248409,0.03055766669106011,-0.0033522573349071215,0.27474992049021274,0.04590224334420121,0.053980111127441166,-0.0033522573349071215,0.00983748723428904,-0.0032964710294762665,0.37371027099589355,-0.13579334571237095,-0.0033522573349071215,-0.0033522573349071215,0.11721883720275517,0.07784064049509139,0.04835531207630935
QRS_Dur_Global_count,0.06680647823136909,0.0652535117084961,0.08150205918653487,0.05389999920787209,-0.12075822936145594,0.059645243349304454,0.9966467271835502,0.060543894618028365,0.9966467271835502,0.08492268277801966,0.002031173457780906,-0.06680158666667606,0.600690651573292,0.9961429333636146,-0.02878184035808882,0.1455707426790109,0.020048486177067986,0.600690651573292,0.9966467271835502,-0.04329476311636092,0.9961429333636146,-0.10706546795255419,-0.003905194637637227,-0.22686038195208102,0.9966467271835502,0.05784630010854388,0.07055680567982008,0.06291355356495816,0.11015803995327479,0.9961429333636146,0.2636110112652912,0.04258696501107978,0.9966467271835502,0.027714802879088844,0.9961429333636146,-0.1011251294116441,0.9966467271835502,0.9966467271835502,0.06051986329899916,0.9961429333636146,-0.05898007593594914,0.600690651573292,0.9966467271835502,-0.023706821974724478,-0.0961631287154874,0.9966467271835502,0.04751413274192816,0.07164110515721919,0.9961429333636146,0.0792917539915375,0.05383836153838245,0.06800172818935604,0.08668925521134564,0.600690651573292,-0.21009658819570412,0.9966467271835502,0.06348482580816327,0.08433965722186448,0.9966467271835502,0.034059140885894124,0.0009484656085936399,-0.0020447022145373465,1.0,0.9966467271835502,0.05449008466161953,0.6006906515732922,0.03951542172834556,0.9961429333636146,0.09646443766555421,0.0048188746386108395,0.07480917928119996,-0.26609143404277036,-0.06812102023951581,0.061350655652273725,-0.22163052625434596,0.0669096009651743,0.031591991747063786,-0.14775850809322563,0.04725299960477397,0.9966467271835502,0.0743031435228716,0.03689582953369419,0.6006906515732922,-0.2594502740594338,-0.0394281019416418,0.07608567047089373,0.6006906515732922,0.058455844235120104,0.08106873197164474,-0.03693837135761982,0.6006906515732922,0.03995243841653057,0.03216602831137465,0.1014865582883646,0.06477312158565192,0.07959378122598736,0.9966467271835502,0.9966467271835502,0.07257407589158832,-0.14819444641361648,0.9966467271835502,-0.06375890417432557,-0.06491708388956989,0.025234551561572355,0.6006906515732922,-0.015293086453712997,0.9966467271835502,0.9966467271835502,-0.09347269599711439,-0.22172065302373017,0.9966467271835502,0.06239123351686372,0.9966467271835502,-0.22175603083449766,0.9966467271835502,-0.034736557057500804,-0.0002188868800618478,-0.046595014650836694,0.06728640535812457,0.04356694357305715,-0.9224866455757088,0.9966467271835502,0.023493009907040313,0.9966467271835502,0.9966467271835502,-0.07918887437945758,-0.1156865522691936,0.9966467271835502,0.9966467271835502,0.06035433862921519,0.1698520268196127,0.08577717078356314,0.07228492318330255,0.0635261846295198,0.0940153081351295,0.08504052657168056,0.6006906515732922,0.9961429333636146,0.9966467271835502,0.6006906515732922,0.10317561219391615,0.07972623438298772,-0.10029104401629023,0.059467123061831315,0.06010719215610793,0.9966467271835502,0.016646485052196635,0.07649421647766927,0.11968439544102168,0.9966467271835502,0.6006906515732922,0.9961429333636146,-0.044762626104689965,-0.15652083306795136,0.9966467271835502,0.9966467271835502,-0.16342389917967778,0.022357647735472486,-0.05347193066445554
Q_Amp_V2_count,0.06790553019054868,0.06635620692543828,0.08412798070566742,0.05753756244508661,-0.12454477200861207,0.0594029700302421,1.0,0.06030097295452287,1.0,0.08694877189939479,0.0006781374378229809,-0.066933164095135,0.6030907885608209,0.9994987846918347,-0.02962778338620163,0.14645021619350912,0.01634824955591859,0.6030907885608209,1.0,-0.0434837277916442,0.9994987846918347,-0.11074052721407532,-0.0033555739384728846,-0.22564194835055415,1.0,0.05852663434844684,0.07142356221960652,0.06651173669590206,0.11070511110331886,0.9994987846918347,0.2645895148247621,0.042540327213869106,1.0,0.02719496936022419,0.9994987846918347,-0.10381214819349557,1.0,1.0,0.06040311428282507,0.9994987846918347,-0.05797562997878373,0.6030907885608209,1.0,-0.024378368328115203,-0.09658055144073321,1.0,0.047740946713889724,0.07247383517340018,0.9994987846918347,0.08035691536001432,0.05701357539313246,0.06783626809829328,0.08701024754836141,0.6030907885608209,-0.20873124555309838,1.0,0.06241736270266334,0.08514110638649797,1.0,0.03373417393427284,0.0011898091077743769,-0.0033522573349071215,0.9966467271835502,1.0,0.05425227170748052,0.603090788560821,0.039727304042233326,0.9994987846918347,0.09881925658978595,0.004731921863014278,0.07632484279545822,-0.26047969033519186,-0.06775203001322648,0.06450516253592428,-0.2210212155180474,0.06747600248950884,0.03229128518730253,-0.15147426842969205,0.047653827127011196,1.0,0.0743355529655387,0.03656583084518029,0.603090788560821,-0.2559634497368158,-0.04206583888464519,0.0766653268444405,0.603090788560821,0.05855530987728124,0.08204063206753556,-0.0392021926542863,0.603090788560821,0.03974315376385593,0.02734504939507833,0.10250973952412278,0.06465160773398793,0.08004652575198017,1.0,1.0,0.07310027599799108,-0.14700418951041022,1.0,-0.06375244003260759,-0.06536000809427164,0.024851504163041445,0.603090788560821,-0.01567270747009387,1.0,1.0,-0.09408156646179826,-0.21992244647174078,1.0,0.06290769031358341,1.0,-0.2198824272966781,1.0,-0.03444595888885041,-0.001386748147137618,-0.04756486991241716,0.06786615334111648,0.043485106950388555,-0.9276676623491351,1.0,0.024677036860326528,1.0,1.0,-0.07957618648362544,-0.11655597496988367,1.0,1.0,0.06050882561225699,0.17174128651198467,0.08950849724156083,0.07248997830240783,0.06390108411845473,0.097090976485365,0.08648351946438605,0.603090788560821,0.9994987846918347,1.0,0.603090788560821,0.10541790476646289,0.08082018374733482,-0.09890205189770786,0.06180580048944654,0.05992719128059247,1.0,0.016064666351403734,0.07741930716135245,0.1195936099325498,1.0,0.603090788560821,0.9994987846918347,-0.045964279141403996,-0.16027204272469744,1.0,1.0,-0.16333493014607456,0.0221107577873702,-0.05334602832310683
Q_Amp_V6,0.11476066338246414,0.045317915702412344,0.07014598091970507,0.07957108038167146,-0.10557080340959965,0.04921445362128743,0.05425227170748052,0.034520918912049975,0.05425227170748052,0.09699262320545221,0.039689169431841385,0.3519671211463736,0.03449797139710492,0.05425227170748052,0.26865994564532997,0.1417502378298216,-0.019754857258926797,0.03449797139710492,0.05425227170748052,-0.25710426806898706,0.05425227170748052,-0.17515219902715992,-0.3010461482657751,-0.09516697645897035,0.05425227170748052,0.03663962227791069,0.049623499010945316,0.014489976708388102,0.31095395143384935,0.05425227170748052,0.2235935832204503,0.04586126587803658,0.05425227170748052,0.5607195901993016,0.05425227170748052,-0.23831745635152976,0.05425227170748052,0.05425227170748052,0.05887478925187112,0.05425227170748052,0.13596549423900056,0.03449797139710492,0.05425227170748052,-0.13639932034501057,-0.21780514335262946,0.05425227170748052,0.05872962382567175,0.07401856486173877,0.05425227170748052,0.11193376207993248,0.0899339719483978,0.060158459713996214,0.05875649242183099,0.03449797139710492,-0.1520024821712862,0.05425227170748052,0.14538807914159993,0.06743691882835802,0.05425227170748052,0.03373060813119292,-0.13822840333205524,0.36360049347987156,0.05449008466161953,0.05425227170748052,1.0,0.034497971397104935,0.06517692412098519,0.0542522717074805,0.11383254308160734,-0.2401038334205977,0.04028756518783361,-0.03367001439093199,-0.3942981670491552,0.13459567667413766,-0.043352157618359095,0.03335423865734162,0.24461790460456842,-0.24760895072506264,0.06862254235956546,0.0542522717074805,0.019865264002024097,0.04478659795278068,0.034497971397104935,-0.016056781753818243,0.028163334099124564,0.038235816338134984,0.034497971397104935,0.11847723535468101,0.06702807716839743,-0.07248788848240793,0.034497971397104935,0.022443219811156188,0.003785352634650105,0.08066115724311929,0.07276685206223726,0.04178466690062579,0.0542522717074805,0.0542522717074805,0.04510830001937105,-0.010038794027986103,0.0542522717074805,-0.446756511567949,-0.05478375722381653,0.022384425221755565,0.034497971397104935,0.17995928452083673,0.0542522717074805,0.0542522717074805,-0.43905914821599756,-0.10146404264636212,0.0542522717074805,0.05460783171760812,0.0542522717074805,-0.01891096790568017,0.0542522717074805,-0.36969881302361185,0.053830480608512817,-0.06340315801156489,0.066607772810136,0.027503027062692267,-0.045477310951073636,0.0542522717074805,0.03297242619107642,0.0542522717074805,0.0542522717074805,-0.46866255363424036,-0.37399362471770664,0.0542522717074805,0.0542522717074805,0.0642494504830358,0.11115286341181678,0.06911629108470217,0.09357149044859005,0.057968260041559264,0.09720381565658683,0.0504621129167427,0.034497971397104935,0.0542522717074805,0.0542522717074805,0.034497971397104935,0.009614776866073,0.05054647017037655,-0.17274379267537637,0.044744926253940075,0.03994523864526313,0.0542522717074805,0.28315375041712104,0.016277755563391578,0.1573945130102627,0.0542522717074805,0.034497971397104935,0.0542522717074805,0.13659918221512013,-0.19811284327496198,0.0542522717074805,0.0542522717074805,0.05102194026279435,0.09428109673131077,0.05837992699949969
ST_Elev_III_count,0.05552388725672591,0.05785452866097813,0.08412798070566742,0.05753756244508661,-0.06997528368534667,0.04863448764480071,0.603090788560821,0.03438096981743862,0.603090788560821,0.08694877189939479,-0.0075423034180836296,-0.017006669088468585,1.0,0.6032606536379885,-0.006277884862554391,0.14645021619350912,0.02413677421372082,1.0,0.603090788560821,-0.028785883139884966,0.6032606536379885,-0.06698045225821188,-0.0219728304644547,-0.22564194835055415,0.603090788560821,0.04980532332051859,0.06199831794203382,0.06651173669590206,0.06286628375905791,0.6032606536379885,0.15958025955028005,0.03761675913204401,0.603090788560821,0.022836653645909696,0.6032606536379885,-0.0735898860742893,0.603090788560821,0.603090788560821,0.03296560175869313,0.6032606536379885,-0.05797562997878373,1.0,0.603090788560821,-0.014001128519824954,-0.061538759591211876,0.603090788560821,0.03292551726906371,0.061619650505808046,0.6032606536379885,0.049625147526543734,0.05701357539313246,0.05746024539480962,0.06480786391104332,1.0,-0.20873124555309838,0.603090788560821,0.047055135334825186,0.07042262449848506,0.603090788560821,0.02887533184786343,-0.0021770642006239643,0.00983748723428904,0.6006906515732922,0.603090788560821,0.034497971397104935,1.0,0.02998558321491976,0.6032606536379885,0.09881925658978595,0.0010140402694029885,0.06001152216915462,-0.26047969033519186,-0.053081938196110984,0.06450516253592428,-0.2210212155180474,0.054383318314955444,0.021669284031175778,-0.09441538334073056,0.03695628496414987,0.6030907885608209,0.04738287559329846,0.030684688562610786,1.0,-0.2559634497368158,-0.01347913685232939,0.04495140364940444,1.0,0.04532113917755112,0.0687354086521867,-0.01142323369699784,1.0,0.028946004403353296,0.026989263705054244,0.08594266365133524,0.05288378966158771,0.06448899540664517,0.6030907885608209,0.6030907885608209,0.056255619944319046,-0.14700418951041022,0.6030907885608209,-0.04238722011061444,-0.02388132230997851,0.0066733194031558096,1.0,0.009374181789287533,0.6030907885608209,0.6030907885608209,-0.04758054888583204,-0.21992244647174078,0.6030907885608209,0.05922969297058081,0.6030907885608209,-0.2198824272966781,0.6030907885608209,-0.04064251422576443,0.003430767624331134,-0.029011892625643562,0.04736020392897645,0.035606365532755445,-0.5521613041619947,0.6030907885608209,0.016851921786110016,0.6030907885608209,0.6030907885608209,-0.041310587908133,-0.07462765381767635,0.6030907885608209,0.6030907885608209,0.05017011784297683,0.17174128651198467,0.08950849724156083,0.052356873815606095,0.04288563015703014,0.097090976485365,0.07409911655753261,1.0,0.6032606536379885,0.6030907885608209,1.0,0.10541790476646289,0.06296279453136,-0.09890205189770786,0.06180580048944654,0.05545197100423101,0.6030907885608209,0.01952533143290476,0.04513895811952199,0.08387336981175895,0.6030907885608209,1.0,0.6032606536379885,-0.027047124614756654,-0.09898077475900603,0.6030907885608209,0.6030907885608209,-0.16333493014607456,0.02608058310188458,-0.028418246069887482
R_Amp_I_iqr,0.40344360867396517,0.2200382448369285,0.0990201587943034,0.0920325469809972,-0.03922955047282912,0.3411515166461611,0.039727304042233326,0.30950473972144843,0.039727304042233326,0.10684343549339081,-0.01952833473342461,0.08404666512790218,0.02998558321491976,0.039811537563485794,0.15356511131224107,0.11101245353284561,-0.023452335608364756,0.02998558321491976,0.039727304042233326,-0.02489056221549527,0.039811537563485794,-0.051347084891695746,-0.07865736540536995,-0.01376647213640477,0.039727304042233326,0.2280610481209444,0.3543106972533429,0.06722235114196064,-0.11093295570983065,0.039811537563485794,0.09121882363800707,0.3444773211204325,0.039727304042233326,0.05798344274877653,0.039811537563485794,-0.07402561890620178,0.039727304042233326,0.039727304042233326,0.16151218224813627,0.039811537563485794,0.038345471581252455,0.02998558321491976,0.039727304042233326,-0.017205114769877187,-0.019599555197161802,0.039727304042233326,0.7105523608540981,0.1700322986977954,0.039811537563485794,0.14492748735095673,0.08909107236478424,0.14877935722891641,0.44545959334917823,0.02998558321491976,-0.018984514389997174,0.039727304042233326,0.025719972271451938,0.17482425130906082,0.039727304042233326,0.5713777417834415,-0.02605618914363532,0.08002785072075352,0.03951542172834556,0.039727304042233326,0.06517692412098519,0.02998558321491976,1.0,0.0398115375634858,0.11992983972767245,-0.011441882182686087,0.2013859753133957,-0.05134545998663374,-0.008385344082590151,0.09885539560909631,0.001265634720275442,0.35610238435345026,0.021316349003369782,-0.023662981670036574,0.21581409087834225,0.03972730404223333,0.16253605340104885,0.5688904419292096,0.02998558321491977,-0.037066565373779246,0.012412224784657441,0.3070963819710908,0.02998558321491977,0.36953326715292667,0.4606386181313733,-0.03209652676357064,0.02998558321491977,0.5135503482754938,-0.029732158932832046,0.36815541634873056,0.1535046327916242,0.2011601126748267,0.03972730404223333,0.03972730404223333,0.3827310442031438,-0.03378277110143737,0.03972730404223333,-0.018094843477640635,0.10869545378468212,-0.008644527467388441,0.02998558321491977,0.08237699014913409,0.03972730404223333,0.03972730404223333,-0.020600837262618424,-0.0113371389326456,0.03972730404223333,0.3472755862610526,0.03972730404223333,-0.01369291138620269,0.03972730404223333,-0.05911579312372244,0.007619431928978874,0.01412518064212899,0.36056203657172187,0.4957539102493474,-0.041993254328925186,0.03972730404223333,-0.04036231267811023,0.03972730404223333,0.03972730404223333,0.008750760384431608,-0.03580789773435838,0.03972730404223333,0.03972730404223333,0.3947613780941435,0.0057771290373108365,0.10330723895373066,0.36505856246283536,0.3599991995003707,0.09260373230913187,0.42493867140804364,0.02998558321491977,0.0398115375634858,0.03972730404223333,0.02998558321491977,0.08236919313419826,0.2256495894154444,-0.05454545023388005,0.0779317674587333,0.18205206845097954,0.03972730404223333,0.04447476477152777,0.13766661509666434,0.00854251006744253,0.03972730404223333,0.02998558321491977,0.0398115375634858,0.062303974314528984,-0.053858720451491204,0.03972730404223333,0.03972730404223333,0.02727823112667116,0.22086469084183133,0.21720818281835763
T_Amp_V5_count,0.06789842659816078,0.06635620692543828,0.08412798070566742,0.05753756244508661,-0.12460185981446203,0.0593921616787107,0.9994987846918347,0.06030097295452287,0.9994987846918347,0.08694877189939479,0.0005170202540875773,-0.06700482822368825,0.6032606536379885,1.0,-0.029548662841467743,0.14645021619350912,0.016601151978123323,0.6032606536379885,0.9994987846918347,-0.043478972383214555,1.0,-0.11074052721407532,-0.003422854194407866,-0.22564194835055415,0.9994987846918347,0.05846065312406245,0.07136937709476711,0.06651173669590206,0.11055465282381699,1.0,0.264631431625214,0.042540327213869106,0.9994987846918347,0.02719496936022419,1.0,-0.10391057732172887,0.9994987846918347,0.9994987846918347,0.06040311428282507,1.0,-0.05797562997878373,0.6032606536379885,0.9994987846918347,-0.02434788169299454,-0.09658878792786865,0.9994987846918347,0.04774897673892618,0.07242050483039149,1.0,0.08035691536001432,0.05701357539313246,0.06779554275923795,0.0869336819114692,0.6032606536379885,-0.20873124555309838,0.9994987846918347,0.06248287484137005,0.08495545402851871,0.9994987846918347,0.03377781755289672,0.0011367155409585691,-0.0032964710294762665,0.9961429333636146,0.9994987846918347,0.0542522717074805,0.6032606536379885,0.0398115375634858,1.0,0.09881925658978595,0.004676745564148951,0.07630968930981546,-0.26047969033519186,-0.0676813127175391,0.06450516253592428,-0.2210212155180474,0.06748730514024699,0.03232886096602493,-0.15159858356067465,0.047653827127011196,0.9994987846918347,0.0743355529655387,0.03655516493415626,0.6032606536379885,-0.2559634497368158,-0.042099255911570495,0.0766653268444405,0.6032606536379885,0.058510112194825985,0.08203252069696246,-0.0392021926542863,0.6032606536379885,0.039813781924592936,0.027388651737538305,0.10247007163278543,0.06458784628261777,0.07992121231812876,0.9994987846918347,0.9994987846918347,0.07310009217606514,-0.14700418951041022,0.9994987846918347,-0.06379123266296916,-0.06524784019247389,0.0246833505362022,0.6032606536379885,-0.015634083695821883,0.9994987846918347,0.9994987846918347,-0.09408156646179826,-0.21992244647174078,0.9994987846918347,0.06288388655247192,0.9994987846918347,-0.2198824272966781,0.9994987846918347,-0.034450566589494976,-0.001299584596769262,-0.047622897404073064,0.06780155676637953,0.04349981017165433,-0.9271618506868925,0.9994987846918347,0.024738840318481017,0.9994987846918347,0.9994987846918347,-0.07957618648362544,-0.11655597496988367,0.9994987846918347,0.9994987846918347,0.060508799703227256,0.17174128651198467,0.08950849724156083,0.07250216892814063,0.06372031757020583,0.097090976485365,0.08642329787604879,0.6032606536379885,1.0,0.9994987846918347,0.6032606536379885,0.10541790476646289,0.07964680794869936,-0.09890205189770786,0.06180580048944654,0.05987968311915117,0.9994987846918347,0.016064666351403734,0.07741930716135245,0.11967227109566107,0.9994987846918347,0.6032606536379885,1.0,-0.04589316735717042,-0.16027204272469744,0.9994987846918347,0.9994987846918347,-0.16333493014607456,0.021811918120766476,-0.05333845773569821
ST_Elev_V5_iqr,0.08740626953109858,0.13439834051282207,0.22815897439928354,0.2222893043738979,-0.23414767928650404,0.1108549192991311,0.09881925658978595,0.21183573852606463,0.09881925658978595,0.3936620745617019,0.00903050264354167,0.10593974203498965,0.09881925658978595,0.09881925658978595,0.08572548257672122,0.30882136773134683,-0.17044730905434377,0.09881925658978595,0.09881925658978595,-0.06362246370082572,0.09881925658978595,-0.2629014333056419,-0.11313649329647098,-0.10907160890026628,0.09881925658978595,0.10436424637753179,0.11897065477594447,0.10269279550915772,0.06034210604962239,0.09881925658978595,0.27284488688329467,0.1264269282372547,0.09881925658978595,0.1172835366958644,0.09881925658978595,-0.12017594224062542,0.09881925658978595,0.09881925658978595,0.22592250619405455,0.09881925658978595,0.030405750625812293,0.09881925658978595,0.09881925658978595,-0.03698032497792599,-0.0616781120456163,0.09881925658978595,0.11069067475605066,0.1086929143960915,0.09881925658978595,0.13214982478454812,0.2581199703160389,0.0898628223739647,0.12112940663777544,0.09881925658978595,-0.0834698113147524,0.09881925658978595,-0.02224849474492409,0.11977828158988665,0.09881925658978595,0.12328570701167095,-0.007086279124041436,0.09796154046171307,0.09646443766555421,0.09881925658978595,0.11383254308160734,0.09881925658978595,0.11992983972767245,0.09881925658978595,1.0,-0.017813340898327312,0.10810341328918062,-0.03949749240808039,-0.11412997355066941,0.29287070560232115,-0.08818381542838544,0.10666607366918408,0.042632507766479144,-0.21181420822217534,0.14327380929169098,0.09881925658978595,0.22323631089446888,0.11621176749981259,0.09881925658978595,-0.035427085916983646,-0.13303399147185996,0.1393696018894438,0.09881925658978595,0.09167420400705312,0.1088480524892722,-0.2265688434119122,0.09881925658978595,0.1155087154063365,-0.11601219569679902,0.09555241449725617,0.09040549802746425,0.12358828937021588,0.09881925658978595,0.09881925658978595,0.11424485453165172,0.0008303877332751937,0.09881925658978595,-0.09713533313591349,0.03657357595650367,0.06075701671415472,0.09881925658978595,0.09556187505132534,0.09881925658978595,0.09881925658978595,-0.13404973006345505,-0.10800660707126285,0.09881925658978595,0.09566751391806695,0.09881925658978595,-0.05577850983170749,0.09881925658978595,-0.1250248661505822,0.02845068743030143,0.0067923307467817615,0.11577168443049941,0.1204879110368054,-0.08750948798647434,0.09881925658978595,-0.015833063299247385,0.09881925658978595,0.09881925658978595,-0.11370683451576105,-0.12204232045706921,0.09881925658978595,0.09881925658978595,0.09378867634949593,0.0916671932307435,0.160575556597296,0.08161109757095719,0.11809700739070601,0.4708340486246971,0.1235455176676675,0.09881925658978595,0.09881925658978595,0.09881925658978595,0.09881925658978595,0.11944268943670802,0.12321059653313618,-0.08370403033707098,0.13927468822766212,0.09040075527523965,0.09881925658978595,0.09836217146438109,0.13083809944374117,0.03511035181656088,0.09881925658978595,0.09881925658978595,0.09881925658978595,0.0446518544600623,-0.23076309202359613,0.09881925658978595,0.09881925658978595,-0.04687636174380739,0.112741466605779,0.10301664252894659
S_Amp_V1,-0.09489442233269454,-0.012361039863152882,0.0071771495190541285,-0.02136417358912124,0.0588720278391025,0.03499426630992616,0.004731921863014278,0.0006444006165362148,0.004731921863014278,-0.022386922499126247,0.14540666206811528,-0.38215152225895604,0.0010140402694029885,0.004676745564148951,-0.07242286875443098,-0.047576858855421386,-0.17376337730452013,0.0010140402694029885,0.004731921863014278,0.12388056485947047,0.004676745564148951,0.10656425229384406,0.13280404285524267,0.074531948270824,0.004731921863014278,-0.03275150571715595,-0.004698137459979851,0.01848771190327327,-0.09360716312899646,0.004676745564148951,-0.1726379515560947,-0.02091436371506363,0.004731921863014278,-0.1164256792566375,0.004676745564148951,0.22094634403180746,0.004731921863014278,0.004731921863014278,-0.03066867451868245,0.004676745564148951,-0.09926783968329637,0.0010140402694029885,0.004731921863014278,0.02223492738813679,0.1296152119537844,0.004731921863014278,-0.015676898619141774,-0.06044769075126669,0.004676745564148951,-0.06442853028714263,-0.01605388373327952,0.04461460056938389,-0.03582457568220801,0.0010140402694029885,0.10824612700827542,0.004731921863014278,-0.161100993323687,-0.03853248058360739,0.004731921863014278,0.005711385995365958,0.49029294484964514,-0.1071647851662496,0.0048188746386108395,0.004731921863014278,-0.2401038334205977,0.0010140402694029885,-0.011441882182686087,0.004676745564148951,-0.017813340898327312,1.0,-0.017746111328346754,-0.006138957638040381,0.13291164508829026,-0.05692355108089546,0.04659795662059786,-0.0012853148261148832,-0.14498786392168245,0.21118309653648007,-0.021131148622812478,0.004731921863014279,-0.00112314896406294,-0.014483748045213355,0.0010140402694029892,-0.029111180238063732,-0.0591063832463325,0.006166168799373098,0.0010140402694029892,-0.1508911622905127,-0.012448180572467252,-0.08014518758551838,0.0010140402694029892,-0.0006382055032865144,-0.23743664700640366,-0.03049107621326681,0.003966952136792635,-0.008000227118966363,0.004731921863014279,0.004731921863014279,-0.005748976021786342,-0.009889911474954202,0.004731921863014279,0.10967795992462023,0.017399481291374162,0.22825937822708128,0.0010140402694029892,-0.07269926860229492,0.004731921863014279,0.004731921863014279,0.13244748375886178,0.09773325612186518,0.004731921863014279,-0.027449651725752863,0.004731921863014279,-0.02333801306026846,0.004731921863014279,0.1558916774347109,0.026986703551325687,0.14689547902987252,-0.031835001176503765,0.006652758768072119,-0.002130348315972563,0.004731921863014279,-0.15926184212266434,0.004731921863014279,0.004731921863014279,0.10163061750086444,0.16872702939874687,0.004731921863014279,0.004731921863014279,-0.06458057020352667,-0.12023900523312132,0.025129616322071297,-0.1147247784072805,-0.02495593667926913,0.011066794599183664,0.012708812805385659,0.0010140402694029892,0.004676745564148953,0.004731921863014279,0.0010140402694029892,0.04278125392227399,-0.02073254122365494,0.13731917484835743,-0.003021301869549392,0.04599099766597609,0.004731921863014279,-0.027594231318493197,0.003627987181564988,-0.3007080902603547,0.004731921863014279,0.0010140402694029892,0.004676745564148953,0.05998371319648041,0.2246453241096854,0.004731921863014279,0.004731921863014279,-0.03212839901240108,-0.05304584715427208,4.1924635709143414e-05
Q_Amp_V2_iqr,0.19022889571578308,0.28448048973155265,0.112154384312065,0.07693312399513322,-0.021349255465915953,0.30736400395286306,0.07632484279545822,0.19274633673794733,0.07632484279545822,0.09805799144689416,0.009438897682637967,0.05844278581559025,0.06001152216915462,0.07630968930981546,0.04277998188463863,0.0807116687215315,0.005139167698257616,0.06001152216915462,0.07632484279545822,-0.0364433295672903,0.07630968930981546,-0.012121875743588426,-0.04363593624337119,-0.009421836078763193,0.07632484279545822,0.7710707667795754,0.2595244422337218,0.050653656708379804,0.017091049337688794,0.07630968930981546,0.05058745487762038,0.24959079449762017,0.07632484279545822,0.044935174156470414,0.07630968930981546,-0.05816885198797669,0.07632484279545822,0.07632484279545822,0.1962607533994002,0.07630968930981546,0.029569580462407957,0.06001152216915462,0.07632484279545822,0.037423785733183924,0.0011989144068515136,0.07632484279545822,0.20050120044959846,0.8132474697632976,0.07630968930981546,0.21604464143686772,0.056595319785879276,0.3183735385509244,0.268971931422539,0.06001152216915462,-0.025906172075230233,0.07632484279545822,0.038043748624702445,0.38286820384920517,0.07632484279545822,0.22273785103347882,-0.01773695422357234,0.03634140977981075,0.07480917928119996,0.07632484279545822,0.04028756518783361,0.06001152216915462,0.2013859753133957,0.07630968930981546,0.10810341328918062,-0.017746111328346754,1.0,-0.05285401926032632,-0.046335655584720185,0.07181961900435428,-0.008648873660626126,0.27014664605863814,0.02901263643973726,-0.044314304030165105,0.25401437309315156,0.07632484279545824,0.2028856721343382,0.20927970690516537,0.06001152216915461,-0.03740060981534083,0.013631431974242795,0.22430444402564373,0.06001152216915461,0.2194798643397125,0.20916245803530517,0.004748000616899107,0.06001152216915461,0.2343789479204088,-0.00556584085599214,0.2464196994034701,0.3097850699033503,0.37377577723176586,0.07632484279545824,0.07632484279545824,0.27709340838057667,-0.023102175603168403,0.07632484279545824,-0.0334082693660546,0.011049318668424794,-0.03791019663120055,0.06001152216915461,0.032780900918462336,0.07632484279545824,0.07632484279545824,-0.020892779212274327,-0.002975327833133001,0.07632484279545824,0.2525510017269647,0.07632484279545824,-0.015116819716918238,0.07632484279545824,-0.04900288640630418,0.020509068691596646,-0.0017961188194222874,0.5903531656888287,0.23449019569981816,-0.06818740545666183,0.07632484279545824,0.004233469137164271,0.07632484279545824,0.07632484279545824,-0.0032974984101366866,-0.019099210757635564,0.07632484279545824,0.07632484279545824,0.25003302241136227,0.013968050886964295,0.16893757122546443,0.2558488600704897,0.3193131823802434,0.10428876343081268,0.24080241906244718,0.06001152216915461,0.07630968930981549,0.07632484279545824,0.06001152216915461,0.10400337294483174,0.38724547721172864,-0.035906491542397834,0.0405018147144129,0.3037460873282837,0.07632484279545824,0.036263837907118596,0.20645997135180136,0.02796992962728948,0.07632484279545824,0.06001152216915461,0.07630968930981549,0.008377341861534235,-0.02259640309009063,0.07632484279545824,0.07632484279545824,0.019469210610883678,0.09115640886212366,0.1311987723965526
ST_Elev_V2,-0.026032969502429112,-0.02980504703017599,-0.08497336367890193,-0.021318299039113073,-0.019558358918201645,-0.023705298006183456,-0.26047969033519186,-0.03499753155763049,-0.26047969033519186,-0.05483782141271792,-0.22782822698984828,-0.00440430490366197,-0.26047969033519186,-0.26047969033519186,-0.037508063155011415,-0.08171177784187235,0.02929122488850912,-0.26047969033519186,-0.26047969033519186,0.0684491447783906,-0.26047969033519186,-0.029814666596373354,0.05138042033202,0.25670819401197587,-0.26047969033519186,-0.06146544512081507,-0.03884821187821551,-0.021703715225175488,-0.07187022724039695,-0.26047969033519186,-0.08567858379114357,-0.022737628971667374,-0.26047969033519186,-0.016171055580369194,-0.26047969033519186,-0.013710297097662272,-0.26047969033519186,-0.26047969033519186,-0.01622210581306173,-0.26047969033519186,0.03147605459373232,-0.26047969033519186,-0.26047969033519186,0.03612386900812107,-0.1387325752805337,-0.26047969033519186,-0.06264781338405336,-0.055551311737555065,-0.26047969033519186,-0.008938750232195435,-0.013707283465731468,-0.023589330981112964,-0.052703037882262424,-0.26047969033519186,0.1768546015777705,-0.26047969033519186,-0.023660785337904756,-0.029278998801192,-0.26047969033519186,-0.031106058220857328,0.0856236371364279,-0.030178433462604175,-0.26609143404277036,-0.26047969033519186,-0.03367001439093199,-0.26047969033519186,-0.05134545998663374,-0.26047969033519186,-0.03949749240808039,-0.006138957638040381,-0.05285401926032632,1.0,0.07603582480024337,-0.02028382605134304,0.17937081995388124,-0.040966550851438285,-0.009373161727487775,-0.045946172165054845,-0.004419682858731211,-0.26047969033519186,-0.03362430281599444,-0.03765723357245309,-0.26047969033519186,0.5779707803201519,-0.018913093563878058,-0.041966984155810114,-0.26047969033519186,-0.01887197008381009,-0.05606552306663233,0.013427554902403847,-0.26047969033519186,-0.0373488996910898,-0.01878530963827532,-0.05351013448201619,-0.014943756227934712,-0.008024892057590544,-0.26047969033519186,-0.26047969033519186,-0.03955280790396826,0.3234072888104863,-0.26047969033519186,0.06786611774976409,0.011683930320909383,0.062374706181766194,-0.26047969033519186,-0.034408499586933726,-0.26047969033519186,-0.26047969033519186,0.03881465186096857,0.1620295127113794,-0.26047969033519186,-0.03304910806044922,-0.26047969033519186,0.39187474180158177,-0.26047969033519186,0.07066709566795781,0.05356210212551356,-0.23500078050853274,-0.0410186480463863,-0.037588784375338066,0.2620188128763042,-0.26047969033519186,0.026878500439649258,-0.26047969033519186,-0.26047969033519186,0.09520149910230133,-0.04271443611533504,-0.26047969033519186,-0.26047969033519186,-0.04167822505075434,-0.06902608175442984,-0.1734370560710512,-0.03378131141988394,-0.02767213656919522,-0.04085354544111261,-0.058880636291000876,-0.26047969033519186,-0.26047969033519186,-0.26047969033519186,-0.26047969033519186,-0.02923543905449403,-0.03356112910386733,0.11403118423988556,-0.030304699616844098,-0.013675511566774674,-0.26047969033519186,0.040801381448865796,-0.02333269521715492,0.07369147866179668,-0.26047969033519186,-0.26047969033519186,-0.26047969033519186,-0.014492503098878149,-0.046259505679353,-0.26047969033519186,-0.26047969033519186,0.11954559008173594,-0.014132230783353447,-0.05661918623643935
R_Amp_II,-0.06140890186742068,-0.04188594376089994,-0.07238253070935952,-0.10172609059997954,-0.03553220352808934,-0.006517403914590262,-0.06775203001322648,-0.041468302439380586,-0.06775203001322648,-0.10325259984928124,-0.23559667299695117,-0.32416576399915514,-0.053081938196110984,-0.0676813127175391,-0.36458100539356914,-0.15387560453412719,0.038513312583357266,-0.053081938196110984,-0.06775203001322648,0.2440333921223541,-0.0676813127175391,0.06120072158669764,0.6702334068157652,-0.005150611397817944,-0.06775203001322648,-0.028268824000621844,-0.011611333636654455,-0.022173326037580345,-0.7009500952450863,-0.0676813127175391,-0.12523276340280878,-0.03023854104644061,-0.06775203001322648,-0.38725230622957724,-0.0676813127175391,0.2365195238850622,-0.06775203001322648,-0.06775203001322648,-0.05348767557960129,-0.0676813127175391,-0.24876595231166126,-0.053081938196110984,-0.06775203001322648,0.19872758307449961,0.23486295599287643,-0.06775203001322648,-0.018655810595259937,-0.06168393955464506,-0.0676813127175391,-0.057562351195155154,-0.11519655746481382,-0.04792134841908078,-0.017347835173616762,-0.053081938196110984,0.14681057427622698,-0.06775203001322648,-0.20537445441651148,-0.04596481760018018,-0.06775203001322648,0.013122015056530559,0.0709558116624356,-0.6661936802315793,-0.06812102023951581,-0.06775203001322648,-0.3942981670491552,-0.053081938196110984,-0.008385344082590151,-0.0676813127175391,-0.11412997355066941,0.13291164508829026,-0.046335655584720185,0.07603582480024337,1.0,-0.14134084751718184,-0.11152706745988436,-0.015194519325361306,-0.03184968182150253,0.18076931657584341,-0.07252131980659246,-0.06775203001322647,-0.02213672659997781,-0.008600824529417284,-0.05308193819611098,0.010943071392852827,-0.14369347071019908,-0.05005130564483876,-0.05308193819611098,-0.06163634555430562,-0.03304880369991298,0.028698193106930555,-0.05308193819611098,0.011889393450134166,0.08017263136360907,-0.07245205587217551,-0.050603944787775815,-0.060178888076053205,-0.06775203001322647,-0.06775203001322647,-0.015661028389999495,0.050242125108388276,-0.06775203001322647,0.38653194107550964,0.09727665912271957,-0.11305422707866061,-0.05308193819611098,-0.4271487829572768,-0.06775203001322647,-0.06775203001322647,0.525703506819325,0.007272562224225247,-0.06775203001322647,-0.11492811543776073,-0.06775203001322647,-0.021504956661663487,-0.06775203001322647,0.829381899702267,-0.06783917545255355,-0.09900461302110362,-0.03329226715321986,0.004547841257301485,0.061410470671267724,-0.06775203001322647,0.1963123821236129,-0.06775203001322647,-0.06775203001322647,0.5543607571421314,0.46148828782071055,-0.06775203001322647,-0.06775203001322647,-0.07933216354532222,-0.004921060412077881,-0.06993025594552388,-0.04805034796015088,-0.03856375612500519,-0.13209462756387194,-0.01403890276461943,-0.05308193819611098,-0.06768131271753909,-0.06775203001322647,-0.05308193819611098,-0.03904425016147409,-0.04827889392813946,0.24313318270485343,-0.018122960230204887,-0.01614589881064279,-0.06775203001322647,-0.2909632556790957,-0.035076534056984195,-0.03833875606430195,-0.06775203001322647,-0.05308193819611098,-0.06768131271753909,-0.2723418884572437,0.07106440414414174,-0.06775203001322647,-0.06775203001322647,-0.17724795660711276,-0.08878168610987872,-0.004805139316857722
ST_Elev_II_iqr,0.07846164256572151,0.08225499982590807,0.19170602102454862,0.39097474514325675,-0.3502638809034838,0.08244392015912848,0.06450516253592428,0.12306729875500419,0.06450516253592428,0.23657458030647643,0.0003019679933801059,0.15591775364238192,0.06450516253592428,0.06450516253592428,0.09461421207732523,0.3952879675868696,-0.1467721047353308,0.06450516253592428,0.06450516253592428,-0.0690585082296436,0.06450516253592428,-0.25105289198875735,-0.13685610736905088,-0.10815737064395327,0.06450516253592428,0.07601348017847455,0.144688054318141,0.14405906043538486,0.08509301523589824,0.06450516253592428,0.30149658689564707,0.10137152825383948,0.06450516253592428,0.13368400855150694,0.06450516253592428,-0.11763314385125018,0.06450516253592428,0.06450516253592428,0.0810425902628205,0.06450516253592428,0.034780252621079547,0.06450516253592428,0.06450516253592428,-0.029621549376206657,-0.08492248977107159,0.06450516253592428,0.11282082240692616,0.07426258184631529,0.06450516253592428,0.043732145627288464,0.27203656534637327,0.03723176149007174,0.12069069539481816,0.06450516253592428,-0.10564831194106314,0.06450516253592428,-0.06510959297049324,0.07902949757435064,0.06450516253592428,0.12502196836256954,-0.030364665196590312,0.12579463943383576,0.061350655652273725,0.06450516253592428,0.13459567667413766,0.06450516253592428,0.09885539560909631,0.06450516253592428,0.29287070560232115,-0.05692355108089546,0.07181961900435428,-0.02028382605134304,-0.14134084751718184,1.0,-0.10087478651662395,0.12322956007234503,0.07065559694137985,-0.24295665411845044,0.08309496534798966,0.06450516253592423,0.06872063022168574,0.14366972353484542,0.06450516253592423,-0.023473413456373167,-0.21605109449088108,0.0695448114013821,0.06450516253592423,0.0970370014481215,0.09196425449203192,-0.2083213011830386,0.06450516253592423,0.1355669213791742,-0.09624311199211509,0.10201631935796365,0.051266824363434674,0.07713518127425027,0.06450516253592423,0.06450516253592423,0.11780913464622415,-0.010002428515974486,0.06450516253592423,-0.12621165663246495,0.02289823787790094,0.042499754009133424,0.06450516253592423,0.10496113018935395,0.06450516253592423,0.06450516253592423,-0.07026171755645048,-0.12104959851456476,0.06450516253592423,0.10556709058881035,0.06450516253592423,-0.041348898498859886,0.06450516253592423,-0.14819869577124697,0.04715506572513805,-0.00807621549127245,0.10979380819797271,0.13103552038318272,-0.04762602371205862,0.06450516253592423,0.001219883466810363,0.06450516253592423,0.06450516253592423,-0.06013172725058327,-0.11579182826701521,0.06450516253592423,0.06450516253592423,0.09854797961120336,0.13226982370402332,0.16860023182744582,0.08541781478932622,0.10483397027468748,0.30779148837427944,0.12980451276401664,0.06450516253592423,0.06450516253592423,0.06450516253592423,0.06450516253592423,0.10353063841244026,0.07937325796856837,-0.08909130696922547,0.16003334046493994,0.045097281296616984,0.06450516253592423,0.12288218468765878,0.038014683454560286,0.06749320945001318,0.06450516253592423,0.06450516253592423,0.06450516253592423,0.05520647947658812,-0.2725709125086777,0.06450516253592423,0.06450516253592423,-0.07097518860440873,0.11775532454763643,0.13747727249335695
ST_Elev_II,-0.004295038359343847,-0.01145711047670514,-0.09055767553687746,-0.07646782590883353,0.16062986466023382,-0.016867332187060564,-0.2210212155180474,-0.027000575346291522,-0.2210212155180474,-0.10345237939953957,0.13204676170725696,-0.08003811338481522,-0.2210212155180474,-0.2210212155180474,0.02866773976407708,-0.1184962014663007,0.021874915815718595,-0.2210212155180474,-0.2210212155180474,0.02117301483901491,-0.2210212155180474,0.20466174376472945,-0.05939543861364233,0.5396528286303975,-0.2210212155180474,-0.006565017383461577,0.01871015775389692,-0.054461077928805175,0.07708613613901505,-0.2210212155180474,-0.3488073755306219,-0.012490950268899492,-0.2210212155180474,-0.008432141895186642,-0.2210212155180474,0.04101206101209481,-0.2210212155180474,-0.2210212155180474,-0.014026890724677738,-0.2210212155180474,0.2699107615237811,-0.2210212155180474,-0.2210212155180474,-0.0025511132440811926,0.06362173656014464,-0.2210212155180474,0.01405184452824008,-0.020474954947140175,-0.2210212155180474,-0.032796764470215484,-0.0853121380931255,0.00829831575805671,-0.020499728884909113,-0.2210212155180474,0.3958276192725418,-0.2210212155180474,0.07063608837656896,-0.0177589171560026,-0.2210212155180474,-0.03676156250434443,0.03487191256047209,0.04179048307059396,-0.22163052625434596,-0.2210212155180474,-0.043352157618359095,-0.2210212155180474,0.001265634720275442,-0.2210212155180474,-0.08818381542838544,0.04659795662059786,-0.008648873660626126,0.17937081995388124,-0.11152706745988436,-0.10087478651662395,1.0,0.011189488947911672,-0.06335059420396462,0.17613531562274518,0.009600172571144748,-0.22102121551804738,-0.01866277243019223,-0.005187481462033166,-0.22102121551804738,0.26431864052114934,0.1863196848328644,-0.024747095515220217,-0.22102121551804738,-0.00612670806819329,-0.017666232271294102,0.1225910440360016,-0.22102121551804738,-0.020849897780863432,-0.05247524706141795,-0.003700721106501356,-0.0041069196228022825,0.0070933164550851,-0.22102121551804738,-0.22102121551804738,-0.0018819191033767817,-0.07533786382334967,-0.22102121551804738,0.04826685281533824,-0.03113654842442165,0.012485976332812322,-0.22102121551804738,0.01979085871031737,-0.22102121551804738,-0.22102121551804738,-0.09027424005890607,0.5507207860932043,-0.22102121551804738,0.02251382552119879,-0.22102121551804738,0.3955186302175951,-0.22102121551804738,-0.08449035580354783,-0.014728928825691545,0.08798840829330454,-0.013743140820042087,-0.03194465495162411,0.24163181669133257,-0.22102121551804738,-0.05728324138302321,-0.22102121551804738,-0.22102121551804738,-0.10180365340036356,-0.01162799033459835,-0.22102121551804738,-0.22102121551804738,0.02244577012455684,-0.5499978816004533,-0.06288471543214104,0.0014334479748751017,-0.018533729714249842,-0.08053871229756476,-0.009650363045055713,-0.22102121551804738,-0.22102121551804738,-0.22102121551804738,-0.22102121551804738,0.009206906792652016,-0.017532651009247828,0.10823531941510657,-0.07747204855200185,0.0012240362398068987,-0.22102121551804738,-0.0003605776402765889,-0.024458823400768864,-0.17251243588080883,-0.22102121551804738,-0.22102121551804738,-0.22102121551804738,0.04488353642589804,0.23539953579929074,-0.22102121551804738,-0.22102121551804738,0.5963526447418068,-0.05764594244660387,-0.03355458945935859
T_Amp_aVF_iqr,0.29531443147111364,0.3588839864890155,0.10734111696226581,0.14900575691547413,-0.013393523048848421,0.2747174473057293,0.06747600248950884,0.2697311630464152,0.06747600248950884,0.10815549906847632,0.010639569631769989,0.03249321452426657,0.054383318314955444,0.06748730514024699,0.03819327287859771,0.10584459451862416,-0.010293618941842048,0.054383318314955444,0.06747600248950884,-0.0076742761569251,0.06748730514024699,0.017760008548307313,0.009922905952078932,0.013548522697897669,0.06747600248950884,0.3708159665860093,0.8649638641551038,0.13581918305682086,0.0001776575578694267,0.06748730514024699,0.031032577981235324,0.2701715018664077,0.06747600248950884,0.02197160002758826,0.06748730514024699,-0.01720665529953008,0.06747600248950884,0.06747600248950884,0.2289377813246661,0.06748730514024699,0.017746466561204134,0.054383318314955444,0.06747600248950884,-0.023996386664466216,-0.01638028183126214,0.06747600248950884,0.4415877950576617,0.2760890084308154,0.06748730514024699,0.2025179972882887,0.04131929998785795,0.22719557982178432,0.6913424063578237,0.054383318314955444,-0.009115598307953564,0.06747600248950884,-0.00867647078928969,0.27427762710046755,0.06747600248950884,0.49947377888689004,-0.009894021146868789,0.0479180967457106,0.0669096009651743,0.06747600248950884,0.03335423865734162,0.054383318314955444,0.35610238435345026,0.06748730514024699,0.10666607366918408,-0.0012853148261148832,0.27014664605863814,-0.040966550851438285,-0.015194519325361306,0.12322956007234503,0.011189488947911672,1.0,0.048401426346752485,0.00603733026846266,0.31306119006427674,0.06747600248950882,0.25130895044256807,0.5702052643529519,0.05438331831495546,-0.03491690273274433,-0.02138961021184521,0.2779561992487915,0.05438331831495546,0.4804924182047396,0.42480788018018106,0.027415178208204122,0.05438331831495546,0.6355924079476793,-0.026539340848604952,0.5128344028093985,0.23043609005927876,0.2922678235744631,0.06747600248950882,0.06747600248950882,0.864773994236673,-0.045460594549019975,0.06747600248950882,-0.012093620788243846,-0.022850091782412735,-0.003697402184526847,0.05438331831495546,-0.026885361671011482,0.06747600248950882,0.06747600248950882,-0.03788422741216057,0.023932956414162487,0.06747600248950882,0.613744069072867,0.06747600248950882,-0.004945732755019933,0.06747600248950882,0.0016506117175663214,0.0029433243891457666,0.00589464566322408,0.32428840578560547,0.5967983060157807,-0.06795046152395445,0.06747600248950882,0.021955078508844993,0.06747600248950882,0.06747600248950882,-0.007727697032023506,-0.033209879727813814,0.06747600248950882,0.06747600248950882,0.638393111260648,-0.016132696297643204,0.1060584164952416,0.6115453812412782,0.3297939157060877,0.0891615732793385,0.6256126114845717,0.05438331831495546,0.06748730514024696,0.06747600248950882,0.05438331831495546,0.09383130862402565,0.37686129737316526,-0.006923619129053585,0.09784597730576251,0.2645172024377134,0.06747600248950882,0.006920648061542663,0.2289289715899652,-0.028592474093538104,0.06747600248950882,0.05438331831495546,0.06748730514024696,0.006423664109828594,0.008882510941245838,0.06747600248950882,0.06747600248950882,0.03249683050734164,0.15731222648703239,0.18426925367339844
Q_Amp_I,0.1356872394564705,0.03613131597631093,0.04804985373521342,0.014484074594961763,-0.07125361204522651,0.023018013722240133,0.03229128518730253,0.014456221610934242,0.03229128518730253,0.04724984905109902,0.10027705296471585,0.2216395762593176,0.021669284031175778,0.03232886096602493,-0.13725559619204514,0.08370002988258855,-0.017458207258999034,0.021669284031175778,0.03229128518730253,-0.2676358760864377,0.03232886096602493,-0.1032955894173975,0.1809751702867904,-0.06845958822711543,0.03229128518730253,0.035847162788727654,0.05263990800524582,1.271316069811817e-05,0.20441208856527138,0.03232886096602493,0.055599731368739365,0.03302434958394121,0.03229128518730253,0.19604359025615883,0.03232886096602493,-0.02807495734031327,0.03229128518730253,0.03229128518730253,0.02624537793226646,0.03232886096602493,0.0010300275648234146,0.021669284031175778,0.03229128518730253,-0.045299608455257885,-0.1667811195506715,0.03229128518730253,0.023343328432381606,0.04632432682826605,0.03232886096602493,0.03630276506642421,0.08380427248765929,0.029693936873872992,0.03889992875201186,0.021669284031175778,-0.033911262626095465,0.03229128518730253,-0.02273680652420745,0.043840164188031265,0.03229128518730253,0.0034770324505811407,-0.010309571235978506,0.05464419760246397,0.031591991747063786,0.03229128518730253,0.24461790460456842,0.021669284031175778,0.021316349003369782,0.03232886096602493,0.042632507766479144,-0.14498786392168245,0.02901263643973726,-0.009373161727487775,-0.03184968182150253,0.07065559694137985,-0.06335059420396462,0.048401426346752485,1.0,-0.05806951951575641,0.047423491792375594,0.03229128518730253,0.01968677193775483,0.04331623469049226,0.021669284031175767,-0.00840431264766004,-0.053156947406546765,0.019606709771772583,0.021669284031175767,0.11157631444838033,0.03317795627018159,-0.03926905577169659,0.021669284031175767,0.027183742264858254,-0.029081924230878842,0.05798764453988821,0.036316075902710215,0.034503477703431984,0.03229128518730253,0.03229128518730253,0.042980651167022904,-0.045266852479458296,0.03229128518730253,-0.41272804942970387,-0.4516744848885029,0.04487180809383752,0.021669284031175767,-0.29164876933232614,0.03229128518730253,0.03229128518730253,-0.1045193284930588,-0.07989088676773724,0.03229128518730253,0.05171582873531058,0.03229128518730253,-0.022952959342810504,0.03229128518730253,0.08841092023338398,0.07839953976495606,-0.11322102315998216,0.05561197156727253,0.01808933429219683,-0.01124461706918061,0.03229128518730253,0.5821145077732012,0.03229128518730253,0.03229128518730253,-0.07951928897805736,-0.15200757310662816,0.03229128518730253,0.03229128518730253,0.05942299541566256,0.07931590155645792,0.0572949697751508,0.077349522637011,0.039487580654836485,0.0354139404485734,0.03832268116546819,0.021669284031175767,0.03232886096602493,0.03229128518730253,0.021669284031175767,0.009805284866396096,0.0385915239215415,-0.0019670270119208754,0.061895950427087065,0.015859548908033417,0.03229128518730253,0.13366792775373584,0.011255565831499018,0.03837495438608054,0.03229128518730253,0.021669284031175767,0.03232886096602493,-0.35510046392260197,-0.13661376230271902,0.03229128518730253,0.03229128518730253,-0.03136649387161273,0.03686106762270582,0.08955011776533527
T_Amp_I,-0.0908382820766356,-0.04327406728826659,-0.12911573298088047,-0.12729073773463823,0.4230980494679512,-0.04010584508748363,-0.15147426842969205,-0.0536034713392636,-0.15147426842969205,-0.191673902507337,0.26779847416278124,-0.2890702640724528,-0.09441538334073056,-0.15159858356067465,-0.1106459393966782,-0.28252367179665333,0.189430034945158,-0.09441538334073056,-0.15147426842969205,0.07704976593648982,-0.15159858356067465,0.5801933132218473,0.20993283694599688,0.2307133736442216,-0.15147426842969205,-0.02609854431563171,-0.00506657812141935,-0.05382284442024028,-0.09743317918485637,-0.15159858356067465,-0.7175450528486772,-0.059672714854453725,-0.15147426842969205,-0.18817236927429212,-0.15159858356067465,0.7279144234478675,-0.15147426842969205,-0.15147426842969205,-0.05432663828487445,-0.15159858356067465,-0.1935163962933247,-0.09441538334073056,-0.15147426842969205,0.07309325773566568,0.21252339127361067,-0.15147426842969205,-0.00466722602529787,-0.04998883970203126,-0.15159858356067465,-0.07238666640973704,-0.3002726155769689,-0.02272934756225558,-0.03272234249949078,-0.09441538334073056,0.23622688492946387,-0.15147426842969205,-0.38742213444393475,-0.06488676763189861,-0.15147426842969205,-0.04658548851347287,0.08901266912590375,-0.1563348062576928,-0.14775850809322563,-0.15147426842969205,-0.24760895072506264,-0.09441538334073056,-0.023662981670036574,-0.15159858356067465,-0.21181420822217534,0.21118309653648007,-0.044314304030165105,-0.045946172165054845,0.18076931657584341,-0.24295665411845044,0.17613531562274518,0.00603733026846266,-0.05806951951575641,1.0,-0.07216223918577773,-0.15147426842969205,-0.03581885452357298,-0.02537404718709902,-0.09441538334073056,-0.02285125224539735,0.007080308919685951,-0.047218195616508765,-0.09441538334073056,-0.10066575362333413,-0.027470610326259463,0.3688063656054056,-0.09441538334073056,-0.031010412163973128,0.06741885312618298,-0.037956399224513944,-0.048301206789820236,-0.061975175681897615,-0.15147426842969205,-0.15147426842969205,-0.011662693264338502,-0.16848808661244874,-0.15147426842969205,0.10825606138574556,-0.05757855270930919,-0.04333318723050745,-0.09441538334073056,-0.1685456479069094,-0.15147426842969205,-0.15147426842969205,0.06561231064007958,0.2808042514319122,-0.15147426842969205,-0.017302278037631257,-0.15147426842969205,0.07641687331796679,-0.15147426842969205,0.2065956395018487,-0.05488469515718901,0.16963340463151577,-0.06573509166643424,-0.04045094994691142,0.1354480429378217,-0.15147426842969205,-0.007469758150189362,-0.15147426842969205,-0.15147426842969205,0.02935397607667449,0.18872644597947427,-0.15147426842969205,-0.15147426842969205,-0.028390043394393195,-0.35551770363739843,-0.08933204037832912,-0.059585556573040745,-0.07961970891505643,-0.22223927116162187,-0.018348522579206474,-0.09441538334073056,-0.15159858356067468,-0.15147426842969205,-0.09441538334073056,-0.024677810546993795,-0.049538383221973216,0.26980778524327603,-0.1557683894208462,-0.02019168357752923,-0.15147426842969205,-0.15793755672642512,-0.03001908497465355,-0.4274518904379033,-0.15147426842969205,-0.09441538334073056,-0.15159858356067468,-0.07229933805007574,0.6227595899693725,-0.15147426842969205,-0.15147426842969205,0.022451725652349798,-0.14862935705325125,-0.039434410173220746
Q_Amp_V4_iqr,0.1719668216766023,0.6694130724544525,0.10396070411632836,0.07894456265949365,-0.05879079924552395,0.20159486154353945,0.047653827127011196,0.2895923527681406,0.047653827127011196,0.18273840806280864,-0.021067862221987477,0.08273031499326448,0.03695628496414987,0.047653827127011196,0.07371012100044359,0.07486530361143602,-0.03669894176468711,0.03695628496414987,0.047653827127011196,-0.037678198118073936,0.047653827127011196,-0.03458598942942558,-0.05956146156970101,0.0009212290377417312,0.047653827127011196,0.2748475967606456,0.3086564860443004,0.05372195781628559,0.037548046842560995,0.047653827127011196,0.08360835789935785,0.6336474554296602,0.047653827127011196,0.08061289275363012,0.047653827127011196,-0.06940411534321439,0.047653827127011196,0.047653827127011196,0.3163877827524201,0.047653827127011196,0.048910028163527415,0.03695628496414987,0.047653827127011196,-0.02321460917607924,-0.07643911975088018,0.047653827127011196,0.20897454972276963,0.2308258542541568,0.047653827127011196,0.21876328158993968,0.06341764061172295,0.18477441840239184,0.2755725783859735,0.03695628496414987,-0.026402785742989508,0.047653827127011196,0.03192966163391281,0.30514850893130446,0.047653827127011196,0.29595325248927024,-0.008409279581706989,0.08531556804845598,0.04725299960477397,0.047653827127011196,0.06862254235956546,0.03695628496414987,0.21581409087834225,0.047653827127011196,0.14327380929169098,-0.021131148622812478,0.25401437309315156,-0.004419682858731211,-0.07252131980659246,0.08309496534798966,0.009600172571144748,0.31306119006427674,0.047423491792375594,-0.07216223918577773,1.0,0.04765382712701119,0.2504366345535669,0.2779676740809442,0.03695628496414989,0.002830826721432112,-0.013903239224832538,0.2903736009086311,0.03695628496414989,0.27813955969938436,0.20010941825762718,0.0226657796438081,0.03695628496414989,0.31613765360567253,-0.03304790952208558,0.24220997597325308,0.18843465287468392,0.3365519074027917,0.04765382712701119,0.04765382712701119,0.2989895229365323,0.001316521966869142,0.04765382712701119,-0.05591342406278383,-0.003415965531984481,0.01664566813675922,0.03695628496414989,0.03257999483935614,0.04765382712701119,0.04765382712701119,-0.04401019481795589,-0.003918056201711466,0.04765382712701119,0.2628976229354749,0.04765382712701119,0.017928137681683658,0.04765382712701119,-0.07121370533739516,0.038618842688970104,-0.0315346537906791,0.27288928178275756,0.32759705536338324,-0.03563563531057565,0.04765382712701119,0.0014657575549845358,0.04765382712701119,0.04765382712701119,-0.0023910775132236985,-0.1422150858091927,0.04765382712701119,0.04765382712701119,0.28152295839976976,0.024657205803950966,0.0765642122436275,0.28271620562792416,0.32210208836530724,0.10809517359858178,0.26222463340366914,0.03695628496414989,0.04765382712701119,0.04765382712701119,0.03695628496414989,0.07303640900327621,0.35878511271964736,-0.03871019323026804,0.056796427261701775,0.1741147504802958,0.04765382712701119,0.17805658848888403,0.2100176598300248,0.02745806930342856,0.04765382712701119,0.03695628496414989,0.04765382712701119,0.03449125508815736,-0.046803137932971646,0.04765382712701119,0.04765382712701119,0.03241822187575025,0.11852030276543331,0.09807331088613953
S_Amp_V2_count,0.06790553019054868,0.06635620692543828,0.08412798070566742,0.05753756244508661,-0.12454477200861207,0.0594029700302421,1.0,0.06030097295452287,1.0,0.08694877189939479,0.0006781374378229809,-0.066933164095135,0.6030907885608209,0.9994987846918347,-0.02962778338620163,0.14645021619350912,0.01634824955591859,0.6030907885608209,1.0,-0.0434837277916442,0.9994987846918347,-0.11074052721407532,-0.0033555739384728846,-0.22564194835055415,1.0,0.05852663434844684,0.07142356221960652,0.06651173669590206,0.11070511110331886,0.9994987846918347,0.2645895148247621,0.042540327213869106,1.0,0.02719496936022419,0.9994987846918347,-0.10381214819349557,1.0,1.0,0.06040311428282507,0.9994987846918347,-0.05797562997878373,0.6030907885608209,1.0,-0.024378368328115203,-0.09658055144073321,1.0,0.047740946713889724,0.07247383517340018,0.9994987846918347,0.08035691536001432,0.05701357539313246,0.06783626809829328,0.08701024754836141,0.6030907885608209,-0.20873124555309838,1.0,0.06241736270266334,0.08514110638649797,1.0,0.03373417393427284,0.0011898091077743769,-0.0033522573349071215,0.9966467271835502,1.0,0.0542522717074805,0.6030907885608209,0.03972730404223333,0.9994987846918347,0.09881925658978595,0.004731921863014279,0.07632484279545824,-0.26047969033519186,-0.06775203001322647,0.06450516253592423,-0.22102121551804738,0.06747600248950882,0.03229128518730253,-0.15147426842969205,0.04765382712701119,1.0,0.0743355529655387,0.03656583084518029,0.603090788560821,-0.2559634497368158,-0.04206583888464519,0.0766653268444405,0.603090788560821,0.05855530987728124,0.08204063206753556,-0.0392021926542863,0.603090788560821,0.03974315376385593,0.02734504939507833,0.10250973952412278,0.06465160773398793,0.08004652575198017,1.0,1.0,0.07310027599799108,-0.14700418951041022,1.0,-0.06375244003260759,-0.06536000809427164,0.024851504163041445,0.603090788560821,-0.01567270747009387,1.0,1.0,-0.09408156646179826,-0.21992244647174078,1.0,0.06290769031358341,1.0,-0.2198824272966781,1.0,-0.03444595888885041,-0.001386748147137618,-0.04756486991241716,0.06786615334111648,0.043485106950388555,-0.9276676623491351,1.0,0.024677036860326528,1.0,1.0,-0.07957618648362544,-0.11655597496988367,1.0,1.0,0.06050882561225699,0.17174128651198467,0.08950849724156083,0.07248997830240783,0.06390108411845473,0.097090976485365,0.08648351946438605,0.603090788560821,0.9994987846918347,1.0,0.603090788560821,0.10541790476646289,0.08082018374733482,-0.09890205189770786,0.06180580048944654,0.05992719128059247,1.0,0.016064666351403734,0.07741930716135245,0.1195936099325498,1.0,0.603090788560821,0.9994987846918347,-0.045964279141403996,-0.16027204272469744,1.0,1.0,-0.16333493014607456,0.0221107577873702,-0.05334602832310683
T_Amp_V5_iqr,0.14680470293613157,0.3535043252983797,0.08540787854536205,0.050748180814257214,-0.009393595030171427,0.20697591679336338,0.0743355529655387,0.7299207806046418,0.0743355529655387,0.11013295410661986,-0.010123495590448188,0.0212653872239086,0.04738287559329846,0.0743355529655387,0.035425201765735735,0.06780147454773937,-0.00942257908276697,0.04738287559329846,0.0743355529655387,-0.02011086686324802,0.0743355529655387,-0.008458404881927884,-0.030030582597848916,0.003988393286757566,0.0743355529655387,0.23293112438788502,0.25344168360851466,0.04965686388589007,0.006180124864808375,0.0743355529655387,0.044139396687714876,0.22850985911964672,0.0743355529655387,-0.06862395271106705,0.0743355529655387,-0.04326616410997924,0.0743355529655387,0.0743355529655387,0.8305590393414385,0.0743355529655387,0.02779965264900677,0.04738287559329846,0.0743355529655387,-0.030674727153353447,-0.011502268634084756,0.0743355529655387,0.17825666346806437,0.20645802975955868,0.0743355529655387,0.2954791213396737,0.037094068951419805,0.20493815942343063,0.22838636107497015,0.04738287559329846,-0.038986484574916255,0.0743355529655387,0.02931579164290761,0.21546720226842322,0.0743355529655387,0.16890563870499342,-0.02569588439585799,0.03119934463159261,0.0743031435228716,0.0743355529655387,0.019865264002024097,0.04738287559329846,0.16253605340104885,0.0743355529655387,0.22323631089446888,-0.00112314896406294,0.2028856721343382,-0.03362430281599444,-0.02213672659997781,0.06872063022168574,-0.01866277243019223,0.25130895044256807,0.01968677193775483,-0.03581885452357298,0.2504366345535669,0.0743355529655387,1.0,0.18453766853136516,0.04738287559329842,-0.029429400431429043,0.013760533627524071,0.3131876284574716,0.04738287559329842,0.1709785765272771,0.20826707235162387,-0.0031338856181252137,0.04738287559329842,0.19433050578895333,-0.015355915714510724,0.18608877803774102,0.20714194780558012,0.20573547780381687,0.07433555296553872,0.07433555296553872,0.2376252449477192,-0.014374389762421967,0.07433555296553872,-0.019157046713330645,0.007956678964865106,-0.006910879718198101,0.04738287559329842,0.02005369475884501,0.07433555296553872,0.07433555296553872,-0.08344230712406946,-0.001412102390786065,0.07433555296553872,0.18208726939202144,0.07433555296553872,-0.0028257815591731074,0.07433555296553872,-0.032159195693368746,-0.003256740652581789,0.008880532730961826,0.19025119643358282,0.19074201658394074,-0.06757550219295066,0.07433555296553872,0.007263740068308889,0.07433555296553872,0.07433555296553872,0.023065023390802013,-0.02103711936286,0.07433555296553872,0.07433555296553872,0.18474746830715352,0.010598487069622124,0.08091270647870392,0.1918574083511376,0.1919854248420323,0.13153473285337952,0.24964483444995408,0.04738287559329842,0.07433555296553872,0.07433555296553872,0.04738287559329842,0.08020863689484792,0.26101349748736263,-0.037684524722165075,0.030314047674341208,0.21196660976243795,0.07433555296553872,0.00972475188900037,0.3433317163211327,0.00899438807913278,0.07433555296553872,0.04738287559329842,0.07433555296553872,0.012212791313094586,-0.032087401332499765,0.07433555296553872,0.07433555296553872,0.006123216549472245,0.0824560719776493,0.09680045301716489
R_Amp_II_iqr,0.20245710907776948,0.2624489128628179,0.10922994310950454,0.12244339607620444,-0.046816567970458224,0.33196784963324966,0.03656583084518029,0.38361119499971086,0.03656583084518029,0.1066429128312232,0.011826771521763844,0.07986293621736126,0.030684688562610786,0.03655516493415626,0.10704125745587717,0.11020590586803378,-0.029265220961691738,0.030684688562610786,0.03656583084518029,-0.03737041446397772,0.03655516493415626,-0.030322577469195568,-0.030907885971503575,-0.007486681045007286,0.03656583084518029,0.28276497707755804,0.5982774365123914,0.10622637761760556,-0.05200184411590215,0.03655516493415626,0.08612087307293906,0.389573383611705,0.03656583084518029,0.03946518559060866,0.03655516493415626,-0.046448689651536604,0.03656583084518029,0.03656583084518029,0.18844296823095225,0.03655516493415626,0.03595466516188416,0.030684688562610786,0.03656583084518029,-0.023530174900192075,-0.02889124785845926,0.03656583084518029,0.7794897670583574,0.1964552436433306,0.03655516493415626,0.14019473036598384,0.07407347690551701,0.14472766341882473,0.4261081652173518,0.030684688562610786,-0.016048317489174235,0.03656583084518029,-0.012331594027279314,0.20086658013139103,0.03656583084518029,0.5415508930122874,-0.020901441831129863,0.07475568127835905,0.03689582953369419,0.03656583084518029,0.04478659795278068,0.030684688562610786,0.5688904419292096,0.03655516493415626,0.11621176749981259,-0.014483748045213355,0.20927970690516537,-0.03765723357245309,-0.008600824529417284,0.14366972353484542,-0.005187481462033166,0.5702052643529519,0.04331623469049226,-0.02537404718709902,0.2779676740809442,0.03656583084518029,0.18453766853136516,1.0,0.030684688562610786,-0.021524738426497936,-0.02017306688199873,0.35657662260038325,0.030684688562610786,0.3016169221729011,0.2706466738244227,-0.011410873549579568,0.030684688562610786,0.8295547038818758,-0.04509754988930829,0.3933158009898925,0.15761074435143602,0.23383169871380086,0.036565830845180274,0.036565830845180274,0.5239039377914327,-0.03279800519339944,0.036565830845180274,-0.04034025953468906,0.03207926224070465,-0.004643574366335356,0.030684688562610786,0.0175459992806828,0.036565830845180274,0.036565830845180274,-0.028222223813548927,-0.0007189696923873404,0.036565830845180274,0.5316216121714386,0.036565830845180274,0.006190479433977276,0.036565830845180274,-0.03125504835493517,0.008526186803057088,0.013357037431388049,0.4316351387615899,0.696154524003305,-0.045464936864542435,0.036565830845180274,0.006623622887778782,0.036565830845180274,0.036565830845180274,-0.014845106930937118,-0.04300171093627997,0.036565830845180274,0.036565830845180274,0.5053903401677385,0.008475016170905706,0.11928278300933853,0.38372430388909856,0.4508088488782153,0.10115440210956086,0.46728595701917147,0.030684688562610786,0.036555164934156247,0.036565830845180274,0.030684688562610786,0.09661873504030796,0.2842494189490224,-0.03132401306908813,0.09248242204435568,0.1869721346947917,0.036565830845180274,0.05166086509102857,0.1497080386571464,-0.013601788168398911,0.036565830845180274,0.030684688562610786,0.036555164934156247,0.032909101650072534,-0.04603404960995583,0.036565830845180274,0.036565830845180274,0.029498882480093178,0.2668679630534906,0.26704119580171093
ST_Elev_V4_count,0.05552388725672591,0.05785452866097813,0.08412798070566742,0.05753756244508661,-0.06997528368534667,0.04863448764480071,0.603090788560821,0.03438096981743862,0.603090788560821,0.08694877189939479,-0.0075423034180836296,-0.017006669088468585,1.0,0.6032606536379885,-0.006277884862554391,0.14645021619350912,0.02413677421372082,1.0,0.603090788560821,-0.028785883139884966,0.6032606536379885,-0.06698045225821188,-0.0219728304644547,-0.22564194835055415,0.603090788560821,0.04980532332051859,0.06199831794203382,0.06651173669590206,0.06286628375905791,0.6032606536379885,0.15958025955028005,0.03761675913204401,0.603090788560821,0.022836653645909696,0.6032606536379885,-0.0735898860742893,0.603090788560821,0.603090788560821,0.03296560175869313,0.6032606536379885,-0.05797562997878373,1.0,0.603090788560821,-0.014001128519824954,-0.061538759591211876,0.603090788560821,0.03292551726906371,0.061619650505808046,0.6032606536379885,0.049625147526543734,0.05701357539313246,0.05746024539480962,0.06480786391104332,1.0,-0.20873124555309838,0.603090788560821,0.047055135334825186,0.07042262449848506,0.603090788560821,0.02887533184786343,-0.0021770642006239643,0.00983748723428904,0.6006906515732922,0.603090788560821,0.034497971397104935,1.0,0.02998558321491977,0.6032606536379885,0.09881925658978595,0.0010140402694029892,0.06001152216915461,-0.26047969033519186,-0.05308193819611098,0.06450516253592423,-0.22102121551804738,0.05438331831495546,0.021669284031175767,-0.09441538334073056,0.03695628496414989,0.603090788560821,0.04738287559329842,0.030684688562610786,1.0,-0.2559634497368158,-0.01347913685232939,0.04495140364940444,1.0,0.04532113917755112,0.0687354086521867,-0.01142323369699784,1.0,0.028946004403353296,0.026989263705054244,0.08594266365133524,0.05288378966158771,0.06448899540664517,0.6030907885608209,0.6030907885608209,0.056255619944319046,-0.14700418951041022,0.6030907885608209,-0.04238722011061444,-0.02388132230997851,0.0066733194031558096,1.0,0.009374181789287533,0.6030907885608209,0.6030907885608209,-0.04758054888583204,-0.21992244647174078,0.6030907885608209,0.05922969297058081,0.6030907885608209,-0.2198824272966781,0.6030907885608209,-0.04064251422576443,0.003430767624331134,-0.029011892625643562,0.04736020392897645,0.035606365532755445,-0.5521613041619947,0.6030907885608209,0.016851921786110016,0.6030907885608209,0.6030907885608209,-0.041310587908133,-0.07462765381767635,0.6030907885608209,0.6030907885608209,0.05017011784297683,0.17174128651198467,0.08950849724156083,0.052356873815606095,0.04288563015703014,0.097090976485365,0.07409911655753261,1.0,0.6032606536379885,0.6030907885608209,1.0,0.10541790476646289,0.06296279453136,-0.09890205189770786,0.06180580048944654,0.05545197100423101,0.6030907885608209,0.01952533143290476,0.04513895811952199,0.08387336981175895,0.6030907885608209,1.0,0.6032606536379885,-0.027047124614756654,-0.09898077475900603,0.6030907885608209,0.6030907885608209,-0.16333493014607456,0.02608058310188458,-0.028418246069887482
ST_Elev_V3,-0.023807468132750025,-0.02963775506021784,-0.14310163402780673,-0.010280761830436132,0.015097527996810647,-0.01607445332360606,-0.2559634497368158,-0.026083358712506874,-0.2559634497368158,-0.0590158341596037,-0.15542747144829855,0.037022687469166975,-0.2559634497368158,-0.2559634497368158,0.001338895367059397,-0.0786110303984225,0.02178437110919336,-0.2559634497368158,-0.2559634497368158,0.033743494500290426,-0.2559634497368158,0.007117154207657913,0.013803792058355463,0.3651295822248787,-0.2559634497368158,-0.038959264985333676,-0.03656675255362319,-0.032421633640218044,-0.021961714380014014,-0.2559634497368158,-0.11858824870005812,-0.015117649388530172,-0.2559634497368158,0.00985044386561928,-0.2559634497368158,-0.024650368100655885,-0.2559634497368158,-0.2559634497368158,-0.006694433536740966,-0.2559634497368158,0.07966459947048714,-0.2559634497368158,-0.2559634497368158,0.00027463375801078097,-0.18243452000057464,-0.2559634497368158,-0.04326831689145832,-0.031134271083596468,-0.2559634497368158,-0.01169594175203035,-0.009528116663608867,-0.005341907195400044,-0.04778007396414181,-0.2559634497368158,0.2310054839430451,-0.2559634497368158,3.9362065758051335e-05,-0.03317117874368553,-0.2559634497368158,-0.02349790695845251,0.046267697509003315,0.011493923185986306,-0.2594502740594338,-0.2559634497368158,-0.016056781753818243,-0.2559634497368158,-0.037066565373779246,-0.2559634497368158,-0.035427085916983646,-0.029111180238063732,-0.03740060981534083,0.5779707803201519,0.010943071392852827,-0.023473413456373167,0.26431864052114934,-0.03491690273274433,-0.00840431264766004,-0.02285125224539735,0.002830826721432112,-0.2559634497368158,-0.029429400431429043,-0.021524738426497936,-0.2559634497368158,1.0,0.01817346161897202,-0.0343580663330567,-0.2559634497368158,-0.007177335947484911,-0.051028867477185914,0.0620269367733507,-0.2559634497368158,-0.028257305882165528,0.06797846630439272,-0.053142411662681376,-0.004353276012885703,-0.016852886086711972,-0.2559634497368158,-0.2559634497368158,-0.03454995547939482,0.24750475968793179,-0.2559634497368158,0.04776394457243717,-0.01179422904265298,0.07240688821707665,-0.2559634497368158,-0.025166335816563364,-0.2559634497368158,-0.2559634497368158,-0.003505954667436255,0.25598724162193415,-0.2559634497368158,-0.013843831352323104,-0.2559634497368158,0.5406443017675346,-0.2559634497368158,0.01591528601441977,0.059570319317860686,-0.18865826462640647,-0.030509978425316865,-0.028754432415289022,0.26068452691754695,-0.2559634497368158,0.018370462249292306,-0.2559634497368158,-0.2559634497368158,0.05064735347393817,-0.09447258985142196,-0.2559634497368158,-0.2559634497368158,-0.011910219214545775,-0.1517014981725727,-0.1406787707368377,-0.015962510703930625,-0.030402954749924153,-0.04139137208642268,-0.054197349295230096,-0.2559634497368158,-0.2559634497368158,-0.2559634497368158,-0.2559634497368158,-0.043837027507159114,-0.03578120833888865,0.11787903191818774,-0.01963519726816738,-0.00423288637292724,-0.2559634497368158,0.06879365608674996,-0.022881338602276022,0.05889006807791241,-0.2559634497368158,-0.2559634497368158,-0.2559634497368158,0.011405620188082277,-0.017732902152479253,-0.2559634497368158,-0.2559634497368158,0.19831463946363914,-0.021878942707543283,-0.046544574695239795
T_Amp_aVF,0.04937758637346886,0.01695881523684652,-0.09032615761514962,-0.26378590405083563,0.7574769560388516,-0.0010408965701494582,-0.04206583888464519,-0.016933247881305787,-0.04206583888464519,-0.1395889202461624,-0.03187949397677093,0.022848040113269446,-0.01347913685232939,-0.042099255911570495,0.11549313225031789,-0.14765528130840605,0.27426932029717715,-0.01347913685232939,-0.04206583888464519,0.037274632687955216,-0.042099255911570495,0.35939304971565944,-0.09919627235553656,0.10702377112255086,-0.04206583888464519,-0.029602513700933815,-0.015365930626355348,-0.12774263856980356,0.10831800714612687,-0.042099255911570495,-0.3408440470281287,-0.007414790351594095,-0.04206583888464519,0.0020219925996677233,-0.042099255911570495,-0.44353259184677624,-0.04206583888464519,-0.04206583888464519,0.01948110316106648,-0.042099255911570495,0.1966374563547156,-0.01347913685232939,-0.04206583888464519,-0.027835584073130346,-0.031121443367832954,-0.04206583888464519,0.0036631105093416854,0.008960314379191411,-0.042099255911570495,0.035406655355470246,-0.11490298288277773,0.04074996333026716,0.00087532405111791,-0.01347913685232939,-0.0246647147550087,-0.04206583888464519,0.7636400582513898,0.015992578938052497,-0.04206583888464519,-0.04732002782228541,-0.023570786600888,0.09132497487852757,-0.0394281019416418,-0.04206583888464519,0.028163334099124564,-0.01347913685232939,0.012412224784657441,-0.042099255911570495,-0.13303399147185996,-0.0591063832463325,0.013631431974242795,-0.018913093563878058,-0.14369347071019908,-0.21605109449088108,0.1863196848328644,-0.02138961021184521,-0.053156947406546765,0.007080308919685951,-0.013903239224832538,-0.04206583888464519,0.013760533627524071,-0.02017306688199873,-0.01347913685232939,0.01817346161897202,1.0,0.001411199868485593,-0.013479136852329382,0.10425952880745058,-0.01605678925141186,0.3245006459578847,-0.013479136852329382,-0.04332594221041011,0.15031534630601281,0.05504879628393009,0.024469894251606512,0.019040780349885853,-0.04206583888464519,-0.04206583888464519,-0.005202963710192684,-0.0006146105419838452,-0.04206583888464519,0.010962236748089549,-0.04722626889799051,-0.03938932023913957,-0.013479136852329382,0.038922823617829526,-0.04206583888464519,-0.04206583888464519,-0.10591732107711076,0.11845031738167025,-0.04206583888464519,0.08107587139263281,-0.04206583888464519,0.07556494671046785,-0.04206583888464519,-0.14507933339440443,-0.05097526635745984,-0.03363127656077217,-0.027670577151860335,-0.036420561162963265,0.022292343027506874,-0.04206583888464519,-0.03911500477465024,-0.04206583888464519,-0.04206583888464519,-0.10458399631362174,-0.05379451465705186,-0.04206583888464519,-0.04206583888464519,0.1044174056097455,-0.1389201272069238,-0.07493523196140021,0.09494994794827069,-0.022365604239875325,-0.15518563397833243,-0.03293331149447477,-0.013479136852329382,-0.042099255911570495,-0.04206583888464519,-0.013479136852329382,-0.06300707597197013,-0.012886485136009993,-0.1056497617771164,-0.07545454166194558,-0.0015297539073687414,-0.04206583888464519,-0.05068730554794887,0.02462482435281673,0.03806289149218408,-0.04206583888464519,-0.013479136852329382,-0.042099255911570495,0.051490151157389315,0.34590953181364625,-0.04206583888464519,-0.04206583888464519,0.17229085050324186,-0.057475430759567535,-0.045407683948213734
R_Amp_V6_iqr,0.15884803772224504,0.28959927048999334,0.09959569751681617,0.0787113347730133,-0.03412684036756076,0.28859646315084175,0.0766653268444405,0.40650992768614086,0.0766653268444405,0.11231922346225669,0.005107649917936928,0.04938138473882919,0.04495140364940444,0.0766653268444405,0.08649048873636554,0.08335988485074877,-0.033104096619975,0.04495140364940444,0.0766653268444405,-0.03968307506752374,0.0766653268444405,-0.029423602502601856,-0.07611511681604051,-0.016395342142938585,0.0766653268444405,0.24076812930745256,0.27904217628868166,0.040092427382877265,-0.009873544544476932,0.0766653268444405,0.07143467932873791,0.30035375427033034,0.0766653268444405,0.05756829916251251,0.0766653268444405,-0.052590458605607605,0.0766653268444405,0.0766653268444405,0.30963719061649275,0.0766653268444405,0.039490033274014576,0.04495140364940444,0.0766653268444405,-0.04886653707853908,-0.027559082570117188,0.0766653268444405,0.34329203656943685,0.2294325854978395,0.0766653268444405,0.8065435381793551,0.04754557513003398,0.18182795449491798,0.25264825838367133,0.04495140364940444,-0.052177967269867995,0.0766653268444405,0.025100318493895647,0.22727557023737285,0.0766653268444405,0.2991106942729943,-0.018026802675827035,0.07039101936538572,0.07608567047089373,0.0766653268444405,0.038235816338134984,0.04495140364940444,0.3070963819710908,0.0766653268444405,0.1393696018894438,0.006166168799373098,0.22430444402564373,-0.041966984155810114,-0.05005130564483876,0.0695448114013821,-0.024747095515220217,0.2779561992487915,0.019606709771772583,-0.047218195616508765,0.2903736009086311,0.0766653268444405,0.3131876284574716,0.35657662260038325,0.04495140364940444,-0.0343580663330567,0.001411199868485593,1.0,0.04495140364940447,0.20669669906260088,0.2103951060221213,-0.008166497513342572,0.04495140364940447,0.34669522635472677,-0.042985495367162035,0.21151509505810906,0.20894145916160672,0.2282342688549594,0.07666532684444045,0.07666532684444045,0.2726832834393602,-0.018459808549285063,0.07666532684444045,-0.046904515844464145,0.046621823889394794,0.007922434447224418,0.04495140364940447,0.06524316927416109,0.07666532684444045,0.07666532684444045,-0.025693581666591227,-0.0032189423063955377,0.07666532684444045,0.2077628183807995,0.07666532684444045,-0.028235288554035384,0.07666532684444045,-0.07382249472745485,0.00032521464769856817,0.026685197894861932,0.3120352463474635,0.33312969233538,-0.07909498763609722,0.07666532684444045,-0.02593082654993814,0.07666532684444045,0.07666532684444045,0.007435698283279286,-0.054796560971273944,0.07666532684444045,0.07666532684444045,0.22988628063241046,0.022244825736693775,0.10830173721063574,0.2333587021580472,0.30443007811661926,0.2617071244498477,0.26191061011646866,0.04495140364940447,0.07666532684444045,0.07666532684444045,0.04495140364940447,0.08167533438626001,0.26456864428600313,-0.054223897848811854,0.04140106786798717,0.1978327997134394,0.07666532684444045,0.05078129828958704,0.8064092083276178,-0.005241581041667468,0.07666532684444045,0.04495140364940447,0.07666532684444045,0.05390635794861988,-0.06960427948223583,0.07666532684444045,0.07666532684444045,0.005691186166831489,0.15511302164942983,0.15778499601541413
ST_Elev_aVF_count,0.05552388725672591,0.05785452866097813,0.08412798070566742,0.05753756244508661,-0.06997528368534667,0.04863448764480071,0.603090788560821,0.03438096981743862,0.603090788560821,0.08694877189939479,-0.0075423034180836296,-0.017006669088468585,1.0,0.6032606536379885,-0.006277884862554391,0.14645021619350912,0.02413677421372082,1.0,0.603090788560821,-0.028785883139884966,0.6032606536379885,-0.06698045225821188,-0.0219728304644547,-0.22564194835055415,0.603090788560821,0.04980532332051859,0.06199831794203382,0.06651173669590206,0.06286628375905791,0.6032606536379885,0.15958025955028005,0.03761675913204401,0.603090788560821,0.022836653645909696,0.6032606536379885,-0.0735898860742893,0.603090788560821,0.603090788560821,0.03296560175869313,0.6032606536379885,-0.05797562997878373,1.0,0.603090788560821,-0.014001128519824954,-0.061538759591211876,0.603090788560821,0.03292551726906371,0.061619650505808046,0.6032606536379885,0.049625147526543734,0.05701357539313246,0.05746024539480962,0.06480786391104332,1.0,-0.20873124555309838,0.603090788560821,0.047055135334825186,0.07042262449848506,0.603090788560821,0.02887533184786343,-0.0021770642006239643,0.00983748723428904,0.6006906515732922,0.603090788560821,0.034497971397104935,1.0,0.02998558321491977,0.6032606536379885,0.09881925658978595,0.0010140402694029892,0.06001152216915461,-0.26047969033519186,-0.05308193819611098,0.06450516253592423,-0.22102121551804738,0.05438331831495546,0.021669284031175767,-0.09441538334073056,0.03695628496414989,0.603090788560821,0.04738287559329842,0.030684688562610786,1.0,-0.2559634497368158,-0.013479136852329382,0.04495140364940447,1.0,0.04532113917755112,0.0687354086521867,-0.01142323369699784,1.0,0.028946004403353296,0.026989263705054244,0.08594266365133524,0.05288378966158771,0.06448899540664517,0.6030907885608209,0.6030907885608209,0.056255619944319046,-0.14700418951041022,0.6030907885608209,-0.04238722011061444,-0.02388132230997851,0.0066733194031558096,1.0,0.009374181789287533,0.6030907885608209,0.6030907885608209,-0.04758054888583204,-0.21992244647174078,0.6030907885608209,0.05922969297058081,0.6030907885608209,-0.2198824272966781,0.6030907885608209,-0.04064251422576443,0.003430767624331134,-0.029011892625643562,0.04736020392897645,0.035606365532755445,-0.5521613041619947,0.6030907885608209,0.016851921786110016,0.6030907885608209,0.6030907885608209,-0.041310587908133,-0.07462765381767635,0.6030907885608209,0.6030907885608209,0.05017011784297683,0.17174128651198467,0.08950849724156083,0.052356873815606095,0.04288563015703014,0.097090976485365,0.07409911655753261,1.0,0.6032606536379885,0.6030907885608209,1.0,0.10541790476646289,0.06296279453136,-0.09890205189770786,0.06180580048944654,0.05545197100423101,0.6030907885608209,0.01952533143290476,0.04513895811952199,0.08387336981175895,0.6030907885608209,1.0,0.6032606536379885,-0.027047124614756654,-0.09898077475900603,0.6030907885608209,0.6030907885608209,-0.16333493014607456,0.02608058310188458,-0.028418246069887482
Q_Amp_aVL_iqr,0.4751343168207179,0.24400194605846867,0.07764144117701018,0.08895483510578724,0.025148413307330895,0.19122044683842693,0.05855530987728124,0.1697360075900725,0.05855530987728124,0.08123787507917848,-0.060520310421863274,0.1538168753157585,0.04532113917755112,0.058510112194825985,0.061069498011645504,0.09164930693818872,0.06226214169058195,0.04532113917755112,0.05855530987728124,-0.026238569737981957,0.058510112194825985,-0.015209321082605252,-0.06442818968959524,-0.020712363489674326,0.05855530987728124,0.22524504839686302,0.42353010169890887,0.08324938508972934,0.04161286634040079,0.058510112194825985,0.05334343047462982,0.19526259865116571,0.05855530987728124,0.08021281175101737,0.058510112194825985,-0.15553554720046453,0.05855530987728124,0.05855530987728124,0.21665013583076906,0.058510112194825985,0.049185880384059966,0.04532113917755112,0.05855530987728124,-0.024965548340981497,-0.08072300019497455,0.05855530987728124,0.2737573349014214,0.2237215466796053,0.058510112194825985,0.19936190304859092,0.0655624024210957,0.21319300472676012,0.6087073042861212,0.04532113917755112,-0.04087000226072647,0.05855530987728124,0.13523054701766996,0.22506230396499172,0.05855530987728124,0.5038050810315076,-0.10014291715451291,0.061682452590766344,0.058455844235120104,0.05855530987728124,0.11847723535468101,0.04532113917755112,0.36953326715292667,0.058510112194825985,0.09167420400705312,-0.1508911622905127,0.2194798643397125,-0.01887197008381009,-0.06163634555430562,0.0970370014481215,-0.00612670806819329,0.4804924182047396,0.11157631444838033,-0.10066575362333413,0.27813955969938436,0.05855530987728124,0.1709785765272771,0.3016169221729011,0.04532113917755112,-0.007177335947484911,0.10425952880745058,0.20669669906260088,0.04532113917755112,1.0,0.47627482635115587,0.03985752924133249,0.045321139177551116,0.34821298538358003,0.0567763431897631,0.41183922767850567,0.20473616056712862,0.21082191026153618,0.058555309877281254,0.058555309877281254,0.5530291377579775,-0.030239280134720027,0.058555309877281254,-0.049938181400623026,-0.0011795165703458717,-0.0373267429683774,0.045321139177551116,0.023508836538475963,0.058555309877281254,0.058555309877281254,-0.06112346607498268,-0.009131509911234275,0.058555309877281254,0.37614808256525584,0.058555309877281254,0.00028095787199985543,0.058555309877281254,-0.07244154470584613,0.008944773159219044,-0.06461777372325,0.20914552989550783,0.409941297821153,-0.05176540237089978,0.058555309877281254,0.11926334742237264,0.058555309877281254,0.058555309877281254,-0.024763169215391942,-0.08808082328871555,0.058555309877281254,0.058555309877281254,0.4975026329284129,0.027411044433772066,0.07883259314380571,0.6321874991324613,0.21600136186971644,0.06689937155878767,0.4125499017803049,0.045321139177551116,0.058510112194826,0.058555309877281254,0.045321139177551116,0.06057727384732132,0.2394612027268418,-0.06473606165718579,0.07860472438889068,0.18443671554862667,0.058555309877281254,0.054110388655724095,0.16683053373488904,0.08930387042117408,0.058555309877281254,0.045321139177551116,0.058510112194826,-0.01708946359417741,-0.0493855158523945,0.058555309877281254,0.058555309877281254,0.03742359813956342,0.12129510934573408,0.1105849241971678
T_Amp_I_iqr,0.6845657603803456,0.2557981133292639,0.10373570507139952,0.09262904125973205,-0.03828667081737175,0.2218278926989063,0.08204063206753556,0.18915937125690724,0.08204063206753556,0.10687803867452118,0.011917097361616285,0.05128612716890027,0.0687354086521867,0.08203252069696246,0.04995948960275162,0.12197202090846333,-0.01538825954299799,0.0687354086521867,0.08204063206753556,-0.03276510648405906,0.08203252069696246,-0.022698614978021402,-0.03878720240890881,-0.03093656462387398,0.08204063206753556,0.24860471751402252,0.41386791612110435,0.0777185261930328,0.003806190961172654,0.08203252069696246,0.0581256462703985,0.18662621600820892,0.08204063206753556,0.04521227956334582,0.08203252069696246,-0.047611235555073655,0.08204063206753556,0.08204063206753556,0.16808226396125273,0.08203252069696246,0.02850304302360758,0.0687354086521867,0.08204063206753556,-0.026622214979625435,-0.020092523824145222,0.08204063206753556,0.3728132672655937,0.21957365096293027,0.08203252069696246,0.17498863266752848,0.11585486589403261,0.19389646267828772,0.6355521805222533,0.0687354086521867,-0.03716790189210373,0.08204063206753556,0.011049658278025048,0.23762294861722885,0.08204063206753556,0.3834056875895708,-0.030380278981210367,0.04608385026304634,0.08106873197164474,0.08204063206753556,0.06702807716839743,0.0687354086521867,0.4606386181313733,0.08203252069696246,0.1088480524892722,-0.012448180572467252,0.20916245803530517,-0.05606552306663233,-0.03304880369991298,0.09196425449203192,-0.017666232271294102,0.42480788018018106,0.03317795627018159,-0.027470610326259463,0.20010941825762718,0.08204063206753556,0.20826707235162387,0.2706466738244227,0.0687354086521867,-0.051028867477185914,-0.01605678925141186,0.2103951060221213,0.0687354086521867,0.47627482635115587,1.0,-0.015198172156460363,0.06873540865218669,0.28659806861169684,-0.015651639086359234,0.477665587399981,0.20368800735262782,0.22007067382219467,0.08204063206753559,0.08204063206753559,0.46419897331575594,-0.04821297176602048,0.08204063206753559,-0.04169266599135947,0.01570359123429159,-0.004111029139703336,0.06873540865218669,0.029964803236121346,0.08204063206753559,0.08204063206753559,-0.04330808658544243,-0.012090299645796266,0.08204063206753559,0.31550308531969257,0.08204063206753559,-0.03101740116880262,0.08204063206753559,-0.04090030199149815,0.0031142680168588658,0.014566650913824105,0.22017408506955202,0.3098960411261011,-0.07466954323483978,0.08204063206753559,0.012025976310921978,0.08204063206753559,0.08204063206753559,-0.01397613315141992,-0.04539667258699727,0.08204063206753559,0.08204063206753559,0.31956742721639164,0.01520378773217127,0.09804206876822266,0.3745621540442453,0.2185732349435753,0.10111077827537251,0.6338166656943551,0.06873540865218669,0.08203252069696249,0.08204063206753559,0.06873540865218669,0.08451101334651723,0.2664247607433603,-0.040851999914056386,0.0950819363861,0.21947571192912288,0.08204063206753559,0.021361055370104007,0.1993442792396206,0.010747119058147242,0.08204063206753559,0.06873540865218669,0.08203252069696249,0.004429936064273527,-0.02853368732800737,0.08204063206753559,0.08204063206753559,0.01339869516018802,0.1399254046050408,0.13639409216363788
T_Amp_V4,0.020011147467196736,0.005600616459985142,-0.21817168808715326,-0.16530630074639974,0.4661259705129686,-0.007830467429739056,-0.0392021926542863,-0.004518433211064415,-0.0392021926542863,-0.28027045274864637,-0.03557045564351142,-0.007445384605464572,-0.01142323369699784,-0.0392021926542863,-0.07149779812101313,-0.1805935906116514,0.7224337357855061,-0.01142323369699784,-0.0392021926542863,0.0683992746031975,-0.0392021926542863,0.6733877951378878,0.08476861292302233,0.15934726897185922,-0.0392021926542863,0.04604362088960452,0.01660765409043038,-0.075876103574368,0.04252934752009123,-0.0392021926542863,-0.4301642563049507,-0.014893032140220606,-0.0392021926542863,-0.10789930666664153,-0.0392021926542863,0.15219143996356457,-0.0392021926542863,-0.0392021926542863,0.00178967099948935,-0.0392021926542863,-0.023269967847115252,-0.01142323369699784,-0.0392021926542863,-0.0011154959774655204,-0.09558947040544734,-0.0392021926542863,-0.01940646935593799,0.008962087095133223,-0.0392021926542863,-0.0007730118573808044,-0.16942749879394906,0.011936467134094743,0.01200741555920776,-0.01142323369699784,0.11633698944477056,-0.0392021926542863,0.11452202783110624,0.0032791397561508897,-0.0392021926542863,-0.015146772240629493,-0.09175354090253104,-0.0746215152591104,-0.03693837135761982,-0.0392021926542863,-0.07248788848240793,-0.01142323369699784,-0.03209652676357064,-0.0392021926542863,-0.2265688434119122,-0.08014518758551838,0.004748000616899107,0.013427554902403847,0.028698193106930555,-0.2083213011830386,0.1225910440360016,0.027415178208204122,-0.03926905577169659,0.3688063656054056,0.0226657796438081,-0.0392021926542863,-0.0031338856181252137,-0.011410873549579568,-0.01142323369699784,0.0620269367733507,0.3245006459578847,-0.008166497513342572,-0.01142323369699784,0.03985752924133249,-0.015198172156460363,1.0,-0.01142323369699784,-0.008763882358252427,0.48412697517574577,0.017826560112833054,0.013937678313320954,-0.0005711082489607872,-0.03920219265428636,-0.03920219265428636,0.018702317428774266,-0.004950105345345869,-0.03920219265428636,0.09204018066505602,-0.10311316431889217,-0.12673228461156386,-0.01142323369699784,-0.10555779456471782,-0.03920219265428636,-0.03920219265428636,0.035330076716587715,0.14256136443821144,-0.03920219265428636,0.020788694380959025,-0.03920219265428636,0.1021585040709582,-0.03920219265428636,0.058684901297773595,-0.03271252235023741,-0.10634675862958727,0.011407092501219542,-0.0018956848353410623,0.03677428298718249,-0.03920219265428636,0.03624068199473158,-0.03920219265428636,-0.03920219265428636,0.06083146094064122,-0.030745993093443162,-0.03920219265428636,-0.03920219265428636,0.038449656715082645,-0.19110871701137797,-0.1600139646276783,0.0377233984585063,-0.0071018544028879195,-0.22571608996245782,-0.017047247450532002,-0.01142323369699784,-0.03920219265428636,-0.03920219265428636,-0.01142323369699784,-0.057606594973009954,0.02311053657616705,0.09786713965647433,-0.09181261998878096,0.01043966106961923,-0.03920219265428636,-0.024367710295686486,-0.00843191937732299,0.07428355911800355,-0.03920219265428636,-0.01142323369699784,-0.03920219265428636,-0.0653035862041253,0.4663676782995955,-0.03920219265428636,-0.03920219265428636,0.08229309153569714,-0.07126860563246244,-0.019900796802742496
ST_Elev_V2_count,0.05552388725672591,0.05785452866097813,0.08412798070566742,0.05753756244508661,-0.06997528368534667,0.04863448764480071,0.603090788560821,0.03438096981743862,0.603090788560821,0.08694877189939479,-0.0075423034180836296,-0.017006669088468585,1.0,0.6032606536379885,-0.006277884862554391,0.14645021619350912,0.02413677421372082,1.0,0.603090788560821,-0.028785883139884966,0.6032606536379885,-0.06698045225821188,-0.0219728304644547,-0.22564194835055415,0.603090788560821,0.04980532332051859,0.06199831794203382,0.06651173669590206,0.06286628375905791,0.6032606536379885,0.15958025955028005,0.03761675913204401,0.603090788560821,0.022836653645909696,0.6032606536379885,-0.0735898860742893,0.603090788560821,0.603090788560821,0.03296560175869313,0.6032606536379885,-0.05797562997878373,1.0,0.603090788560821,-0.014001128519824954,-0.061538759591211876,0.603090788560821,0.03292551726906371,0.061619650505808046,0.6032606536379885,0.049625147526543734,0.05701357539313246,0.05746024539480962,0.06480786391104332,1.0,-0.20873124555309838,0.603090788560821,0.047055135334825186,0.07042262449848506,0.603090788560821,0.02887533184786343,-0.0021770642006239643,0.00983748723428904,0.6006906515732922,0.603090788560821,0.034497971397104935,1.0,0.02998558321491977,0.6032606536379885,0.09881925658978595,0.0010140402694029892,0.06001152216915461,-0.26047969033519186,-0.05308193819611098,0.06450516253592423,-0.22102121551804738,0.05438331831495546,0.021669284031175767,-0.09441538334073056,0.03695628496414989,0.603090788560821,0.04738287559329842,0.030684688562610786,1.0,-0.2559634497368158,-0.013479136852329382,0.04495140364940447,1.0,0.045321139177551116,0.06873540865218669,-0.01142323369699784,1.0,0.028946004403353296,0.026989263705054244,0.08594266365133524,0.05288378966158771,0.06448899540664517,0.6030907885608209,0.6030907885608209,0.056255619944319046,-0.14700418951041022,0.6030907885608209,-0.04238722011061444,-0.02388132230997851,0.0066733194031558096,1.0,0.009374181789287533,0.6030907885608209,0.6030907885608209,-0.04758054888583204,-0.21992244647174078,0.6030907885608209,0.05922969297058081,0.6030907885608209,-0.2198824272966781,0.6030907885608209,-0.04064251422576443,0.003430767624331134,-0.029011892625643562,0.04736020392897645,0.035606365532755445,-0.5521613041619947,0.6030907885608209,0.016851921786110016,0.6030907885608209,0.6030907885608209,-0.041310587908133,-0.07462765381767635,0.6030907885608209,0.6030907885608209,0.05017011784297683,0.17174128651198467,0.08950849724156083,0.052356873815606095,0.04288563015703014,0.097090976485365,0.07409911655753261,1.0,0.6032606536379885,0.6030907885608209,1.0,0.10541790476646289,0.06296279453136,-0.09890205189770786,0.06180580048944654,0.05545197100423101,0.6030907885608209,0.01952533143290476,0.04513895811952199,0.08387336981175895,0.6030907885608209,1.0,0.6032606536379885,-0.027047124614756654,-0.09898077475900603,0.6030907885608209,0.6030907885608209,-0.16333493014607456,0.02608058310188458,-0.028418246069887482
R_Amp_aVF_iqr,0.2083351720138544,0.2796919171640306,0.12262519337540904,0.14260600657030256,-0.05882918376016615,0.3580815444303711,0.03974315376385593,0.3686689395861098,0.03974315376385593,0.11595473153233782,-0.006155753270825434,0.05629985886527139,0.028946004403353296,0.039813781924592936,0.06344435366438918,0.10660630497388862,-0.03756939725228484,0.028946004403353296,0.03974315376385593,-0.022980151502811973,0.039813781924592936,-0.03285913571909923,-0.015619219203381668,-0.012821429988855755,0.03974315376385593,0.3090811536641977,0.5871271263603315,0.13282672474517979,-0.0636671754226225,0.039813781924592936,0.08278399493419526,0.4076464701559599,0.03974315376385593,0.02839397592286519,0.039813781924592936,-0.024281561643981674,0.03974315376385593,0.03974315376385593,0.2104517727874503,0.039813781924592936,0.0184788601860159,0.028946004403353296,0.03974315376385593,-0.01476553295409464,-0.023560749654116715,0.03974315376385593,0.621675052164566,0.20753697411293281,0.039813781924592936,0.15362184163939144,0.07786476755387493,0.1527485172458447,0.5272984435284813,0.028946004403353296,-0.023194501872929672,0.03974315376385593,-0.01625784440969313,0.21352805961313906,0.03974315376385593,0.6857449490524136,-0.0018012107398469523,0.05699628339876295,0.03995243841653057,0.03974315376385593,0.022443219811156188,0.028946004403353296,0.5135503482754938,0.039813781924592936,0.1155087154063365,-0.0006382055032865144,0.2343789479204088,-0.0373488996910898,0.011889393450134166,0.1355669213791742,-0.020849897780863432,0.6355924079476793,0.027183742264858254,-0.031010412163973128,0.31613765360567253,0.03974315376385593,0.19433050578895333,0.8295547038818758,0.028946004403353296,-0.028257305882165528,-0.04332594221041011,0.34669522635472677,0.028946004403353296,0.34821298538358003,0.28659806861169684,-0.008763882358252427,0.028946004403353296,1.0,-0.039592175241198777,0.3875999886789163,0.1547674185857139,0.23815438028601052,0.03974315376385595,0.03974315376385595,0.6169272424935326,-0.02028262826462429,0.03974315376385595,-0.02852404522395729,0.04516364990621701,0.003999027841842024,0.028946004403353286,0.017719100810606948,0.03974315376385595,0.03974315376385595,0.004752115581107145,-0.011900272113568762,0.03974315376385595,0.500941055896414,0.03974315376385595,-0.013916068548788685,0.03974315376385595,0.0003029326722180473,0.01614639167223566,0.0037009068077351374,0.4640665573330428,0.8534829090705067,-0.05005009200833609,0.03974315376385595,-0.00832563639246371,0.03974315376385595,0.03974315376385595,0.02679805687990718,-0.019715273588097115,0.03974315376385595,0.03974315376385595,0.5535503217026513,0.018495941784432597,0.128340676780774,0.4595013899617114,0.4952579615371634,0.11016870241637254,0.46388810877423736,0.028946004403353286,0.03981378192459295,0.03974315376385595,0.028946004403353286,0.10837359854209473,0.310917661412847,-0.023370640675013227,0.10660170830935956,0.19790166534297018,0.03974315376385595,0.037126882662732494,0.1507214173273615,-0.007796391927663478,0.03974315376385595,0.028946004403353286,0.03981378192459295,0.03375401906246456,-0.04492991515492617,0.03974315376385595,0.03974315376385595,0.0012393643448732668,0.28363264014856193,0.29940192852494085
T_Amp_V2,0.03582997270375601,0.008544713456186685,-0.21472989718173632,-0.09727985624895094,0.15101678637076407,0.009176238045728854,0.02734504939507833,-0.022764760521940222,0.02734504939507833,-0.1677890300596351,-0.40671784814470757,0.1294048653049614,0.026989263705054244,0.027388651737538305,-0.022450464134887316,-0.06193503174346456,0.763860580385743,0.026989263705054244,0.02734504939507833,0.10459711980486598,0.027388651737538305,0.18196876369942525,0.004267726465360458,-0.037493526532079734,0.02734504939507833,0.027688427711076928,-0.03859369648593719,-0.0712330765155656,-0.09971374882639417,0.027388651737538305,-0.04903209948387696,0.004191547705093077,0.02734504939507833,-0.07075552677229893,0.027388651737538305,-0.0013007875038253923,0.02734504939507833,0.02734504939507833,-0.007428252978386083,0.027388651737538305,-0.018294665002450968,0.026989263705054244,0.02734504939507833,0.07010195244350415,-0.15874270186555273,0.02734504939507833,-0.04545247144610882,-0.00178923876536777,0.027388651737538305,0.008737164817702937,-0.11448632332000756,-0.004812789838132706,0.005216544795025381,0.026989263705054244,-0.0685437880296116,0.02734504939507833,0.10164107082039557,0.006917941109389453,0.02734504939507833,-0.016733991990903783,-0.2020986626168238,-0.05612442809816288,0.03216602831137465,0.02734504939507833,0.003785352634650105,0.026989263705054244,-0.029732158932832046,0.027388651737538305,-0.11601219569679902,-0.23743664700640366,-0.00556584085599214,-0.01878530963827532,0.08017263136360907,-0.09624311199211509,-0.05247524706141795,-0.026539340848604952,-0.029081924230878842,0.06741885312618298,-0.03304790952208558,0.02734504939507833,-0.015355915714510724,-0.04509754988930829,0.026989263705054244,0.06797846630439272,0.15031534630601281,-0.042985495367162035,0.026989263705054244,0.0567763431897631,-0.015651639086359234,0.48412697517574577,0.026989263705054244,-0.039592175241198777,1.0,0.0047194761842514876,0.026722246634135086,-0.0029792620037149085,0.027345049395078338,0.027345049395078338,-0.01419348607485038,0.162730801146799,0.027345049395078338,0.07757920054566338,0.07111431279049764,-0.20155748533507603,0.02698926370505424,0.028044733104416474,0.027345049395078338,0.027345049395078338,0.1083527650857183,-0.0816864852362454,0.027345049395078338,-0.008577362528184815,0.027345049395078338,0.07634718409493724,0.027345049395078338,0.033537198183014115,-0.018235592384083673,-0.41261389032870555,0.004140240003882264,-0.02181137801438417,-0.03440625611930118,0.027345049395078338,0.040082257991509336,0.027345049395078338,0.027345049395078338,0.12482672350592093,0.010905586181906811,0.027345049395078338,0.027345049395078338,0.022151272671643154,0.03042746960744642,-0.2796980233365007,0.05032867740915566,-0.005125682321759604,-0.11859730431144737,-0.05094040979400195,0.02698926370505424,0.02738865173753831,0.027345049395078338,0.02698926370505424,-0.09257186209436359,-0.0014870925708227558,-0.030482885484808254,-0.07738672539485704,0.008228568070840691,0.027345049395078338,-0.06747449577681397,-0.019347339740437636,0.5750112330769349,0.027345049395078338,0.02698926370505424,0.02738865173753831,-0.040486737112580655,0.011506767483404401,0.027345049395078338,0.027345049395078338,-0.017071725003756373,-0.03191716730782654,-0.029402621349954635
Q_Amp_aVR_iqr,0.509077140851088,0.22896867999798812,0.09425682162405592,0.09591134244603168,0.009185423041107185,0.20281514061162215,0.10250973952412278,0.20255710538006952,0.10250973952412278,0.09766195531562027,0.00586435718123756,0.0734493886910143,0.08594266365133524,0.10247007163278543,0.05397328321948432,0.11836416722523176,0.015124336035933477,0.08594266365133524,0.10250973952412278,-0.014803970074658255,0.10247007163278543,0.0014069290287819294,-0.04061285056565702,-0.006752093714504105,0.10250973952412278,0.23599147920667043,0.5892088854002636,0.08241087931510006,0.0830249279530594,0.10247007163278543,0.031031267837224475,0.19960150825242312,0.10250973952412278,0.06715373036442894,0.10247007163278543,-0.06495529967629143,0.10250973952412278,0.10250973952412278,0.22378919653747545,0.10247007163278543,0.027977093134696006,0.08594266365133524,0.10250973952412278,-0.020631600157567456,-0.03289885091322751,0.10250973952412278,0.40217154438412495,0.22584248949085445,0.10247007163278543,0.2340603725547951,0.06580678716760363,0.22490566371309145,0.48796788526512774,0.08594266365133524,-0.036138949811799465,0.10250973952412278,0.06351709404809107,0.23404623025625215,0.10250973952412278,0.365976382026698,-0.03229128242319231,0.07045543833936764,0.1014865582883646,0.10250973952412278,0.08066115724311929,0.08594266365133524,0.36815541634873056,0.10247007163278543,0.09555241449725617,-0.03049107621326681,0.2464196994034701,-0.05351013448201619,-0.07245205587217551,0.10201631935796365,-0.003700721106501356,0.5128344028093985,0.05798764453988821,-0.037956399224513944,0.24220997597325308,0.10250973952412278,0.18608877803774102,0.3933158009898925,0.08594266365133524,-0.053142411662681376,0.05504879628393009,0.21151509505810906,0.08594266365133524,0.41183922767850567,0.477665587399981,0.017826560112833054,0.08594266365133524,0.3875999886789163,0.0047194761842514876,1.0,0.20599942945925362,0.24737003714237107,0.1025097395241228,0.1025097395241228,0.44256749403278256,-0.05170861149260878,0.1025097395241228,-0.09048505986077197,-0.02408217424483413,-0.0032993959068781786,0.08594266365133525,0.014862411917728684,0.1025097395241228,0.1025097395241228,-0.06838407154637327,-0.007353556308042356,0.1025097395241228,0.6550099944346567,0.1025097395241228,-0.017721164977100783,0.1025097395241228,-0.05661734034793263,0.003926319792942533,0.002086533552615036,0.2250632757873063,0.3699975133160319,-0.09763465463527747,0.1025097395241228,0.013729280215684533,0.1025097395241228,0.1025097395241228,-0.03419164173054673,-0.059135712787187274,0.1025097395241228,0.1025097395241228,0.5131901305442504,0.001314737003001955,0.08808627806141119,0.43588269855371364,0.25375761291616344,0.08117663116015846,0.639316359381597,0.08594266365133525,0.10247007163278546,0.1025097395241228,0.08594266365133525,0.06750352140626728,0.2539596423122564,-0.04245392769434566,0.07324430159974836,0.20169352820450634,0.1025097395241228,0.024648787513609067,0.17877443565885145,0.032293415091087234,0.1025097395241228,0.08594266365133525,0.10247007163278546,0.008120498506459085,-0.013668615276975535,0.1025097395241228,0.1025097395241228,0.012798962780047482,0.13224435424086758,0.12368091509314456
S_Amp_V1_iqr,0.1674286969604433,0.22612601691971726,0.07200647143169937,0.044559200342599414,-0.009020207340663512,0.7186466946059336,0.06465160773398793,0.1793623771030101,0.06465160773398793,0.08044943395167735,0.005066433660589183,0.04851207126164597,0.05288378966158771,0.06458784628261777,0.056809502647089026,0.061290423671216496,0.02135459512085417,0.05288378966158771,0.06465160773398793,0.016553218066865515,0.06458784628261777,-0.009389134200839186,-0.04598679302833083,-0.008770640730429484,0.06465160773398793,0.3172423806312451,0.23125805223516555,0.033014409569352296,0.02207723046672227,0.06458784628261777,0.04557176053362083,0.1709903242316417,0.06465160773398793,0.05084661253187399,0.06458784628261777,-0.055969825829058344,0.06465160773398793,0.06465160773398793,0.18524308400184847,0.06458784628261777,0.029163497085186396,0.05288378966158771,0.06465160773398793,-0.02458574537576901,-0.03450755628862536,0.06465160773398793,0.17327694433632923,0.34653673868814583,0.06458784628261777,0.19400311908265058,0.03799423925667429,0.8963603878196915,0.24417170328639842,0.05288378966158771,-0.02317702930547666,0.06465160773398793,0.042947972823572315,0.2836194571984342,0.06465160773398793,0.16497993892004567,-0.04728993436830699,0.05462537350099341,0.06477312158565192,0.06465160773398793,0.07276685206223726,0.05288378966158771,0.1535046327916242,0.06458784628261777,0.09040549802746425,0.003966952136792635,0.3097850699033503,-0.014943756227934712,-0.050603944787775815,0.051266824363434674,-0.0041069196228022825,0.23043609005927876,0.036316075902710215,-0.048301206789820236,0.18843465287468392,0.06465160773398793,0.20714194780558012,0.15761074435143602,0.05288378966158771,-0.004353276012885703,0.024469894251606512,0.20894145916160672,0.05288378966158771,0.20473616056712862,0.20368800735262782,0.013937678313320954,0.05288378966158771,0.1547674185857139,0.026722246634135086,0.20599942945925362,1.0,0.24329789045616967,0.06465160773398797,0.06465160773398797,0.23397372361568042,-0.02802222821502158,0.06465160773398797,-0.048118349574616026,0.007479960893871718,-0.021251155758260885,0.052883789661587716,0.034014902915294215,0.06465160773398797,0.06465160773398797,-0.03135072652620889,-0.005589014736589197,0.06465160773398797,0.18438419147262078,0.06465160773398797,0.005647873206919116,0.06465160773398797,-0.05420791749495834,0.00539646962332714,-0.004785912017021668,0.25506090691039845,0.1582674741038608,-0.05577705143137173,0.06465160773398797,0.003956405984201499,0.06465160773398797,0.06465160773398797,0.0035434027128357515,-0.05359040154547852,0.06465160773398797,0.06465160773398797,0.1989162542907878,0.018724029157053353,0.07128303066241035,0.21821922844552685,0.21842515147253863,0.1012256288687857,0.23687155969200815,0.052883789661587716,0.06458784628261781,0.06465160773398797,0.052883789661587716,0.19736764389064382,0.26981152253947366,-0.0315458518694048,0.0323280241776536,0.8760139040696459,0.06465160773398797,0.04889537651084191,0.19425277525695608,0.09573899177719547,0.06465160773398797,0.052883789661587716,0.06458784628261781,0.024856140080404154,-0.02849487775024266,0.06465160773398797,0.06465160773398797,0.020945305519703944,0.06564639786830263,0.09498188536453384
Q_Amp_V3_iqr,0.177388782716745,0.3315190502994871,0.17598710290603595,0.07381786839043361,-0.02772520702283019,0.2508629826846839,0.08004652575198017,0.21390562763256754,0.08004652575198017,0.11244992399148174,-0.029847108146858176,0.06473985449928196,0.06448899540664517,0.07992121231812876,0.05338325082877583,0.08524880503614217,-0.006567895302037987,0.06448899540664517,0.08004652575198017,-0.02957086379478811,0.07992121231812876,-0.030548098011267972,-0.05133684154482239,-0.0012901398974657966,0.08004652575198017,0.3602267065492178,0.28275060376974503,0.050261701113888904,0.021586959055943305,0.07992121231812876,0.06475329043599035,0.2724675245465646,0.08004652575198017,0.051806377195461,0.07992121231812876,-0.08173935133001525,0.08004652575198017,0.08004652575198017,0.21194105308450087,0.07992121231812876,0.0412889109456489,0.06448899540664517,0.08004652575198017,-0.0046006741850283936,-0.09494682615378149,0.08004652575198017,0.20996095867290124,0.35053516481658903,0.07992121231812876,0.20863057427272266,0.05316280680573136,0.24384950292462973,0.26665276496807894,0.06448899540664517,-0.02689080293008579,0.08004652575198017,0.05360901325134766,0.8169781942823441,0.08004652575198017,0.22025538170232592,0.00014329351849507935,0.06630248166623792,0.07959378122598736,0.08004652575198017,0.04178466690062579,0.06448899540664517,0.2011601126748267,0.07992121231812876,0.12358828937021588,-0.008000227118966363,0.37377577723176586,-0.008024892057590544,-0.060178888076053205,0.07713518127425027,0.0070933164550851,0.2922678235744631,0.034503477703431984,-0.061975175681897615,0.3365519074027917,0.08004652575198017,0.20573547780381687,0.23383169871380086,0.06448899540664517,-0.016852886086711972,0.019040780349885853,0.2282342688549594,0.06448899540664517,0.21082191026153618,0.22007067382219467,-0.0005711082489607872,0.06448899540664517,0.23815438028601052,-0.0029792620037149085,0.24737003714237107,0.24329789045616967,1.0,0.08004652575198017,0.08004652575198017,0.2735900724886405,0.011727160438402136,0.08004652575198017,-0.03739010457711842,0.008153496483645025,0.040470234638557374,0.06448899540664517,0.033135901168717466,0.08004652575198017,0.08004652575198017,-0.029003899776337293,-0.01125568026764352,0.08004652575198017,0.2556470525942779,0.08004652575198017,0.01317717646781837,0.08004652575198017,-0.05678437652606076,0.08617128408831484,-0.03526234252143149,0.3117443405989429,0.23646922515409033,-0.06579020630697754,0.08004652575198017,0.009730047412207687,0.08004652575198017,0.08004652575198017,0.0015681365151414637,-0.05492707327338332,0.08004652575198017,0.08004652575198017,0.25087223791220387,0.01845261003689136,0.09587361546312448,0.2505794790691243,0.6377662099678764,0.10064515648963829,0.24518773679208605,0.06448899540664517,0.07992121231812876,0.08004652575198017,0.06448899540664517,0.08820501988173034,0.7432978103448249,-0.03896578746316554,0.04534147525070897,0.2349749039636683,0.08004652575198017,0.05844819030801054,0.20248991795366378,0.04420968583835769,0.08004652575198017,0.06448899540664517,0.07992121231812876,0.012448590122348165,-0.04118913336102126,0.08004652575198017,0.08004652575198017,0.027497983580305058,0.09164723482732898,0.10681370423080724
Q_Amp_V1_count,0.06790553019054868,0.06635620692543828,0.08412798070566742,0.05753756244508661,-0.12454477200861207,0.0594029700302421,1.0,0.06030097295452287,1.0,0.08694877189939479,0.0006781374378229809,-0.066933164095135,0.6030907885608209,0.9994987846918347,-0.02962778338620163,0.14645021619350912,0.01634824955591859,0.6030907885608209,1.0,-0.0434837277916442,0.9994987846918347,-0.11074052721407532,-0.0033555739384728846,-0.22564194835055415,1.0,0.05852663434844684,0.07142356221960652,0.06651173669590206,0.11070511110331886,0.9994987846918347,0.2645895148247621,0.042540327213869106,1.0,0.02719496936022419,0.9994987846918347,-0.10381214819349557,1.0,1.0,0.06040311428282507,0.9994987846918347,-0.05797562997878373,0.6030907885608209,1.0,-0.024378368328115203,-0.09658055144073321,1.0,0.047740946713889724,0.07247383517340018,0.9994987846918347,0.08035691536001432,0.05701357539313246,0.06783626809829328,0.08701024754836141,0.6030907885608209,-0.20873124555309838,1.0,0.06241736270266334,0.08514110638649797,1.0,0.03373417393427284,0.0011898091077743769,-0.0033522573349071215,0.9966467271835502,1.0,0.0542522717074805,0.6030907885608209,0.03972730404223333,0.9994987846918347,0.09881925658978595,0.004731921863014279,0.07632484279545824,-0.26047969033519186,-0.06775203001322647,0.06450516253592423,-0.22102121551804738,0.06747600248950882,0.03229128518730253,-0.15147426842969205,0.04765382712701119,1.0,0.07433555296553872,0.036565830845180274,0.6030907885608209,-0.2559634497368158,-0.04206583888464519,0.07666532684444045,0.6030907885608209,0.058555309877281254,0.08204063206753559,-0.03920219265428636,0.6030907885608209,0.03974315376385595,0.027345049395078338,0.1025097395241228,0.06465160773398797,0.08004652575198017,1.0,1.0,0.07310027599799108,-0.14700418951041022,1.0,-0.06375244003260759,-0.06536000809427164,0.024851504163041445,0.603090788560821,-0.01567270747009387,1.0,1.0,-0.09408156646179826,-0.21992244647174078,1.0,0.06290769031358341,1.0,-0.2198824272966781,1.0,-0.03444595888885041,-0.001386748147137618,-0.04756486991241716,0.06786615334111648,0.043485106950388555,-0.9276676623491351,1.0,0.024677036860326528,1.0,1.0,-0.07957618648362544,-0.11655597496988367,1.0,1.0,0.06050882561225699,0.17174128651198467,0.08950849724156083,0.07248997830240783,0.06390108411845473,0.097090976485365,0.08648351946438605,0.603090788560821,0.9994987846918347,1.0,0.603090788560821,0.10541790476646289,0.08082018374733482,-0.09890205189770786,0.06180580048944654,0.05992719128059247,1.0,0.016064666351403734,0.07741930716135245,0.1195936099325498,1.0,0.603090788560821,0.9994987846918347,-0.045964279141403996,-0.16027204272469744,1.0,1.0,-0.16333493014607456,0.0221107577873702,-0.05334602832310683
T_Amp_I_count,0.06790553019054868,0.06635620692543828,0.08412798070566742,0.05753756244508661,-0.12454477200861207,0.0594029700302421,1.0,0.06030097295452287,1.0,0.08694877189939479,0.0006781374378229809,-0.066933164095135,0.6030907885608209,0.9994987846918347,-0.02962778338620163,0.14645021619350912,0.01634824955591859,0.6030907885608209,1.0,-0.0434837277916442,0.9994987846918347,-0.11074052721407532,-0.0033555739384728846,-0.22564194835055415,1.0,0.05852663434844684,0.07142356221960652,0.06651173669590206,0.11070511110331886,0.9994987846918347,0.2645895148247621,0.042540327213869106,1.0,0.02719496936022419,0.9994987846918347,-0.10381214819349557,1.0,1.0,0.06040311428282507,0.9994987846918347,-0.05797562997878373,0.6030907885608209,1.0,-0.024378368328115203,-0.09658055144073321,1.0,0.047740946713889724,0.07247383517340018,0.9994987846918347,0.08035691536001432,0.05701357539313246,0.06783626809829328,0.08701024754836141,0.6030907885608209,-0.20873124555309838,1.0,0.06241736270266334,0.08514110638649797,1.0,0.03373417393427284,0.0011898091077743769,-0.0033522573349071215,0.9966467271835502,1.0,0.0542522717074805,0.6030907885608209,0.03972730404223333,0.9994987846918347,0.09881925658978595,0.004731921863014279,0.07632484279545824,-0.26047969033519186,-0.06775203001322647,0.06450516253592423,-0.22102121551804738,0.06747600248950882,0.03229128518730253,-0.15147426842969205,0.04765382712701119,1.0,0.07433555296553872,0.036565830845180274,0.6030907885608209,-0.2559634497368158,-0.04206583888464519,0.07666532684444045,0.6030907885608209,0.058555309877281254,0.08204063206753559,-0.03920219265428636,0.6030907885608209,0.03974315376385595,0.027345049395078338,0.1025097395241228,0.06465160773398797,0.08004652575198017,1.0,1.0,0.07310027599799108,-0.14700418951041022,1.0,-0.06375244003260759,-0.06536000809427164,0.024851504163041445,0.603090788560821,-0.01567270747009387,1.0,1.0,-0.09408156646179826,-0.21992244647174078,1.0,0.06290769031358341,1.0,-0.2198824272966781,1.0,-0.03444595888885041,-0.001386748147137618,-0.04756486991241716,0.06786615334111648,0.043485106950388555,-0.9276676623491351,1.0,0.024677036860326528,1.0,1.0,-0.07957618648362544,-0.11655597496988367,1.0,1.0,0.06050882561225699,0.17174128651198467,0.08950849724156083,0.07248997830240783,0.06390108411845473,0.097090976485365,0.08648351946438605,0.603090788560821,0.9994987846918347,1.0,0.603090788560821,0.10541790476646289,0.08082018374733482,-0.09890205189770786,0.06180580048944654,0.05992719128059247,1.0,0.016064666351403734,0.07741930716135245,0.1195936099325498,1.0,0.603090788560821,0.9994987846918347,-0.045964279141403996,-0.16027204272469744,1.0,1.0,-0.16333493014607456,0.0221107577873702,-0.05334602832310683
T_Amp_III_iqr,0.3443137826456095,0.3349659386466226,0.1095774186355577,0.14521459021612595,-0.016134937272983763,0.2749552397755615,0.07310027599799108,0.27017582289336106,0.07310027599799108,0.11384017666930994,0.0053835888403877,0.03800821055262124,0.056255619944319046,0.07310009217606514,0.04956780954172849,0.10135235799939961,-0.0022773983978371915,0.056255619944319046,0.07310027599799108,-0.025029393136848276,0.07310009217606514,0.0075469468516410525,0.0006166373676844175,-0.001892779947066283,0.07310027599799108,0.3540857689711392,0.7094767486243797,0.14740311338425463,-0.003082242973541815,0.07310009217606514,0.03802373857960974,0.2823047685135894,0.07310027599799108,0.03311908509207014,0.07310009217606514,-0.03712104047127601,0.07310027599799108,0.07310027599799108,0.21897996341182632,0.07310009217606514,0.020744611760993584,0.056255619944319046,0.07310027599799108,-0.029040978839942055,-0.017960475175499636,0.07310027599799108,0.4071452179618708,0.2782594186217599,0.07310009217606514,0.20384808461619444,0.05387176326510551,0.22545458860909692,0.7980311974571536,0.056255619944319046,-0.02044645693280569,0.07310027599799108,-0.018001268984758883,0.2821174849245502,0.07310027599799108,0.5504448562209474,-0.017134098796333704,0.04866202875209609,0.07257407589158832,0.07310027599799108,0.04510830001937105,0.056255619944319046,0.3827310442031438,0.07310009217606514,0.11424485453165172,-0.005748976021786342,0.27709340838057667,-0.03955280790396826,-0.015661028389999495,0.11780913464622415,-0.0018819191033767817,0.864773994236673,0.042980651167022904,-0.011662693264338502,0.2989895229365323,0.07310027599799108,0.2376252449477192,0.5239039377914327,0.056255619944319046,-0.03454995547939482,-0.005202963710192684,0.2726832834393602,0.056255619944319046,0.5530291377579775,0.46419897331575594,0.018702317428774266,0.056255619944319046,0.6169272424935326,-0.01419348607485038,0.44256749403278256,0.23397372361568042,0.2735900724886405,0.07310027599799108,0.07310027599799108,1.0,-0.052019789292549336,0.0731002759979911,-0.022972776656475992,-0.008153777436919661,-0.0075132650166355435,0.056255619944319046,-0.010818374049859653,0.0731002759979911,0.0731002759979911,-0.03129095076168558,0.014855534917589463,0.0731002759979911,0.5348084035944474,0.0731002759979911,-0.006479738994267457,0.0731002759979911,-0.006867410201771193,-0.0013708962916618812,0.0047411441516600405,0.3184215197088976,0.6326035026093672,-0.07268295059846815,0.0731002759979911,0.01671510272481692,0.0731002759979911,0.0731002759979911,-0.000817785292719661,-0.032121989450769,0.0731002759979911,0.0731002759979911,0.6162930295329108,-0.011941436189738088,0.10373316533399767,0.6290192475921993,0.3233506242804368,0.09969263858233546,0.5366098551812427,0.056255619944319046,0.07310009217606515,0.0731002759979911,0.056255619944319046,0.09154734932185372,0.34509502090867844,-0.014733821662093598,0.11311205189230554,0.2710053059368371,0.0731002759979911,0.01686221978501457,0.21975019777218022,-0.017518743281231472,0.0731002759979911,0.056255619944319046,0.07310009217606515,0.011044891998867488,-0.0016035221490978612,0.0731002759979911,0.0731002759979911,0.019512861491174205,0.16798626308349363,0.1774638499416816
ST_Elev_V1,-0.03539155807484772,-0.01393293158905041,-0.08888721192480215,-0.01936874758770066,-0.06608155418210862,-0.017339258476494545,-0.14700418951041022,-0.012101184212343035,-0.14700418951041022,-0.03783662939716211,-0.34210447145758777,0.060297735806613684,-0.14700418951041022,-0.14700418951041022,-0.0013156221709391424,-0.003967520434656711,0.10467812786489131,-0.14700418951041022,-0.14700418951041022,0.065900882067375,-0.14700418951041022,-0.10793411494173742,-0.07349762846429178,-0.03477162414798848,-0.14700418951041022,-0.028809225416393712,-0.04720471337580464,-0.025530419384185637,-0.12909420461875046,-0.14700418951041022,0.11662065780870437,-0.0010631719035318972,-0.14700418951041022,-0.0038965695625395483,-0.14700418951041022,-0.13538734423306215,-0.14700418951041022,-0.14700418951041022,-0.003611126574784109,-0.14700418951041022,0.07650425856430719,-0.14700418951041022,-0.14700418951041022,0.008486246499152438,-0.1142506765294498,-0.14700418951041022,-0.05207822937562725,-0.03329581468095206,-0.14700418951041022,-0.0030911911838875468,0.026162051685596276,-0.03222908193701882,-0.05226167522486538,-0.14700418951041022,-0.14508670256182746,-0.14700418951041022,0.07372566825275602,-0.001563767619327899,-0.14700418951041022,-0.018292272265956682,0.015332917986584529,-0.013718241565128898,-0.14819444641361648,-0.14700418951041022,-0.010038794027986103,-0.14700418951041022,-0.03378277110143737,-0.14700418951041022,0.0008303877332751937,-0.009889911474954202,-0.023102175603168403,0.3234072888104863,0.050242125108388276,-0.010002428515974486,-0.07533786382334967,-0.045460594549019975,-0.045266852479458296,-0.16848808661244874,0.001316521966869142,-0.14700418951041022,-0.014374389762421967,-0.03279800519339944,-0.14700418951041022,0.24750475968793179,-0.0006146105419838452,-0.018459808549285063,-0.14700418951041022,-0.030239280134720027,-0.04821297176602048,-0.004950105345345869,-0.14700418951041022,-0.02028262826462429,0.162730801146799,-0.05170861149260878,-0.02802222821502158,0.011727160438402136,-0.14700418951041022,-0.14700418951041022,-0.052019789292549336,1.0,-0.14700418951041028,0.04811058854872812,0.15966233433545995,0.01200012803697145,-0.14700418951041028,0.12191501990905852,-0.14700418951041028,-0.14700418951041028,0.07985460005847823,-0.13286059226558192,-0.14700418951041028,-0.0427515438063939,-0.14700418951041028,0.11893162015266374,-0.14700418951041028,-0.016323643658418954,0.03679208647108709,-0.1900213180723234,-0.0240030352492996,-0.021292256703566232,0.13108948880992596,-0.14700418951041028,-0.01985522780903687,-0.14700418951041028,-0.14700418951041028,0.120863574396905,-0.009074883121838897,-0.14700418951041028,-0.14700418951041028,-0.0470042830532591,0.17179780700742325,-0.15559993839166084,-0.023591590017001084,-0.0016492354805387399,-0.001484854364241984,-0.06262888547379039,-0.14700418951041028,-0.14700418951041028,-0.14700418951041028,-0.14700418951041028,-0.12228239472550384,-0.008689530276903154,-0.14845197619732192,-0.0015674466095465635,-0.028095945294173953,-0.14700418951041028,0.020955503483418902,-0.012424337972133461,0.2167818206615973,-0.14700418951041028,-0.14700418951041028,-0.14700418951041028,0.020791479002660852,-0.14472950100197848,-0.14700418951041028,-0.14700418951041028,-0.0048577273516565754,0.029100847537983587,-0.07359665810604811
S_Amp_V3_count,0.06790553019054868,0.06635620692543828,0.08412798070566742,0.05753756244508661,-0.12454477200861207,0.0594029700302421,1.0,0.06030097295452287,1.0,0.08694877189939479,0.0006781374378229809,-0.066933164095135,0.6030907885608209,0.9994987846918347,-0.02962778338620163,0.14645021619350912,0.01634824955591859,0.6030907885608209,1.0,-0.0434837277916442,0.9994987846918347,-0.11074052721407532,-0.0033555739384728846,-0.22564194835055415,1.0,0.05852663434844684,0.07142356221960652,0.06651173669590206,0.11070511110331886,0.9994987846918347,0.2645895148247621,0.042540327213869106,1.0,0.02719496936022419,0.9994987846918347,-0.10381214819349557,1.0,1.0,0.06040311428282507,0.9994987846918347,-0.05797562997878373,0.6030907885608209,1.0,-0.024378368328115203,-0.09658055144073321,1.0,0.047740946713889724,0.07247383517340018,0.9994987846918347,0.08035691536001432,0.05701357539313246,0.06783626809829328,0.08701024754836141,0.6030907885608209,-0.20873124555309838,1.0,0.06241736270266334,0.08514110638649797,1.0,0.03373417393427284,0.0011898091077743769,-0.0033522573349071215,0.9966467271835502,1.0,0.0542522717074805,0.6030907885608209,0.03972730404223333,0.9994987846918347,0.09881925658978595,0.004731921863014279,0.07632484279545824,-0.26047969033519186,-0.06775203001322647,0.06450516253592423,-0.22102121551804738,0.06747600248950882,0.03229128518730253,-0.15147426842969205,0.04765382712701119,1.0,0.07433555296553872,0.036565830845180274,0.6030907885608209,-0.2559634497368158,-0.04206583888464519,0.07666532684444045,0.6030907885608209,0.058555309877281254,0.08204063206753559,-0.03920219265428636,0.6030907885608209,0.03974315376385595,0.027345049395078338,0.1025097395241228,0.06465160773398797,0.08004652575198017,1.0,1.0,0.0731002759979911,-0.14700418951041028,1.0,-0.06375244003260759,-0.06536000809427164,0.024851504163041445,0.603090788560821,-0.01567270747009387,1.0,1.0,-0.09408156646179826,-0.21992244647174078,1.0,0.06290769031358341,1.0,-0.2198824272966781,1.0,-0.03444595888885041,-0.001386748147137618,-0.04756486991241716,0.06786615334111648,0.043485106950388555,-0.9276676623491351,1.0,0.024677036860326528,1.0,1.0,-0.07957618648362544,-0.11655597496988367,1.0,1.0,0.06050882561225699,0.17174128651198467,0.08950849724156083,0.07248997830240783,0.06390108411845473,0.097090976485365,0.08648351946438605,0.603090788560821,0.9994987846918347,1.0,0.603090788560821,0.10541790476646289,0.08082018374733482,-0.09890205189770786,0.06180580048944654,0.05992719128059247,1.0,0.016064666351403734,0.07741930716135245,0.1195936099325498,1.0,0.603090788560821,0.9994987846918347,-0.045964279141403996,-0.16027204272469744,1.0,1.0,-0.16333493014607456,0.0221107577873702,-0.05334602832310683
Q_Amp_aVR,-0.06469940197292899,-0.030270701613318237,-0.07478052704396934,-0.08841372512247689,0.07165962746251735,-0.028842065494529733,-0.06375244003260759,-0.033894969356698786,-0.06375244003260759,-0.09602319013918495,-0.15947267048642874,-0.2563544353915062,-0.04238722011061444,-0.06379123266296916,-0.25472152615279176,-0.12779265132257553,0.0671820000236318,-0.04238722011061444,-0.06375244003260759,0.32082525788358635,-0.06379123266296916,0.1450282337937024,0.20613322160358172,0.09829610235356946,-0.06375244003260759,-0.021014772080571596,-0.021072276613467902,-0.03057149221011797,-0.48599994506962396,-0.06379123266296916,-0.12513885674498548,-0.03906701089949608,-0.06375244003260759,-0.37366856976614277,-0.06379123266296916,0.09534903520560337,-0.06375244003260759,-0.06375244003260759,-0.03590426509646063,-0.06379123266296916,-0.09314193751748118,-0.04238722011061444,-0.06375244003260759,0.14847900395087743,0.18425712874466263,-0.06375244003260759,-0.039706489748296055,-0.05408601752737934,-0.06379123266296916,-0.053351629204734866,-0.10812515387075583,-0.03310031449675199,-0.04373505348662816,-0.04238722011061444,0.1254461523693925,-0.06375244003260759,-0.04561758310754506,-0.04890785550556725,-0.06375244003260759,-0.017813263725364133,0.017509050325590084,-0.4349170565164267,-0.06375890417432557,-0.06375244003260759,-0.446756511567949,-0.04238722011061444,-0.018094843477640635,-0.06379123266296916,-0.09713533313591349,0.10967795992462023,-0.0334082693660546,0.06786611774976409,0.38653194107550964,-0.12621165663246495,0.04826685281533824,-0.012093620788243846,-0.41272804942970387,0.10825606138574556,-0.05591342406278383,-0.06375244003260759,-0.019157046713330645,-0.04034025953468906,-0.04238722011061444,0.04776394457243717,0.010962236748089549,-0.046904515844464145,-0.04238722011061444,-0.049938181400623026,-0.04169266599135947,0.09204018066505602,-0.04238722011061444,-0.02852404522395729,0.07757920054566338,-0.09048505986077197,-0.048118349574616026,-0.03739010457711842,-0.06375244003260759,-0.06375244003260759,-0.022972776656475992,0.04811058854872812,-0.06375244003260759,1.0,0.17940594061518134,-0.08391652656544836,-0.04238722011061446,-0.0630742644688287,-0.06375244003260759,-0.06375244003260759,0.2551579627607916,0.09881572737594231,-0.06375244003260759,-0.058057897730672346,-0.06375244003260759,0.05790312514880042,-0.06375244003260759,0.3014105342414489,-0.07137005493967928,0.0046240184848596304,-0.05404454163408194,-0.022693493494661793,0.048305584483717655,-0.06375244003260759,-0.10488891817853048,-0.06375244003260759,-0.06375244003260759,0.2505937776447651,0.272990709789405,-0.06375244003260759,-0.06375244003260759,-0.05746643507184222,-0.08599390871729475,-0.0807928012066321,-0.04619956397560938,-0.0590335822108316,-0.10089316716788083,-0.0401961184874322,-0.04238722011061446,-0.06379123266296914,-0.06375244003260759,-0.04238722011061446,-0.0220613493131878,-0.02987524598859044,0.1280075053784532,-0.06476249531994388,-0.02380653491843934,-0.06375244003260759,-0.24915060236996098,-0.0344789939652048,-0.03183076655111416,-0.06375244003260759,-0.04238722011061446,-0.06379123266296914,-0.09354186386077715,0.16258445686789696,-0.06375244003260759,-0.06375244003260759,-0.015985766256114656,-0.0944304741275654,-0.09086989894551421
R_Amp_I,-0.01942462508940674,0.004356838723271835,-0.00508212255010706,0.0352164142585395,-0.09522227565532902,0.008709028444516575,-0.06536000809427164,0.053946660211649254,-0.06536000809427164,0.02110240286797071,-0.34274471009129454,0.0013823577739488873,-0.02388132230997851,-0.06524784019247389,0.1859056098182944,-0.012565526250901776,-0.02328916855620154,-0.02388132230997851,-0.06536000809427164,0.1301859958678219,-0.06524784019247389,-0.15431115042358642,-0.5028179857744184,-0.07744977836709045,-0.06536000809427164,-0.0015560307486592758,-0.018685667395737165,-0.01050079801971922,-0.6325701967562772,-0.06524784019247389,0.11255340465478539,0.057262138946484464,-0.06536000809427164,-0.05662826031954925,-0.06524784019247389,-0.05106800884259169,-0.06536000809427164,-0.06536000809427164,0.010596155382363342,-0.06524784019247389,0.12198351018492738,-0.02388132230997851,-0.06536000809427164,0.04414625739708204,0.12697041511201923,-0.06536000809427164,0.07609202155970643,-0.00426014531931723,-0.06524784019247389,0.01096956962243644,-0.058726146687977,-0.0013155735319320364,0.0038217808442132417,-0.02388132230997851,-0.1699092438382219,-0.06536000809427164,0.009606284426932099,0.009897392242797672,-0.06536000809427164,0.082461093736215,-0.11208536071190982,0.03299152538143984,-0.06491708388956989,-0.06536000809427164,-0.05478375722381653,-0.02388132230997851,0.10869545378468212,-0.06524784019247389,0.03657357595650367,0.017399481291374162,0.011049318668424794,0.011683930320909383,0.09727665912271957,0.02289823787790094,-0.03113654842442165,-0.022850091782412735,-0.4516744848885029,-0.05757855270930919,-0.003415965531984481,-0.06536000809427164,0.007956678964865106,0.03207926224070465,-0.02388132230997851,-0.01179422904265298,-0.04722626889799051,0.046621823889394794,-0.02388132230997851,-0.0011795165703458717,0.01570359123429159,-0.10311316431889217,-0.02388132230997851,0.04516364990621701,0.07111431279049764,-0.02408217424483413,0.007479960893871718,0.008153496483645025,-0.06536000809427164,-0.06536000809427164,-0.008153777436919661,0.15966233433545995,-0.06536000809427164,0.17940594061518134,1.0,-0.11339656679508281,-0.023881322309978525,0.7503673328241547,-0.06536000809427163,-0.06536000809427163,0.23846675947292587,-0.08869945145690138,-0.06536000809427163,-0.01688627081696212,-0.06536000809427163,-0.03650828784394573,-0.06536000809427163,-0.256968565400249,-0.04295799614508006,0.05428536856155482,-0.011796916335517372,0.044286058815127594,0.048624619755464095,-0.06536000809427163,-0.2821242520817813,-0.06536000809427163,-0.06536000809427163,0.28608566224051923,0.14636906798015203,-0.06536000809427163,-0.06536000809427163,0.024724908074742084,0.12525007830997875,-0.045204314322214646,0.007059714532721629,0.021354246459233582,0.016669778059063035,0.0003078953765533247,-0.023881322309978525,-0.06524784019247389,-0.06536000809427163,-0.023881322309978525,-0.023339728308669462,-0.009288356489837033,-0.20741193328122712,-0.07794315871018968,0.00772420299938366,-0.06536000809427163,-0.053505581737431016,0.010156167450266922,0.16788400745878682,-0.06536000809427163,-0.023881322309978525,-0.06524784019247389,0.2023541716118126,-0.1526480522921136,-0.06536000809427163,-0.06536000809427163,0.040636065257830215,0.022370629373823135,-0.06686773305367541
S_Amp_V3,-0.02592324114170349,-0.0018688906511721622,0.06617904929408429,0.04550335225334508,-0.04770950964355444,-0.011113284682286414,0.024851504163041445,-0.004843827579073597,0.024851504163041445,0.060732971136963076,0.03390069160325854,0.013170208409705949,0.0066733194031558096,0.0246833505362022,0.031546447579352786,0.05573015122558974,-0.1459859424810461,0.0066733194031558096,0.024851504163041445,-0.14432077730049558,0.0246833505362022,-0.0682754728687483,-0.01791461403179076,0.022359003897748416,0.024851504163041445,-0.01162067231896209,-0.0073920641362999265,0.026611590513734424,0.15389829382560075,0.0246833505362022,0.03884529672033224,-0.022518950651123398,0.024851504163041445,0.10620184100992733,0.0246833505362022,-0.018113412435654112,0.024851504163041445,0.024851504163041445,0.002786611878974713,0.0246833505362022,0.008996484908014706,0.0066733194031558096,0.024851504163041445,-0.20075170838657364,-0.5863326942626226,0.024851504163041445,-0.008758629738846767,-0.02494802433521329,0.0246833505362022,-0.01114035679350146,0.06008988542137312,-0.011646074640994536,-0.011119874425150278,0.0066733194031558096,0.015444688659631847,0.024851504163041445,-0.017518875960316357,-0.08398375385994093,0.024851504163041445,-0.001610055372400781,0.4139596638141246,0.05843752240152278,0.025234551561572355,0.024851504163041445,0.022384425221755565,0.0066733194031558096,-0.008644527467388441,0.0246833505362022,0.06075701671415472,0.22825937822708128,-0.03791019663120055,0.062374706181766194,-0.11305422707866061,0.042499754009133424,0.012485976332812322,-0.003697402184526847,0.04487180809383752,-0.04333318723050745,0.01664566813675922,0.024851504163041445,-0.006910879718198101,-0.004643574366335356,0.0066733194031558096,0.07240688821707665,-0.03938932023913957,0.007922434447224418,0.0066733194031558096,-0.0373267429683774,-0.004111029139703336,-0.12673228461156386,0.0066733194031558096,0.003999027841842024,-0.20155748533507603,-0.0032993959068781786,-0.021251155758260885,0.040470234638557374,0.024851504163041445,0.024851504163041445,-0.0075132650166355435,0.01200012803697145,0.024851504163041445,-0.08391652656544836,-0.11339656679508281,1.0,0.0066733194031558096,-0.04214375502558796,0.024851504163041445,0.024851504163041445,-0.15497987819839398,0.0019520097231592916,0.024851504163041445,0.0002654396999536778,0.024851504163041445,0.04158586866445475,0.024851504163041445,-0.05772579295860206,0.48306982805773,-0.09424380191996043,-0.00020299096313662802,0.0019310360731845634,-0.00801865064690938,0.024851504163041445,-0.005422025598538174,0.024851504163041445,0.024851504163041445,-0.08929054046974104,-0.3066287949326376,0.024851504163041445,0.024851504163041445,-0.01695953769744187,-0.0009681907027934258,0.06963070434318329,-0.032425999515988894,-0.019363874052197024,0.06408022901085227,0.005475886152689438,0.0066733194031558096,0.0246833505362022,0.024851504163041445,0.0066733194031558096,0.023287001702976914,-0.024561418412159565,0.01472132154511723,0.02154183263890903,-0.008983331404880418,0.024851504163041445,0.22097091670796393,0.0026503157342429207,-0.13330173072899257,0.024851504163041445,0.0066733194031558096,0.0246833505362022,0.03272692804183086,-0.01146787253548755,0.024851504163041445,0.024851504163041445,-0.008437836504827182,0.03377854640039468,0.029522415840723314
ST_Elev_II_count,0.05552388725672591,0.05785452866097813,0.08412798070566742,0.05753756244508661,-0.06997528368534667,0.04863448764480071,0.603090788560821,0.03438096981743862,0.603090788560821,0.08694877189939479,-0.0075423034180836296,-0.017006669088468585,1.0,0.6032606536379885,-0.006277884862554391,0.14645021619350912,0.02413677421372082,1.0,0.603090788560821,-0.028785883139884966,0.6032606536379885,-0.06698045225821188,-0.0219728304644547,-0.22564194835055415,0.603090788560821,0.04980532332051859,0.06199831794203382,0.06651173669590206,0.06286628375905791,0.6032606536379885,0.15958025955028005,0.03761675913204401,0.603090788560821,0.022836653645909696,0.6032606536379885,-0.0735898860742893,0.603090788560821,0.603090788560821,0.03296560175869313,0.6032606536379885,-0.05797562997878373,1.0,0.603090788560821,-0.014001128519824954,-0.061538759591211876,0.603090788560821,0.03292551726906371,0.061619650505808046,0.6032606536379885,0.049625147526543734,0.05701357539313246,0.05746024539480962,0.06480786391104332,1.0,-0.20873124555309838,0.603090788560821,0.047055135334825186,0.07042262449848506,0.603090788560821,0.02887533184786343,-0.0021770642006239643,0.00983748723428904,0.6006906515732922,0.603090788560821,0.034497971397104935,1.0,0.02998558321491977,0.6032606536379885,0.09881925658978595,0.0010140402694029892,0.06001152216915461,-0.26047969033519186,-0.05308193819611098,0.06450516253592423,-0.22102121551804738,0.05438331831495546,0.021669284031175767,-0.09441538334073056,0.03695628496414989,0.603090788560821,0.04738287559329842,0.030684688562610786,1.0,-0.2559634497368158,-0.013479136852329382,0.04495140364940447,1.0,0.045321139177551116,0.06873540865218669,-0.01142323369699784,1.0,0.028946004403353286,0.02698926370505424,0.08594266365133525,0.052883789661587716,0.06448899540664517,0.603090788560821,0.603090788560821,0.056255619944319046,-0.14700418951041028,0.603090788560821,-0.04238722011061446,-0.023881322309978525,0.0066733194031558096,1.0,0.009374181789287533,0.6030907885608209,0.6030907885608209,-0.04758054888583204,-0.21992244647174078,0.6030907885608209,0.05922969297058081,0.6030907885608209,-0.2198824272966781,0.6030907885608209,-0.04064251422576443,0.003430767624331134,-0.029011892625643562,0.04736020392897645,0.035606365532755445,-0.5521613041619947,0.6030907885608209,0.016851921786110016,0.6030907885608209,0.6030907885608209,-0.041310587908133,-0.07462765381767635,0.6030907885608209,0.6030907885608209,0.05017011784297683,0.17174128651198467,0.08950849724156083,0.052356873815606095,0.04288563015703014,0.097090976485365,0.07409911655753261,1.0,0.6032606536379885,0.6030907885608209,1.0,0.10541790476646289,0.06296279453136,-0.09890205189770786,0.06180580048944654,0.05545197100423101,0.6030907885608209,0.01952533143290476,0.04513895811952199,0.08387336981175895,0.6030907885608209,1.0,0.6032606536379885,-0.027047124614756654,-0.09898077475900603,0.6030907885608209,0.6030907885608209,-0.16333493014607456,0.02608058310188458,-0.028418246069887482
R_Amp_aVL,0.03987188935560643,0.025842185229591814,0.034573539953034756,0.08903086548659801,-0.07394782754049577,0.00047191490613459155,-0.01567270747009387,0.064656674960125,-0.01567270747009387,0.07469673103239631,-0.18457449891078864,0.19276341155380178,0.009374181789287533,-0.015634083695821883,0.3874066293649416,0.08393875233460464,-0.02875144453977794,0.009374181789287533,-0.01567270747009387,-0.02173877678658189,-0.015634083695821883,-0.17609982406536892,-0.8726884209189836,-0.08032152025971895,-0.01567270747009387,0.009031542467877657,-0.025460822522951853,0.0003378220912471606,-0.11960894325802318,-0.015634083695821883,0.1760254394317577,0.06204807549655478,-0.01567270747009387,0.1518377939244575,-0.015634083695821883,-0.20017705210457995,-0.01567270747009387,-0.01567270747009387,0.036649213256988784,-0.015634083695821883,0.2664899794652851,0.009374181789287533,-0.01567270747009387,-0.10552932566041322,-0.01560368297420686,-0.01567270747009387,0.043390508653729,0.03458572211946634,-0.015634083695821883,0.0477286868081652,0.01479080132621341,0.024807901239294602,0.006811911469982545,0.009374181789287533,-0.26012361806572687,-0.01567270747009387,0.13372390402711076,0.035896824946743774,-0.01567270747009387,0.05410989057146748,-0.14927962555194269,0.3059295897221494,-0.015293086453712997,-0.01567270747009387,0.17995928452083673,0.009374181789287533,0.08237699014913409,-0.015634083695821883,0.09556187505132534,-0.07269926860229492,0.032780900918462336,-0.034408499586933726,-0.4271487829572768,0.10496113018935395,0.01979085871031737,-0.026885361671011482,-0.29164876933232614,-0.1685456479069094,0.03257999483935614,-0.01567270747009387,0.02005369475884501,0.0175459992806828,0.009374181789287533,-0.025166335816563364,0.038922823617829526,0.06524316927416109,0.009374181789287533,0.023508836538475963,0.029964803236121346,-0.10555779456471782,0.009374181789287533,0.017719100810606948,0.028044733104416474,0.014862411917728684,0.034014902915294215,0.033135901168717466,-0.01567270747009387,-0.01567270747009387,-0.010818374049859653,0.12191501990905852,-0.01567270747009387,-0.0630742644688287,0.7503673328241547,-0.04214375502558796,0.009374181789287533,1.0,-0.015672707470093857,-0.015672707470093857,-0.08120059030215337,-0.09913330155704693,-0.015672707470093857,0.010887603123678686,-0.015672707470093857,-0.030596869755846873,-0.015672707470093857,-0.7117063732962586,-0.033006429236173036,0.10930829243872506,0.004606931112285517,0.027302842925766117,0.0060159972629911145,-0.015672707470093857,-0.4937905751992354,-0.015672707470093857,-0.015672707470093857,-0.06636803346183762,-0.125382864052238,-0.015672707470093857,-0.015672707470093857,0.03753032488252673,0.12037051972874574,-0.0030552361769050898,0.02451973565621248,0.0302642569521866,0.0936806923038521,-0.006218397119803875,0.009374181789287546,-0.015634083695821872,-0.015672707470093857,0.009374181789287546,-0.004978547192568429,0.01959963293726698,-0.3431214147994144,-0.07199952379656126,0.01219915249278852,-0.015672707470093857,0.08923812146073591,0.029049579606930852,0.1848718155381794,-0.015672707470093857,0.009374181789287546,-0.015634083695821872,0.3902899342759186,-0.18888825856688612,-0.015672707470093857,-0.015672707470093857,0.135350264136049,0.07543670667134275,-0.0582890911145632
T_Amp_aVR_count,0.06790553019054868,0.06635620692543828,0.08412798070566742,0.05753756244508661,-0.12454477200861207,0.0594029700302421,1.0,0.06030097295452287,1.0,0.08694877189939479,0.0006781374378229809,-0.066933164095135,0.6030907885608209,0.9994987846918347,-0.02962778338620163,0.14645021619350912,0.01634824955591859,0.6030907885608209,1.0,-0.0434837277916442,0.9994987846918347,-0.11074052721407532,-0.0033555739384728846,-0.22564194835055415,1.0,0.05852663434844684,0.07142356221960652,0.06651173669590206,0.11070511110331886,0.9994987846918347,0.2645895148247621,0.042540327213869106,1.0,0.02719496936022419,0.9994987846918347,-0.10381214819349557,1.0,1.0,0.06040311428282507,0.9994987846918347,-0.05797562997878373,0.6030907885608209,1.0,-0.024378368328115203,-0.09658055144073321,1.0,0.047740946713889724,0.07247383517340018,0.9994987846918347,0.08035691536001432,0.05701357539313246,0.06783626809829328,0.08701024754836141,0.6030907885608209,-0.20873124555309838,1.0,0.06241736270266334,0.08514110638649797,1.0,0.03373417393427284,0.0011898091077743769,-0.0033522573349071215,0.9966467271835502,1.0,0.0542522717074805,0.6030907885608209,0.03972730404223333,0.9994987846918347,0.09881925658978595,0.004731921863014279,0.07632484279545824,-0.26047969033519186,-0.06775203001322647,0.06450516253592423,-0.22102121551804738,0.06747600248950882,0.03229128518730253,-0.15147426842969205,0.04765382712701119,1.0,0.07433555296553872,0.036565830845180274,0.6030907885608209,-0.2559634497368158,-0.04206583888464519,0.07666532684444045,0.6030907885608209,0.058555309877281254,0.08204063206753559,-0.03920219265428636,0.6030907885608209,0.03974315376385595,0.027345049395078338,0.1025097395241228,0.06465160773398797,0.08004652575198017,1.0,1.0,0.0731002759979911,-0.14700418951041028,1.0,-0.06375244003260759,-0.06536000809427163,0.024851504163041445,0.6030907885608209,-0.015672707470093857,1.0,1.0,-0.09408156646179826,-0.21992244647174078,1.0,0.06290769031358341,1.0,-0.2198824272966781,1.0,-0.03444595888885041,-0.001386748147137618,-0.04756486991241716,0.06786615334111648,0.043485106950388555,-0.9276676623491351,1.0,0.024677036860326528,1.0,1.0,-0.07957618648362544,-0.11655597496988367,1.0,1.0,0.06050882561225699,0.17174128651198467,0.08950849724156083,0.07248997830240783,0.06390108411845473,0.097090976485365,0.08648351946438605,0.603090788560821,0.9994987846918347,1.0,0.603090788560821,0.10541790476646289,0.08082018374733482,-0.09890205189770786,0.06180580048944654,0.05992719128059247,1.0,0.016064666351403734,0.07741930716135245,0.1195936099325498,1.0,0.603090788560821,0.9994987846918347,-0.045964279141403996,-0.16027204272469744,1.0,1.0,-0.16333493014607456,0.0221107577873702,-0.05334602832310683
T_Amp_V2_count,0.06790553019054868,0.06635620692543828,0.08412798070566742,0.05753756244508661,-0.12454477200861207,0.0594029700302421,1.0,0.06030097295452287,1.0,0.08694877189939479,0.0006781374378229809,-0.066933164095135,0.6030907885608209,0.9994987846918347,-0.02962778338620163,0.14645021619350912,0.01634824955591859,0.6030907885608209,1.0,-0.0434837277916442,0.9994987846918347,-0.11074052721407532,-0.0033555739384728846,-0.22564194835055415,1.0,0.05852663434844684,0.07142356221960652,0.06651173669590206,0.11070511110331886,0.9994987846918347,0.2645895148247621,0.042540327213869106,1.0,0.02719496936022419,0.9994987846918347,-0.10381214819349557,1.0,1.0,0.06040311428282507,0.9994987846918347,-0.05797562997878373,0.6030907885608209,1.0,-0.024378368328115203,-0.09658055144073321,1.0,0.047740946713889724,0.07247383517340018,0.9994987846918347,0.08035691536001432,0.05701357539313246,0.06783626809829328,0.08701024754836141,0.6030907885608209,-0.20873124555309838,1.0,0.06241736270266334,0.08514110638649797,1.0,0.03373417393427284,0.0011898091077743769,-0.0033522573349071215,0.9966467271835502,1.0,0.0542522717074805,0.6030907885608209,0.03972730404223333,0.9994987846918347,0.09881925658978595,0.004731921863014279,0.07632484279545824,-0.26047969033519186,-0.06775203001322647,0.06450516253592423,-0.22102121551804738,0.06747600248950882,0.03229128518730253,-0.15147426842969205,0.04765382712701119,1.0,0.07433555296553872,0.036565830845180274,0.6030907885608209,-0.2559634497368158,-0.04206583888464519,0.07666532684444045,0.6030907885608209,0.058555309877281254,0.08204063206753559,-0.03920219265428636,0.6030907885608209,0.03974315376385595,0.027345049395078338,0.1025097395241228,0.06465160773398797,0.08004652575198017,1.0,1.0,0.0731002759979911,-0.14700418951041028,1.0,-0.06375244003260759,-0.06536000809427163,0.024851504163041445,0.6030907885608209,-0.015672707470093857,1.0,1.0,-0.09408156646179826,-0.21992244647174078,1.0,0.06290769031358341,1.0,-0.2198824272966781,1.0,-0.03444595888885041,-0.001386748147137618,-0.04756486991241716,0.06786615334111648,0.043485106950388555,-0.9276676623491351,1.0,0.024677036860326528,1.0,1.0,-0.07957618648362544,-0.11655597496988367,1.0,1.0,0.06050882561225699,0.17174128651198467,0.08950849724156083,0.07248997830240783,0.06390108411845473,0.097090976485365,0.08648351946438605,0.603090788560821,0.9994987846918347,1.0,0.603090788560821,0.10541790476646289,0.08082018374733482,-0.09890205189770786,0.06180580048944654,0.05992719128059247,1.0,0.016064666351403734,0.07741930716135245,0.1195936099325498,1.0,0.603090788560821,0.9994987846918347,-0.045964279141403996,-0.16027204272469744,1.0,1.0,-0.16333493014607456,0.0221107577873702,-0.05334602832310683
R_Amp_V5,-0.05920513052198328,-0.02174557211970149,-0.08516668854557952,-0.04283421008704331,-0.047868349745566745,0.0004028529615226722,-0.09408156646179826,-0.0589891132219865,-0.09408156646179826,-0.09442322088525097,-0.19338991442845957,-0.21948379932454057,-0.04758054888583204,-0.09408156646179826,-0.16047496543617112,-0.08438336770491853,0.10288615441886989,-0.04758054888583204,-0.09408156646179826,0.18446558143212985,-0.09408156646179826,-0.01612923438922036,0.26720157628621244,-0.10489313066427872,-0.09408156646179826,-0.022535004966957862,-0.04928103741839206,0.003375046309670914,-0.5195814405687195,-0.09408156646179826,-0.0348704129094105,0.0447552481348711,-0.09408156646179826,-0.5598428246109681,-0.09408156646179826,0.12747817023175992,-0.09408156646179826,-0.09408156646179826,-0.14900013948453683,-0.09408156646179826,-0.14737760827398103,-0.04758054888583204,-0.09408156646179826,0.13712778147910673,0.2280454559888284,-0.09408156646179826,-0.05361421525483637,-0.040642916444052754,-0.09408156646179826,-0.05988717109960045,-0.07077064943798497,-0.03895512071902214,-0.029558238112641848,-0.04758054888583204,0.037190423529651274,-0.09408156646179826,-0.13195826384903356,-0.02332305134751833,-0.09408156646179826,0.03744676034328653,0.022760029073025444,-0.2735331439921693,-0.09347269599711439,-0.09408156646179826,-0.43905914821599756,-0.04758054888583204,-0.020600837262618424,-0.09408156646179826,-0.13404973006345505,0.13244748375886178,-0.020892779212274327,0.03881465186096857,0.525703506819325,-0.07026171755645048,-0.09027424005890607,-0.03788422741216057,-0.1045193284930588,0.06561231064007958,-0.04401019481795589,-0.09408156646179826,-0.08344230712406946,-0.028222223813548927,-0.04758054888583204,-0.003505954667436255,-0.10591732107711076,-0.025693581666591227,-0.04758054888583204,-0.06112346607498268,-0.04330808658544243,0.035330076716587715,-0.04758054888583204,0.004752115581107145,0.1083527650857183,-0.06838407154637327,-0.03135072652620889,-0.029003899776337293,-0.09408156646179826,-0.09408156646179826,-0.03129095076168558,0.07985460005847823,-0.09408156646179826,0.2551579627607916,0.23846675947292587,-0.15497987819839398,-0.04758054888583204,-0.08120059030215337,-0.09408156646179826,-0.09408156646179826,1.0,-0.08060898709767038,-0.09408156646179826,-0.07733597739942377,-0.09408156646179826,-0.07490413607491256,-0.09408156646179826,0.39872422967304644,-0.009499106813713826,-0.001085402118490928,-0.008697896615268689,0.023951463058693452,0.09001782895214161,-0.09408156646179826,0.02047158785738494,-0.09408156646179826,-0.09408156646179826,0.7873715513100593,0.618966934181635,-0.09408156646179826,-0.09408156646179826,-0.06691737441308736,0.0506124423241172,-0.06687097150091996,-0.04995376881158477,0.009909325037578383,-0.12781063065519432,-0.04409348411060187,-0.047580548885832075,-0.09408156646179826,-0.09408156646179826,-0.047580548885832075,-0.026226144415530995,-0.031083987867828882,0.10994206312866403,-0.010060878269847074,-0.015306736102404395,-0.09408156646179826,-0.26055936927704426,-0.034534967768138726,0.016475400710415818,-0.09408156646179826,-0.047580548885832075,-0.09408156646179826,-0.08478093661249547,-0.004713246296529219,-0.09408156646179826,-0.09408156646179826,-0.11441622037505671,-0.044507861761583126,0.029847562842391758
ST_Elev_V6,-0.019190832438037517,-0.007896301621580332,-0.08053367647353005,-0.058570732854844994,0.22262915810310255,-0.015971596233707672,-0.21992244647174078,-0.026252485164822308,-0.21992244647174078,-0.11964919125124945,0.18717957391876994,-0.17574822702216175,-0.21992244647174078,-0.21992244647174078,-0.023365727971102784,-0.15943375182566502,-0.006774006480145974,-0.21992244647174078,-0.21992244647174078,0.05447259623013514,-0.21992244647174078,0.2620078361712883,0.07579108544517449,0.6786321601823129,-0.21992244647174078,-0.001909927476151807,0.015501970120277948,-0.028745773011003315,0.03236809540489852,-0.21992244647174078,-0.4168631130009246,-0.02073506355849561,-0.21992244647174078,-0.04892390992361506,-0.21992244647174078,0.1728978400349628,-0.21992244647174078,-0.21992244647174078,-0.00042549281054525036,-0.21992244647174078,0.04195006725411887,-0.21992244647174078,-0.21992244647174078,0.03480331373931987,0.12507142902327414,-0.21992244647174078,0.010994424878767216,-0.008386862117348395,-0.21992244647174078,-0.009247007808920023,-0.10731649864997876,0.011664875737451487,-0.007250586766715362,-0.21992244647174078,0.5423046362196511,-0.21992244647174078,-0.04719241658928677,-0.026712935746947556,-0.21992244647174078,-0.021998385195374663,0.06746881817074124,-0.03404291658797799,-0.22172065302373017,-0.21992244647174078,-0.10146404264636212,-0.21992244647174078,-0.0113371389326456,-0.21992244647174078,-0.10800660707126285,0.09773325612186518,-0.002975327833133001,0.1620295127113794,0.007272562224225247,-0.12104959851456476,0.5507207860932043,0.023932956414162487,-0.07989088676773724,0.2808042514319122,-0.003918056201711466,-0.21992244647174078,-0.001412102390786065,-0.0007189696923873404,-0.21992244647174078,0.25598724162193415,0.11845031738167025,-0.0032189423063955377,-0.21992244647174078,-0.009131509911234275,-0.012090299645796266,0.14256136443821144,-0.21992244647174078,-0.011900272113568762,-0.0816864852362454,-0.007353556308042356,-0.005589014736589197,-0.01125568026764352,-0.21992244647174078,-0.21992244647174078,0.014855534917589463,-0.13286059226558192,-0.21992244647174078,0.09881572737594231,-0.08869945145690138,0.0019520097231592916,-0.21992244647174078,-0.09913330155704693,-0.21992244647174078,-0.21992244647174078,-0.08060898709767038,1.0,-0.21992244647174078,0.014724670208108963,-0.21992244647174078,0.4354343473934321,-0.21992244647174078,0.04879397943402385,-0.003083788878519401,0.13627760528866284,-0.03207992509120989,-0.021041549831750814,0.23522029591979923,-0.21992244647174078,-0.04911182082902374,-0.21992244647174078,-0.21992244647174078,-0.09972745420576556,0.052944265522198865,-0.21992244647174078,-0.21992244647174078,0.01869326223030208,-0.5401824665675833,-0.05854402613679944,-0.007949342781089429,-0.03945934001171392,-0.08698169940404703,-0.0018451474286198687,-0.21992244647174078,-0.21992244647174078,-0.21992244647174078,-0.21992244647174078,0.026602261760085868,-0.025807251281262707,0.31397169559860993,-0.0520098034206705,0.008647015780897032,-0.21992244647174078,-0.03249842144992212,0.01386753685578959,-0.2543297757213949,-0.21992244647174078,-0.21992244647174078,-0.21992244647174078,0.010903466480803564,0.2514164859335274,-0.21992244647174078,-0.21992244647174078,0.3438421628537135,-0.0982395988555152,-0.053880553039308776
S_Amp_V1_count,0.06790553019054868,0.06635620692543828,0.08412798070566742,0.05753756244508661,-0.12454477200861207,0.0594029700302421,1.0,0.06030097295452287,1.0,0.08694877189939479,0.0006781374378229809,-0.066933164095135,0.6030907885608209,0.9994987846918347,-0.02962778338620163,0.14645021619350912,0.01634824955591859,0.6030907885608209,1.0,-0.0434837277916442,0.9994987846918347,-0.11074052721407532,-0.0033555739384728846,-0.22564194835055415,1.0,0.05852663434844684,0.07142356221960652,0.06651173669590206,0.11070511110331886,0.9994987846918347,0.2645895148247621,0.042540327213869106,1.0,0.02719496936022419,0.9994987846918347,-0.10381214819349557,1.0,1.0,0.06040311428282507,0.9994987846918347,-0.05797562997878373,0.6030907885608209,1.0,-0.024378368328115203,-0.09658055144073321,1.0,0.047740946713889724,0.07247383517340018,0.9994987846918347,0.08035691536001432,0.05701357539313246,0.06783626809829328,0.08701024754836141,0.6030907885608209,-0.20873124555309838,1.0,0.06241736270266334,0.08514110638649797,1.0,0.03373417393427284,0.0011898091077743769,-0.0033522573349071215,0.9966467271835502,1.0,0.0542522717074805,0.6030907885608209,0.03972730404223333,0.9994987846918347,0.09881925658978595,0.004731921863014279,0.07632484279545824,-0.26047969033519186,-0.06775203001322647,0.06450516253592423,-0.22102121551804738,0.06747600248950882,0.03229128518730253,-0.15147426842969205,0.04765382712701119,1.0,0.07433555296553872,0.036565830845180274,0.6030907885608209,-0.2559634497368158,-0.04206583888464519,0.07666532684444045,0.6030907885608209,0.058555309877281254,0.08204063206753559,-0.03920219265428636,0.6030907885608209,0.03974315376385595,0.027345049395078338,0.1025097395241228,0.06465160773398797,0.08004652575198017,1.0,1.0,0.0731002759979911,-0.14700418951041028,1.0,-0.06375244003260759,-0.06536000809427163,0.024851504163041445,0.6030907885608209,-0.015672707470093857,1.0,1.0,-0.09408156646179826,-0.21992244647174078,1.0,0.06290769031358341,1.0,-0.2198824272966781,1.0,-0.03444595888885041,-0.001386748147137618,-0.04756486991241716,0.06786615334111648,0.043485106950388555,-0.9276676623491351,1.0,0.024677036860326528,1.0,1.0,-0.07957618648362544,-0.11655597496988367,1.0,1.0,0.06050882561225699,0.17174128651198467,0.08950849724156083,0.07248997830240783,0.06390108411845473,0.097090976485365,0.08648351946438605,0.603090788560821,0.9994987846918347,1.0,0.603090788560821,0.10541790476646289,0.08082018374733482,-0.09890205189770786,0.06180580048944654,0.05992719128059247,1.0,0.016064666351403734,0.07741930716135245,0.1195936099325498,1.0,0.603090788560821,0.9994987846918347,-0.045964279141403996,-0.16027204272469744,1.0,1.0,-0.16333493014607456,0.0221107577873702,-0.05334602832310683
Q_Amp_II_iqr,0.2991890292633881,0.23244967709016906,0.08530659073576692,0.10720414143757089,0.04141512704671457,0.2333568983342627,0.06290769031358341,0.22108126589955965,0.06290769031358341,0.0873439841485721,0.0038765144627223845,0.09071878768922495,0.05922969297058081,0.06288388655247192,0.1356223330903129,0.09676571606651994,0.006036744162842771,0.05922969297058081,0.06290769031358341,-0.022003791818800314,0.06288388655247192,0.007077982181365638,-0.05221398441791988,0.011371833447650286,0.06290769031358341,0.24249308625833613,0.6589342407617503,0.09182772563422859,0.03129850895260125,0.06288388655247192,0.03972179925962664,0.2136597519178004,0.06290769031358341,0.06639171221039751,0.06288388655247192,-0.07901642123581584,0.06290769031358341,0.06290769031358341,0.21821947070685413,0.06288388655247192,0.04626871324574605,0.05922969297058081,0.06290769031358341,-0.014955141118324937,-0.046261740771123556,0.06290769031358341,0.39949024952858975,0.21351166933582458,0.06288388655247192,0.20940530509780694,0.05086760508256845,0.20730197796017683,0.4663269408817604,0.05922969297058081,-0.016505289399508537,0.06290769031358341,0.08538739918665143,0.2204354366515096,0.06290769031358341,0.4134123332834068,-0.02763046450889666,0.2059387629431583,0.06239123351686372,0.06290769031358341,0.05460783171760812,0.05922969297058081,0.3472755862610526,0.06288388655247192,0.09566751391806695,-0.027449651725752863,0.2525510017269647,-0.03304910806044922,-0.11492811543776073,0.10556709058881035,0.02251382552119879,0.613744069072867,0.05171582873531058,-0.017302278037631257,0.2628976229354749,0.06290769031358341,0.18208726939202144,0.5316216121714386,0.05922969297058081,-0.013843831352323104,0.08107587139263281,0.2077628183807995,0.05922969297058081,0.37614808256525584,0.31550308531969257,0.020788694380959025,0.05922969297058081,0.500941055896414,-0.008577362528184815,0.6550099944346567,0.18438419147262078,0.2556470525942779,0.06290769031358341,0.06290769031358341,0.5348084035944474,-0.0427515438063939,0.06290769031358341,-0.058057897730672346,-0.01688627081696212,0.0002654396999536778,0.05922969297058081,0.010887603123678686,0.06290769031358341,0.06290769031358341,-0.07733597739942377,0.014724670208108963,0.06290769031358341,1.0,0.0629076903135834,0.011515941799626598,0.0629076903135834,-0.07885804427788681,0.021293587564167278,-0.005261084744756193,0.23658031024622792,0.4804548818589382,-0.0595167385564261,0.0629076903135834,0.015184506778217326,0.0629076903135834,0.0629076903135834,-0.05377575876601245,-0.07068043402997475,0.0629076903135834,0.0629076903135834,0.69975913606848,0.0010338143465444367,0.08993400951650107,0.5269954864022253,0.2651681989022648,0.08421848645645419,0.5564357673000897,0.05922969297058081,0.0628838865524719,0.0629076903135834,0.05922969297058081,0.07702371969156986,0.24806620708185415,-0.037193108259656646,0.0718356016592262,0.1830223517788088,0.0629076903135834,0.04315598003932456,0.17125558425333748,0.011978079417267704,0.0629076903135834,0.05922969297058081,0.0628838865524719,0.01679842594796628,-0.008986642828917642,0.0629076903135834,0.0629076903135834,0.04257242923371889,0.13224995939989637,0.13747232696070763
R_Amp_I_count,0.06790553019054868,0.06635620692543828,0.08412798070566742,0.05753756244508661,-0.12454477200861207,0.0594029700302421,1.0,0.06030097295452287,1.0,0.08694877189939479,0.0006781374378229809,-0.066933164095135,0.6030907885608209,0.9994987846918347,-0.02962778338620163,0.14645021619350912,0.01634824955591859,0.6030907885608209,1.0,-0.0434837277916442,0.9994987846918347,-0.11074052721407532,-0.0033555739384728846,-0.22564194835055415,1.0,0.05852663434844684,0.07142356221960652,0.06651173669590206,0.11070511110331886,0.9994987846918347,0.2645895148247621,0.042540327213869106,1.0,0.02719496936022419,0.9994987846918347,-0.10381214819349557,1.0,1.0,0.06040311428282507,0.9994987846918347,-0.05797562997878373,0.6030907885608209,1.0,-0.024378368328115203,-0.09658055144073321,1.0,0.047740946713889724,0.07247383517340018,0.9994987846918347,0.08035691536001432,0.05701357539313246,0.06783626809829328,0.08701024754836141,0.6030907885608209,-0.20873124555309838,1.0,0.06241736270266334,0.08514110638649797,1.0,0.03373417393427284,0.0011898091077743769,-0.0033522573349071215,0.9966467271835502,1.0,0.0542522717074805,0.6030907885608209,0.03972730404223333,0.9994987846918347,0.09881925658978595,0.004731921863014279,0.07632484279545824,-0.26047969033519186,-0.06775203001322647,0.06450516253592423,-0.22102121551804738,0.06747600248950882,0.03229128518730253,-0.15147426842969205,0.04765382712701119,1.0,0.07433555296553872,0.036565830845180274,0.6030907885608209,-0.2559634497368158,-0.04206583888464519,0.07666532684444045,0.6030907885608209,0.058555309877281254,0.08204063206753559,-0.03920219265428636,0.6030907885608209,0.03974315376385595,0.027345049395078338,0.1025097395241228,0.06465160773398797,0.08004652575198017,1.0,1.0,0.0731002759979911,-0.14700418951041028,1.0,-0.06375244003260759,-0.06536000809427163,0.024851504163041445,0.6030907885608209,-0.015672707470093857,1.0,1.0,-0.09408156646179826,-0.21992244647174078,1.0,0.0629076903135834,1.0,-0.2198824272966781,1.0,-0.03444595888885041,-0.001386748147137618,-0.04756486991241716,0.06786615334111648,0.043485106950388555,-0.9276676623491351,1.0,0.024677036860326528,1.0,1.0,-0.07957618648362544,-0.11655597496988367,1.0,1.0,0.06050882561225699,0.17174128651198467,0.08950849724156083,0.07248997830240783,0.06390108411845473,0.097090976485365,0.08648351946438605,0.603090788560821,0.9994987846918347,1.0,0.603090788560821,0.10541790476646289,0.08082018374733482,-0.09890205189770786,0.06180580048944654,0.05992719128059247,1.0,0.016064666351403734,0.07741930716135245,0.1195936099325498,1.0,0.603090788560821,0.9994987846918347,-0.045964279141403996,-0.16027204272469744,1.0,1.0,-0.16333493014607456,0.0221107577873702,-0.05334602832310683
ST_Elev_V4,-0.00906327505251227,0.0017708436441966366,-0.14092908083515512,-0.01790938792124197,0.09051311471609975,-0.009054894748770474,-0.2198824272966781,-0.0027116987744908367,-0.2198824272966781,-0.1336025790354726,-0.05200934649921618,0.004681711383479105,-0.2198824272966781,-0.2198824272966781,0.014292778050970935,-0.07960079370804687,0.11558117960246282,-0.2198824272966781,-0.2198824272966781,0.029579074115742444,-0.2198824272966781,0.12479129037915328,0.004813302587469132,0.5578371293580805,-0.2198824272966781,-0.008271510588154651,0.00037958605869067803,-0.028810803312958155,0.017433144464229233,-0.2198824272966781,-0.21751609635584856,-0.01701717525964692,-0.2198824272966781,0.008943495758029031,-0.2198824272966781,0.02530968114695294,-0.2198824272966781,-0.2198824272966781,0.009370713458723753,-0.2198824272966781,0.08761997446070437,-0.2198824272966781,-0.2198824272966781,-0.0012590678381385755,-0.11842743618789131,-0.2198824272966781,-0.004235917468809743,-0.010385624868833283,-0.2198824272966781,-0.011566605896530847,-0.024796038559869574,0.006050868111811854,-0.018716725234032235,-0.2198824272966781,0.3472057389743309,-0.2198824272966781,0.003965730267460372,-0.004649337608303077,-0.2198824272966781,-0.021956414792967498,0.02231536418425634,0.00785835800151155,-0.22175603083449766,-0.2198824272966781,-0.01891096790568017,-0.2198824272966781,-0.01369291138620269,-0.2198824272966781,-0.05577850983170749,-0.02333801306026846,-0.015116819716918238,0.39187474180158177,-0.021504956661663487,-0.041348898498859886,0.3955186302175951,-0.004945732755019933,-0.022952959342810504,0.07641687331796679,0.017928137681683658,-0.2198824272966781,-0.0028257815591731074,0.006190479433977276,-0.2198824272966781,0.5406443017675346,0.07556494671046785,-0.028235288554035384,-0.2198824272966781,0.00028095787199985543,-0.03101740116880262,0.1021585040709582,-0.2198824272966781,-0.013916068548788685,0.07634718409493724,-0.017721164977100783,0.005647873206919116,0.01317717646781837,-0.2198824272966781,-0.2198824272966781,-0.006479738994267457,0.11893162015266374,-0.2198824272966781,0.05790312514880042,-0.03650828784394573,0.04158586866445475,-0.2198824272966781,-0.030596869755846873,-0.2198824272966781,-0.2198824272966781,-0.07490413607491256,0.4354343473934321,-0.2198824272966781,0.011515941799626598,-0.2198824272966781,1.0,-0.21988242729667815,-0.010804608840061814,0.02300796590515744,-0.10327845356295444,-0.014767761750712496,-0.019082602224375484,0.22616603262270463,-0.21988242729667815,0.008174649350174217,-0.21988242729667815,-0.21988242729667815,-0.013181056974240789,-0.13359228295604764,-0.21988242729667815,-0.21988242729667815,0.014181662761265704,-0.3205946741749497,-0.11447357174490294,3.7168646828521145e-05,-0.007402605836344019,-0.05088015783021942,-0.02747326336880204,-0.21988242729667815,-0.21988242729667815,-0.21988242729667815,-0.21988242729667815,-0.018301443475196424,-0.005059647512826102,0.18087150026205176,-0.031882909379867194,0.00532429810714598,-0.21988242729667815,0.053006450380448475,-0.014000023465079987,-0.0014617771645121169,-0.21988242729667815,-0.21988242729667815,-0.21988242729667815,0.007882717801955664,0.08648002583964945,-0.21988242729667815,-0.21988242729667815,0.285148514658543,-0.03438445526944198,-0.04696050263981657
T_Amp_V3_count,0.06790553019054868,0.06635620692543828,0.08412798070566742,0.05753756244508661,-0.12454477200861207,0.0594029700302421,1.0,0.06030097295452287,1.0,0.08694877189939479,0.0006781374378229809,-0.066933164095135,0.6030907885608209,0.9994987846918347,-0.02962778338620163,0.14645021619350912,0.01634824955591859,0.6030907885608209,1.0,-0.0434837277916442,0.9994987846918347,-0.11074052721407532,-0.0033555739384728846,-0.22564194835055415,1.0,0.05852663434844684,0.07142356221960652,0.06651173669590206,0.11070511110331886,0.9994987846918347,0.2645895148247621,0.042540327213869106,1.0,0.02719496936022419,0.9994987846918347,-0.10381214819349557,1.0,1.0,0.06040311428282507,0.9994987846918347,-0.05797562997878373,0.6030907885608209,1.0,-0.024378368328115203,-0.09658055144073321,1.0,0.047740946713889724,0.07247383517340018,0.9994987846918347,0.08035691536001432,0.05701357539313246,0.06783626809829328,0.08701024754836141,0.6030907885608209,-0.20873124555309838,1.0,0.06241736270266334,0.08514110638649797,1.0,0.03373417393427284,0.0011898091077743769,-0.0033522573349071215,0.9966467271835502,1.0,0.0542522717074805,0.6030907885608209,0.03972730404223333,0.9994987846918347,0.09881925658978595,0.004731921863014279,0.07632484279545824,-0.26047969033519186,-0.06775203001322647,0.06450516253592423,-0.22102121551804738,0.06747600248950882,0.03229128518730253,-0.15147426842969205,0.04765382712701119,1.0,0.07433555296553872,0.036565830845180274,0.6030907885608209,-0.2559634497368158,-0.04206583888464519,0.07666532684444045,0.6030907885608209,0.058555309877281254,0.08204063206753559,-0.03920219265428636,0.6030907885608209,0.03974315376385595,0.027345049395078338,0.1025097395241228,0.06465160773398797,0.08004652575198017,1.0,1.0,0.0731002759979911,-0.14700418951041028,1.0,-0.06375244003260759,-0.06536000809427163,0.024851504163041445,0.6030907885608209,-0.015672707470093857,1.0,1.0,-0.09408156646179826,-0.21992244647174078,1.0,0.0629076903135834,1.0,-0.21988242729667815,1.0,-0.03444595888885041,-0.001386748147137618,-0.04756486991241716,0.06786615334111648,0.043485106950388555,-0.9276676623491351,1.0,0.024677036860326528,1.0,1.0,-0.07957618648362544,-0.11655597496988367,1.0,1.0,0.06050882561225699,0.17174128651198467,0.08950849724156083,0.07248997830240783,0.06390108411845473,0.097090976485365,0.08648351946438605,0.603090788560821,0.9994987846918347,1.0,0.603090788560821,0.10541790476646289,0.08082018374733482,-0.09890205189770786,0.06180580048944654,0.05992719128059247,1.0,0.016064666351403734,0.07741930716135245,0.1195936099325498,1.0,0.603090788560821,0.9994987846918347,-0.045964279141403996,-0.16027204272469744,1.0,1.0,-0.16333493014607456,0.0221107577873702,-0.05334602832310683
R_Amp_aVF,-0.07017326268298296,-0.04490187597675743,-0.06713744212992251,-0.10953902558680481,0.005110854806041433,-0.008587487503734219,-0.03444595888885041,-0.06181308998913998,-0.03444595888885041,-0.10146133563510176,-0.07312760819065167,-0.34128767421647627,-0.04064251422576443,-0.034450566589494976,-0.621796467114318,-0.1491058160079635,0.025455656806451125,-0.04064251422576443,-0.03444595888885041,0.19821513727608436,-0.034450566589494976,0.12420294883979077,0.8951110826088606,0.03156392810107774,-0.03444595888885041,-0.026312018780313997,-0.007626118001019951,-0.015025189448780868,-0.4127423850583298,-0.034450566589494976,-0.1720425697513809,-0.057269336384611624,-0.03444595888885041,-0.341411920890279,-0.034450566589494976,0.2854753125660465,-0.03444595888885041,-0.03444595888885041,-0.060250088214563714,-0.034450566589494976,-0.32081307783931834,-0.04064251422576443,-0.03444595888885041,0.20663836695644755,0.1908631280916179,-0.03444595888885041,-0.05101809886403079,-0.06396093016932569,-0.034450566589494976,-0.06975001390598709,-0.0838798881347846,-0.048968914173611836,-0.017277260743305493,-0.04064251422576443,0.2201205054929914,-0.03444595888885041,-0.2344693922761781,-0.049295872972660554,-0.03444595888885041,-0.018861447755674863,0.13170284072801577,-0.5509489353871504,-0.034736557057500804,-0.03444595888885041,-0.36969881302361185,-0.04064251422576443,-0.05911579312372244,-0.034450566589494976,-0.1250248661505822,0.1558916774347109,-0.04900288640630418,0.07066709566795781,0.829381899702267,-0.14819869577124697,-0.08449035580354783,0.0016506117175663214,0.08841092023338398,0.2065956395018487,-0.07121370533739516,-0.03444595888885041,-0.032159195693368746,-0.03125504835493517,-0.04064251422576443,0.01591528601441977,-0.14507933339440443,-0.07382249472745485,-0.04064251422576443,-0.07244154470584613,-0.04090030199149815,0.058684901297773595,-0.04064251422576443,0.0003029326722180473,0.033537198183014115,-0.05661734034793263,-0.05420791749495834,-0.05678437652606076,-0.03444595888885041,-0.03444595888885041,-0.006867410201771193,-0.016323643658418954,-0.03444595888885041,0.3014105342414489,-0.256968565400249,-0.05772579295860206,-0.04064251422576443,-0.7117063732962586,-0.03444595888885041,-0.03444595888885041,0.39872422967304644,0.04879397943402385,-0.03444595888885041,-0.07885804427788681,-0.03444595888885041,-0.010804608840061814,-0.03444595888885041,1.0,-0.03914177927428987,-0.10967455314491675,-0.03067898848701662,-0.007452288041004604,0.03340503520640517,-0.03444595888885042,0.31510347840722025,-0.03444595888885042,-0.03444595888885042,0.41124429618005015,0.3873013289657106,-0.03444595888885042,-0.03444595888885042,-0.11002821211442579,-0.061559446096154206,-0.04904904958037123,-0.05700728642702812,-0.04349714452797205,-0.13157104777061474,-0.01245795355583694,-0.040642514225764446,-0.03445056658949499,-0.03444595888885042,-0.040642514225764446,-0.02381943573306739,-0.045744274036406914,0.33886214237853474,0.019922158888345826,-0.019239070926137577,-0.03444595888885042,-0.25341817154588553,-0.041774649651328405,-0.12384516464784039,-0.03444595888885042,-0.040642514225764446,-0.03445056658949499,-0.42073916760429614,0.145063210707518,-0.03444595888885042,-0.03444595888885042,-0.20548866133520685,-0.10659863462839735,0.023572354525935334
Q_Amp_V3,0.007079096716409188,0.009281975663031279,0.03954569402872181,0.03495378259895584,-0.07760231951925559,0.011976765645967618,-0.001386748147137618,0.018566045520546637,-0.001386748147137618,0.03909618339728924,-0.03620559129650177,0.03962867969440276,0.003430767624331134,-0.001299584596769262,0.05827704339526112,0.033197747790529246,0.0028866650175498115,0.003430767624331134,-0.001386748147137618,0.06946355232959846,-0.001299584596769262,-0.06045048963195457,-0.003635794178203083,0.004371370878631208,-0.001386748147137618,0.014131374633980277,0.0007972448650867957,0.03008239519982467,0.04635885301778606,-0.001299584596769262,0.044438549702141894,0.016531180419758693,-0.001386748147137618,0.11933163844389998,-0.001299584596769262,-0.026127099833061728,-0.001386748147137618,-0.001386748147137618,0.005220035301856695,-0.001299584596769262,-0.016784260808867385,0.003430767624331134,-0.001386748147137618,0.32316783744429295,-0.6242107562939184,-0.001386748147137618,0.011206155983785708,-0.014917707122062153,-0.001299584596769262,-0.008901694261317972,0.04385182778163162,0.0026058072126692797,-0.005409369446956506,0.003430767624331134,0.018415559843562548,-0.001386748147137618,-0.027590802201614625,-0.060077187870567296,-0.001386748147137618,0.008905871885911024,0.1582077897681004,0.08915784979523064,-0.0002188868800618478,-0.001386748147137618,0.053830480608512817,0.003430767624331134,0.007619431928978874,-0.001299584596769262,0.02845068743030143,0.026986703551325687,0.020509068691596646,0.05356210212551356,-0.06783917545255355,0.04715506572513805,-0.014728928825691545,0.0029433243891457666,0.07839953976495606,-0.05488469515718901,0.038618842688970104,-0.001386748147137618,-0.003256740652581789,0.008526186803057088,0.003430767624331134,0.059570319317860686,-0.05097526635745984,0.00032521464769856817,0.003430767624331134,0.008944773159219044,0.0031142680168588658,-0.03271252235023741,0.003430767624331134,0.01614639167223566,-0.018235592384083673,0.003926319792942533,0.00539646962332714,0.08617128408831484,-0.001386748147137618,-0.001386748147137618,-0.0013708962916618812,0.03679208647108709,-0.001386748147137618,-0.07137005493967928,-0.04295799614508006,0.48306982805773,0.003430767624331134,-0.033006429236173036,-0.001386748147137618,-0.001386748147137618,-0.009499106813713826,-0.003083788878519401,-0.001386748147137618,0.021293587564167278,-0.001386748147137618,0.02300796590515744,-0.001386748147137618,-0.03914177927428987,1.0,-0.2922740019453632,0.032962149838013995,0.00939603897421437,0.013842845488228419,-0.0013867481471376247,0.04893861582219715,-0.0013867481471376247,-0.0013867481471376247,0.003723839268027222,-0.15499664146980396,-0.0013867481471376247,-0.0013867481471376247,0.015600011601932955,0.04145613933407191,0.03365057234263917,0.0072657647571089615,0.0004243675532515862,0.030274663002979423,-0.007368992987261165,0.0034307676243311267,-0.0012995845967692687,-0.0013867481471376247,0.0034307676243311267,0.031894756348349235,-0.008344695783049383,0.026054647064178604,0.03130920100721514,0.007700827108096636,-0.0013867481471376247,0.31255026207061337,-0.008508300729552254,-0.0006347135604514115,-0.0013867481471376247,0.0034307676243311267,-0.0012995845967692687,0.011041260656473165,-0.07243281707172343,-0.0013867481471376247,-0.0013867481471376247,-0.030665048378382045,-0.055174682444781055,0.00891164712247091
R_Amp_V2,-0.03520206249197497,-0.01578082219526197,0.05016539375939299,0.01097040804167809,0.05780102521405372,-0.017556253500199653,-0.04756486991241716,0.0035620968445174627,-0.04756486991241716,0.027459291252967657,0.5896841527586383,-0.17916380151795688,-0.029011892625643562,-0.047622897404073064,0.04443917471472087,-0.021398412867793218,-0.29789704116230603,-0.029011892625643562,-0.04756486991241716,-0.11037354823123298,-0.047622897404073064,0.10310993455640402,-0.11487479244780961,0.07228751544787777,-0.04756486991241716,-0.01159234562885567,0.0016228074005492019,0.01706163914868966,0.05570401851310014,-0.047622897404073064,-0.12076331551181468,-0.0034019127828158998,-0.04756486991241716,-0.054830812398619005,-0.047622897404073064,0.14417868804270065,-0.04756486991241716,-0.04756486991241716,-0.0031793277875328298,-0.047622897404073064,-0.007972818313942268,-0.029011892625643562,-0.04756486991241716,-0.3987522631432413,0.5955206438485176,-0.04756486991241716,0.031213361136299557,0.042179800992834963,-0.047622897404073064,-0.009773760604525734,-0.003226227548918696,0.02295865576240166,0.0003804600027616866,-0.029011892625643562,0.0942793908887136,-0.04756486991241716,-0.10089927966925348,-0.006219460050998326,-0.04756486991241716,-0.01258899577783305,-0.32595138056364165,0.01563566313876942,-0.046595014650836694,-0.04756486991241716,-0.06340315801156489,-0.029011892625643562,0.01412518064212899,-0.047622897404073064,0.0067923307467817615,0.14689547902987252,-0.0017961188194222874,-0.23500078050853274,-0.09900461302110362,-0.00807621549127245,0.08798840829330454,0.00589464566322408,-0.11322102315998216,0.16963340463151577,-0.0315346537906791,-0.04756486991241716,0.008880532730961826,0.013357037431388049,-0.029011892625643562,-0.18865826462640647,-0.03363127656077217,0.026685197894861932,-0.029011892625643562,-0.06461777372325,0.014566650913824105,-0.10634675862958727,-0.029011892625643562,0.0037009068077351374,-0.41261389032870555,0.002086533552615036,-0.004785912017021668,-0.03526234252143149,-0.04756486991241716,-0.04756486991241716,0.0047411441516600405,-0.1900213180723234,-0.04756486991241716,0.0046240184848596304,0.05428536856155482,-0.09424380191996043,-0.029011892625643562,0.10930829243872506,-0.04756486991241716,-0.04756486991241716,-0.001085402118490928,0.13627760528866284,-0.04756486991241716,-0.005261084744756193,-0.04756486991241716,-0.10327845356295444,-0.04756486991241716,-0.10967455314491675,-0.2922740019453632,1.0,-0.039700560290246246,-0.012717475995903144,0.03896554490081614,-0.047564869912417165,-0.15784149007162815,-0.047564869912417165,-0.047564869912417165,-0.11821432450085403,0.2675249045582344,-0.047564869912417165,-0.047564869912417165,-0.01905003823891514,-0.14274705665950352,0.07840140078880752,-0.0558879619764993,-0.011495184782547742,0.029259341517479824,0.03218005433602292,-0.02901189262564357,-0.04762289740407307,-0.047564869912417165,-0.02901189262564357,0.02912700616115136,-0.022416410355082347,0.04082379303418419,-0.005788228842119715,0.011677069281110808,-0.047564869912417165,-0.15989093772192206,0.02191198026710344,-0.3661199116458071,-0.047564869912417165,-0.02901189262564357,-0.04762289740407307,0.10696758807020083,0.20208242426343664,-0.047564869912417165,-0.047564869912417165,0.03647242973750919,-0.01872411342854218,-0.020568962927277584
R_Amp_V2_iqr,0.17388163978735563,0.30006296195965554,0.1388502531651997,0.09379574431538144,-0.06233803118833549,0.5703054848241985,0.06786615334111648,0.3116905797534729,0.06786615334111648,0.12534132733784534,-0.015566996039344576,0.08265849283325223,0.04736020392897645,0.06780155676637953,0.04277038516510214,0.11498160419716756,0.007220787251113968,0.04736020392897645,0.06786615334111648,-0.0365189145167527,0.06780155676637953,-0.032785928372455996,-0.022515968144191097,-0.023722964321644995,0.06786615334111648,0.6680547091859828,0.3130338487184533,0.06835098953876624,0.016347746589537908,0.06780155676637953,0.08487217470728009,0.4190439790316638,0.06786615334111648,0.04430087708353791,0.06780155676637953,-0.04633647013217538,0.06786615334111648,0.06786615334111648,0.17923796583978482,0.06780155676637953,0.01593956378616326,0.04736020392897645,0.06786615334111648,-0.00940191146046759,-0.06424830906264814,0.06786615334111648,0.3787362706839631,0.5885552476692324,0.06780155676637953,0.16443691961895424,0.0784121727791075,0.217062321326669,0.29183893949997425,0.04736020392897645,-0.027759626557974867,0.06786615334111648,0.011263168668243263,0.3229065661760051,0.06786615334111648,0.38818624137865204,-0.02203312680204267,0.04595668997693462,0.06728640535812457,0.06786615334111648,0.066607772810136,0.04736020392897645,0.36056203657172187,0.06780155676637953,0.11577168443049941,-0.031835001176503765,0.5903531656888287,-0.0410186480463863,-0.03329226715321986,0.10979380819797271,-0.013743140820042087,0.32428840578560547,0.05561197156727253,-0.06573509166643424,0.27288928178275756,0.06786615334111648,0.19025119643358282,0.4316351387615899,0.04736020392897645,-0.030509978425316865,-0.027670577151860335,0.3120352463474635,0.04736020392897645,0.20914552989550783,0.22017408506955202,0.011407092501219542,0.04736020392897645,0.4640665573330428,0.004140240003882264,0.2250632757873063,0.25506090691039845,0.3117443405989429,0.06786615334111648,0.06786615334111648,0.3184215197088976,-0.0240030352492996,0.06786615334111648,-0.05404454163408194,-0.011796916335517372,-0.00020299096313662802,0.04736020392897645,0.004606931112285517,0.06786615334111648,0.06786615334111648,-0.008697896615268689,-0.03207992509120989,0.06786615334111648,0.23658031024622792,0.06786615334111648,-0.014767761750712496,0.06786615334111648,-0.03067898848701662,0.032962149838013995,-0.039700560290246246,1.0,0.43223604199136106,-0.07562949649485684,0.06786615334111648,0.020106922863890854,0.06786615334111648,0.06786615334111648,0.0020599249285620795,-0.05030014089872786,0.06786615334111648,0.06786615334111648,0.23724608777426737,0.02608995567526692,0.1980059462842691,0.22921945291270326,0.65468807222453,0.0957979410884742,0.26697841182111876,0.04736020392897645,0.06780155676637953,0.06786615334111648,0.04736020392897645,0.116348447588521,0.42785818755394645,-0.033925322975318584,0.07378294705106979,0.2830100494891898,0.06786615334111648,0.05787000178876861,0.15987616683737166,0.028996566213279805,0.06786615334111648,0.04736020392897645,0.06780155676637953,0.01131602456208409,-0.05308154357785484,0.06786615334111648,0.06786615334111648,0.02127432565036052,0.2272059906251385,0.3164400695944745
R_Amp_III_iqr,0.24320094960720237,0.26357225891826636,0.12338125864700558,0.13971336354860925,-0.059390762938163755,0.3548640241456214,0.043485106950388555,0.34672630432292445,0.043485106950388555,0.11628402624274858,-0.028293319461386406,0.05300679687515621,0.035606365532755445,0.04349981017165433,0.059916463601504086,0.10475673605534772,-0.02421650122455273,0.035606365532755445,0.043485106950388555,-0.014007013355285708,0.04349981017165433,-0.03241264404450935,-0.01714714757185744,-0.025060353968494375,0.043485106950388555,0.29736783160033825,0.5299678102204706,0.13640546102323428,-0.04666696441662721,0.04349981017165433,0.08005896561720573,0.36807585743601307,0.043485106950388555,0.020044319818066342,0.04349981017165433,-0.02507670531997561,0.043485106950388555,0.043485106950388555,0.2193531307218658,0.04349981017165433,0.012757634539895058,0.035606365532755445,0.043485106950388555,-0.018079212542348375,-0.03156209215268579,0.043485106950388555,0.4616170624872173,0.21133161951275437,0.04349981017165433,0.18007867616382475,0.07789060041628512,0.1552026334637682,0.5709005259083578,0.035606365532755445,-0.03712147166128931,0.043485106950388555,-0.02336218048739936,0.2159118123184422,0.043485106950388555,0.8186380484423151,-0.003357132025683226,0.05014747714249088,0.04356694357305715,0.043485106950388555,0.027503027062692267,0.035606365532755445,0.4957539102493474,0.04349981017165433,0.1204879110368054,0.006652758768072119,0.23449019569981816,-0.037588784375338066,0.004547841257301485,0.13103552038318272,-0.03194465495162411,0.5967983060157807,0.01808933429219683,-0.04045094994691142,0.32759705536338324,0.043485106950388555,0.19074201658394074,0.696154524003305,0.035606365532755445,-0.028754432415289022,-0.036420561162963265,0.33312969233538,0.035606365532755445,0.409941297821153,0.3098960411261011,-0.0018956848353410623,0.035606365532755445,0.8534829090705067,-0.02181137801438417,0.3699975133160319,0.1582674741038608,0.23646922515409033,0.043485106950388555,0.043485106950388555,0.6326035026093672,-0.021292256703566232,0.043485106950388555,-0.022693493494661793,0.044286058815127594,0.0019310360731845634,0.035606365532755445,0.027302842925766117,0.043485106950388555,0.043485106950388555,0.023951463058693452,-0.021041549831750814,0.043485106950388555,0.4804548818589382,0.043485106950388555,-0.019082602224375484,0.043485106950388555,-0.007452288041004604,0.00939603897421437,-0.012717475995903144,0.43223604199136106,1.0,-0.0536282984145666,0.043485106950388555,-0.013013547646387385,0.043485106950388555,0.043485106950388555,0.03847826555493509,-0.019601981992968247,0.043485106950388555,0.043485106950388555,0.5155970941296599,0.03021239047488634,0.12052085122670714,0.49510278693823456,0.4682454371805649,0.10511981160827466,0.4221894814699695,0.03560636553275543,0.04349981017165433,0.043485106950388555,0.03560636553275543,0.09898069199982827,0.2979587829055172,-0.02081368974928202,0.11438967810403175,0.18726366935378444,0.043485106950388555,0.03842386096719635,0.16193120269526096,0.006854167181423926,0.043485106950388555,0.03560636553275543,0.04349981017165433,0.03156522126109277,-0.04461144399206001,0.043485106950388555,0.043485106950388555,-0.004995385536992331,0.2554413636124588,0.2995347797150133
RR_Mean_Global,-0.06087060805200657,-0.06083174186143871,-0.08170413421164585,-0.04586151178640548,0.09820531118366786,-0.06722033776297533,-0.9276676623491351,-0.05937463339414312,-0.9276676623491351,-0.08034329047863648,-0.0014080594897788532,0.07468343384534382,-0.5521613041619947,-0.9271618506868925,0.03530908400144643,-0.1280558462176926,-0.01922861045907042,-0.5521613041619947,-0.9276676623491351,0.03971266802405119,-0.9271618506868925,0.10005077589417713,0.004592734629403921,0.23703590897371693,-0.9276676623491351,-0.05607124072951097,-0.07062115321771624,-0.05872832419949543,-0.09914272837217049,-0.9271618506868925,-0.26083480661653263,-0.045921024747776644,-0.9276676623491351,-0.010765554469200524,-0.9271618506868925,0.10048904747434041,-0.9276676623491351,-0.9276676623491351,-0.05440376964120418,-0.9271618506868925,0.0718297964232076,-0.5521613041619947,-0.9276676623491351,0.024216018690933,0.07972446749320253,-0.9276676623491351,-0.05320175644397757,-0.06398359338308093,-0.9271618506868925,-0.07601531543029075,-0.05015893696872788,-0.061950228648566294,-0.08146967860381646,-0.5521613041619947,0.23175460908478446,-0.9276676623491351,-0.07332328090749889,-0.07619771146543008,-0.9276676623491351,-0.036356166587672836,0.006629901245779627,0.016417794194147795,-0.9224866455757088,-0.9276676623491351,-0.045477310951073636,-0.5521613041619947,-0.041993254328925186,-0.9271618506868925,-0.08750948798647434,-0.002130348315972563,-0.06818740545666183,0.2620188128763042,0.061410470671267724,-0.04762602371205862,0.24163181669133257,-0.06795046152395445,-0.01124461706918061,0.1354480429378217,-0.03563563531057565,-0.9276676623491351,-0.06757550219295066,-0.045464936864542435,-0.5521613041619947,0.26068452691754695,0.022292343027506874,-0.07909498763609722,-0.5521613041619947,-0.05176540237089978,-0.07466954323483978,0.03677428298718249,-0.5521613041619947,-0.05005009200833609,-0.03440625611930118,-0.09763465463527747,-0.05577705143137173,-0.06579020630697754,-0.9276676623491351,-0.9276676623491351,-0.07268295059846815,0.13108948880992596,-0.9276676623491351,0.048305584483717655,0.048624619755464095,-0.00801865064690938,-0.5521613041619947,0.0060159972629911145,-0.9276676623491351,-0.9276676623491351,0.09001782895214161,0.23522029591979923,-0.9276676623491351,-0.0595167385564261,-0.9276676623491351,0.22616603262270463,-0.9276676623491351,0.03340503520640517,0.013842845488228419,0.03896554490081614,-0.07562949649485684,-0.0536282984145666,1.0,-0.9276676623491349,-0.015245032705901652,-0.9276676623491349,-0.9276676623491349,0.08162086060064899,0.09927628961227257,-0.9276676623491349,-0.9276676623491349,-0.057671384025809666,-0.18375113876243693,-0.08819939189321055,-0.07092516575048106,-0.07109190263052043,-0.08152202248918582,-0.07883760949180649,-0.5521613041619947,-0.9271618506868923,-0.9276676623491349,-0.5521613041619947,-0.09189005730109011,-0.0767642246755368,0.11386728477063468,-0.053666361484206844,-0.05409686595799728,-0.9276676623491349,0.00864579954444926,-0.07357609453262169,-0.11781895612868742,-0.9276676623491349,-0.5521613041619947,-0.9271618506868923,0.05100375451753704,0.14645374961678342,-0.9276676623491349,-0.9276676623491349,0.1829964042209923,-0.011654825526860875,0.036932615952034724
T_Amp_II_count,0.06790553019054868,0.06635620692543828,0.08412798070566742,0.05753756244508661,-0.12454477200861207,0.0594029700302421,1.0,0.06030097295452287,1.0,0.08694877189939479,0.0006781374378229809,-0.066933164095135,0.6030907885608209,0.9994987846918347,-0.02962778338620163,0.14645021619350912,0.01634824955591859,0.6030907885608209,1.0,-0.0434837277916442,0.9994987846918347,-0.11074052721407532,-0.0033555739384728846,-0.22564194835055415,1.0,0.05852663434844684,0.07142356221960652,0.06651173669590206,0.11070511110331886,0.9994987846918347,0.2645895148247621,0.042540327213869106,1.0,0.02719496936022419,0.9994987846918347,-0.10381214819349557,1.0,1.0,0.06040311428282507,0.9994987846918347,-0.05797562997878373,0.6030907885608209,1.0,-0.024378368328115203,-0.09658055144073321,1.0,0.047740946713889724,0.07247383517340018,0.9994987846918347,0.08035691536001432,0.05701357539313246,0.06783626809829328,0.08701024754836141,0.6030907885608209,-0.20873124555309838,1.0,0.06241736270266334,0.08514110638649797,1.0,0.03373417393427284,0.0011898091077743769,-0.0033522573349071215,0.9966467271835502,1.0,0.0542522717074805,0.6030907885608209,0.03972730404223333,0.9994987846918347,0.09881925658978595,0.004731921863014279,0.07632484279545824,-0.26047969033519186,-0.06775203001322647,0.06450516253592423,-0.22102121551804738,0.06747600248950882,0.03229128518730253,-0.15147426842969205,0.04765382712701119,1.0,0.07433555296553872,0.036565830845180274,0.6030907885608209,-0.2559634497368158,-0.04206583888464519,0.07666532684444045,0.6030907885608209,0.058555309877281254,0.08204063206753559,-0.03920219265428636,0.6030907885608209,0.03974315376385595,0.027345049395078338,0.1025097395241228,0.06465160773398797,0.08004652575198017,1.0,1.0,0.0731002759979911,-0.14700418951041028,1.0,-0.06375244003260759,-0.06536000809427163,0.024851504163041445,0.6030907885608209,-0.015672707470093857,1.0,1.0,-0.09408156646179826,-0.21992244647174078,1.0,0.0629076903135834,1.0,-0.21988242729667815,1.0,-0.03444595888885042,-0.0013867481471376247,-0.047564869912417165,0.06786615334111648,0.043485106950388555,-0.9276676623491349,1.0,0.024677036860326528,1.0,1.0,-0.07957618648362544,-0.11655597496988367,1.0,1.0,0.06050882561225699,0.17174128651198467,0.08950849724156083,0.07248997830240783,0.06390108411845473,0.097090976485365,0.08648351946438605,0.603090788560821,0.9994987846918347,1.0,0.603090788560821,0.10541790476646289,0.08082018374733482,-0.09890205189770786,0.06180580048944654,0.05992719128059247,1.0,0.016064666351403734,0.07741930716135245,0.1195936099325498,1.0,0.603090788560821,0.9994987846918347,-0.045964279141403996,-0.16027204272469744,1.0,1.0,-0.16333493014607456,0.0221107577873702,-0.05334602832310683
Q_Amp_aVL,0.07434745474717709,0.011833960643733618,0.007421447161930353,-0.039031793895788286,-0.02856727346797591,0.009246418334061394,0.024677036860326528,-0.003185180024825732,0.024677036860326528,-0.009171515585219125,0.0006123949549557878,0.11485293147699381,0.016851921786110016,0.024738840318481017,-0.4028394383644409,0.014463485289888944,0.04106970429822174,0.016851921786110016,0.024677036860326528,-0.12634847095767598,0.024738840318481017,-0.02205242024233758,0.3909976418964318,-0.03868693820353884,0.024677036860326528,0.023037906230217658,0.03306215879958424,-0.01700936703115031,0.010581692827736298,0.024738840318481017,-0.00864900100510182,-0.0002755654233288825,0.024677036860326528,0.004104596118745623,0.024738840318481017,0.014765516315901629,0.024677036860326528,0.024677036860326528,-0.009778005536304903,0.024738840318481017,-0.06813654411099847,0.016851921786110016,0.024677036860326528,0.04602138900098021,-0.10082055780421369,0.024677036860326528,-0.0054811718588346605,0.016012072367215496,0.024738840318481017,0.001169832461222551,0.02466345624720974,0.0025465355354381256,0.008142469291465917,0.016851921786110016,0.026524498890971037,0.024677036860326528,-0.03048218239815493,0.017651997427143122,0.024677036860326528,-0.019749788420305295,-0.028755147610561745,-0.20594984825657917,0.023493009907040313,0.024677036860326528,0.03297242619107642,0.016851921786110016,-0.04036231267811023,0.024738840318481017,-0.015833063299247385,-0.15926184212266434,0.004233469137164271,0.026878500439649258,0.1963123821236129,0.001219883466810363,-0.05728324138302321,0.021955078508844993,0.5821145077732012,-0.007469758150189362,0.0014657575549845358,0.024677036860326528,0.007263740068308889,0.006623622887778782,0.016851921786110016,0.018370462249292306,-0.03911500477465024,-0.02593082654993814,0.016851921786110016,0.11926334742237264,0.012025976310921978,0.03624068199473158,0.016851921786110016,-0.00832563639246371,0.040082257991509336,0.013729280215684533,0.003956405984201499,0.009730047412207687,0.024677036860326528,0.024677036860326528,0.01671510272481692,-0.01985522780903687,0.024677036860326528,-0.10488891817853048,-0.2821242520817813,-0.005422025598538174,0.016851921786110016,-0.4937905751992354,0.024677036860326528,0.024677036860326528,0.02047158785738494,-0.04911182082902374,0.024677036860326528,0.015184506778217326,0.024677036860326528,0.008174649350174217,0.024677036860326528,0.31510347840722025,0.04893861582219715,-0.15784149007162815,0.020106922863890854,-0.013013547646387385,-0.015245032705901652,0.024677036860326528,1.0,0.024677036860326535,0.024677036860326535,0.05027596531875239,-0.031296810954338276,0.024677036860326535,0.024677036860326535,0.03483700202090855,0.050789483496839566,0.01543554232057598,0.0657823543127946,0.006210486179026468,-0.031524799406493824,0.014302985987777746,0.016851921786110002,0.02473884031848102,0.024677036860326535,0.016851921786110002,-0.012547627235974908,0.011316177409752064,0.06307947763933215,0.04624627337733731,-0.003692858559371891,0.024677036860326535,0.013270142572551413,-0.01045205688508198,0.0622725502019264,0.024677036860326535,0.016851921786110002,0.02473884031848102,-0.6695791009764799,-0.0639317128564992,0.024677036860326535,0.024677036860326535,-0.06048964555497222,-0.015785476452652103,0.03752591526331418
R_Amp_V2_count,0.06790553019054868,0.06635620692543828,0.08412798070566742,0.05753756244508661,-0.12454477200861207,0.0594029700302421,1.0,0.06030097295452287,1.0,0.08694877189939479,0.0006781374378229809,-0.066933164095135,0.6030907885608209,0.9994987846918347,-0.02962778338620163,0.14645021619350912,0.01634824955591859,0.6030907885608209,1.0,-0.0434837277916442,0.9994987846918347,-0.11074052721407532,-0.0033555739384728846,-0.22564194835055415,1.0,0.05852663434844684,0.07142356221960652,0.06651173669590206,0.11070511110331886,0.9994987846918347,0.2645895148247621,0.042540327213869106,1.0,0.02719496936022419,0.9994987846918347,-0.10381214819349557,1.0,1.0,0.06040311428282507,0.9994987846918347,-0.05797562997878373,0.6030907885608209,1.0,-0.024378368328115203,-0.09658055144073321,1.0,0.047740946713889724,0.07247383517340018,0.9994987846918347,0.08035691536001432,0.05701357539313246,0.06783626809829328,0.08701024754836141,0.6030907885608209,-0.20873124555309838,1.0,0.06241736270266334,0.08514110638649797,1.0,0.03373417393427284,0.0011898091077743769,-0.0033522573349071215,0.9966467271835502,1.0,0.0542522717074805,0.6030907885608209,0.03972730404223333,0.9994987846918347,0.09881925658978595,0.004731921863014279,0.07632484279545824,-0.26047969033519186,-0.06775203001322647,0.06450516253592423,-0.22102121551804738,0.06747600248950882,0.03229128518730253,-0.15147426842969205,0.04765382712701119,1.0,0.07433555296553872,0.036565830845180274,0.6030907885608209,-0.2559634497368158,-0.04206583888464519,0.07666532684444045,0.6030907885608209,0.058555309877281254,0.08204063206753559,-0.03920219265428636,0.6030907885608209,0.03974315376385595,0.027345049395078338,0.1025097395241228,0.06465160773398797,0.08004652575198017,1.0,1.0,0.0731002759979911,-0.14700418951041028,1.0,-0.06375244003260759,-0.06536000809427163,0.024851504163041445,0.6030907885608209,-0.015672707470093857,1.0,1.0,-0.09408156646179826,-0.21992244647174078,1.0,0.0629076903135834,1.0,-0.21988242729667815,1.0,-0.03444595888885042,-0.0013867481471376247,-0.047564869912417165,0.06786615334111648,0.043485106950388555,-0.9276676623491349,1.0,0.024677036860326535,1.0,1.0,-0.07957618648362544,-0.11655597496988367,1.0,1.0,0.06050882561225699,0.17174128651198467,0.08950849724156083,0.07248997830240783,0.06390108411845473,0.097090976485365,0.08648351946438605,0.603090788560821,0.9994987846918347,1.0,0.603090788560821,0.10541790476646289,0.08082018374733482,-0.09890205189770786,0.06180580048944654,0.05992719128059247,1.0,0.016064666351403734,0.07741930716135245,0.1195936099325498,1.0,0.603090788560821,0.9994987846918347,-0.045964279141403996,-0.16027204272469744,1.0,1.0,-0.16333493014607456,0.0221107577873702,-0.05334602832310683
Q_Amp_aVL_count,0.06790553019054868,0.06635620692543828,0.08412798070566742,0.05753756244508661,-0.12454477200861207,0.0594029700302421,1.0,0.06030097295452287,1.0,0.08694877189939479,0.0006781374378229809,-0.066933164095135,0.6030907885608209,0.9994987846918347,-0.02962778338620163,0.14645021619350912,0.01634824955591859,0.6030907885608209,1.0,-0.0434837277916442,0.9994987846918347,-0.11074052721407532,-0.0033555739384728846,-0.22564194835055415,1.0,0.05852663434844684,0.07142356221960652,0.06651173669590206,0.11070511110331886,0.9994987846918347,0.2645895148247621,0.042540327213869106,1.0,0.02719496936022419,0.9994987846918347,-0.10381214819349557,1.0,1.0,0.06040311428282507,0.9994987846918347,-0.05797562997878373,0.6030907885608209,1.0,-0.024378368328115203,-0.09658055144073321,1.0,0.047740946713889724,0.07247383517340018,0.9994987846918347,0.08035691536001432,0.05701357539313246,0.06783626809829328,0.08701024754836141,0.6030907885608209,-0.20873124555309838,1.0,0.06241736270266334,0.08514110638649797,1.0,0.03373417393427284,0.0011898091077743769,-0.0033522573349071215,0.9966467271835502,1.0,0.0542522717074805,0.6030907885608209,0.03972730404223333,0.9994987846918347,0.09881925658978595,0.004731921863014279,0.07632484279545824,-0.26047969033519186,-0.06775203001322647,0.06450516253592423,-0.22102121551804738,0.06747600248950882,0.03229128518730253,-0.15147426842969205,0.04765382712701119,1.0,0.07433555296553872,0.036565830845180274,0.6030907885608209,-0.2559634497368158,-0.04206583888464519,0.07666532684444045,0.6030907885608209,0.058555309877281254,0.08204063206753559,-0.03920219265428636,0.6030907885608209,0.03974315376385595,0.027345049395078338,0.1025097395241228,0.06465160773398797,0.08004652575198017,1.0,1.0,0.0731002759979911,-0.14700418951041028,1.0,-0.06375244003260759,-0.06536000809427163,0.024851504163041445,0.6030907885608209,-0.015672707470093857,1.0,1.0,-0.09408156646179826,-0.21992244647174078,1.0,0.0629076903135834,1.0,-0.21988242729667815,1.0,-0.03444595888885042,-0.0013867481471376247,-0.047564869912417165,0.06786615334111648,0.043485106950388555,-0.9276676623491349,1.0,0.024677036860326535,1.0,1.0,-0.07957618648362544,-0.11655597496988367,1.0,1.0,0.06050882561225699,0.17174128651198467,0.08950849724156083,0.07248997830240783,0.06390108411845473,0.097090976485365,0.08648351946438605,0.603090788560821,0.9994987846918347,1.0,0.603090788560821,0.10541790476646289,0.08082018374733482,-0.09890205189770786,0.06180580048944654,0.05992719128059247,1.0,0.016064666351403734,0.07741930716135245,0.1195936099325498,1.0,0.603090788560821,0.9994987846918347,-0.045964279141403996,-0.16027204272469744,1.0,1.0,-0.16333493014607456,0.0221107577873702,-0.05334602832310683
R_Amp_V6,-0.02065607436501446,0.019134246047004325,-0.07337046552900899,-0.032785393757589154,-0.06878303293996514,0.0044083737375959,-0.07957618648362544,0.04576914505669275,-0.07957618648362544,-0.08373764608330425,-0.2954676887361449,-0.17306103850613636,-0.041310587908133,-0.07957618648362544,-0.14793466845933184,-0.07318832850008654,0.12655571475375427,-0.041310587908133,-0.07957618648362544,0.1632442237758612,-0.07957618648362544,-0.026639605579780658,0.26530056432251503,-0.07415561098363913,-0.07957618648362544,0.01030986413303139,-0.01771531071983496,0.006245895350234747,-0.5883761336175664,-0.07957618648362544,-0.006642161349772333,0.04884284148328757,-0.07957618648362544,-0.3457573928801856,-0.07957618648362544,0.09216234712141236,-0.07957618648362544,-0.07957618648362544,-0.0031164190365858065,-0.07957618648362544,-0.13032150119569902,-0.041310587908133,-0.07957618648362544,0.11035927854263286,0.07351930695733024,-0.07957618648362544,-0.0433583118587502,-0.0010998929258918013,-0.07957618648362544,-0.02978671259326154,-0.06554392589144502,-0.009908502807116843,0.01163024608648287,-0.041310587908133,0.015408703009771072,-0.07957618648362544,-0.11164138298683117,0.014928489781734678,-0.07957618648362544,0.053567463251299366,0.0338745971950746,-0.24488010439857474,-0.07918887437945758,-0.07957618648362544,-0.46866255363424036,-0.041310587908133,0.008750760384431608,-0.07957618648362544,-0.11370683451576105,0.10163061750086444,-0.0032974984101366866,0.09520149910230133,0.5543607571421314,-0.06013172725058327,-0.10180365340036356,-0.007727697032023506,-0.07951928897805736,0.02935397607667449,-0.0023910775132236985,-0.07957618648362544,0.023065023390802013,-0.014845106930937118,-0.041310587908133,0.05064735347393817,-0.10458399631362174,0.007435698283279286,-0.041310587908133,-0.024763169215391942,-0.01397613315141992,0.06083146094064122,-0.041310587908133,0.02679805687990718,0.12482672350592093,-0.03419164173054673,0.0035434027128357515,0.0015681365151414637,-0.07957618648362544,-0.07957618648362544,-0.000817785292719661,0.120863574396905,-0.07957618648362544,0.2505937776447651,0.28608566224051923,-0.08929054046974104,-0.041310587908133,-0.06636803346183762,-0.07957618648362544,-0.07957618648362544,0.7873715513100593,-0.09972745420576556,-0.07957618648362544,-0.05377575876601245,-0.07957618648362544,-0.013181056974240789,-0.07957618648362544,0.41124429618005015,0.003723839268027222,-0.11821432450085403,0.0020599249285620795,0.03847826555493509,0.08162086060064899,-0.07957618648362544,0.05027596531875239,-0.07957618648362544,-0.07957618648362544,1.0,0.39834932200081047,-0.07957618648362542,-0.07957618648362542,-0.0346403589195688,0.0843064940827015,-0.051841636385331256,-0.007606061325414608,0.016771420805221697,-0.13912273801797992,-0.015098228152945306,-0.041310587908132995,-0.07957618648362542,-0.07957618648362542,-0.041310587908132995,-0.020121628154047593,0.005237086473305459,0.09193210400746998,-0.014074930671392476,0.012867904628772606,-0.07957618648362542,-0.16391444318266388,-0.003850623415844605,0.051912740797864745,-0.07957618648362542,-0.041310587908132995,-0.07957618648362542,-0.08981772272076252,-0.04855100226413951,-0.07957618648362542,-0.07957618648362542,-0.11136119604117986,-0.03345084170448668,0.025067762800576533
R_Amp_V4,-0.07607460168033893,-0.0463307503934986,-0.08377439267875764,-0.07181553555113147,0.06656750587264638,-0.017223796223209572,-0.11655597496988367,-0.03951894138718899,-0.11655597496988367,-0.09730508063956025,0.02134721810061488,-0.3271081786242738,-0.07462765381767635,-0.11655597496988367,-0.19171607005709745,-0.12405360932129336,-0.02776818080495492,-0.07462765381767635,-0.11655597496988367,0.19184200930472425,-0.11655597496988367,0.08839171092192302,0.28436859065230646,-0.008929158086406288,-0.11655597496988367,-0.042245476910380914,-0.04708592748208573,-0.010243072708791013,-0.40810726371059314,-0.11655597496988367,-0.15797035887674984,0.00904801288808183,-0.11655597496988367,-0.4348662163641454,-0.11655597496988367,0.2014507566986573,-0.11655597496988367,-0.11655597496988367,-0.06175336033573693,-0.11655597496988367,-0.1566634042404476,-0.07462765381767635,-0.11655597496988367,0.13603927647782108,0.5897956932603964,-0.11655597496988367,-0.04471298076140615,-0.05332549380798611,-0.11655597496988367,-0.06499413242228902,-0.09875683976858997,-0.041273218334649205,-0.03771208771389097,-0.07462765381767635,0.11731502002064471,-0.11655597496988367,-0.14052810298437318,-0.0385884945013846,-0.11655597496988367,-0.019190495148076508,-0.01867382939699875,-0.28939061736619937,-0.1156865522691936,-0.11655597496988367,-0.37399362471770664,-0.07462765381767635,-0.03580789773435838,-0.11655597496988367,-0.12204232045706921,0.16872702939874687,-0.019099210757635564,-0.04271443611533504,0.46148828782071055,-0.11579182826701521,-0.01162799033459835,-0.033209879727813814,-0.15200757310662816,0.18872644597947427,-0.1422150858091927,-0.11655597496988367,-0.02103711936286,-0.04300171093627997,-0.07462765381767635,-0.09447258985142196,-0.05379451465705186,-0.054796560971273944,-0.07462765381767635,-0.08808082328871555,-0.04539667258699727,-0.030745993093443162,-0.07462765381767635,-0.019715273588097115,0.010905586181906811,-0.059135712787187274,-0.05359040154547852,-0.05492707327338332,-0.11655597496988367,-0.11655597496988367,-0.032121989450769,-0.009074883121838897,-0.11655597496988367,0.272990709789405,0.14636906798015203,-0.3066287949326376,-0.07462765381767635,-0.125382864052238,-0.11655597496988367,-0.11655597496988367,0.618966934181635,0.052944265522198865,-0.11655597496988367,-0.07068043402997475,-0.11655597496988367,-0.13359228295604764,-0.11655597496988367,0.3873013289657106,-0.15499664146980396,0.2675249045582344,-0.05030014089872786,-0.019601981992968247,0.09927628961227257,-0.11655597496988367,-0.031296810954338276,-0.11655597496988367,-0.11655597496988367,0.39834932200081047,1.0,-0.11655597496988367,-0.11655597496988367,-0.07132956735830075,-0.0831404528430472,-0.07839319471509906,-0.06455424306030584,-0.025321486620859906,-0.10601101190985288,-0.03160253102883329,-0.07462765381767635,-0.11655597496988367,-0.11655597496988367,-0.07462765381767635,-0.03368231915239441,-0.06210350348273029,0.16172856192717575,-0.03704340200829766,-0.025087291271810388,-0.11655597496988367,-0.6880280957711125,-0.03477490348053544,-0.11236303998096624,-0.11655597496988367,-0.07462765381767635,-0.11655597496988367,-0.07767229513052017,0.1701288102847575,-0.11655597496988367,-0.11655597496988367,-0.07749358860399957,-0.0807417279393137,-0.017501088246205703
R_Amp_aVR_count,0.06790553019054868,0.06635620692543828,0.08412798070566742,0.05753756244508661,-0.12454477200861207,0.0594029700302421,1.0,0.06030097295452287,1.0,0.08694877189939479,0.0006781374378229809,-0.066933164095135,0.6030907885608209,0.9994987846918347,-0.02962778338620163,0.14645021619350912,0.01634824955591859,0.6030907885608209,1.0,-0.0434837277916442,0.9994987846918347,-0.11074052721407532,-0.0033555739384728846,-0.22564194835055415,1.0,0.05852663434844684,0.07142356221960652,0.06651173669590206,0.11070511110331886,0.9994987846918347,0.2645895148247621,0.042540327213869106,1.0,0.02719496936022419,0.9994987846918347,-0.10381214819349557,1.0,1.0,0.06040311428282507,0.9994987846918347,-0.05797562997878373,0.6030907885608209,1.0,-0.024378368328115203,-0.09658055144073321,1.0,0.047740946713889724,0.07247383517340018,0.9994987846918347,0.08035691536001432,0.05701357539313246,0.06783626809829328,0.08701024754836141,0.6030907885608209,-0.20873124555309838,1.0,0.06241736270266334,0.08514110638649797,1.0,0.03373417393427284,0.0011898091077743769,-0.0033522573349071215,0.9966467271835502,1.0,0.0542522717074805,0.6030907885608209,0.03972730404223333,0.9994987846918347,0.09881925658978595,0.004731921863014279,0.07632484279545824,-0.26047969033519186,-0.06775203001322647,0.06450516253592423,-0.22102121551804738,0.06747600248950882,0.03229128518730253,-0.15147426842969205,0.04765382712701119,1.0,0.07433555296553872,0.036565830845180274,0.6030907885608209,-0.2559634497368158,-0.04206583888464519,0.07666532684444045,0.6030907885608209,0.058555309877281254,0.08204063206753559,-0.03920219265428636,0.6030907885608209,0.03974315376385595,0.027345049395078338,0.1025097395241228,0.06465160773398797,0.08004652575198017,1.0,1.0,0.0731002759979911,-0.14700418951041028,1.0,-0.06375244003260759,-0.06536000809427163,0.024851504163041445,0.6030907885608209,-0.015672707470093857,1.0,1.0,-0.09408156646179826,-0.21992244647174078,1.0,0.0629076903135834,1.0,-0.21988242729667815,1.0,-0.03444595888885042,-0.0013867481471376247,-0.047564869912417165,0.06786615334111648,0.043485106950388555,-0.9276676623491349,1.0,0.024677036860326535,1.0,1.0,-0.07957618648362542,-0.11655597496988367,1.0,1.0,0.06050882561225699,0.17174128651198467,0.08950849724156083,0.07248997830240783,0.06390108411845473,0.097090976485365,0.08648351946438605,0.603090788560821,0.9994987846918347,1.0,0.603090788560821,0.10541790476646289,0.08082018374733482,-0.09890205189770786,0.06180580048944654,0.05992719128059247,1.0,0.016064666351403734,0.07741930716135245,0.1195936099325498,1.0,0.603090788560821,0.9994987846918347,-0.045964279141403996,-0.16027204272469744,1.0,1.0,-0.16333493014607456,0.0221107577873702,-0.05334602832310683
Q_Amp_III_count,0.06790553019054868,0.06635620692543828,0.08412798070566742,0.05753756244508661,-0.12454477200861207,0.0594029700302421,1.0,0.06030097295452287,1.0,0.08694877189939479,0.0006781374378229809,-0.066933164095135,0.6030907885608209,0.9994987846918347,-0.02962778338620163,0.14645021619350912,0.01634824955591859,0.6030907885608209,1.0,-0.0434837277916442,0.9994987846918347,-0.11074052721407532,-0.0033555739384728846,-0.22564194835055415,1.0,0.05852663434844684,0.07142356221960652,0.06651173669590206,0.11070511110331886,0.9994987846918347,0.2645895148247621,0.042540327213869106,1.0,0.02719496936022419,0.9994987846918347,-0.10381214819349557,1.0,1.0,0.06040311428282507,0.9994987846918347,-0.05797562997878373,0.6030907885608209,1.0,-0.024378368328115203,-0.09658055144073321,1.0,0.047740946713889724,0.07247383517340018,0.9994987846918347,0.08035691536001432,0.05701357539313246,0.06783626809829328,0.08701024754836141,0.6030907885608209,-0.20873124555309838,1.0,0.06241736270266334,0.08514110638649797,1.0,0.03373417393427284,0.0011898091077743769,-0.0033522573349071215,0.9966467271835502,1.0,0.0542522717074805,0.6030907885608209,0.03972730404223333,0.9994987846918347,0.09881925658978595,0.004731921863014279,0.07632484279545824,-0.26047969033519186,-0.06775203001322647,0.06450516253592423,-0.22102121551804738,0.06747600248950882,0.03229128518730253,-0.15147426842969205,0.04765382712701119,1.0,0.07433555296553872,0.036565830845180274,0.6030907885608209,-0.2559634497368158,-0.04206583888464519,0.07666532684444045,0.6030907885608209,0.058555309877281254,0.08204063206753559,-0.03920219265428636,0.6030907885608209,0.03974315376385595,0.027345049395078338,0.1025097395241228,0.06465160773398797,0.08004652575198017,1.0,1.0,0.0731002759979911,-0.14700418951041028,1.0,-0.06375244003260759,-0.06536000809427163,0.024851504163041445,0.6030907885608209,-0.015672707470093857,1.0,1.0,-0.09408156646179826,-0.21992244647174078,1.0,0.0629076903135834,1.0,-0.21988242729667815,1.0,-0.03444595888885042,-0.0013867481471376247,-0.047564869912417165,0.06786615334111648,0.043485106950388555,-0.9276676623491349,1.0,0.024677036860326535,1.0,1.0,-0.07957618648362542,-0.11655597496988367,1.0,1.0,0.06050882561225699,0.17174128651198467,0.08950849724156083,0.07248997830240783,0.06390108411845473,0.097090976485365,0.08648351946438605,0.603090788560821,0.9994987846918347,1.0,0.603090788560821,0.10541790476646289,0.08082018374733482,-0.09890205189770786,0.06180580048944654,0.05992719128059247,1.0,0.016064666351403734,0.07741930716135245,0.1195936099325498,1.0,0.603090788560821,0.9994987846918347,-0.045964279141403996,-0.16027204272469744,1.0,1.0,-0.16333493014607456,0.0221107577873702,-0.05334602832310683
Q_Amp_aVF_iqr,0.29000388366749147,0.24451890446708655,0.07219173574224873,0.10511599561990288,0.039720448819524384,0.23146276666873083,0.06050882561225699,0.2288078348090489,0.06050882561225699,0.08020350808342104,-0.0199027973480266,0.11783931141544754,0.05017011784297683,0.060508799703227256,0.19538193378990365,0.09503537148728469,0.042153489432663394,0.05017011784297683,0.06050882561225699,-0.0200915392526626,0.060508799703227256,-0.005690366303684421,-0.0835966128169505,0.01059774497403394,0.06050882561225699,0.24434012208131928,0.6155965225491767,0.09872267123696106,-0.01800810996345737,0.060508799703227256,0.062438944719689096,0.2376671473438074,0.06050882561225699,0.06117780886259996,0.060508799703227256,-0.11941928303251007,0.06050882561225699,0.06050882561225699,0.21062400677247506,0.060508799703227256,0.05665712585836183,0.05017011784297683,0.06050882561225699,-0.01352987931001459,-0.05603942588057353,0.06050882561225699,0.43611859516780394,0.2176155810611214,0.060508799703227256,0.19475071424287874,0.052655013179700894,0.20762756546824387,0.5328448212907317,0.05017011784297683,-0.017433848520596328,0.06050882561225699,0.12359762448243355,0.2096964978543305,0.06050882561225699,0.4484172218960141,-0.05497903278076497,0.1308642731050094,0.06035433862921519,0.06050882561225699,0.0642494504830358,0.05017011784297683,0.3947613780941435,0.060508799703227256,0.09378867634949593,-0.06458057020352667,0.25003302241136227,-0.04167822505075434,-0.07933216354532222,0.09854797961120336,0.02244577012455684,0.638393111260648,0.05942299541566256,-0.028390043394393195,0.28152295839976976,0.06050882561225699,0.18474746830715352,0.5053903401677385,0.05017011784297683,-0.011910219214545775,0.1044174056097455,0.22988628063241046,0.05017011784297683,0.4975026329284129,0.31956742721639164,0.038449656715082645,0.05017011784297683,0.5535503217026513,0.022151272671643154,0.5131901305442504,0.1989162542907878,0.25087223791220387,0.06050882561225699,0.06050882561225699,0.6162930295329108,-0.0470042830532591,0.06050882561225699,-0.05746643507184222,0.024724908074742084,-0.01695953769744187,0.05017011784297683,0.03753032488252673,0.06050882561225699,0.06050882561225699,-0.06691737441308736,0.01869326223030208,0.06050882561225699,0.69975913606848,0.06050882561225699,0.014181662761265704,0.06050882561225699,-0.11002821211442579,0.015600011601932955,-0.01905003823891514,0.23724608777426737,0.5155970941296599,-0.057671384025809666,0.06050882561225699,0.03483700202090855,0.06050882561225699,0.06050882561225699,-0.0346403589195688,-0.07132956735830075,0.06050882561225699,0.06050882561225699,1.0,-0.0035001485986922896,0.08048998626432509,0.7157116697152262,0.25348887491589006,0.07621781485519814,0.4977008035744354,0.05017011784297683,0.060508799703227256,0.06050882561225699,0.05017011784297683,0.07692863691442733,0.24099491950047788,-0.05862093673908894,0.07055285288253049,0.19070852056544105,0.06050882561225699,0.04711859872086661,0.1748309099082802,0.04175423001587085,0.06050882561225699,0.05017011784297683,0.060508799703227256,0.01710294475813316,-0.030527973809055503,0.06050882561225699,0.06050882561225699,0.05611932243968703,0.14044456243974326,0.11181613418696809
ST_Elev_aVR,0.021667744693994163,0.014178582451401205,0.08329603557658632,0.07457694012931973,-0.26797443339030613,0.020869291900863125,0.17174128651198467,0.04307725537842555,0.17174128651198467,0.13157410126628288,-0.22427341078993282,0.18882180693437342,0.17174128651198467,0.17174128651198467,0.054500704398316155,0.07767761126838808,-0.05587925356395499,0.17174128651198467,0.17174128651198467,-0.04665345960007819,0.17174128651198467,-0.3287804359248023,-0.09760327087708831,-0.49524950570785936,0.17174128651198467,0.004015670709457909,-0.004906561177053908,0.042422779804037386,-0.07547344471417922,0.17174128651198467,0.35816532803264883,0.03741970101795165,0.17174128651198467,0.08086228514505439,0.17174128651198467,-0.22794214002492416,0.17174128651198467,0.17174128651198467,0.02025930964518758,0.17174128651198467,-0.01419649258505411,0.17174128651198467,0.17174128651198467,-0.016010020797743846,-0.13439334664951202,0.17174128651198467,-0.012862753797466061,0.017061770547871082,0.17174128651198467,0.031792066207909385,0.0981939917289248,0.0023221343994470787,0.0003140822184076672,0.17174128651198467,-0.5309146784574559,0.17174128651198467,0.04492455008164454,0.021299066892767664,0.17174128651198467,0.03150376308666669,-0.07576882206290496,0.06367406809970061,0.1698520268196127,0.17174128651198467,0.11115286341181678,0.17174128651198467,0.0057771290373108365,0.17174128651198467,0.0916671932307435,-0.12023900523312132,0.013968050886964295,-0.06902608175442984,-0.004921060412077881,0.13226982370402332,-0.5499978816004533,-0.016132696297643204,0.07931590155645792,-0.35551770363739843,0.024657205803950966,0.17174128651198467,0.010598487069622124,0.008475016170905706,0.17174128651198467,-0.1517014981725727,-0.1389201272069238,0.022244825736693775,0.17174128651198467,0.027411044433772066,0.01520378773217127,-0.19110871701137797,0.17174128651198467,0.018495941784432597,0.03042746960744642,0.001314737003001955,0.018724029157053353,0.01845261003689136,0.17174128651198467,0.17174128651198467,-0.011941436189738088,0.17179780700742325,0.17174128651198467,-0.08599390871729475,0.12525007830997875,-0.0009681907027934258,0.17174128651198467,0.12037051972874574,0.17174128651198467,0.17174128651198467,0.0506124423241172,-0.5401824665675833,0.17174128651198467,0.0010338143465444367,0.17174128651198467,-0.3205946741749497,0.17174128651198467,-0.061559446096154206,0.04145613933407191,-0.14274705665950352,0.02608995567526692,0.03021239047488634,-0.18375113876243693,0.17174128651198467,0.050789483496839566,0.17174128651198467,0.17174128651198467,0.0843064940827015,-0.0831404528430472,0.17174128651198467,0.17174128651198467,-0.0035001485986922896,1.0,0.061886175045750516,0.019184720893396002,0.04224642933576529,0.08286104070897725,-0.007864570031391321,0.17174128651198473,0.17174128651198473,0.17174128651198473,0.17174128651198473,-0.03325381062740836,0.02158208678878427,-0.2887559887889671,0.061289680392123964,0.0056777865983578145,0.17174128651198473,0.07829587066256623,0.011720656997109382,0.2674549627176742,0.17174128651198473,0.17174128651198473,0.17174128651198473,0.0026094309309732306,-0.3668489993658532,0.17174128651198473,0.17174128651198473,-0.30519049699584594,0.08336648149851653,0.04936570612281312
ST_Elev_V2_iqr,0.07254862029349884,0.09108435100087667,0.35708836311507897,0.13861092837199085,-0.11075756400338839,0.12226830516523766,0.08950849724156083,0.11247775484263933,0.08950849724156083,0.22203032190267463,0.12036629484613076,0.027309225652897933,0.08950849724156083,0.08950849724156083,0.03569947061322694,0.15517638286363578,-0.22086699864209217,0.08950849724156083,0.08950849724156083,-0.05306068835011295,0.08950849724156083,-0.10123659910173068,-0.02492486520569805,-0.07968262826352802,0.08950849724156083,0.18565215441064864,0.10666706767356064,0.11658342932391771,0.07507114709224788,0.08950849724156083,0.12053362256423768,0.1039503780353446,0.08950849724156083,0.06829927452611682,0.08950849724156083,-0.04980476591679963,0.08950849724156083,0.08950849724156083,0.07747754989457424,0.08950849724156083,0.008241467568095084,0.08950849724156083,0.08950849724156083,-0.02195990960520931,-0.02377773215893118,0.08950849724156083,0.11113277067927448,0.182025617189026,0.08950849724156083,0.07115316697078941,0.14006533270734717,0.07009103120999614,0.11460267911066409,0.08950849724156083,-0.04550810831506839,0.08950849724156083,-0.018851737902943137,0.10701962636270498,0.08950849724156083,0.10922857944360659,0.045042750987215795,0.06213852418669055,0.08577717078356314,0.08950849724156083,0.06911629108470217,0.08950849724156083,0.10330723895373066,0.08950849724156083,0.160575556597296,0.025129616322071297,0.16893757122546443,-0.1734370560710512,-0.06993025594552388,0.16860023182744582,-0.06288471543214104,0.1060584164952416,0.0572949697751508,-0.08933204037832912,0.0765642122436275,0.08950849724156083,0.08091270647870392,0.11928278300933853,0.08950849724156083,-0.1406787707368377,-0.07493523196140021,0.10830173721063574,0.08950849724156083,0.07883259314380571,0.09804206876822266,-0.1600139646276783,0.08950849724156083,0.128340676780774,-0.2796980233365007,0.08808627806141119,0.07128303066241035,0.09587361546312448,0.08950849724156083,0.08950849724156083,0.10373316533399767,-0.15559993839166084,0.08950849724156083,-0.0807928012066321,-0.045204314322214646,0.06963070434318329,0.08950849724156083,-0.0030552361769050898,0.08950849724156083,0.08950849724156083,-0.06687097150091996,-0.05854402613679944,0.08950849724156083,0.08993400951650107,0.08950849724156083,-0.11447357174490294,0.08950849724156083,-0.04904904958037123,0.03365057234263917,0.07840140078880752,0.1980059462842691,0.12052085122670714,-0.08819939189321055,0.08950849724156083,0.01543554232057598,0.08950849724156083,0.08950849724156083,-0.051841636385331256,-0.07839319471509906,0.08950849724156083,0.08950849724156083,0.08048998626432509,0.061886175045750516,1.0,0.07825261464786784,0.13890309239540644,0.16505311961870883,0.11011632646756865,0.0895084972415608,0.0895084972415608,0.0895084972415608,0.0895084972415608,0.13178855578069554,0.12597535345614388,-0.03192817473190055,0.1298788786966898,0.07637225416676116,0.0895084972415608,0.07670051326448196,0.07285428860739993,-0.13040329806685216,0.0895084972415608,0.0895084972415608,0.0895084972415608,0.011399846127134298,-0.07444672848588242,0.0895084972415608,0.0895084972415608,-0.03759159841122261,0.10184891365085418,0.14954675647815902
Q_Amp_III_iqr,0.3440712601578253,0.26720770417345696,0.07973643080743059,0.09965169702261613,0.030990713930223412,0.23053574633201276,0.07248997830240783,0.19246392247109037,0.07248997830240783,0.0839025349474598,-0.05622340999215729,0.12870084086390698,0.052356873815606095,0.07250216892814063,0.10638872789555937,0.09241803380830545,0.052629902760505484,0.052356873815606095,0.07248997830240783,-0.0163262768348611,0.07250216892814063,-0.016698165171799204,-0.05419919240025379,-0.012581618707167189,0.07248997830240783,0.2530781582898469,0.5406977912167367,0.10626652664522444,-0.009259318501181092,0.07250216892814063,0.06818105426220869,0.23206817548505432,0.07248997830240783,0.056398523964415935,0.07250216892814063,-0.14040828716748635,0.07248997830240783,0.07248997830240783,0.22030314547780497,0.07250216892814063,0.04468129574376677,0.052356873815606095,0.07248997830240783,-0.01961040197249961,-0.06628456692376818,0.07248997830240783,0.3505440634045434,0.23348126370797517,0.07250216892814063,0.20505418636396414,0.053615514239541584,0.21577717328613025,0.5939490099505611,0.052356873815606095,-0.03249230576665341,0.07248997830240783,0.140156408029295,0.2287161140098369,0.07248997830240783,0.44978533584839014,-0.0698738396137232,0.08898864723909494,0.07228492318330255,0.07248997830240783,0.09357149044859005,0.052356873815606095,0.36505856246283536,0.07250216892814063,0.08161109757095719,-0.1147247784072805,0.2558488600704897,-0.03378131141988394,-0.04805034796015088,0.08541781478932622,0.0014334479748751017,0.6115453812412782,0.077349522637011,-0.059585556573040745,0.28271620562792416,0.07248997830240783,0.1918574083511376,0.38372430388909856,0.052356873815606095,-0.015962510703930625,0.09494994794827069,0.2333587021580472,0.052356873815606095,0.6321874991324613,0.3745621540442453,0.0377233984585063,0.052356873815606095,0.4595013899617114,0.05032867740915566,0.43588269855371364,0.21821922844552685,0.2505794790691243,0.07248997830240783,0.07248997830240783,0.6290192475921993,-0.023591590017001084,0.07248997830240783,-0.04619956397560938,0.007059714532721629,-0.032425999515988894,0.052356873815606095,0.02451973565621248,0.07248997830240783,0.07248997830240783,-0.04995376881158477,-0.007949342781089429,0.07248997830240783,0.5269954864022253,0.07248997830240783,3.7168646828521145e-05,0.07248997830240783,-0.05700728642702812,0.0072657647571089615,-0.0558879619764993,0.22921945291270326,0.49510278693823456,-0.07092516575048106,0.07248997830240783,0.0657823543127946,0.07248997830240783,0.07248997830240783,-0.007606061325414608,-0.06455424306030584,0.07248997830240783,0.07248997830240783,0.7157116697152262,0.019184720893396002,0.07825261464786784,1.0,0.2548329332475534,0.06908271043664482,0.433517889533624,0.05235687381560609,0.07250216892814065,0.07248997830240787,0.05235687381560609,0.0699351683309741,0.26700725057521096,-0.05237542158475496,0.0752879218191816,0.19464180448283783,0.07248997830240787,0.01955151834844779,0.18368573202877705,0.08500387204860461,0.07248997830240787,0.05235687381560609,0.07250216892814065,-0.008683121734915086,-0.04740304690513951,0.07248997830240787,0.07248997830240787,0.03883686219800562,0.12206834804989904,0.11084725162727822
R_Amp_V3_iqr,0.17229125897546085,0.326921495603995,0.1821097927793281,0.09680544269849407,-0.06402589538142212,0.4553287080246612,0.06390108411845473,0.3263769193036349,0.06390108411845473,0.13014732702440085,-0.022178797351330763,0.07598945474184703,0.04288563015703014,0.06372031757020583,0.0575451294997846,0.10857699050468128,-0.024634634763055215,0.04288563015703014,0.06390108411845473,-0.028408045056745542,0.06372031757020583,-0.04980257152048507,-0.04419926640326731,-0.027138570938913316,0.06390108411845473,0.422181759993828,0.30877464773068797,0.06924313638762268,-0.0017376874986083973,0.06372031757020583,0.10160916402779281,0.4906500942596736,0.06390108411845473,0.03596950402473083,0.06372031757020583,-0.06268068143353647,0.06390108411845473,0.06390108411845473,0.19936052454343914,0.06372031757020583,0.035229543618381425,0.04288563015703014,0.06390108411845473,-0.02026556534735653,-0.0277099179514691,0.06390108411845473,0.3672933692809605,0.3300315561031533,0.06372031757020583,0.1787379557676785,0.07039768934524146,0.18594181832232898,0.3168242571843141,0.04288563015703014,-0.044864738373013156,0.06390108411845473,0.027046301736387637,0.6094336547739522,0.06390108411845473,0.4239627696606053,-0.022390423363903025,0.06266529253874836,0.0635261846295198,0.06390108411845473,0.057968260041559264,0.04288563015703014,0.3599991995003707,0.06372031757020583,0.11809700739070601,-0.02495593667926913,0.3193131823802434,-0.02767213656919522,-0.03856375612500519,0.10483397027468748,-0.018533729714249842,0.3297939157060877,0.039487580654836485,-0.07961970891505643,0.32210208836530724,0.06390108411845473,0.1919854248420323,0.4508088488782153,0.04288563015703014,-0.030402954749924153,-0.022365604239875325,0.30443007811661926,0.04288563015703014,0.21600136186971644,0.2185732349435753,-0.0071018544028879195,0.04288563015703014,0.4952579615371634,-0.005125682321759604,0.25375761291616344,0.21842515147253863,0.6377662099678764,0.06390108411845473,0.06390108411845473,0.3233506242804368,-0.0016492354805387399,0.06390108411845473,-0.0590335822108316,0.021354246459233582,-0.019363874052197024,0.04288563015703014,0.0302642569521866,0.06390108411845473,0.06390108411845473,0.009909325037578383,-0.03945934001171392,0.06390108411845473,0.2651681989022648,0.06390108411845473,-0.007402605836344019,0.06390108411845473,-0.04349714452797205,0.0004243675532515862,-0.011495184782547742,0.65468807222453,0.4682454371805649,-0.07109190263052043,0.06390108411845473,0.006210486179026468,0.06390108411845473,0.06390108411845473,0.016771420805221697,-0.025321486620859906,0.06390108411845473,0.06390108411845473,0.25348887491589006,0.04224642933576529,0.13890309239540644,0.2548329332475534,1.0,0.09302093660332243,0.2683059866968346,0.04288563015703015,0.06372031757020581,0.06390108411845472,0.04288563015703015,0.10852147333930709,0.6504450834858514,-0.05098815678180938,0.07583546480646419,0.23240691415972914,0.06390108411845472,0.03956057099023527,0.16060715399356737,0.04759520219879717,0.06390108411845472,0.04288563015703015,0.06372031757020581,0.023662310629969555,-0.06664234008336599,0.06390108411845472,0.06390108411845472,0.012899205408967761,0.2289822298672399,0.2975375255139493
ST_Elev_V6_iqr,0.07835722143701225,0.10576110822128429,0.19287644055096037,0.21789491354936108,-0.25024632731814733,0.10971348153600119,0.097090976485365,0.1306511633141183,0.097090976485365,0.29219612849748794,0.0038633766457373186,0.09299639398589182,0.097090976485365,0.097090976485365,0.07929532570652,0.31935467440922083,-0.1726553855599114,0.097090976485365,0.097090976485365,-0.04172148212093459,0.097090976485365,-0.25187552398835134,-0.12048967049563013,-0.09031675878480758,0.097090976485365,0.09158720573489973,0.09350960748951959,0.11540411441841343,0.08642518261183042,0.097090976485365,0.2854250276573523,0.10465041321390711,0.097090976485365,0.11319935637299791,0.097090976485365,-0.11303970412759454,0.097090976485365,0.097090976485365,0.1300990349413303,0.097090976485365,0.03674618919098103,0.097090976485365,0.097090976485365,-0.04156761616458248,-0.04805430048532971,0.097090976485365,0.08845752918523589,0.10128517633974111,0.097090976485365,0.26429839661809723,0.2772825213128533,0.09129897643485793,0.09979688039093478,0.097090976485365,-0.09313627757729744,0.097090976485365,-0.03404723329449956,0.10296524248006908,0.097090976485365,0.10111088927442234,-0.0020883437241682457,0.09676299149755806,0.0940153081351295,0.097090976485365,0.09720381565658683,0.097090976485365,0.09260373230913187,0.097090976485365,0.4708340486246971,0.011066794599183664,0.10428876343081268,-0.04085354544111261,-0.13209462756387194,0.30779148837427944,-0.08053871229756476,0.0891615732793385,0.0354139404485734,-0.22223927116162187,0.10809517359858178,0.097090976485365,0.13153473285337952,0.10115440210956086,0.097090976485365,-0.04139137208642268,-0.15518563397833243,0.2617071244498477,0.097090976485365,0.06689937155878767,0.10111077827537251,-0.22571608996245782,0.097090976485365,0.11016870241637254,-0.11859730431144737,0.08117663116015846,0.1012256288687857,0.10064515648963829,0.097090976485365,0.097090976485365,0.09969263858233546,-0.001484854364241984,0.097090976485365,-0.10089316716788083,0.016669778059063035,0.06408022901085227,0.097090976485365,0.0936806923038521,0.097090976485365,0.097090976485365,-0.12781063065519432,-0.08698169940404703,0.097090976485365,0.08421848645645419,0.097090976485365,-0.05088015783021942,0.097090976485365,-0.13157104777061474,0.030274663002979423,0.029259341517479824,0.0957979410884742,0.10511981160827466,-0.08152202248918582,0.097090976485365,-0.031524799406493824,0.097090976485365,0.097090976485365,-0.13912273801797992,-0.10601101190985288,0.097090976485365,0.097090976485365,0.07621781485519814,0.08286104070897725,0.16505311961870883,0.06908271043664482,0.09302093660332243,1.0,0.10864847425165539,0.09709097648536504,0.09709097648536504,0.09709097648536504,0.09709097648536504,0.1266865922122412,0.09308418180984034,-0.09239633154989355,0.1352867859757346,0.09291293816177018,0.09709097648536504,0.09650385749454327,0.28481452700486964,0.05013702016457445,0.09709097648536504,0.09709097648536504,0.09709097648536504,0.062037285359528044,-0.2741021358873957,0.09709097648536504,0.09709097648536504,-0.047434830763429185,0.10351204940798629,0.08390203247511352
T_Amp_aVR_iqr,0.41361427421815716,0.2844902163059355,0.11351892018336017,0.1232516254011866,-0.034952884296627955,0.25979090999862403,0.08648351946438605,0.24493752158753992,0.08648351946438605,0.12012226867879346,0.031886960309410455,0.02923430403739563,0.07409911655753261,0.08642329787604879,0.05702711793156416,0.15373911561222112,-0.049511980608442314,0.07409911655753261,0.08648351946438605,-0.023179732785241547,0.08642329787604879,-0.005958082972506932,-0.0024456358875396722,-0.008360537397528829,0.08648351946438605,0.29183411091322364,0.7398596121139575,0.10264447015994681,-0.014682874937459458,0.08642329787604879,0.06003182273838403,0.21686114744804091,0.08648351946438605,0.0391182582966511,0.08642329787604879,-0.019505302182083694,0.08648351946438605,0.08648351946438605,0.21097204101442554,0.08642329787604879,0.01568519194416227,0.07409911655753261,0.08648351946438605,-0.027351295316060887,0.0003377702538531496,0.08648351946438605,0.5127918567071601,0.2442515685477593,0.08642329787604879,0.1961842650803094,0.08648704703079771,0.21948875215230146,0.5779580616984501,0.07409911655753261,-0.01726670591686271,0.08648351946438605,-0.0076584638763665955,0.2644239109700264,0.08648351946438605,0.40220471617162573,0.0010181467243799685,0.059151149512884395,0.08504052657168056,0.08648351946438605,0.0504621129167427,0.07409911655753261,0.42493867140804364,0.08642329787604879,0.1235455176676675,0.012708812805385659,0.24080241906244718,-0.058880636291000876,-0.01403890276461943,0.12980451276401664,-0.009650363045055713,0.6256126114845717,0.03832268116546819,-0.018348522579206474,0.26222463340366914,0.08648351946438605,0.24964483444995408,0.46728595701917147,0.07409911655753261,-0.054197349295230096,-0.03293331149447477,0.26191061011646866,0.07409911655753261,0.4125499017803049,0.6338166656943551,-0.017047247450532002,0.07409911655753261,0.46388810877423736,-0.05094040979400195,0.639316359381597,0.23687155969200815,0.24518773679208605,0.08648351946438605,0.08648351946438605,0.5366098551812427,-0.06262888547379039,0.08648351946438605,-0.0401961184874322,0.0003078953765533247,0.005475886152689438,0.07409911655753261,-0.006218397119803875,0.08648351946438605,0.08648351946438605,-0.04409348411060187,-0.0018451474286198687,0.08648351946438605,0.5564357673000897,0.08648351946438605,-0.02747326336880204,0.08648351946438605,-0.01245795355583694,-0.007368992987261165,0.03218005433602292,0.26697841182111876,0.4221894814699695,-0.07883760949180649,0.08648351946438605,0.014302985987777746,0.08648351946438605,0.08648351946438605,-0.015098228152945306,-0.03160253102883329,0.08648351946438605,0.08648351946438605,0.4977008035744354,-0.007864570031391321,0.11011632646756865,0.433517889533624,0.2683059866968346,0.10864847425165539,1.0,0.07409911655753262,0.08642329787604877,0.08648351946438604,0.07409911655753262,0.09765912651634812,0.31420307735388225,-0.023463738592746756,0.0849063203395967,0.2507564724931146,0.08648351946438604,0.015068961658151863,0.22266729576482175,-0.02998397956202719,0.08648351946438604,0.07409911655753262,0.08642329787604877,0.0031895201136785513,-0.00848000050390525,0.08648351946438604,0.08648351946438604,0.004206642767084604,0.15885643128556598,0.15733264665824628
ST_Elev_aVL_count,0.05552388725672591,0.05785452866097813,0.08412798070566742,0.05753756244508661,-0.06997528368534667,0.04863448764480071,0.603090788560821,0.03438096981743862,0.603090788560821,0.08694877189939479,-0.0075423034180836296,-0.017006669088468585,1.0,0.6032606536379885,-0.006277884862554391,0.14645021619350912,0.02413677421372082,1.0,0.603090788560821,-0.028785883139884966,0.6032606536379885,-0.06698045225821188,-0.0219728304644547,-0.22564194835055415,0.603090788560821,0.04980532332051859,0.06199831794203382,0.06651173669590206,0.06286628375905791,0.6032606536379885,0.15958025955028005,0.03761675913204401,0.603090788560821,0.022836653645909696,0.6032606536379885,-0.0735898860742893,0.603090788560821,0.603090788560821,0.03296560175869313,0.6032606536379885,-0.05797562997878373,1.0,0.603090788560821,-0.014001128519824954,-0.061538759591211876,0.603090788560821,0.03292551726906371,0.061619650505808046,0.6032606536379885,0.049625147526543734,0.05701357539313246,0.05746024539480962,0.06480786391104332,1.0,-0.20873124555309838,0.603090788560821,0.047055135334825186,0.07042262449848506,0.603090788560821,0.02887533184786343,-0.0021770642006239643,0.00983748723428904,0.6006906515732922,0.603090788560821,0.034497971397104935,1.0,0.02998558321491977,0.6032606536379885,0.09881925658978595,0.0010140402694029892,0.06001152216915461,-0.26047969033519186,-0.05308193819611098,0.06450516253592423,-0.22102121551804738,0.05438331831495546,0.021669284031175767,-0.09441538334073056,0.03695628496414989,0.603090788560821,0.04738287559329842,0.030684688562610786,1.0,-0.2559634497368158,-0.013479136852329382,0.04495140364940447,1.0,0.045321139177551116,0.06873540865218669,-0.01142323369699784,1.0,0.028946004403353286,0.02698926370505424,0.08594266365133525,0.052883789661587716,0.06448899540664517,0.603090788560821,0.603090788560821,0.056255619944319046,-0.14700418951041028,0.603090788560821,-0.04238722011061446,-0.023881322309978525,0.0066733194031558096,1.0,0.009374181789287546,0.603090788560821,0.603090788560821,-0.047580548885832075,-0.21992244647174078,0.603090788560821,0.05922969297058081,0.603090788560821,-0.21988242729667815,0.603090788560821,-0.040642514225764446,0.0034307676243311267,-0.02901189262564357,0.04736020392897645,0.03560636553275543,-0.5521613041619947,0.603090788560821,0.016851921786110002,0.603090788560821,0.603090788560821,-0.041310587908132995,-0.07462765381767635,0.603090788560821,0.603090788560821,0.05017011784297683,0.17174128651198473,0.0895084972415608,0.05235687381560609,0.04288563015703015,0.09709097648536504,0.07409911655753262,1.0,0.6032606536379885,0.6030907885608209,1.0,0.10541790476646289,0.06296279453136,-0.09890205189770786,0.06180580048944654,0.05545197100423101,0.6030907885608209,0.01952533143290476,0.04513895811952199,0.08387336981175895,0.6030907885608209,1.0,0.6032606536379885,-0.027047124614756654,-0.09898077475900603,0.6030907885608209,0.6030907885608209,-0.16333493014607456,0.02608058310188458,-0.028418246069887482
Q_Amp_V6_count,0.06789842659816078,0.06635620692543828,0.08412798070566742,0.05753756244508661,-0.12460185981446203,0.0593921616787107,0.9994987846918347,0.06030097295452287,0.9994987846918347,0.08694877189939479,0.0005170202540875773,-0.06700482822368825,0.6032606536379885,1.0,-0.029548662841467743,0.14645021619350912,0.016601151978123323,0.6032606536379885,0.9994987846918347,-0.043478972383214555,1.0,-0.11074052721407532,-0.003422854194407866,-0.22564194835055415,0.9994987846918347,0.05846065312406245,0.07136937709476711,0.06651173669590206,0.11055465282381699,1.0,0.264631431625214,0.042540327213869106,0.9994987846918347,0.02719496936022419,1.0,-0.10391057732172887,0.9994987846918347,0.9994987846918347,0.06040311428282507,1.0,-0.05797562997878373,0.6032606536379885,0.9994987846918347,-0.02434788169299454,-0.09658878792786865,0.9994987846918347,0.04774897673892618,0.07242050483039149,1.0,0.08035691536001432,0.05701357539313246,0.06779554275923795,0.0869336819114692,0.6032606536379885,-0.20873124555309838,0.9994987846918347,0.06248287484137005,0.08495545402851871,0.9994987846918347,0.03377781755289672,0.0011367155409585691,-0.0032964710294762665,0.9961429333636146,0.9994987846918347,0.0542522717074805,0.6032606536379885,0.0398115375634858,1.0,0.09881925658978595,0.004676745564148953,0.07630968930981549,-0.26047969033519186,-0.06768131271753909,0.06450516253592423,-0.22102121551804738,0.06748730514024696,0.03232886096602493,-0.15159858356067468,0.04765382712701119,0.9994987846918347,0.07433555296553872,0.036555164934156247,0.6032606536379885,-0.2559634497368158,-0.042099255911570495,0.07666532684444045,0.6032606536379885,0.058510112194826,0.08203252069696249,-0.03920219265428636,0.6032606536379885,0.03981378192459295,0.02738865173753831,0.10247007163278546,0.06458784628261781,0.07992121231812876,0.9994987846918347,0.9994987846918347,0.07310009217606515,-0.14700418951041028,0.9994987846918347,-0.06379123266296914,-0.06524784019247389,0.0246833505362022,0.6032606536379885,-0.015634083695821872,0.9994987846918347,0.9994987846918347,-0.09408156646179826,-0.21992244647174078,0.9994987846918347,0.0628838865524719,0.9994987846918347,-0.21988242729667815,0.9994987846918347,-0.03445056658949499,-0.0012995845967692687,-0.04762289740407307,0.06780155676637953,0.04349981017165433,-0.9271618506868923,0.9994987846918347,0.02473884031848102,0.9994987846918347,0.9994987846918347,-0.07957618648362542,-0.11655597496988367,0.9994987846918347,0.9994987846918347,0.060508799703227256,0.17174128651198473,0.0895084972415608,0.07250216892814065,0.06372031757020581,0.09709097648536504,0.08642329787604877,0.6032606536379885,1.0,0.9994987846918347,0.6032606536379885,0.10541790476646289,0.07964680794869936,-0.09890205189770786,0.06180580048944654,0.05987968311915117,0.9994987846918347,0.016064666351403734,0.07741930716135245,0.11967227109566107,0.9994987846918347,0.6032606536379885,1.0,-0.04589316735717042,-0.16027204272469744,0.9994987846918347,0.9994987846918347,-0.16333493014607456,0.021811918120766476,-0.05333845773569821
T_Amp_aVL_count,0.06790553019054868,0.06635620692543828,0.08412798070566742,0.05753756244508661,-0.12454477200861207,0.0594029700302421,1.0,0.06030097295452287,1.0,0.08694877189939479,0.0006781374378229809,-0.066933164095135,0.6030907885608209,0.9994987846918347,-0.02962778338620163,0.14645021619350912,0.01634824955591859,0.6030907885608209,1.0,-0.0434837277916442,0.9994987846918347,-0.11074052721407532,-0.0033555739384728846,-0.22564194835055415,1.0,0.05852663434844684,0.07142356221960652,0.06651173669590206,0.11070511110331886,0.9994987846918347,0.2645895148247621,0.042540327213869106,1.0,0.02719496936022419,0.9994987846918347,-0.10381214819349557,1.0,1.0,0.06040311428282507,0.9994987846918347,-0.05797562997878373,0.6030907885608209,1.0,-0.024378368328115203,-0.09658055144073321,1.0,0.047740946713889724,0.07247383517340018,0.9994987846918347,0.08035691536001432,0.05701357539313246,0.06783626809829328,0.08701024754836141,0.6030907885608209,-0.20873124555309838,1.0,0.06241736270266334,0.08514110638649797,1.0,0.03373417393427284,0.0011898091077743769,-0.0033522573349071215,0.9966467271835502,1.0,0.0542522717074805,0.6030907885608209,0.03972730404223333,0.9994987846918347,0.09881925658978595,0.004731921863014279,0.07632484279545824,-0.26047969033519186,-0.06775203001322647,0.06450516253592423,-0.22102121551804738,0.06747600248950882,0.03229128518730253,-0.15147426842969205,0.04765382712701119,1.0,0.07433555296553872,0.036565830845180274,0.6030907885608209,-0.2559634497368158,-0.04206583888464519,0.07666532684444045,0.6030907885608209,0.058555309877281254,0.08204063206753559,-0.03920219265428636,0.6030907885608209,0.03974315376385595,0.027345049395078338,0.1025097395241228,0.06465160773398797,0.08004652575198017,1.0,1.0,0.0731002759979911,-0.14700418951041028,1.0,-0.06375244003260759,-0.06536000809427163,0.024851504163041445,0.6030907885608209,-0.015672707470093857,1.0,1.0,-0.09408156646179826,-0.21992244647174078,1.0,0.0629076903135834,1.0,-0.21988242729667815,1.0,-0.03444595888885042,-0.0013867481471376247,-0.047564869912417165,0.06786615334111648,0.043485106950388555,-0.9276676623491349,1.0,0.024677036860326535,1.0,1.0,-0.07957618648362542,-0.11655597496988367,1.0,1.0,0.06050882561225699,0.17174128651198473,0.0895084972415608,0.07248997830240787,0.06390108411845472,0.09709097648536504,0.08648351946438604,0.6030907885608209,0.9994987846918347,1.0,0.603090788560821,0.10541790476646289,0.08082018374733482,-0.09890205189770786,0.06180580048944654,0.05992719128059247,1.0,0.016064666351403734,0.07741930716135245,0.1195936099325498,1.0,0.603090788560821,0.9994987846918347,-0.045964279141403996,-0.16027204272469744,1.0,1.0,-0.16333493014607456,0.0221107577873702,-0.05334602832310683
ST_Elev_V6_count,0.05552388725672591,0.05785452866097813,0.08412798070566742,0.05753756244508661,-0.06997528368534667,0.04863448764480071,0.603090788560821,0.03438096981743862,0.603090788560821,0.08694877189939479,-0.0075423034180836296,-0.017006669088468585,1.0,0.6032606536379885,-0.006277884862554391,0.14645021619350912,0.02413677421372082,1.0,0.603090788560821,-0.028785883139884966,0.6032606536379885,-0.06698045225821188,-0.0219728304644547,-0.22564194835055415,0.603090788560821,0.04980532332051859,0.06199831794203382,0.06651173669590206,0.06286628375905791,0.6032606536379885,0.15958025955028005,0.03761675913204401,0.603090788560821,0.022836653645909696,0.6032606536379885,-0.0735898860742893,0.603090788560821,0.603090788560821,0.03296560175869313,0.6032606536379885,-0.05797562997878373,1.0,0.603090788560821,-0.014001128519824954,-0.061538759591211876,0.603090788560821,0.03292551726906371,0.061619650505808046,0.6032606536379885,0.049625147526543734,0.05701357539313246,0.05746024539480962,0.06480786391104332,1.0,-0.20873124555309838,0.603090788560821,0.047055135334825186,0.07042262449848506,0.603090788560821,0.02887533184786343,-0.0021770642006239643,0.00983748723428904,0.6006906515732922,0.603090788560821,0.034497971397104935,1.0,0.02998558321491977,0.6032606536379885,0.09881925658978595,0.0010140402694029892,0.06001152216915461,-0.26047969033519186,-0.05308193819611098,0.06450516253592423,-0.22102121551804738,0.05438331831495546,0.021669284031175767,-0.09441538334073056,0.03695628496414989,0.603090788560821,0.04738287559329842,0.030684688562610786,1.0,-0.2559634497368158,-0.013479136852329382,0.04495140364940447,1.0,0.045321139177551116,0.06873540865218669,-0.01142323369699784,1.0,0.028946004403353286,0.02698926370505424,0.08594266365133525,0.052883789661587716,0.06448899540664517,0.603090788560821,0.603090788560821,0.056255619944319046,-0.14700418951041028,0.603090788560821,-0.04238722011061446,-0.023881322309978525,0.0066733194031558096,1.0,0.009374181789287546,0.603090788560821,0.603090788560821,-0.047580548885832075,-0.21992244647174078,0.603090788560821,0.05922969297058081,0.603090788560821,-0.21988242729667815,0.603090788560821,-0.040642514225764446,0.0034307676243311267,-0.02901189262564357,0.04736020392897645,0.03560636553275543,-0.5521613041619947,0.603090788560821,0.016851921786110002,0.603090788560821,0.603090788560821,-0.041310587908132995,-0.07462765381767635,0.603090788560821,0.603090788560821,0.05017011784297683,0.17174128651198473,0.0895084972415608,0.05235687381560609,0.04288563015703015,0.09709097648536504,0.07409911655753262,1.0,0.6032606536379885,0.603090788560821,1.0,0.10541790476646289,0.06296279453136,-0.09890205189770786,0.06180580048944654,0.05545197100423101,0.6030907885608209,0.01952533143290476,0.04513895811952199,0.08387336981175895,0.6030907885608209,1.0,0.6032606536379885,-0.027047124614756654,-0.09898077475900603,0.6030907885608209,0.6030907885608209,-0.16333493014607456,0.02608058310188458,-0.028418246069887482
ST_Elev_V1_iqr,0.04866584326615345,0.07981603497464358,0.1321054674427949,0.1203126174460037,-0.07829366578312962,0.18875023142581626,0.10541790476646289,0.09885939011284935,0.10541790476646289,0.10596514445625974,0.07899492844806164,-0.03698202313954735,0.10541790476646289,0.10541790476646289,0.018523476016983557,0.11941878514110037,-0.08554268948612789,0.10541790476646289,0.10541790476646289,-0.02123557942519114,0.10541790476646289,-0.04093389856217662,-0.01153633820341663,0.010476509635583203,0.10541790476646289,0.10820953621665716,0.0930083064628439,0.11180913886317684,0.03596612108258927,0.10541790476646289,0.056560720148224275,0.09036090419258037,0.10541790476646289,0.0269429619770194,0.10541790476646289,0.009448395435471922,0.10541790476646289,0.10541790476646289,0.0716666485992389,0.10541790476646289,-0.016106576794835945,0.10541790476646289,0.10541790476646289,0.01851754648876289,-0.0036424391939813092,0.10541790476646289,0.08747016299191736,0.09888986620480605,0.10541790476646289,0.05020767304841206,0.11206323647761661,0.19521162245040402,0.09718390892826062,0.10541790476646289,0.03469993799909756,0.10541790476646289,-0.03791036194844552,0.09211543863878693,0.10541790476646289,0.09939114075072411,0.029659286805570208,0.03737229320090987,0.10317561219391615,0.10541790476646289,0.009614776866073,0.10541790476646289,0.08236919313419826,0.10541790476646289,0.11944268943670802,0.04278125392227399,0.10400337294483174,-0.02923543905449403,-0.03904425016147409,0.10353063841244026,0.009206906792652016,0.09383130862402565,0.009805284866396096,-0.024677810546993795,0.07303640900327621,0.10541790476646289,0.08020863689484792,0.09661873504030796,0.10541790476646289,-0.043837027507159114,-0.06300707597197013,0.08167533438626001,0.10541790476646289,0.06057727384732132,0.08451101334651723,-0.057606594973009954,0.10541790476646289,0.10837359854209473,-0.09257186209436359,0.06750352140626728,0.19736764389064382,0.08820501988173034,0.10541790476646289,0.10541790476646289,0.09154734932185372,-0.12228239472550384,0.10541790476646289,-0.0220613493131878,-0.023339728308669462,0.023287001702976914,0.10541790476646289,-0.004978547192568429,0.10541790476646289,0.10541790476646289,-0.026226144415530995,0.026602261760085868,0.10541790476646289,0.07702371969156986,0.10541790476646289,-0.018301443475196424,0.10541790476646289,-0.02381943573306739,0.031894756348349235,0.02912700616115136,0.116348447588521,0.09898069199982827,-0.09189005730109011,0.10541790476646289,-0.012547627235974908,0.10541790476646289,0.10541790476646289,-0.020121628154047593,-0.03368231915239441,0.10541790476646289,0.10541790476646289,0.07692863691442733,-0.03325381062740836,0.13178855578069554,0.0699351683309741,0.10852147333930709,0.1266865922122412,0.09765912651634812,0.10541790476646289,0.10541790476646289,0.10541790476646289,0.10541790476646289,1.0,0.09879695633188439,0.02556612828547869,0.10974760433463664,0.20631240422434333,0.10541790476646287,0.04985218731202202,0.06021708217815241,-0.06090046707695653,0.10541790476646287,0.10541790476646287,0.10541790476646287,0.018947661634468576,-0.0431878907041677,0.10541790476646287,0.10541790476646287,-0.008999513642178773,0.0651076366110759,0.09719971781488897
T_Amp_V3_iqr,0.19363841099285553,0.45184397931268944,0.20304360794781612,0.08447513535159773,-0.03932167633083293,0.3044379820072811,0.08082018374733482,0.26634034472824886,0.08082018374733482,0.1184482969890967,-0.013194309291628487,0.05587393485855799,0.06296279453136,0.07964680794869936,0.030096306697378825,0.08674432975300113,-0.01589681754664625,0.06296279453136,0.08082018374733482,-0.028904212675292414,0.07964680794869936,-0.01285744117004577,-0.03649513943346526,-0.012449797843746419,0.08082018374733482,0.5198218199523952,0.3671762556733271,0.05846091164339824,0.03498194094104075,0.07964680794869936,0.07204461821238393,0.33849641681063863,0.08082018374733482,0.027655318473790436,0.07964680794869936,-0.05257573087243505,0.08082018374733482,0.08082018374733482,0.22478070140825734,0.07964680794869936,0.031722924502648756,0.06296279453136,0.08082018374733482,-0.02330430520972064,-0.045800924302626965,0.08082018374733482,0.25356346314676376,0.4201448460843016,0.07964680794869936,0.21673187650672432,0.04678408959362513,0.25765654792243864,0.3229025283018798,0.06296279453136,-0.03790412319295573,0.08082018374733482,0.02243084125844926,0.8195446116025753,0.08082018374733482,0.26269923686457325,-0.020021172986854747,0.029895887488485286,0.07972623438298772,0.08082018374733482,0.05054647017037655,0.06296279453136,0.2256495894154444,0.07964680794869936,0.12321059653313618,-0.02073254122365494,0.38724547721172864,-0.03356112910386733,-0.04827889392813946,0.07937325796856837,-0.017532651009247828,0.37686129737316526,0.0385915239215415,-0.049538383221973216,0.35878511271964736,0.08082018374733482,0.26101349748736263,0.2842494189490224,0.06296279453136,-0.03578120833888865,-0.012886485136009993,0.26456864428600313,0.06296279453136,0.2394612027268418,0.2664247607433603,0.02311053657616705,0.06296279453136,0.310917661412847,-0.0014870925708227558,0.2539596423122564,0.26981152253947366,0.7432978103448249,0.08082018374733482,0.08082018374733482,0.34509502090867844,-0.008689530276903154,0.08082018374733482,-0.02987524598859044,-0.009288356489837033,-0.024561418412159565,0.06296279453136,0.01959963293726698,0.08082018374733482,0.08082018374733482,-0.031083987867828882,-0.025807251281262707,0.08082018374733482,0.24806620708185415,0.08082018374733482,-0.005059647512826102,0.08082018374733482,-0.045744274036406914,-0.008344695783049383,-0.022416410355082347,0.42785818755394645,0.2979587829055172,-0.0767642246755368,0.08082018374733482,0.011316177409752064,0.08082018374733482,0.08082018374733482,0.005237086473305459,-0.06210350348273029,0.08082018374733482,0.08082018374733482,0.24099491950047788,0.02158208678878427,0.12597535345614388,0.26700725057521096,0.6504450834858514,0.09308418180984034,0.31420307735388225,0.06296279453136,0.07964680794869936,0.08082018374733482,0.06296279453136,0.09879695633188439,1.0,-0.03805030435752983,0.058804338785305194,0.28770477585123877,0.08082018374733484,0.024820136277466917,0.23087956847925045,0.03125077926805484,0.08082018374733484,0.06296279453136003,0.07964680794869937,-0.0004927123736767033,-0.03048257814067954,0.08082018374733484,0.08082018374733484,0.011808579757773795,0.15227046214606035,0.1827910431942761
ST_Elev_aVL,-0.049532658228474746,-0.03912911762337814,-0.056918620054943754,-0.011089496728786443,0.0624228395268227,-0.019110113791485663,-0.09890205189770786,-0.05624573918428517,-0.09890205189770786,-0.08999354154672701,0.14596985866228349,-0.246381097694257,-0.09890205189770786,-0.09890205189770786,-0.18489001661116572,-0.1206632676806658,0.0057357987022796,-0.09890205189770786,-0.09890205189770786,0.06740262260781853,-0.09890205189770786,0.1874566758769423,0.3626579478873556,0.28944023330526747,-0.09890205189770786,-0.021575519509926318,-0.011371452283362372,0.02339538426641228,-0.05490148048898226,-0.09890205189770786,-0.2956462107144027,-0.044193831505599045,-0.09890205189770786,-0.14371130382129363,-0.09890205189770786,0.25751477090784375,-0.09890205189770786,-0.09890205189770786,-0.03898099222432227,-0.09890205189770786,-0.49116229094892416,-0.09890205189770786,-0.09890205189770786,0.09349672206393486,0.10558162977084201,-0.09890205189770786,-0.048440702227287497,-0.03876944608914014,-0.09890205189770786,-0.03855280152862674,-0.0830718662218368,-0.026679082118727784,-0.029707802144823617,-0.09890205189770786,0.5872388729552831,-0.09890205189770786,-0.2539488998425013,-0.04291881651040947,-0.09890205189770786,-0.032433826263903905,0.1115991202220198,-0.17194156224127524,-0.10029104401629023,-0.09890205189770786,-0.17274379267537637,-0.09890205189770786,-0.05454545023388005,-0.09890205189770786,-0.08370403033707098,0.13731917484835743,-0.035906491542397834,0.11403118423988556,0.24313318270485343,-0.08909130696922547,0.10823531941510657,-0.006923619129053585,-0.0019670270119208754,0.26980778524327603,-0.03871019323026804,-0.09890205189770786,-0.037684524722165075,-0.03132401306908813,-0.09890205189770786,0.11787903191818774,-0.1056497617771164,-0.054223897848811854,-0.09890205189770786,-0.06473606165718579,-0.040851999914056386,0.09786713965647433,-0.09890205189770786,-0.023370640675013227,-0.030482885484808254,-0.04245392769434566,-0.0315458518694048,-0.03896578746316554,-0.09890205189770786,-0.09890205189770786,-0.014733821662093598,-0.14845197619732192,-0.09890205189770786,0.1280075053784532,-0.20741193328122712,0.01472132154511723,-0.09890205189770786,-0.3431214147994144,-0.09890205189770786,-0.09890205189770786,0.10994206312866403,0.31397169559860993,-0.09890205189770786,-0.037193108259656646,-0.09890205189770786,0.18087150026205176,-0.09890205189770786,0.33886214237853474,0.026054647064178604,0.04082379303418419,-0.033925322975318584,-0.02081368974928202,0.11386728477063468,-0.09890205189770786,0.06307947763933215,-0.09890205189770786,-0.09890205189770786,0.09193210400746998,0.16172856192717575,-0.09890205189770786,-0.09890205189770786,-0.05862093673908894,-0.2887559887889671,-0.03192817473190055,-0.05237542158475496,-0.05098815678180938,-0.09239633154989355,-0.023463738592746756,-0.09890205189770786,-0.09890205189770786,-0.09890205189770786,-0.09890205189770786,0.02556612828547869,-0.03805030435752983,1.0,0.02526042693198603,-0.01595033327799486,-0.09890205189770786,-0.08151768946102823,-0.028645862633757336,-0.2210901085875718,-0.09890205189770786,-0.09890205189770786,-0.09890205189770786,-0.10366928734347841,0.21595357205988125,-0.09890205189770786,-0.09890205189770786,-0.16566296035035905,-0.11702936554983076,-0.028010850420029744
ST_Elev_aVL_iqr,0.058592071204718744,0.05270432696678725,0.11618175449641054,0.1634811353985529,-0.12927447406920411,0.06961544846223118,0.06180580048944654,0.06166337555203133,0.06180580048944654,0.1272239216273557,0.022618966560180774,0.020206616483820744,0.06180580048944654,0.06180580048944654,-7.121147465044293e-05,0.20039190729856093,-0.0707555628361461,0.06180580048944654,0.06180580048944654,-0.03790790025296748,0.06180580048944654,-0.10815887575938472,0.04281242822124039,-0.047903058263417626,0.06180580048944654,0.04755286710924902,0.08432049221740014,0.24853188939072565,0.05891121344561486,0.06180580048944654,0.15354760603375275,0.06890273023897277,0.06180580048944654,0.037381596887438535,0.06180580048944654,-0.11357717214522134,0.06180580048944654,0.06180580048944654,0.03450094065368318,0.06180580048944654,-0.01158510587405183,0.06180580048944654,0.06180580048944654,-0.010775617422389533,-0.04109870360364471,0.06180580048944654,0.07536887418202193,0.03414984742806861,0.06180580048944654,0.021461183391114635,0.36167965867987567,0.03524930724016832,0.13356208318765148,0.06180580048944654,-0.013461522185523116,0.06180580048944654,-0.007398132927779366,0.04903509771954084,0.06180580048944654,0.11097469178570711,0.01074754063821029,0.02804632179248409,0.059467123061831315,0.06180580048944654,0.044744926253940075,0.06180580048944654,0.0779317674587333,0.06180580048944654,0.13927468822766212,-0.003021301869549392,0.0405018147144129,-0.030304699616844098,-0.018122960230204887,0.16003334046493994,-0.07747204855200185,0.09784597730576251,0.061895950427087065,-0.1557683894208462,0.056796427261701775,0.06180580048944654,0.030314047674341208,0.09248242204435568,0.06180580048944654,-0.01963519726816738,-0.07545454166194558,0.04140106786798717,0.06180580048944654,0.07860472438889068,0.0950819363861,-0.09181261998878096,0.06180580048944654,0.10660170830935956,-0.07738672539485704,0.07324430159974836,0.0323280241776536,0.04534147525070897,0.06180580048944654,0.06180580048944654,0.11311205189230554,-0.0015674466095465635,0.06180580048944654,-0.06476249531994388,-0.07794315871018968,0.02154183263890903,0.06180580048944654,-0.07199952379656126,0.06180580048944654,0.06180580048944654,-0.010060878269847074,-0.0520098034206705,0.06180580048944654,0.0718356016592262,0.06180580048944654,-0.031882909379867194,0.06180580048944654,0.019922158888345826,0.03130920100721514,-0.005788228842119715,0.07378294705106979,0.11438967810403175,-0.053666361484206844,0.06180580048944654,0.04624627337733731,0.06180580048944654,0.06180580048944654,-0.014074930671392476,-0.03704340200829766,0.06180580048944654,0.06180580048944654,0.07055285288253049,0.061289680392123964,0.1298788786966898,0.0752879218191816,0.07583546480646419,0.1352867859757346,0.0849063203395967,0.06180580048944654,0.06180580048944654,0.06180580048944654,0.06180580048944654,0.10974760433463664,0.058804338785305194,0.02526042693198603,1.0,0.03978344500489678,0.06180580048944652,0.06247048975250626,0.023923021268651094,0.013335166780655832,0.06180580048944652,0.06180580048944652,0.06180580048944652,-0.017628206547498283,-0.11083505488283253,0.06180580048944652,0.06180580048944652,-0.05223932881025752,0.07879527421321342,0.0837013531415433
T_Amp_V1_iqr,0.1593685998008394,0.24184954030182015,0.07554283710272194,0.042462791587960666,-0.01315108437932948,0.7180064884154235,0.05992719128059247,0.169501673491493,0.05992719128059247,0.08222657168767168,0.011405517883746878,0.01026116770332036,0.05545197100423101,0.05987968311915117,0.028010602156502928,0.05712043519518606,0.012986020878343937,0.05545197100423101,0.05992719128059247,0.032194818123497886,0.05987968311915117,0.004126885581537479,-0.01666036297632435,-0.0014735065998681236,0.05992719128059247,0.3874317880140291,0.252915111615111,0.03779485793980102,0.0027339171538906253,0.05987968311915117,0.02202782335987509,0.18261547255408417,0.05992719128059247,0.030587507383988848,0.05987968311915117,-0.02105697608460176,0.05992719128059247,0.05992719128059247,0.17295200660811857,0.05987968311915117,0.023071622203781034,0.05545197100423101,0.05992719128059247,-0.022501046663377072,-0.013924008640051031,0.05992719128059247,0.2067978363805941,0.32207541086719643,0.05987968311915117,0.182858503557189,0.035531494931367626,0.8626382093312224,0.26214747347556516,0.05545197100423101,-0.006596849291887019,0.05992719128059247,-0.0008988240116513122,0.2633369781814955,0.05992719128059247,0.18314306337461683,-0.020341516433866124,0.03055766669106011,0.06010719215610793,0.05992719128059247,0.03994523864526313,0.05545197100423101,0.18205206845097954,0.05987968311915117,0.09040075527523965,0.04599099766597609,0.3037460873282837,-0.013675511566774674,-0.01614589881064279,0.045097281296616984,0.0012240362398068987,0.2645172024377134,0.015859548908033417,-0.02019168357752923,0.1741147504802958,0.05992719128059247,0.21196660976243795,0.1869721346947917,0.05545197100423101,-0.00423288637292724,-0.0015297539073687414,0.1978327997134394,0.05545197100423101,0.18443671554862667,0.21947571192912288,0.01043966106961923,0.05545197100423101,0.19790166534297018,0.008228568070840691,0.20169352820450634,0.8760139040696459,0.2349749039636683,0.05992719128059247,0.05992719128059247,0.2710053059368371,-0.028095945294173953,0.05992719128059247,-0.02380653491843934,0.00772420299938366,-0.008983331404880418,0.05545197100423101,0.01219915249278852,0.05992719128059247,0.05992719128059247,-0.015306736102404395,0.008647015780897032,0.05992719128059247,0.1830223517788088,0.05992719128059247,0.00532429810714598,0.05992719128059247,-0.019239070926137577,0.007700827108096636,0.011677069281110808,0.2830100494891898,0.18726366935378444,-0.05409686595799728,0.05992719128059247,-0.003692858559371891,0.05992719128059247,0.05992719128059247,0.012867904628772606,-0.025087291271810388,0.05992719128059247,0.05992719128059247,0.19070852056544105,0.0056777865983578145,0.07637225416676116,0.19464180448283783,0.23240691415972914,0.09291293816177018,0.2507564724931146,0.05545197100423101,0.05987968311915117,0.05992719128059247,0.05545197100423101,0.20631240422434333,0.28770477585123877,-0.01595033327799486,0.03978344500489678,1.0,0.059927191280592505,0.03291504321102702,0.19638947013307784,0.0674098581215057,0.059927191280592505,0.05545197100423099,0.059879683119151206,0.016759908214723666,-0.0037332613965739363,0.059927191280592505,0.059927191280592505,0.020504881804433914,0.07932604374258564,0.10763653515320502
Q_Amp_II_count,0.06790553019054868,0.06635620692543828,0.08412798070566742,0.05753756244508661,-0.12454477200861207,0.0594029700302421,1.0,0.06030097295452287,1.0,0.08694877189939479,0.0006781374378229809,-0.066933164095135,0.6030907885608209,0.9994987846918347,-0.02962778338620163,0.14645021619350912,0.01634824955591859,0.6030907885608209,1.0,-0.0434837277916442,0.9994987846918347,-0.11074052721407532,-0.0033555739384728846,-0.22564194835055415,1.0,0.05852663434844684,0.07142356221960652,0.06651173669590206,0.11070511110331886,0.9994987846918347,0.2645895148247621,0.042540327213869106,1.0,0.02719496936022419,0.9994987846918347,-0.10381214819349557,1.0,1.0,0.06040311428282507,0.9994987846918347,-0.05797562997878373,0.6030907885608209,1.0,-0.024378368328115203,-0.09658055144073321,1.0,0.047740946713889724,0.07247383517340018,0.9994987846918347,0.08035691536001432,0.05701357539313246,0.06783626809829328,0.08701024754836141,0.6030907885608209,-0.20873124555309838,1.0,0.06241736270266334,0.08514110638649797,1.0,0.03373417393427284,0.0011898091077743769,-0.0033522573349071215,0.9966467271835502,1.0,0.0542522717074805,0.6030907885608209,0.03972730404223333,0.9994987846918347,0.09881925658978595,0.004731921863014279,0.07632484279545824,-0.26047969033519186,-0.06775203001322647,0.06450516253592423,-0.22102121551804738,0.06747600248950882,0.03229128518730253,-0.15147426842969205,0.04765382712701119,1.0,0.07433555296553872,0.036565830845180274,0.6030907885608209,-0.2559634497368158,-0.04206583888464519,0.07666532684444045,0.6030907885608209,0.058555309877281254,0.08204063206753559,-0.03920219265428636,0.6030907885608209,0.03974315376385595,0.027345049395078338,0.1025097395241228,0.06465160773398797,0.08004652575198017,1.0,1.0,0.0731002759979911,-0.14700418951041028,1.0,-0.06375244003260759,-0.06536000809427163,0.024851504163041445,0.6030907885608209,-0.015672707470093857,1.0,1.0,-0.09408156646179826,-0.21992244647174078,1.0,0.0629076903135834,1.0,-0.21988242729667815,1.0,-0.03444595888885042,-0.0013867481471376247,-0.047564869912417165,0.06786615334111648,0.043485106950388555,-0.9276676623491349,1.0,0.024677036860326535,1.0,1.0,-0.07957618648362542,-0.11655597496988367,1.0,1.0,0.06050882561225699,0.17174128651198473,0.0895084972415608,0.07248997830240787,0.06390108411845472,0.09709097648536504,0.08648351946438604,0.6030907885608209,0.9994987846918347,1.0,0.6030907885608209,0.10541790476646287,0.08082018374733484,-0.09890205189770786,0.06180580048944652,0.059927191280592505,1.0,0.016064666351403734,0.07741930716135245,0.1195936099325498,1.0,0.603090788560821,0.9994987846918347,-0.045964279141403996,-0.16027204272469744,1.0,1.0,-0.16333493014607456,0.0221107577873702,-0.05334602832310683
Q_Amp_V4,0.04255712103360111,0.007080703591551861,0.07940971559679351,0.08261918709977452,-0.13985093070828136,0.03282767907157826,0.016064666351403734,0.06488677825445545,0.016064666351403734,0.08245709957983426,0.017126110503606313,0.17938347573575603,0.01952533143290476,0.016064666351403734,0.19779509286437832,0.09081397716404,-0.06250971658989131,0.01952533143290476,0.016064666351403734,-0.10129994344957381,0.016064666351403734,-0.14817172662901548,-0.19077008113450247,-0.008422149312231323,0.016064666351403734,0.020530015280446554,0.013734573766637318,0.026365737710124307,0.20537683270397625,0.016064666351403734,0.1394473549238882,0.02919505728432601,0.016064666351403734,0.3981321760904694,0.016064666351403734,-0.12328218983050565,0.016064666351403734,0.016064666351403734,0.05911327282611673,0.016064666351403734,0.09211713905800221,0.01952533143290476,0.016064666351403734,0.03337626361489865,-0.3873750452875954,0.016064666351403734,0.03678624314332669,0.034733878661363723,0.016064666351403734,0.03483970497724885,0.10101816118860983,0.035457703200245376,0.019066992346256587,0.01952533143290476,-0.051029472405582775,0.016064666351403734,0.02672802391732626,0.020709521712482103,0.016064666351403734,0.04636244456697513,0.05056110167455223,0.27474992049021274,0.016646485052196635,0.016064666351403734,0.28315375041712104,0.01952533143290476,0.04447476477152777,0.016064666351403734,0.09836217146438109,-0.027594231318493197,0.036263837907118596,0.040801381448865796,-0.2909632556790957,0.12288218468765878,-0.0003605776402765889,0.006920648061542663,0.13366792775373584,-0.15793755672642512,0.17805658848888403,0.016064666351403734,0.00972475188900037,0.05166086509102857,0.01952533143290476,0.06879365608674996,-0.05068730554794887,0.05078129828958704,0.01952533143290476,0.054110388655724095,0.021361055370104007,-0.024367710295686486,0.01952533143290476,0.037126882662732494,-0.06747449577681397,0.024648787513609067,0.04889537651084191,0.05844819030801054,0.016064666351403734,0.016064666351403734,0.01686221978501457,0.020955503483418902,0.016064666351403734,-0.24915060236996098,-0.053505581737431016,0.22097091670796393,0.01952533143290476,0.08923812146073591,0.016064666351403734,0.016064666351403734,-0.26055936927704426,-0.03249842144992212,0.016064666351403734,0.04315598003932456,0.016064666351403734,0.053006450380448475,0.016064666351403734,-0.25341817154588553,0.31255026207061337,-0.15989093772192206,0.05787000178876861,0.03842386096719635,0.00864579954444926,0.016064666351403734,0.013270142572551413,0.016064666351403734,0.016064666351403734,-0.16391444318266388,-0.6880280957711125,0.016064666351403734,0.016064666351403734,0.04711859872086661,0.07829587066256623,0.07670051326448196,0.01955151834844779,0.03956057099023527,0.09650385749454327,0.015068961658151863,0.01952533143290476,0.016064666351403734,0.016064666351403734,0.01952533143290476,0.04985218731202202,0.024820136277466917,-0.08151768946102823,0.06247048975250626,0.03291504321102702,0.016064666351403734,1.0,0.01656720673143965,0.04838640991389735,0.016064666351403748,0.019525331432904768,0.016064666351403748,0.10858649478712724,-0.16611459382994248,0.016064666351403748,0.016064666351403748,0.03570592762005716,0.028702627000728075,0.03103205250488904
T_Amp_V6_iqr,0.1399470199886631,0.2826023341523328,0.07735156944782139,0.05595113948610922,-0.0008972805341267464,0.17857540835547547,0.07741930716135245,0.25030008770548506,0.07741930716135245,0.09312450603280656,-0.0020293125506892764,0.009343246375103115,0.04513895811952199,0.07741930716135245,0.0477599572561684,0.047186094067843284,-0.01157779226133156,0.04513895811952199,0.07741930716135245,-0.026055263975272885,0.07741930716135245,-0.01467364530026819,-0.04097392495905427,-0.008045924396767164,0.07741930716135245,0.21538718645646399,0.22935065639894597,0.03831083704932746,0.011298857516938142,0.07741930716135245,0.034230296919664366,0.18228668624565936,0.07741930716135245,0.03269904272584786,0.07741930716135245,-0.04037206644213811,0.07741930716135245,0.07741930716135245,0.30000775891445697,0.07741930716135245,0.021695204153503005,0.04513895811952199,0.07741930716135245,-0.04936930461258385,-0.015180902050850997,0.07741930716135245,0.1459918331229942,0.2133433921318599,0.07741930716135245,0.8868380519819221,0.026054173286453,0.18974499148048596,0.21976053896903794,0.04513895811952199,-0.036353848077604146,0.07741930716135245,0.03462815486935018,0.21260264925886305,0.07741930716135245,0.15428835631316487,-0.02299138814017188,0.04590224334420121,0.07649421647766927,0.07741930716135245,0.016277755563391578,0.04513895811952199,0.13766661509666434,0.07741930716135245,0.13083809944374117,0.003627987181564988,0.20645997135180136,-0.02333269521715492,-0.035076534056984195,0.038014683454560286,-0.024458823400768864,0.2289289715899652,0.011255565831499018,-0.03001908497465355,0.2100176598300248,0.07741930716135245,0.3433317163211327,0.1497080386571464,0.04513895811952199,-0.022881338602276022,0.02462482435281673,0.8064092083276178,0.04513895811952199,0.16683053373488904,0.1993442792396206,-0.00843191937732299,0.04513895811952199,0.1507214173273615,-0.019347339740437636,0.17877443565885145,0.19425277525695608,0.20248991795366378,0.07741930716135245,0.07741930716135245,0.21975019777218022,-0.012424337972133461,0.07741930716135245,-0.0344789939652048,0.010156167450266922,0.0026503157342429207,0.04513895811952199,0.029049579606930852,0.07741930716135245,0.07741930716135245,-0.034534967768138726,0.01386753685578959,0.07741930716135245,0.17125558425333748,0.07741930716135245,-0.014000023465079987,0.07741930716135245,-0.041774649651328405,-0.008508300729552254,0.02191198026710344,0.15987616683737166,0.16193120269526096,-0.07357609453262169,0.07741930716135245,-0.01045205688508198,0.07741930716135245,0.07741930716135245,-0.003850623415844605,-0.03477490348053544,0.07741930716135245,0.07741930716135245,0.1748309099082802,0.011720656997109382,0.07285428860739993,0.18368573202877705,0.16060715399356737,0.28481452700486964,0.22266729576482175,0.04513895811952199,0.07741930716135245,0.07741930716135245,0.04513895811952199,0.06021708217815241,0.23087956847925045,-0.028645862633757336,0.023923021268651094,0.19638947013307784,0.07741930716135245,0.01656720673143965,1.0,0.0030991464434682405,0.07741930716135242,0.04513895811952199,0.07741930716135242,0.030532462857880704,-0.05928143176839978,0.07741930716135242,0.07741930716135242,-0.0010516979195340946,0.06701219722364712,0.07042160416475109
T_Amp_V1,0.07314305912900171,0.02565060361249205,-0.08380200489833607,-0.0038903515347346027,-0.18995704392305116,0.07279677343359928,0.1195936099325498,0.014733169325468207,0.1195936099325498,-0.009293968780603266,-0.5703879542636776,0.2925066633941404,0.08387336981175895,0.11967227109566107,0.059387931237135864,0.10939483704816863,0.3655636296023725,0.08387336981175895,0.1195936099325498,0.1337865635599874,0.11967227109566107,-0.271998891405121,-0.16614162109433667,-0.18899969095436361,0.1195936099325498,0.022012781051297583,-0.026272464666258967,-0.022136505922482022,-0.07397279128583285,0.11967227109566107,0.41924098493374234,0.030355760249540446,0.1195936099325498,0.06784144892826155,0.11967227109566107,-0.3608071439567626,0.1195936099325498,0.1195936099325498,0.027174621197471008,0.11967227109566107,0.11127516614351349,0.08387336981175895,0.1195936099325498,-0.0039118160659229045,-0.20973399132965065,0.1195936099325498,-0.015980892985042416,0.03026889394475241,0.11967227109566107,0.048646707373753435,0.053410665597126566,0.06750965861944533,0.013679520071294521,0.08387336981175895,-0.26106048942064136,0.1195936099325498,0.22860169877131242,0.04933211221583692,0.1195936099325498,0.018906069618292595,-0.2399011511359775,0.053980111127441166,0.11968439544102168,0.1195936099325498,0.1573945130102627,0.08387336981175895,0.00854251006744253,0.11967227109566107,0.03511035181656088,-0.3007080902603547,0.02796992962728948,0.07369147866179668,-0.03833875606430195,0.06749320945001318,-0.17251243588080883,-0.028592474093538104,0.03837495438608054,-0.4274518904379033,0.02745806930342856,0.1195936099325498,0.00899438807913278,-0.013601788168398911,0.08387336981175895,0.05889006807791241,0.03806289149218408,-0.005241581041667468,0.08387336981175895,0.08930387042117408,0.010747119058147242,0.07428355911800355,0.08387336981175895,-0.007796391927663478,0.5750112330769349,0.032293415091087234,0.09573899177719547,0.04420968583835769,0.1195936099325498,0.1195936099325498,-0.017518743281231472,0.2167818206615973,0.1195936099325498,-0.03183076655111416,0.16788400745878682,-0.13330173072899257,0.08387336981175895,0.1848718155381794,0.1195936099325498,0.1195936099325498,0.016475400710415818,-0.2543297757213949,0.1195936099325498,0.011978079417267704,0.1195936099325498,-0.0014617771645121169,0.1195936099325498,-0.12384516464784039,-0.0006347135604514115,-0.3661199116458071,0.028996566213279805,0.006854167181423926,-0.11781895612868742,0.1195936099325498,0.0622725502019264,0.1195936099325498,0.1195936099325498,0.051912740797864745,-0.11236303998096624,0.1195936099325498,0.1195936099325498,0.04175423001587085,0.2674549627176742,-0.13040329806685216,0.08500387204860461,0.04759520219879717,0.05013702016457445,-0.02998397956202719,0.08387336981175895,0.11967227109566107,0.1195936099325498,0.08387336981175895,-0.06090046707695653,0.03125077926805484,-0.2210901085875718,0.013335166780655832,0.0674098581215057,0.1195936099325498,0.04838640991389735,0.0030991464434682405,1.0,0.11959360993254975,0.08387336981175898,0.119672271095661,-0.014882805591636041,-0.4168603903277109,0.11959360993254975,0.11959360993254975,-0.0375448574554281,0.07450836074848086,-0.02957822272057165
R_Amp_II_count,0.06790553019054868,0.06635620692543828,0.08412798070566742,0.05753756244508661,-0.12454477200861207,0.0594029700302421,1.0,0.06030097295452287,1.0,0.08694877189939479,0.0006781374378229809,-0.066933164095135,0.6030907885608209,0.9994987846918347,-0.02962778338620163,0.14645021619350912,0.01634824955591859,0.6030907885608209,1.0,-0.0434837277916442,0.9994987846918347,-0.11074052721407532,-0.0033555739384728846,-0.22564194835055415,1.0,0.05852663434844684,0.07142356221960652,0.06651173669590206,0.11070511110331886,0.9994987846918347,0.2645895148247621,0.042540327213869106,1.0,0.02719496936022419,0.9994987846918347,-0.10381214819349557,1.0,1.0,0.06040311428282507,0.9994987846918347,-0.05797562997878373,0.6030907885608209,1.0,-0.024378368328115203,-0.09658055144073321,1.0,0.047740946713889724,0.07247383517340018,0.9994987846918347,0.08035691536001432,0.05701357539313246,0.06783626809829328,0.08701024754836141,0.6030907885608209,-0.20873124555309838,1.0,0.06241736270266334,0.08514110638649797,1.0,0.03373417393427284,0.0011898091077743769,-0.0033522573349071215,0.9966467271835502,1.0,0.0542522717074805,0.6030907885608209,0.03972730404223333,0.9994987846918347,0.09881925658978595,0.004731921863014279,0.07632484279545824,-0.26047969033519186,-0.06775203001322647,0.06450516253592423,-0.22102121551804738,0.06747600248950882,0.03229128518730253,-0.15147426842969205,0.04765382712701119,1.0,0.07433555296553872,0.036565830845180274,0.6030907885608209,-0.2559634497368158,-0.04206583888464519,0.07666532684444045,0.6030907885608209,0.058555309877281254,0.08204063206753559,-0.03920219265428636,0.6030907885608209,0.03974315376385595,0.027345049395078338,0.1025097395241228,0.06465160773398797,0.08004652575198017,1.0,1.0,0.0731002759979911,-0.14700418951041028,1.0,-0.06375244003260759,-0.06536000809427163,0.024851504163041445,0.6030907885608209,-0.015672707470093857,1.0,1.0,-0.09408156646179826,-0.21992244647174078,1.0,0.0629076903135834,1.0,-0.21988242729667815,1.0,-0.03444595888885042,-0.0013867481471376247,-0.047564869912417165,0.06786615334111648,0.043485106950388555,-0.9276676623491349,1.0,0.024677036860326535,1.0,1.0,-0.07957618648362542,-0.11655597496988367,1.0,1.0,0.06050882561225699,0.17174128651198473,0.0895084972415608,0.07248997830240787,0.06390108411845472,0.09709097648536504,0.08648351946438604,0.6030907885608209,0.9994987846918347,1.0,0.6030907885608209,0.10541790476646287,0.08082018374733484,-0.09890205189770786,0.06180580048944652,0.059927191280592505,1.0,0.016064666351403748,0.07741930716135242,0.11959360993254975,1.0,0.603090788560821,0.9994987846918347,-0.045964279141403996,-0.16027204272469744,1.0,1.0,-0.16333493014607456,0.0221107577873702,-0.05334602832310683
ST_Elev_V5_count,0.05552388725672591,0.05785452866097813,0.08412798070566742,0.05753756244508661,-0.06997528368534667,0.04863448764480071,0.603090788560821,0.03438096981743862,0.603090788560821,0.08694877189939479,-0.0075423034180836296,-0.017006669088468585,1.0,0.6032606536379885,-0.006277884862554391,0.14645021619350912,0.02413677421372082,1.0,0.603090788560821,-0.028785883139884966,0.6032606536379885,-0.06698045225821188,-0.0219728304644547,-0.22564194835055415,0.603090788560821,0.04980532332051859,0.06199831794203382,0.06651173669590206,0.06286628375905791,0.6032606536379885,0.15958025955028005,0.03761675913204401,0.603090788560821,0.022836653645909696,0.6032606536379885,-0.0735898860742893,0.603090788560821,0.603090788560821,0.03296560175869313,0.6032606536379885,-0.05797562997878373,1.0,0.603090788560821,-0.014001128519824954,-0.061538759591211876,0.603090788560821,0.03292551726906371,0.061619650505808046,0.6032606536379885,0.049625147526543734,0.05701357539313246,0.05746024539480962,0.06480786391104332,1.0,-0.20873124555309838,0.603090788560821,0.047055135334825186,0.07042262449848506,0.603090788560821,0.02887533184786343,-0.0021770642006239643,0.00983748723428904,0.6006906515732922,0.603090788560821,0.034497971397104935,1.0,0.02998558321491977,0.6032606536379885,0.09881925658978595,0.0010140402694029892,0.06001152216915461,-0.26047969033519186,-0.05308193819611098,0.06450516253592423,-0.22102121551804738,0.05438331831495546,0.021669284031175767,-0.09441538334073056,0.03695628496414989,0.603090788560821,0.04738287559329842,0.030684688562610786,1.0,-0.2559634497368158,-0.013479136852329382,0.04495140364940447,1.0,0.045321139177551116,0.06873540865218669,-0.01142323369699784,1.0,0.028946004403353286,0.02698926370505424,0.08594266365133525,0.052883789661587716,0.06448899540664517,0.603090788560821,0.603090788560821,0.056255619944319046,-0.14700418951041028,0.603090788560821,-0.04238722011061446,-0.023881322309978525,0.0066733194031558096,1.0,0.009374181789287546,0.603090788560821,0.603090788560821,-0.047580548885832075,-0.21992244647174078,0.603090788560821,0.05922969297058081,0.603090788560821,-0.21988242729667815,0.603090788560821,-0.040642514225764446,0.0034307676243311267,-0.02901189262564357,0.04736020392897645,0.03560636553275543,-0.5521613041619947,0.603090788560821,0.016851921786110002,0.603090788560821,0.603090788560821,-0.041310587908132995,-0.07462765381767635,0.603090788560821,0.603090788560821,0.05017011784297683,0.17174128651198473,0.0895084972415608,0.05235687381560609,0.04288563015703015,0.09709097648536504,0.07409911655753262,1.0,0.6032606536379885,0.603090788560821,1.0,0.10541790476646287,0.06296279453136003,-0.09890205189770786,0.06180580048944652,0.05545197100423099,0.603090788560821,0.019525331432904768,0.04513895811952199,0.08387336981175898,0.603090788560821,1.0,0.6032606536379885,-0.027047124614756654,-0.09898077475900603,0.6030907885608209,0.6030907885608209,-0.16333493014607456,0.02608058310188458,-0.028418246069887482
R_Amp_V4_count,0.06789842659816078,0.06635620692543828,0.08412798070566742,0.05753756244508661,-0.12460185981446203,0.0593921616787107,0.9994987846918347,0.06030097295452287,0.9994987846918347,0.08694877189939479,0.0005170202540875773,-0.06700482822368825,0.6032606536379885,1.0,-0.029548662841467743,0.14645021619350912,0.016601151978123323,0.6032606536379885,0.9994987846918347,-0.043478972383214555,1.0,-0.11074052721407532,-0.003422854194407866,-0.22564194835055415,0.9994987846918347,0.05846065312406245,0.07136937709476711,0.06651173669590206,0.11055465282381699,1.0,0.264631431625214,0.042540327213869106,0.9994987846918347,0.02719496936022419,1.0,-0.10391057732172887,0.9994987846918347,0.9994987846918347,0.06040311428282507,1.0,-0.05797562997878373,0.6032606536379885,0.9994987846918347,-0.02434788169299454,-0.09658878792786865,0.9994987846918347,0.04774897673892618,0.07242050483039149,1.0,0.08035691536001432,0.05701357539313246,0.06779554275923795,0.0869336819114692,0.6032606536379885,-0.20873124555309838,0.9994987846918347,0.06248287484137005,0.08495545402851871,0.9994987846918347,0.03377781755289672,0.0011367155409585691,-0.0032964710294762665,0.9961429333636146,0.9994987846918347,0.0542522717074805,0.6032606536379885,0.0398115375634858,1.0,0.09881925658978595,0.004676745564148953,0.07630968930981549,-0.26047969033519186,-0.06768131271753909,0.06450516253592423,-0.22102121551804738,0.06748730514024696,0.03232886096602493,-0.15159858356067468,0.04765382712701119,0.9994987846918347,0.07433555296553872,0.036555164934156247,0.6032606536379885,-0.2559634497368158,-0.042099255911570495,0.07666532684444045,0.6032606536379885,0.058510112194826,0.08203252069696249,-0.03920219265428636,0.6032606536379885,0.03981378192459295,0.02738865173753831,0.10247007163278546,0.06458784628261781,0.07992121231812876,0.9994987846918347,0.9994987846918347,0.07310009217606515,-0.14700418951041028,0.9994987846918347,-0.06379123266296914,-0.06524784019247389,0.0246833505362022,0.6032606536379885,-0.015634083695821872,0.9994987846918347,0.9994987846918347,-0.09408156646179826,-0.21992244647174078,0.9994987846918347,0.0628838865524719,0.9994987846918347,-0.21988242729667815,0.9994987846918347,-0.03445056658949499,-0.0012995845967692687,-0.04762289740407307,0.06780155676637953,0.04349981017165433,-0.9271618506868923,0.9994987846918347,0.02473884031848102,0.9994987846918347,0.9994987846918347,-0.07957618648362542,-0.11655597496988367,0.9994987846918347,0.9994987846918347,0.060508799703227256,0.17174128651198473,0.0895084972415608,0.07250216892814065,0.06372031757020581,0.09709097648536504,0.08642329787604877,0.6032606536379885,1.0,0.9994987846918347,0.6032606536379885,0.10541790476646287,0.07964680794869937,-0.09890205189770786,0.06180580048944652,0.059879683119151206,0.9994987846918347,0.016064666351403748,0.07741930716135242,0.119672271095661,0.9994987846918347,0.6032606536379885,1.0,-0.04589316735717042,-0.16027204272469744,0.9994987846918347,0.9994987846918347,-0.16333493014607456,0.021811918120766476,-0.05333845773569821
Q_Amp_III,-0.03489751414424275,0.007814038332856448,0.01834294758595958,0.06811985134788862,-0.008897983207395717,0.013233873438786705,-0.045964279141403996,0.02914039822674181,-0.045964279141403996,0.03977738296971874,0.017419165874817306,0.027264871379264408,-0.027047124614756654,-0.04589316735717042,0.6281052863577712,0.02785735193284108,-0.04285992391204153,-0.027047124614756654,-0.045964279141403996,0.012063863947875848,-0.04589316735717042,-0.06176990822090914,-0.5283726774525869,0.00532703362582317,-0.045964279141403996,-0.006784235396976791,0.007751252511148365,0.03464352250196721,0.058554065002527855,-0.04589316735717042,0.05551463128348953,0.031797471562088266,-0.045964279141403996,0.13931246782196566,-0.04589316735717042,-0.1030442931187317,-0.045964279141403996,-0.045964279141403996,0.03712267387817901,-0.04589316735717042,0.11345385721334206,-0.027047124614756654,-0.045964279141403996,-0.09811940116524774,-0.009134198214723662,-0.045964279141403996,0.02510023635785341,0.008779551804419071,-0.04589316735717042,0.031153812546562274,0.011212147618853724,0.02356779699769145,0.01459981632003491,-0.027047124614756654,-0.056251192908381854,-0.045964279141403996,0.08675970555582256,0.007035701830143288,-0.045964279141403996,0.05488440278153632,-0.0037624284736951148,0.37371027099589355,-0.044762626104689965,-0.045964279141403996,0.13659918221512013,-0.027047124614756654,0.062303974314528984,-0.04589316735717042,0.0446518544600623,0.05998371319648041,0.008377341861534235,-0.014492503098878149,-0.2723418884572437,0.05520647947658812,0.04488353642589804,0.006423664109828594,-0.35510046392260197,-0.07229933805007574,0.03449125508815736,-0.045964279141403996,0.012212791313094586,0.032909101650072534,-0.027047124614756654,0.011405620188082277,0.051490151157389315,0.05390635794861988,-0.027047124614756654,-0.01708946359417741,0.004429936064273527,-0.0653035862041253,-0.027047124614756654,0.03375401906246456,-0.040486737112580655,0.008120498506459085,0.024856140080404154,0.012448590122348165,-0.045964279141403996,-0.045964279141403996,0.011044891998867488,0.020791479002660852,-0.045964279141403996,-0.09354186386077715,0.2023541716118126,0.03272692804183086,-0.027047124614756654,0.3902899342759186,-0.045964279141403996,-0.045964279141403996,-0.08478093661249547,0.010903466480803564,-0.045964279141403996,0.01679842594796628,-0.045964279141403996,0.007882717801955664,-0.045964279141403996,-0.42073916760429614,0.011041260656473165,0.10696758807020083,0.01131602456208409,0.03156522126109277,0.05100375451753704,-0.045964279141403996,-0.6695791009764799,-0.045964279141403996,-0.045964279141403996,-0.08981772272076252,-0.07767229513052017,-0.045964279141403996,-0.045964279141403996,0.01710294475813316,0.0026094309309732306,0.011399846127134298,-0.008683121734915086,0.023662310629969555,0.062037285359528044,0.0031895201136785513,-0.027047124614756654,-0.04589316735717042,-0.045964279141403996,-0.027047124614756654,0.018947661634468576,-0.0004927123736767033,-0.10366928734347841,-0.017628206547498283,0.016759908214723666,-0.045964279141403996,0.10858649478712724,0.030532462857880704,-0.014882805591636041,-0.045964279141403996,-0.027047124614756654,-0.04589316735717042,1.0,-0.03890517635632678,-0.04596427914140399,-0.04596427914140399,0.08272809686250601,0.05369278790452015,0.012470689096561408
T_Amp_V6,-0.048885155747259885,-0.030403640467916233,-0.12763895161531832,-0.1869412428731207,0.6243621014224419,-0.03712682428372488,-0.16027204272469744,-0.06101974743279978,-0.16027204272469744,-0.20440023157906342,0.2799368896646476,-0.28779361203351045,-0.09898077475900603,-0.16027204272469744,-0.12130311550996621,-0.2743235084013002,0.19971191954708556,-0.09898077475900603,-0.16027204272469744,0.07485804482770564,-0.16027204272469744,0.7873215242628547,0.18440950992514943,0.25953857854025286,-0.16027204272469744,-0.011938714541370556,-0.007399185931271563,-0.06920365501784621,0.04489824019102992,-0.16027204272469744,-0.6960571010417181,-0.06311884336864622,-0.16027204272469744,-0.17101294326972122,-0.16027204272469744,0.34753372574020014,-0.16027204272469744,-0.16027204272469744,-0.044478610478180025,-0.16027204272469744,-0.07785806134650979,-0.09898077475900603,-0.16027204272469744,0.03666036970053591,0.211860168696813,-0.16027204272469744,-0.03702751924561198,-0.03370120106506458,-0.16027204272469744,-0.0928685643455761,-0.22328525064059593,-0.0032424478033895336,-0.020247056376209473,-0.09898077475900603,0.25834267741221373,-0.16027204272469744,0.015741254899799304,-0.048219024458473994,-0.16027204272469744,-0.05689617690868144,0.13037345785451773,-0.13579334571237095,-0.15652083306795136,-0.16027204272469744,-0.19811284327496198,-0.09898077475900603,-0.053858720451491204,-0.16027204272469744,-0.23076309202359613,0.2246453241096854,-0.02259640309009063,-0.046259505679353,0.07106440414414174,-0.2725709125086777,0.23539953579929074,0.008882510941245838,-0.13661376230271902,0.6227595899693725,-0.046803137932971646,-0.16027204272469744,-0.032087401332499765,-0.04603404960995583,-0.09898077475900603,-0.017732902152479253,0.34590953181364625,-0.06960427948223583,-0.09898077475900603,-0.0493855158523945,-0.02853368732800737,0.4663676782995955,-0.09898077475900603,-0.04492991515492617,0.011506767483404401,-0.013668615276975535,-0.02849487775024266,-0.04118913336102126,-0.16027204272469744,-0.16027204272469744,-0.0016035221490978612,-0.14472950100197848,-0.16027204272469744,0.16258445686789696,-0.1526480522921136,-0.01146787253548755,-0.09898077475900603,-0.18888825856688612,-0.16027204272469744,-0.16027204272469744,-0.004713246296529219,0.2514164859335274,-0.16027204272469744,-0.008986642828917642,-0.16027204272469744,0.08648002583964945,-0.16027204272469744,0.145063210707518,-0.07243281707172343,0.20208242426343664,-0.05308154357785484,-0.04461144399206001,0.14645374961678342,-0.16027204272469744,-0.0639317128564992,-0.16027204272469744,-0.16027204272469744,-0.04855100226413951,0.1701288102847575,-0.16027204272469744,-0.16027204272469744,-0.030527973809055503,-0.3668489993658532,-0.07444672848588242,-0.04740304690513951,-0.06664234008336599,-0.2741021358873957,-0.00848000050390525,-0.09898077475900603,-0.16027204272469744,-0.16027204272469744,-0.09898077475900603,-0.0431878907041677,-0.03048257814067954,0.21595357205988125,-0.11083505488283253,-0.0037332613965739363,-0.16027204272469744,-0.16611459382994248,-0.05928143176839978,-0.4168603903277109,-0.16027204272469744,-0.09898077475900603,-0.16027204272469744,-0.03890517635632678,1.0,-0.16027204272469744,-0.16027204272469744,0.11465652687048901,-0.12521490698768115,-0.03942231182076364
R_Amp_aVF_count,0.06790553019054868,0.06635620692543828,0.08412798070566742,0.05753756244508661,-0.12454477200861207,0.0594029700302421,1.0,0.06030097295452287,1.0,0.08694877189939479,0.0006781374378229809,-0.066933164095135,0.6030907885608209,0.9994987846918347,-0.02962778338620163,0.14645021619350912,0.01634824955591859,0.6030907885608209,1.0,-0.0434837277916442,0.9994987846918347,-0.11074052721407532,-0.0033555739384728846,-0.22564194835055415,1.0,0.05852663434844684,0.07142356221960652,0.06651173669590206,0.11070511110331886,0.9994987846918347,0.2645895148247621,0.042540327213869106,1.0,0.02719496936022419,0.9994987846918347,-0.10381214819349557,1.0,1.0,0.06040311428282507,0.9994987846918347,-0.05797562997878373,0.6030907885608209,1.0,-0.024378368328115203,-0.09658055144073321,1.0,0.047740946713889724,0.07247383517340018,0.9994987846918347,0.08035691536001432,0.05701357539313246,0.06783626809829328,0.08701024754836141,0.6030907885608209,-0.20873124555309838,1.0,0.06241736270266334,0.08514110638649797,1.0,0.03373417393427284,0.0011898091077743769,-0.0033522573349071215,0.9966467271835502,1.0,0.0542522717074805,0.6030907885608209,0.03972730404223333,0.9994987846918347,0.09881925658978595,0.004731921863014279,0.07632484279545824,-0.26047969033519186,-0.06775203001322647,0.06450516253592423,-0.22102121551804738,0.06747600248950882,0.03229128518730253,-0.15147426842969205,0.04765382712701119,1.0,0.07433555296553872,0.036565830845180274,0.6030907885608209,-0.2559634497368158,-0.04206583888464519,0.07666532684444045,0.6030907885608209,0.058555309877281254,0.08204063206753559,-0.03920219265428636,0.6030907885608209,0.03974315376385595,0.027345049395078338,0.1025097395241228,0.06465160773398797,0.08004652575198017,1.0,1.0,0.0731002759979911,-0.14700418951041028,1.0,-0.06375244003260759,-0.06536000809427163,0.024851504163041445,0.6030907885608209,-0.015672707470093857,1.0,1.0,-0.09408156646179826,-0.21992244647174078,1.0,0.0629076903135834,1.0,-0.21988242729667815,1.0,-0.03444595888885042,-0.0013867481471376247,-0.047564869912417165,0.06786615334111648,0.043485106950388555,-0.9276676623491349,1.0,0.024677036860326535,1.0,1.0,-0.07957618648362542,-0.11655597496988367,1.0,1.0,0.06050882561225699,0.17174128651198473,0.0895084972415608,0.07248997830240787,0.06390108411845472,0.09709097648536504,0.08648351946438604,0.6030907885608209,0.9994987846918347,1.0,0.6030907885608209,0.10541790476646287,0.08082018374733484,-0.09890205189770786,0.06180580048944652,0.059927191280592505,1.0,0.016064666351403748,0.07741930716135242,0.11959360993254975,1.0,0.6030907885608209,0.9994987846918347,-0.04596427914140399,-0.16027204272469744,1.0,1.0,-0.16333493014607456,0.0221107577873702,-0.05334602832310683
T_Amp_III_count,0.06790553019054868,0.06635620692543828,0.08412798070566742,0.05753756244508661,-0.12454477200861207,0.0594029700302421,1.0,0.06030097295452287,1.0,0.08694877189939479,0.0006781374378229809,-0.066933164095135,0.6030907885608209,0.9994987846918347,-0.02962778338620163,0.14645021619350912,0.01634824955591859,0.6030907885608209,1.0,-0.0434837277916442,0.9994987846918347,-0.11074052721407532,-0.0033555739384728846,-0.22564194835055415,1.0,0.05852663434844684,0.07142356221960652,0.06651173669590206,0.11070511110331886,0.9994987846918347,0.2645895148247621,0.042540327213869106,1.0,0.02719496936022419,0.9994987846918347,-0.10381214819349557,1.0,1.0,0.06040311428282507,0.9994987846918347,-0.05797562997878373,0.6030907885608209,1.0,-0.024378368328115203,-0.09658055144073321,1.0,0.047740946713889724,0.07247383517340018,0.9994987846918347,0.08035691536001432,0.05701357539313246,0.06783626809829328,0.08701024754836141,0.6030907885608209,-0.20873124555309838,1.0,0.06241736270266334,0.08514110638649797,1.0,0.03373417393427284,0.0011898091077743769,-0.0033522573349071215,0.9966467271835502,1.0,0.0542522717074805,0.6030907885608209,0.03972730404223333,0.9994987846918347,0.09881925658978595,0.004731921863014279,0.07632484279545824,-0.26047969033519186,-0.06775203001322647,0.06450516253592423,-0.22102121551804738,0.06747600248950882,0.03229128518730253,-0.15147426842969205,0.04765382712701119,1.0,0.07433555296553872,0.036565830845180274,0.6030907885608209,-0.2559634497368158,-0.04206583888464519,0.07666532684444045,0.6030907885608209,0.058555309877281254,0.08204063206753559,-0.03920219265428636,0.6030907885608209,0.03974315376385595,0.027345049395078338,0.1025097395241228,0.06465160773398797,0.08004652575198017,1.0,1.0,0.0731002759979911,-0.14700418951041028,1.0,-0.06375244003260759,-0.06536000809427163,0.024851504163041445,0.6030907885608209,-0.015672707470093857,1.0,1.0,-0.09408156646179826,-0.21992244647174078,1.0,0.0629076903135834,1.0,-0.21988242729667815,1.0,-0.03444595888885042,-0.0013867481471376247,-0.047564869912417165,0.06786615334111648,0.043485106950388555,-0.9276676623491349,1.0,0.024677036860326535,1.0,1.0,-0.07957618648362542,-0.11655597496988367,1.0,1.0,0.06050882561225699,0.17174128651198473,0.0895084972415608,0.07248997830240787,0.06390108411845472,0.09709097648536504,0.08648351946438604,0.6030907885608209,0.9994987846918347,1.0,0.6030907885608209,0.10541790476646287,0.08082018374733484,-0.09890205189770786,0.06180580048944652,0.059927191280592505,1.0,0.016064666351403748,0.07741930716135242,0.11959360993254975,1.0,0.6030907885608209,0.9994987846918347,-0.04596427914140399,-0.16027204272469744,1.0,1.0,-0.16333493014607456,0.0221107577873702,-0.05334602832310683
ST_Elev_aVF,0.0266126068008628,0.017257147532537823,-0.05877056898596331,-0.09932896265967595,0.17459107229365364,0.005336100800574666,-0.16333493014607456,0.010898033222199625,-0.16333493014607456,-0.04899537505488252,0.024817478452315647,0.04492315100090815,-0.16333493014607456,-0.16333493014607456,0.11555150764379313,-0.049187524384808494,0.032345091583802076,-0.16333493014607456,-0.16333493014607456,-0.005103923040356875,-0.16333493014607456,0.1083323499537111,-0.18983594867497344,0.3409618966238138,-0.16333493014607456,0.021277987427619913,0.026002445447472582,-0.056828089146086724,0.07378001780017505,-0.16333493014607456,-0.19760937410740478,0.017709736977552806,-0.16333493014607456,0.05809287957391504,-0.16333493014607456,-0.13623593166932674,-0.16333493014607456,-0.16333493014607456,0.018677437611045504,-0.16333493014607456,0.5186212213520324,-0.16333493014607456,-0.16333493014607456,-0.04355428774378618,-0.0009188691515988,-0.16333493014607456,0.04513763927653668,0.02081452335961988,-0.16333493014607456,0.0031787250813320256,-0.055076874506189415,0.021844516250996888,0.014556425562222206,-0.16333493014607456,0.13549892702273092,-0.16333493014607456,0.18845836276559097,0.018769343460930458,-0.16333493014607456,-0.007610399859796114,-0.036141145473456225,0.11721883720275517,-0.16342389917967778,-0.16333493014607456,0.05102194026279435,-0.16333493014607456,0.02727823112667116,-0.16333493014607456,-0.04687636174380739,-0.03212839901240108,0.019469210610883678,0.11954559008173594,-0.17724795660711276,-0.07097518860440873,0.5963526447418068,0.03249683050734164,-0.03136649387161273,0.022451725652349798,0.03241822187575025,-0.16333493014607456,0.006123216549472245,0.029498882480093178,-0.16333493014607456,0.19831463946363914,0.17229085050324186,0.005691186166831489,-0.16333493014607456,0.03742359813956342,0.01339869516018802,0.08229309153569714,-0.16333493014607456,0.0012393643448732668,-0.017071725003756373,0.012798962780047482,0.020945305519703944,0.027497983580305058,-0.16333493014607456,-0.16333493014607456,0.019512861491174205,-0.0048577273516565754,-0.16333493014607456,-0.015985766256114656,0.040636065257830215,-0.008437836504827182,-0.16333493014607456,0.135350264136049,-0.16333493014607456,-0.16333493014607456,-0.11441622037505671,0.3438421628537135,-0.16333493014607456,0.04257242923371889,-0.16333493014607456,0.285148514658543,-0.16333493014607456,-0.20548866133520685,-0.030665048378382045,0.03647242973750919,0.02127432565036052,-0.004995385536992331,0.1829964042209923,-0.16333493014607456,-0.06048964555497222,-0.16333493014607456,-0.16333493014607456,-0.11136119604117986,-0.07749358860399957,-0.16333493014607456,-0.16333493014607456,0.05611932243968703,-0.30519049699584594,-0.03759159841122261,0.03883686219800562,0.012899205408967761,-0.047434830763429185,0.004206642767084604,-0.16333493014607456,-0.16333493014607456,-0.16333493014607456,-0.16333493014607456,-0.008999513642178773,0.011808579757773795,-0.16566296035035905,-0.05223932881025752,0.020504881804433914,-0.16333493014607456,0.03570592762005716,-0.0010516979195340946,-0.0375448574554281,-0.16333493014607456,-0.16333493014607456,-0.16333493014607456,0.08272809686250601,0.11465652687048901,-0.16333493014607456,-0.16333493014607456,1.0,-0.004476924381179515,0.004300716215668448
QRS_Dur_Global_iqr,0.12315365689432156,0.13529547436452843,0.10245106408505328,0.10309198100327639,-0.12145718628701972,0.15933634878225827,0.0221107577873702,0.15248578993642325,0.0221107577873702,0.11955707213285109,-0.08165810151875529,0.2764073736009215,0.02608058310188458,0.021811918120766476,0.06972659257741119,0.1294941470244566,-0.0565675410950776,0.02608058310188458,0.0221107577873702,-0.08210624010880481,0.021811918120766476,-0.11646625859055877,-0.10391684334290337,-0.07484149192070987,0.0221107577873702,0.14038674360131068,0.15409194881065671,0.04921636947486675,0.04989487311996588,0.021811918120766476,0.1693035939342598,0.194535211127119,0.0221107577873702,0.04603928916193553,0.021811918120766476,-0.09589357044189817,0.0221107577873702,0.0221107577873702,0.07835267846841097,0.021811918120766476,0.05950017160922353,0.02608058310188458,0.0221107577873702,-0.10737998402346095,-0.057757586397063784,0.0221107577873702,0.23304098436448553,0.09880949947709514,0.021811918120766476,0.08056728360721545,0.09769654693720044,0.05336833689929944,0.1787285000152068,0.02608058310188458,-0.10533047547722947,0.0221107577873702,0.02562016552348767,0.09389082256770653,0.0221107577873702,0.2206677090389062,-0.03213102243044542,0.07784064049509139,0.022357647735472486,0.0221107577873702,0.09428109673131077,0.02608058310188458,0.22086469084183133,0.021811918120766476,0.112741466605779,-0.05304584715427208,0.09115640886212366,-0.014132230783353447,-0.08878168610987872,0.11775532454763643,-0.05764594244660387,0.15731222648703239,0.03686106762270582,-0.14862935705325125,0.11852030276543331,0.0221107577873702,0.0824560719776493,0.2668679630534906,0.02608058310188458,-0.021878942707543283,-0.057475430759567535,0.15511302164942983,0.02608058310188458,0.12129510934573408,0.1399254046050408,-0.07126860563246244,0.02608058310188458,0.28363264014856193,-0.03191716730782654,0.13224435424086758,0.06564639786830263,0.09164723482732898,0.0221107577873702,0.0221107577873702,0.16798626308349363,0.029100847537983587,0.0221107577873702,-0.0944304741275654,0.022370629373823135,0.03377854640039468,0.02608058310188458,0.07543670667134275,0.0221107577873702,0.0221107577873702,-0.044507861761583126,-0.0982395988555152,0.0221107577873702,0.13224995939989637,0.0221107577873702,-0.03438445526944198,0.0221107577873702,-0.10659863462839735,-0.055174682444781055,-0.01872411342854218,0.2272059906251385,0.2554413636124588,-0.011654825526860875,0.0221107577873702,-0.015785476452652103,0.0221107577873702,0.0221107577873702,-0.03345084170448668,-0.0807417279393137,0.0221107577873702,0.0221107577873702,0.14044456243974326,0.08336648149851653,0.10184891365085418,0.12206834804989904,0.2289822298672399,0.10351204940798629,0.15885643128556598,0.02608058310188458,0.021811918120766476,0.0221107577873702,0.02608058310188458,0.0651076366110759,0.15227046214606035,-0.11702936554983076,0.07879527421321342,0.07932604374258564,0.0221107577873702,0.028702627000728075,0.06701219722364712,0.07450836074848086,0.0221107577873702,0.02608058310188458,0.021811918120766476,0.05369278790452015,-0.12521490698768115,0.0221107577873702,0.0221107577873702,-0.004476924381179515,1.0,0.22215830854650892
RR_Mean_Global_iqr,0.10130988447421634,0.1645178501019455,0.14099938026251807,0.10917509790420411,-0.04883043279687798,0.25736771832414157,-0.05334602832310683,0.16788279667188932,-0.05334602832310683,0.12774195845625194,0.03800742787397325,0.05920991215452418,-0.028418246069887482,-0.05333845773569821,0.019811139068289678,0.1171773378251231,-0.025866758211116465,-0.028418246069887482,-0.05334602832310683,-0.05182497772954327,-0.05333845773569821,-0.03324265848733367,0.03768501575665952,-0.05488219297630194,-0.05334602832310683,0.19356963650106707,0.17436346547360934,0.08328170581579869,0.036829255510351065,-0.05333845773569821,0.053467707697108596,0.24391286683671026,-0.05334602832310683,0.033808696454810445,-0.05333845773569821,-0.008836481181031383,-0.05334602832310683,-0.05334602832310683,0.07609001965025218,-0.05333845773569821,0.010941596939729712,-0.028418246069887482,-0.05334602832310683,-0.018307970430223492,-0.032562646754138724,-0.05334602832310683,0.19826182676020204,0.12197058449215191,-0.05333845773569821,0.06656582497799937,0.08938582809766646,0.072007982410099,0.18379239419413992,-0.028418246069887482,-0.030929254641948782,-0.05334602832310683,-0.01799802886342645,0.10823874658841148,-0.05334602832310683,0.27699022232998044,0.027618811510619005,0.04835531207630935,-0.05347193066445554,-0.05334602832310683,0.05837992699949969,-0.028418246069887482,0.21720818281835763,-0.05333845773569821,0.10301664252894659,4.1924635709143414e-05,0.1311987723965526,-0.05661918623643935,-0.004805139316857722,0.13747727249335695,-0.03355458945935859,0.18426925367339844,0.08955011776533527,-0.039434410173220746,0.09807331088613953,-0.05334602832310683,0.09680045301716489,0.26704119580171093,-0.028418246069887482,-0.046544574695239795,-0.045407683948213734,0.15778499601541413,-0.028418246069887482,0.1105849241971678,0.13639409216363788,-0.019900796802742496,-0.028418246069887482,0.29940192852494085,-0.029402621349954635,0.12368091509314456,0.09498188536453384,0.10681370423080724,-0.05334602832310683,-0.05334602832310683,0.1774638499416816,-0.07359665810604811,-0.05334602832310683,-0.09086989894551421,-0.06686773305367541,0.029522415840723314,-0.028418246069887482,-0.0582890911145632,-0.05334602832310683,-0.05334602832310683,0.029847562842391758,-0.053880553039308776,-0.05334602832310683,0.13747232696070763,-0.05334602832310683,-0.04696050263981657,-0.05334602832310683,0.023572354525935334,0.00891164712247091,-0.020568962927277584,0.3164400695944745,0.2995347797150133,0.036932615952034724,-0.05334602832310683,0.03752591526331418,-0.05334602832310683,-0.05334602832310683,0.025067762800576533,-0.017501088246205703,-0.05334602832310683,-0.05334602832310683,0.11181613418696809,0.04936570612281312,0.14954675647815902,0.11084725162727822,0.2975375255139493,0.08390203247511352,0.15733264665824628,-0.028418246069887482,-0.05333845773569821,-0.05334602832310683,-0.028418246069887482,0.09719971781488897,0.1827910431942761,-0.028010850420029744,0.0837013531415433,0.10763653515320502,-0.05334602832310683,0.03103205250488904,0.07042160416475109,-0.02957822272057165,-0.05334602832310683,-0.028418246069887482,-0.05333845773569821,0.012470689096561408,-0.03942231182076364,-0.05334602832310683,-0.05334602832310683,0.004300716215668448,0.22215830854650892,1.0
