,Q_Amp_I_iqr,T_Amp_V4_iqr,ST_Elev_V3_iqr,ST_Elev_aVF_iqr,T_Amp_II,R_Amp_V1_iqr,Q_Amp_aVF_count,R_Amp_V5_iqr,R_Amp_III_count,ST_Elev_V4_iqr,R_Amp_V1,QRS_Dur_Global,ST_Elev_V1_count,T_Amp_V4_count,Q_Amp_aVF,ST_Elev_aVR_iqr,T_Amp_V3,ST_Elev_I_count,T_Amp_aVF_count,Q_Amp_V1,Q_Amp_V5_count,T_Amp_V5,R_Amp_III,ST_Elev_V5,Q_Amp_aVR_count,T_Amp_V2_iqr,T_Amp_II_iqr,ST_Elev_III_iqr,R_Amp_aVR,R_Amp_V5_count,T_Amp_aVR,R_Amp_V4_iqr,T_Amp_V1_count,Q_Amp_V5,T_Amp_V6_count,T_Amp_aVL,Q_Amp_I_count,R_Amp_V1_count,Q_Amp_V5_iqr,Q_Amp_V4_count,ST_Elev_III,ST_Elev_aVR_count,RR_Mean_Global_count,Q_Amp_V2,R_Amp_V3,R_Amp_V3_count,R_Amp_aVR_iqr,S_Amp_V2_iqr,R_Amp_V6_count,Q_Amp_V6_iqr,ST_Elev_I_iqr,Q_Amp_V1_iqr,T_Amp_aVL_iqr,ST_Elev_V3_count,ST_Elev_I,R_Amp_aVL_count,T_Amp_III,S_Amp_V3_iqr,Q_Amp_V3_count,R_Amp_aVL_iqr,S_Amp_V2,Q_Amp_II,QRS_Dur_Global_count,Q_Amp_V2_count,Q_Amp_V6,ST_Elev_III_count,R_Amp_I_iqr,T_Amp_V5_count,ST_Elev_V5_iqr,S_Amp_V1,Q_Amp_V2_iqr,ST_Elev_V2,R_Amp_II,ST_Elev_II_iqr,ST_Elev_II,T_Amp_aVF_iqr,Q_Amp_I,T_Amp_I,Q_Amp_V4_iqr,S_Amp_V2_count,T_Amp_V5_iqr,R_Amp_II_iqr,ST_Elev_V4_count,ST_Elev_V3,T_Amp_aVF,R_Amp_V6_iqr,ST_Elev_aVF_count,Q_Amp_aVL_iqr,T_Amp_I_iqr,T_Amp_V4,ST_Elev_V2_count,R_Amp_aVF_iqr,T_Amp_V2,Q_Amp_aVR_iqr,S_Amp_V1_iqr,Q_Amp_V3_iqr,Q_Amp_V1_count,T_Amp_I_count,T_Amp_III_iqr,ST_Elev_V1,S_Amp_V3_count,Q_Amp_aVR,R_Amp_I,S_Amp_V3,ST_Elev_II_count,R_Amp_aVL,T_Amp_aVR_count,T_Amp_V2_count,R_Amp_V5,ST_Elev_V6,S_Amp_V1_count,Q_Amp_II_iqr,R_Amp_I_count,ST_Elev_V4,T_Amp_V3_count,R_Amp_aVF,Q_Amp_V3,R_Amp_V2,R_Amp_V2_iqr,R_Amp_III_iqr,RR_Mean_Global,T_Amp_II_count,Q_Amp_aVL,R_Amp_V2_count,Q_Amp_aVL_count,R_Amp_V6,R_Amp_V4,R_Amp_aVR_count,Q_Amp_III_count,Q_Amp_aVF_iqr,ST_Elev_aVR,ST_Elev_V2_iqr,Q_Amp_III_iqr,R_Amp_V3_iqr,ST_Elev_V6_iqr,T_Amp_aVR_iqr,ST_Elev_aVL_count,Q_Amp_V6_count,T_Amp_aVL_count,ST_Elev_V6_count,ST_Elev_V1_iqr,T_Amp_V3_iqr,ST_Elev_aVL,ST_Elev_aVL_iqr,T_Amp_V1_iqr,Q_Amp_II_count,Q_Amp_V4,T_Amp_V6_iqr,T_Amp_V1,R_Amp_II_count,ST_Elev_V5_count,R_Amp_V4_count,Q_Amp_III,T_Amp_V6,R_Amp_aVF_count,T_Amp_III_count,ST_Elev_aVF,QRS_Dur_Global_iqr,RR_Mean_Global_iqr
Q_Amp_I_iqr,1.0,0.2588578421332933,0.13493362859475244,0.08722627630613174,0.006270250938543156,0.14941757530367974,0.09225889000708774,0.17541195312571697,0.09225889000708774,0.12533773674114979,0.004843083772371737,0.007500116188134443,0.09067551891320634,0.09221268205112247,0.023443448465000793,0.09989831741964615,-0.0073588045367834806,0.09067551891320634,0.09225889000708774,-0.025212505783909767,0.09221268205112247,0.005907117216298936,-0.023877995338596292,-0.0008658018019195815,0.09225889000708774,0.2283365205365681,0.316600867200792,0.05974967120483752,0.008303787662978037,0.09221268205112247,0.011285391218903295,0.15493169668006682,0.09225889000708774,0.05080521800718798,0.09221268205112247,-0.02550637636637511,0.09225889000708774,0.09225889000708774,0.2845426260241942,0.09221268205112247,0.025851701662543893,0.09067551891320634,0.09225889000708774,-0.02358204865434367,-0.011181431559171137,0.09225889000708774,0.32916324451020296,0.2711469544245221,0.09221268205112247,0.28554418134874926,0.07856994282126221,0.2722103986044925,0.41538915086818057,0.09067551891320634,-0.024045484427841365,0.09225889000708774,0.027352726444888866,0.24386880123997576,0.09225889000708774,0.23404953812060633,-0.005545207857601577,0.027977781685277373,0.08988725971626706,0.09225889000708774,0.03817056477113803,0.09067551891320634,0.295842887521245,0.09221268205112247,0.11544688654582372,0.028652525504777936,0.22323783175339323,-0.022602891912009638,-0.0184985483280097,0.09382142638042006,0.003842821895801028,0.3305565542617493,0.02676233370623789,-0.01913300977453797,0.2429853134503861,0.09225889000708774,0.278413238142249,0.2580404629093586,0.09067551891320634,-0.027628286900892755,0.0178922947447771,0.21290479591697758,0.09067551891320634,0.45423087000097523,0.46548700719089914,-0.0010566747650041831,0.09067551891320634,0.21582852831489652,-0.009865121465258569,0.45768896845118867,0.2553113431187386,0.21927807178163353,0.09225889000708774,0.09225889000708774,0.3366762253796065,-0.03944652912005382,0.09225889000708774,-0.021750179823446715,0.002418050283081913,-0.009343371611240072,0.09067551891320634,0.01934477058666076,0.09225889000708774,0.09225889000708774,-0.037052848527900535,0.00013149542414769898,0.09225889000708774,0.32024508341815583,0.09225889000708774,-0.0075702830835482505,0.09225889000708774,-0.02623644303244285,0.0011594461324087237,0.008470318975177837,0.14380286032889525,0.20605329975167924,-0.08524238907007284,0.09225889000708774,0.010321307144025224,0.09225889000708774,0.09225889000708774,0.012374580744365806,-0.04297342929784655,0.09225889000708774,0.09225889000708774,0.30477228782426763,0.006367715899763409,0.1323786229360176,0.31949080802417884,0.16833680960662914,0.09490552895827835,0.3967547758684583,0.09067551891320634,0.09221268205112247,0.09225889000708774,0.09067551891320634,0.07829983898568012,0.2506999263298253,-0.033683839070596654,0.06076357862284595,0.2585853206700441,0.09225889000708774,0.04003577385526156,0.27557684898788687,-0.005369549464162339,0.09225889000708774,0.09067551891320634,0.09221268205112247,0.0021664251617629178,0.004722425573673237,0.09225889000708774,0.09225889000708774,0.022467445240193725,0.07275955872861518,0.023734027380753843
T_Amp_V4_iqr,0.2588578421332933,1.0,0.14218781968489494,0.06736337930456925,0.015526407519249764,0.22626459213778985,0.0811384091573505,0.2945422456574421,0.0811384091573505,0.19311553416852364,0.0011865113318095472,-0.013549896629264757,0.07436164239989208,0.0811384091573505,0.03286461217806743,0.04774641968397536,0.021955799717143013,0.07436164239989208,0.0811384091573505,-0.034700141674716675,0.0811384091573505,0.01957492924639276,-0.011585843485584899,0.0017865980161442805,0.0811384091573505,0.3381832016466765,0.3323645848990649,0.04631381589536168,-0.0068727738800125355,0.0811384091573505,0.011532785354866446,0.3645918413408542,0.0811384091573505,0.03855575217491957,0.0811384091573505,-0.0219910200679589,0.0811384091573505,0.0811384091573505,0.4109902239759814,0.0811384091573505,0.024537540777823014,0.07436164239989208,0.0811384091573505,-0.03326600875185145,-0.009690514206726742,0.0811384091573505,0.2662002767844673,0.3401790756747172,0.0811384091573505,0.3825117681558145,0.02413657034590001,0.34328811174975515,0.3171086425003181,0.07436164239989208,-0.01721463113648341,0.0811384091573505,0.032962955059738355,0.3575881869213348,0.0811384091573505,0.18602060209508622,0.005887172941877339,0.03958310687926114,0.08014493825980407,0.0811384091573505,0.031572429479911936,0.07436164239989208,0.18283290260508003,0.0811384091573505,0.14419259473733712,0.02432637556091865,0.30142470516884323,-0.02843359712991048,0.00379784707000381,0.06590495118178691,0.00471347061737541,0.34912509038989137,0.0428757403031221,-0.009477024356158936,0.5205951273082513,0.0811384091573505,0.47218749761211015,0.26648311013667064,0.07436164239989208,-0.021724069925122533,0.025317114664315545,0.314569929280101,0.07436164239989208,0.2925707097522643,0.27298719779713226,0.022312144104488323,0.07436164239989208,0.23589025043732698,0.007380998753512737,0.2992696018948789,0.3232173516965363,0.33476811875811324,0.0811384091573505,0.0811384091573505,0.3358277234282698,-0.027601307368274326,0.0811384091573505,-0.05308607005669324,-0.004183594263866926,-0.003334092090531992,0.07436164239989208,0.005768061575533116,0.0811384091573505,0.0811384091573505,0.016831219114433842,0.0022186448102751903,0.0811384091573505,0.3104739054920862,0.0811384091573505,-0.007703706632520256,0.0811384091573505,-0.009788826145512585,-0.002688412982115917,0.006774923890994182,0.22281456865113,0.21003409457458744,-0.0772121325098179,0.0811384091573505,0.012887263102047058,0.0811384091573505,0.0811384091573505,0.05650514094872709,-3.896547799507252e-05,0.0811384091573505,0.0811384091573505,0.3029683630219039,-0.0029762538013435435,0.13250061696256582,0.2949778131721948,0.280400272938517,0.11408617090614666,0.31430893451568115,0.07436164239989208,0.0811384091573505,0.0811384091573505,0.07436164239989208,0.09740448984263293,0.4316890574752141,-0.025870993307162492,0.03603365676827659,0.3483784322770776,0.0811384091573505,0.019462118514415608,0.41044242378185686,0.0007657035952806907,0.0811384091573505,0.07436164239989208,0.0811384091573505,0.014449959269944985,0.016276526071949793,0.0811384091573505,0.0811384091573505,0.0194143104733865,0.05241618190553942,0.07083065641045173
ST_Elev_V3_iqr,0.13493362859475244,0.14218781968489494,1.0,0.202989159082217,-0.1682460174820046,0.08929958538768486,0.13805513304594894,0.1083254319982212,0.13805513304594894,0.4582795947150119,0.10581706895683124,0.022017614710335368,0.13805513304594894,0.13805513304594894,0.054004955145631486,0.23899543683789998,-0.36852661874913595,0.13805513304594894,0.13805513304594894,-0.05970100752532979,0.13805513304594894,-0.20931482111482236,-0.04688562164828369,-0.16674433303713312,0.13805513304594894,0.08734073380390062,0.13378749577917645,0.1123012823443204,0.06056380730935681,0.13805513304594894,0.2172771764597164,0.07792629235551174,0.13805513304594894,0.16547755572562367,0.13805513304594894,-0.0773130440951673,0.13805513304594894,0.13805513304594894,0.13521311261346508,0.13805513304594894,-0.0008193234781684619,0.13805513304594894,0.13805513304594894,-0.00358333773395015,0.020512670738478334,0.13805513304594894,0.12087237486550728,0.14701381466816305,0.13805513304594894,0.1335103079789438,0.2034642760211612,0.14415666332521668,0.13416805783115318,0.13805513304594894,-0.13806674318202403,0.13805513304594894,-0.032405381169192476,0.19510468958971386,0.13805513304594894,0.0874913089057919,0.018814517963510167,0.08767265340205657,0.13670388786056079,0.13805513304594894,0.12364972474142297,0.13805513304594894,0.09150302134199564,0.13805513304594894,0.3260175576100925,-0.010715848582729122,0.12513252619383206,-0.11764995044087864,-0.07681075438957312,0.24154744458845967,-0.13819581805763023,0.12942167246274103,0.07224010180225987,-0.14477962561817317,0.1388634511204898,0.13805513304594894,0.14738227916201202,0.11638819890554453,0.13805513304594894,-0.18397149934739004,-0.12695177194790297,0.13022083754871278,0.13805513304594894,0.1114129285085941,0.1501561253069676,-0.31340341463886157,0.13805513304594894,0.10870960810095692,-0.28024766319491634,0.14045450466504142,0.13300210675424684,0.19284437271510427,0.13805513304594894,0.13805513304594894,0.12481683097863304,-0.12475803855117616,0.13805513304594894,-0.11291434224542098,-9.348440282615685e-05,0.06776388536122573,0.13805513304594894,0.03451978216271005,0.13805513304594894,0.13805513304594894,-0.11277406741407688,-0.13788656595740972,0.13805513304594894,0.12343166979910564,0.13805513304594894,-0.20402295153127417,0.13805513304594894,-0.05997555364223537,0.060598579985323836,0.09077553003039467,0.07457336244334513,0.09320899853446817,-0.1372178834325328,0.13805513304594894,0.0005071025823062311,0.13805513304594894,0.13805513304594894,-0.08750630110217725,-0.10125433311800161,0.13805513304594894,0.13805513304594894,0.10638510423136255,0.14263030766825868,0.4591590292938233,0.09662673575644475,0.15664731056521974,0.26272996794764014,0.14996743491258382,0.13805513304594894,0.13805513304594894,0.13805513304594894,0.13805513304594894,0.16538760323486668,0.20779677748961023,-0.09506010094078009,0.13732452432529657,0.12387827556929747,0.13805513304594894,0.17213542295910894,0.14567037660142293,-0.08828255318803103,0.13805513304594894,0.13805513304594894,0.13805513304594894,0.02666380657326716,-0.15180197474266954,0.13805513304594894,0.13805513304594894,-0.09169191308193442,0.0925568055781716,0.04248751492136582
ST_Elev_aVF_iqr,0.08722627630613174,0.06736337930456925,0.202989159082217,1.0,-0.2976394302080292,0.035250199266995665,0.05061646672401522,0.07864613706109701,0.05061646672401522,0.23635206389650829,0.037337441788709305,0.06122425454370693,0.05061646672401522,0.05061646672401522,0.1270084474446032,0.30224503897274746,-0.1438006634347552,0.05061646672401522,0.05061646672401522,-0.06726624245433106,0.05061646672401522,-0.2042731379707496,-0.11064819800728914,-0.09054964092223357,0.05061646672401522,0.04882867328421386,0.1214104443991597,0.3077025021716659,0.04947809175277605,0.05061646672401522,0.22051549727764364,0.06181000677714582,0.05061646672401522,0.13188386524634377,0.05061646672401522,0.01747079047707348,0.05061646672401522,0.05061646672401522,0.05982658395826305,0.05061646672401522,-0.04631900242121638,0.05061646672401522,0.05061646672401522,-0.022114684697821418,-0.02597291667873031,0.05061646672401522,0.09257368560207777,0.07268292125836948,0.05061646672401522,0.05208726362404748,0.20406781856293985,0.07580025594551455,0.11171996733227825,0.05061646672401522,-0.07862818036154817,0.05061646672401522,-0.19540006418327377,0.060533469381531334,0.05061646672401522,0.10580538464999709,-0.020782685695469896,0.15255030250614598,0.048095831979278435,0.05061646672401522,0.12366365414021366,0.05061646672401522,0.08542026004770656,0.05061646672401522,0.24083279052743223,-0.016726841086173404,0.07422508353214537,-0.0312907917440781,-0.11856468296338342,0.4494007300132777,-0.10191425331655032,0.12588789774359632,0.003713446185063001,-0.1176375687377786,0.0682898286643302,0.05061646672401522,0.06850464226520049,0.0957934864654952,0.05061646672401522,-0.035572917316950184,-0.334434602026889,0.06183326154990708,0.05061646672401522,0.08651305352781824,0.1094710632324382,-0.18941964465954964,0.05061646672401522,0.10622801858676173,-0.0912785816907676,0.1106414257382739,0.08272258470727453,0.07119361846164458,0.05061646672401522,0.05061646672401522,0.11258652368800195,-0.02289120642415353,0.05061646672401522,-0.12120765119038972,0.061802407418601366,0.03720152352797181,0.05061646672401522,0.10065154560090218,0.05061646672401522,0.05061646672401522,-0.041759131088706394,-0.09713509646411085,0.05061646672401522,0.11272418784449897,0.05061646672401522,-0.06220167312471867,0.05061646672401522,-0.11857861000923103,0.046182929171025414,0.03605118527075897,0.04017447354054579,0.09881248070157991,-0.054269734417933216,0.05061646672401522,-0.07914620611679689,0.05061646672401522,0.05061646672401522,-0.045220016045317106,-0.056241144395113046,0.05061646672401522,0.05061646672401522,0.11302632764661794,0.10578860416907597,0.16363694666472114,0.09235932937962564,0.05661605482857195,0.2286500361886382,0.12749716890687562,0.05061646672401522,0.05061646672401522,0.05061646672401522,0.05061646672401522,0.1260626039538616,0.06621407420963625,-0.04067848658121607,0.15317254197744132,0.07025850320577072,0.05061646672401522,0.1185139854601139,0.06306330941696893,0.014581548349112157,0.05061646672401522,0.05061646672401522,0.05061646672401522,0.10216987213594332,-0.20244081871018682,0.05061646672401522,0.05061646672401522,-0.08829241819780956,0.08828356550890337,0.05040122454519454
T_Amp_II,0.006270250938543156,0.015526407519249764,-0.1682460174820046,-0.2976394302080292,1.0,0.005971389517264637,-0.07347182783233144,-0.03316307080592271,-0.07347182783233144,-0.24567716917141094,0.06678628054571341,-0.12697210919214583,-0.0631427276758813,-0.07352188081725718,-0.07108812072582764,-0.3339472755621892,0.2769158799792844,-0.0631427276758813,-0.07347182783233144,0.08779056431779977,-0.07352188081725718,0.5487998706267031,0.0706323205594605,0.23723409390313163,-0.07347182783233144,0.05351274544527711,0.02438950635891837,-0.11019572163056483,-0.010453687486089871,-0.07352188081725718,-0.5880690539319721,-0.020952342624046126,-0.07347182783233144,-0.19028487599098512,-0.07352188081725718,0.1136342337389335,-0.07347182783233144,-0.07347182783233144,0.024747664391924506,-0.07352188081725718,0.05012874435137503,-0.0631427276758813,-0.07347182783233144,0.017283845234113866,0.06610485678485527,-0.07347182783233144,0.02804739024529057,0.0070303343497680505,-0.07352188081725718,0.023167505535991804,-0.24483640238320223,0.021772977444465665,0.030011057911127344,-0.0631427276758813,0.17610232407005158,-0.07347182783233144,0.2698296208687355,0.011546322241657265,-0.07347182783233144,-0.015565513000855253,0.01842420253972462,-0.1248594482298006,-0.07003531223367312,-0.07347182783233144,-0.17510568942120897,-0.0631427276758813,-0.014596305022742269,-0.07352188081725718,-0.2709873692676848,0.027779608444961634,0.0019788587396819247,-0.011744192083805172,0.05266739225665213,-0.39719606258262824,0.2414644391316737,0.04436299597732002,-0.12020224902852608,0.4052467643690549,-0.0032549134418063093,-0.07347182783233144,0.019938036938224418,0.016373741540182302,-0.0631427276758813,0.02348172763672763,0.6097685191324138,-0.007842828732942581,-0.0631427276758813,0.028629285726112903,-0.006421924184769673,0.43107259965303046,-0.0631427276758813,0.009007676717275535,0.14845698497371762,0.019459800082058994,-0.002224051320940716,-0.008050510744000242,-0.07347182783233144,-0.07347182783233144,0.03884756336651549,-0.07865337700204941,-0.07347182783233144,0.16691478680228386,-0.07062133098113664,-0.06529480573136083,-0.0631427276758813,-0.07684138930115524,-0.07347182783233144,-0.07347182783233144,-0.0006368284018690041,0.26399337872065415,-0.07347182783233144,0.034541530454887094,-0.07347182783233144,0.1248374425155159,-0.07347182783233144,0.053846369366135585,-0.08118059797476611,0.041689312411019225,-0.0032380235330224626,-0.0008047363123092118,0.07661493881043191,-0.07347182783233144,-0.01926634501764792,-0.07347182783233144,-0.07347182783233144,0.00018857186172289682,0.055485230009743716,-0.07347182783233144,-0.07347182783233144,0.03631481217774812,-0.28018651700080177,-0.09169740861660708,0.03384804282003895,-0.025334530296888313,-0.278030936426207,0.0006318250240269334,-0.0631427276758813,-0.07352188081725718,-0.07347182783233144,-0.0631427276758813,-0.0381714270195585,0.021464889003564785,0.07824319347090271,-0.1013974783185462,0.020106810251365622,-0.07347182783233144,-0.1908723397458002,0.020923897721408336,-0.1686218267582992,-0.07347182783233144,-0.0631427276758813,-0.07352188081725718,-0.03339679830996405,0.570206385410654,-0.07347182783233144,-0.07347182783233144,0.1922455136235602,-0.09086354007628343,0.029188385126421433
R_Amp_V1_iqr,0.14941757530367974,0.22626459213778985,0.08929958538768486,0.035250199266995665,0.005971389517264637,1.0,0.07462706781364958,0.1790761050291073,0.07462706781364958,0.0901398527659775,-0.12249413692451519,-0.017200747382289546,0.06564149405802629,0.07457688795557471,-0.029420702861777046,0.042851450544298474,0.026786492869989912,0.06564149405802629,0.07462706781364958,0.040369400418503947,0.07457688795557471,-0.0020469270228834443,0.04364693868354171,-0.0067271417603038544,0.07462706781364958,0.26456651351760774,0.18890990399020538,0.041253577996768785,-0.05539107067465124,0.07457688795557471,0.02224194962248651,0.1906487490032251,0.07462706781364958,0.0003279312105608524,0.07457688795557471,-0.03828346365669015,0.07462706781364958,0.07462706781364958,0.20668309877366833,0.07457688795557471,0.006610418060529229,0.06564149405802629,0.07462706781364958,0.02562541253898859,-0.020158250954995537,0.07462706781364958,0.22009341476707728,0.22507754311355008,0.07457688795557471,0.20128844327090425,0.038984552242033996,0.38526662079478363,0.1875495992873827,0.06564149405802629,-0.019380759139018773,0.07462706781364958,0.039879097959312354,0.2283538813610776,0.07462706781364958,0.16303085178012414,0.025276478835862915,-0.026089737232479673,0.07408644102925671,0.07462706781364958,0.0028919102075880606,0.06564149405802629,0.1744194248023474,0.07457688795557471,0.09371633557797146,0.02076839511291487,0.25169723814601075,0.003987319719556266,0.06929649200657753,0.037486235267457306,-0.016066979397334983,0.20171345896881812,0.03738189540463614,-0.028447854832230477,0.20159672442678045,0.07462706781364958,0.21776383445152325,0.20025073257487086,0.06564149405802629,-1.5455516152453332e-05,0.024531136939655335,0.19396187690046635,0.06564149405802629,0.18215307199156913,0.15730564910460992,0.0067393361520200245,0.06564149405802629,0.17999888397139083,0.042857392164031824,0.17572248880361263,0.3478432936863227,0.22950986727320452,0.07462706781364958,0.07462706781364958,0.19441826949568425,0.023299591089910646,0.07462706781364958,-0.0009136552932174935,-0.0017837570461655943,-0.009375951866975426,0.06564149405802629,-0.03136391912509236,0.07462706781364958,0.07462706781364958,0.024595172224248365,-0.012300993497104038,0.07462706781364958,0.17854714862333315,0.07462706781364958,-0.0031513381430289243,0.07462706781364958,0.05695464754850019,0.0009604953242563382,-0.08461887977013861,0.2715621603062066,0.1722640373487921,-0.07061451106242235,0.07462706781364958,0.03856668205790281,0.07462706781364958,0.07462706781364958,0.04107847041342349,0.02477733356260424,0.07462706781364958,0.07462706781364958,0.176868919950117,0.01710363735090409,0.07599435267839452,0.18074367326059002,0.23642897741590774,0.0925073696246197,0.18169661386680952,0.06564149405802629,0.07457688795557471,0.07462706781364958,0.06564149405802629,0.12368097246138689,0.2453551158492226,-0.0091043293726112,0.05351169599406984,0.38696474785253954,0.07462706781364958,-0.012442006952473283,0.2140260606781654,0.0718275044528011,0.07462706781364958,0.06564149405802629,0.07457688795557471,-0.03076517552371225,-0.01208714516695986,0.07462706781364958,0.07462706781364958,-0.0007833174176548846,0.03515625296281138,0.07164054577830518
Q_Amp_aVF_count,0.09225889000708774,0.0811384091573505,0.13805513304594894,0.05061646672401522,-0.07347182783233144,0.07462706781364958,1.0,0.1081232685116605,1.0,0.13983353307465315,-0.0027952218534831267,-0.07266659859821599,0.7904285224513438,0.9998631395220793,-0.03026255774970611,0.10890521812481126,0.0064263080931702835,0.7904285224513438,1.0,-0.03814740950535642,0.9998631395220793,-0.07280769202276784,-0.008332288302197085,-0.18105500151107978,1.0,0.07124778792589087,0.08367197006065687,0.03044354427688541,0.07099133654759572,0.9998631395220793,0.20027571200042515,0.09786833627528903,1.0,0.03132056458930073,0.9998631395220793,-0.07327379320595462,1.0,1.0,0.09461559318844955,0.9998631395220793,-0.044431211222848266,0.7904285224513438,1.0,-0.021881591399580593,-0.06083329940742302,1.0,0.09908331700198185,0.07893775971918174,0.9998631395220793,0.08685018884901723,0.0836095365051139,0.09340480937276176,0.07084588168111201,0.7904285224513438,-0.18331388855081693,1.0,0.06360460876835959,0.08522273558207892,1.0,0.06607363075615759,-0.008540198085799314,-0.02500030743073816,0.9870742722502791,1.0,0.03288958198779447,0.7904285224513438,0.06736015673410425,0.9998631395220793,0.13660572374903127,0.054273613907938174,0.09276669060786319,-0.20588687967742572,-0.04800984418556759,0.07661383201615517,-0.18781372381538375,0.08518039643002073,0.039383543539852316,-0.10682932789406178,0.09369763329965,1.0,0.08882522291799093,0.11776894398678851,0.7904285224513438,-0.20306433364837473,-0.013544303008777226,0.10435517699818614,0.7904285224513438,0.08460754234822261,0.07620734039691135,-0.0354474897679339,0.7904285224513438,0.09223025090623173,0.025069768503659856,0.10339486718829108,0.07138422960563863,0.10642376558653302,1.0,1.0,0.08127021680507342,-0.08499337959482024,1.0,-0.0005538322546483856,-0.03998974405081656,0.0060011309429193515,0.7904285224513438,-0.003004583911185397,1.0,1.0,-0.07772441902000934,-0.18378457668392426,1.0,0.09700376946515875,1.0,-0.1769557865849292,1.0,-0.025718473718976922,0.004321050880991544,-0.030171394886381146,0.09747806924483259,0.08309647974160522,-0.8999688535773165,1.0,0.03828088158774032,1.0,1.0,-0.06507142221338419,-0.0756148718768401,1.0,1.0,0.08638912536450107,0.18248956933196353,0.12631269452102856,0.08902636760910229,0.12245579251797557,0.12017618169935507,0.08454866056159195,0.7904285224513438,0.9998631395220793,1.0,0.7904285224513438,0.06531286245120502,0.09837093439708264,-0.07824757603347128,0.056394977852655924,0.07772733700943997,1.0,0.02633079341515808,0.07778682868844511,0.1040421692494278,1.0,0.7904285224513438,0.9998631395220793,-0.0408555830932044,-0.09752976019453018,1.0,1.0,-0.1335061930246607,0.0077472477820141996,-0.1498226208824431
R_Amp_V5_iqr,0.17541195312571697,0.2945422456574421,0.1083254319982212,0.07864613706109701,-0.03316307080592271,0.1790761050291073,0.1081232685116605,1.0,0.10812326851166051,0.12402571794261534,-0.03801159911908032,0.0007558541464370579,0.09609432862760002,0.10812326851166051,0.04952782815271405,0.06706141678154523,0.014350053755898177,0.09609432862760002,0.10812326851166051,-0.012196957176439949,0.10812326851166051,-0.02872579137246459,-0.08395768125397324,-0.05322098845456739,0.10812326851166051,0.2230994588258849,0.19112383082274936,0.04449665086969922,-0.08196138193728739,0.10812326851166051,0.05878869137124108,0.3660354453757768,0.10812326851166051,-0.0017216660866400174,0.10812326851166051,-0.032438818052311566,0.10812326851166051,0.10812326851166051,0.3810067430663906,0.10812326851166051,0.028324774249722712,0.09609432862760002,0.10812326851166051,-0.012451582096524595,-0.030266555484101464,0.10812326851166051,0.20012279145442102,0.21916731177565932,0.10812326851166051,0.27087137265799094,0.039258312322734,0.22179595872080773,0.19157034426840025,0.09609432862760002,-0.06754555043231725,0.10812326851166051,0.008372539331912357,0.2303410587117603,0.10812326851166051,0.22554339850382346,-0.013638359118375732,0.03346519094892721,0.10788828142529537,0.10812326851166051,-0.007975169587352674,0.09609432862760002,0.21520672707666608,0.10812326851166051,0.17205235398847818,0.04625404561608787,0.2192825297236339,-0.04614069989678335,0.0004405365763526634,0.07845576718065347,-0.04045130136434575,0.2051434004183918,-0.01938035980088159,-0.036769469767415526,0.2766914621411876,0.10812326851166051,0.4023965820434976,0.22481047119507824,0.09609432862760002,-0.03323783693244698,-0.019821876819453285,0.41518279190316953,0.09609432862760002,0.18232159516035176,0.1721109022526461,-0.005338719430798766,0.09609432862760002,0.22226450847834922,0.004742649974257964,0.18122857190880326,0.21012126318450003,0.23530803841045692,0.10812326851166051,0.10812326851166051,0.19781771097889275,0.006953507223168722,0.10812326851166051,-0.014156030370729046,0.1247482258257428,-0.005616951090143554,0.09609432862760002,0.1143074629962348,0.10812326851166051,0.10812326851166051,0.10508806603823731,-0.05519099156902865,0.10812326851166051,0.18791506360922713,0.10812326851166051,-0.0387158758316593,0.10812326851166051,-0.05105557449268072,0.01960747727979264,-0.0003392174556372895,0.19919822525788003,0.22494585073388232,-0.10170718784488438,0.10812326851166051,-0.04446818202801898,0.10812326851166051,0.10812326851166051,0.1291943476556075,0.017868673968948253,0.10812326851166051,0.10812326851166051,0.20339539976523954,0.056657580814120014,0.10702710278067706,0.19418890950569254,0.2360229167944095,0.11280394898023781,0.1870616497154325,0.09609432862760002,0.10812326851166051,0.10812326851166051,0.09609432862760002,0.07935014096431198,0.24881084994561362,-0.05985586472070064,0.02691389580890999,0.21672937054162422,0.10812326851166051,0.02070235858707855,0.2791201041497596,0.022869188260360485,0.10812326851166051,0.09609432862760002,0.10812326851166051,0.0545545062518364,-0.03297811636449119,0.10812326851166051,0.10812326851166051,-0.011159177329186667,0.048225517697563315,0.02672293248869004
R_Amp_III_count,0.09225889000708774,0.0811384091573505,0.13805513304594894,0.05061646672401522,-0.07347182783233144,0.07462706781364958,1.0,0.10812326851166051,1.0,0.13983353307465315,-0.0027952218534831267,-0.07266659859821599,0.7904285224513438,0.9998631395220793,-0.03026255774970611,0.10890521812481126,0.0064263080931702835,0.7904285224513438,1.0,-0.03814740950535642,0.9998631395220793,-0.07280769202276784,-0.008332288302197085,-0.18105500151107978,1.0,0.07124778792589087,0.08367197006065687,0.03044354427688541,0.07099133654759572,0.9998631395220793,0.20027571200042515,0.09786833627528903,1.0,0.03132056458930073,0.9998631395220793,-0.07327379320595462,1.0,1.0,0.09461559318844955,0.9998631395220793,-0.044431211222848266,0.7904285224513438,1.0,-0.021881591399580593,-0.06083329940742302,1.0,0.09908331700198185,0.07893775971918174,0.9998631395220793,0.08685018884901723,0.0836095365051139,0.09340480937276176,0.07084588168111201,0.7904285224513438,-0.18331388855081693,1.0,0.06360460876835959,0.08522273558207892,1.0,0.06607363075615759,-0.008540198085799314,-0.02500030743073816,0.9870742722502791,1.0,0.03288958198779447,0.7904285224513438,0.06736015673410425,0.9998631395220793,0.13660572374903127,0.054273613907938174,0.09276669060786319,-0.20588687967742572,-0.04800984418556759,0.07661383201615517,-0.18781372381538375,0.08518039643002073,0.039383543539852316,-0.10682932789406178,0.09369763329965,1.0,0.08882522291799093,0.11776894398678851,0.7904285224513438,-0.20306433364837473,-0.013544303008777226,0.10435517699818614,0.7904285224513438,0.08460754234822261,0.07620734039691135,-0.0354474897679339,0.7904285224513438,0.09223025090623173,0.025069768503659856,0.10339486718829108,0.07138422960563863,0.10642376558653302,1.0,1.0,0.08127021680507342,-0.08499337959482024,1.0,-0.0005538322546483856,-0.03998974405081656,0.0060011309429193515,0.7904285224513438,-0.003004583911185397,1.0,1.0,-0.07772441902000934,-0.18378457668392426,1.0,0.09700376946515875,1.0,-0.1769557865849292,1.0,-0.025718473718976922,0.004321050880991544,-0.030171394886381146,0.09747806924483259,0.08309647974160522,-0.8999688535773165,1.0,0.03828088158774032,1.0,1.0,-0.06507142221338419,-0.0756148718768401,1.0,1.0,0.08638912536450107,0.18248956933196353,0.12631269452102856,0.08902636760910229,0.12245579251797557,0.12017618169935507,0.08454866056159195,0.7904285224513438,0.9998631395220793,1.0,0.7904285224513438,0.06531286245120502,0.09837093439708264,-0.07824757603347128,0.056394977852655924,0.07772733700943997,1.0,0.02633079341515808,0.07778682868844511,0.1040421692494278,1.0,0.7904285224513438,0.9998631395220793,-0.0408555830932044,-0.09752976019453018,1.0,1.0,-0.1335061930246607,0.0077472477820141996,-0.1498226208824431
ST_Elev_V4_iqr,0.12533773674114979,0.19311553416852364,0.4582795947150119,0.23635206389650829,-0.24567716917141094,0.0901398527659775,0.13983353307465315,0.12402571794261534,0.13983353307465315,1.0,0.03763350625906016,0.06199050024467612,0.13983353307465315,0.13983353307465315,0.08194516216980664,0.31028908574447367,-0.29342283349861825,0.13983353307465315,0.13983353307465315,-0.08405543648707914,0.13983353307465315,-0.31827179263870786,-0.08422610709921774,-0.1967229122697114,0.13983353307465315,0.08078913575639693,0.12192904234518434,0.11644004505330129,0.05826249386422808,0.13983353307465315,0.31007376145822335,0.123640206346611,0.13983353307465315,0.20785993630491278,0.13983353307465315,-0.1180204479726708,0.13983353307465315,0.13983353307465315,0.14733682146779906,0.13983353307465315,0.01076933370671427,0.13983353307465315,0.13983353307465315,-0.01989969435854873,-0.017963142690341643,0.13983353307465315,0.1085512701627772,0.13034060146532414,0.13983353307465315,0.13163237959047983,0.2557595390752771,0.12836390139846407,0.11896805092750017,0.13983353307465315,-0.172396257907353,0.13983353307465315,-0.036419075539044096,0.12844207084097173,0.13983353307465315,0.09035908190765217,0.0070754547141753206,0.12002629648719626,0.13773412758032255,0.13983353307465315,0.1735398439291159,0.13983353307465315,0.09390125446352712,0.13983353307465315,0.4636875203929667,-0.015690997970732673,0.11574129034014387,-0.07467933771656096,-0.10151411488817665,0.3029506943102742,-0.16179008692075414,0.11665227182408582,0.08218560451354985,-0.21930337436115846,0.19680309075696542,0.13983353307465315,0.15472931857925568,0.10527995173669881,0.13983353307465315,-0.10270175221831183,-0.17587180627159274,0.13019253332123595,0.13983353307465315,0.10152938133797329,0.1376228187203991,-0.37929069265232945,0.13983353307465315,0.09659194377046393,-0.18482652835166613,0.12974374786357418,0.1249110684070263,0.1315049381603568,0.13983353307465315,0.13983353307465315,0.11484460169761951,-0.04749786100003371,0.13983353307465315,-0.14356154877212832,0.03222953895538047,0.07109153956159682,0.13983353307465315,0.07501002652880265,0.13983353307465315,0.13983353307465315,-0.13025021362379505,-0.18037106002114708,0.13983353307465315,0.11587725955109249,0.13983353307465315,-0.18519699396819406,0.13983353307465315,-0.0927245009792455,0.062034753427862355,0.03207664223955416,0.07959453787960648,0.0879237370697959,-0.13766351039495284,0.13983353307465315,-0.0064951022116222145,0.13983353307465315,0.13983353307465315,-0.10537206982092415,-0.11801533164765028,0.13983353307465315,0.13983353307465315,0.09947641704222221,0.18206645248220585,0.3237241426058925,0.09346982630318831,0.11154073062781997,0.35529476375883523,0.14260445254283938,0.13983353307465315,0.13983353307465315,0.13983353307465315,0.13983353307465315,0.1294518293170844,0.12724591612400402,-0.12306694325217978,0.15375014555383057,0.11471935776888761,0.13983353307465315,0.19605254775410522,0.14232960153824262,0.016730589354562266,0.13983353307465315,0.13983353307465315,0.13983353307465315,0.046903953045331195,-0.2571110356678583,0.13983353307465315,0.13983353307465315,-0.10272514242829162,0.10198168050001916,0.018119347810575358
R_Amp_V1,0.004843083772371737,0.0011865113318095472,0.10581706895683124,0.037337441788709305,0.06678628054571341,-0.12249413692451519,-0.0027952218534831267,-0.03801159911908032,-0.0027952218534831267,0.03763350625906016,1.0,-0.0764375013254493,-0.009764118222405617,-0.0028990061985135662,0.040293251527081624,-0.0033370547554410716,-0.14408748633012725,-0.009764118222405617,-0.0027952218534831267,-0.15130194422852197,-0.0028990061985135662,0.1041173383185811,0.03474683804117399,0.10790923689091898,-0.0027952218534831267,-0.01858880438609229,0.01629275155830845,0.03371888808025029,0.2948545236585454,-0.0028990061985135662,-0.121782609131726,-0.06254433027805748,-0.0027952218534831267,0.05538502471231866,-0.0028990061985135662,0.14038888818478643,-0.0027952218534831267,-0.0027952218534831267,0.00791770581302542,-0.0028990061985135662,-0.049807654873149185,-0.009764118222405617,-0.0027952218534831267,-0.02536507189334542,0.15473125410405192,-0.0027952218534831267,-0.013996593139339203,0.01706163962379965,-0.0028990061985135662,0.003188638085190685,0.005104740931435757,0.0192200047333421,0.008215246427339914,-0.009764118222405617,0.14869553458286455,-0.0027952218534831267,-0.08930892538007876,-0.0031894296132766106,-0.0027952218534831267,-0.07945457847422459,-0.09876571060016268,0.08439735689042611,-0.0016469048063033084,-0.0027952218534831267,0.04650288339406815,-0.009764118222405617,-0.07204901445531978,-0.0028990061985135662,0.004211780724888264,-0.16192986888681365,-0.0009449258718874544,-0.17600327940201757,-0.20569074603854148,0.008518650995835245,0.10435914349531754,0.015350567620532891,0.04518576573306056,0.148593321458856,-0.004692755877417284,-0.0027952218534831267,0.014703921863683104,-0.02493214454507836,-0.009764118222405617,-0.12711841843412366,-0.011236775739399248,-0.01268811928267286,-0.009764118222405617,-0.003309831676157712,0.009316342184327649,-0.013754161397402181,-0.009764118222405617,-0.040635123526420194,-0.2325076284047314,0.013929009557402198,-0.0005835413337307783,-0.017679257139487804,-0.0027952218534831267,-0.0027952218534831267,0.007208723568609648,-0.2721660258206359,-0.0027952218534831267,-0.08861368972404554,-0.22629233647138167,-0.02715869671537337,-0.009764118222405617,-0.11986075590244602,-0.0027952218534831267,-0.0027952218534831267,-0.14431669474652012,0.15352160973290285,-0.0027952218534831267,0.021717707056926196,-0.0027952218534831267,-0.02728481634332999,-0.0027952218534831267,-0.0715816153152512,-0.002155827508579648,0.40091937752649365,-0.06710027635233298,-0.06913908275704811,0.0004168377104056946,-0.0027952218534831267,0.013984154099995013,-0.0027952218534831267,-0.0027952218534831267,-0.20149598621156004,-0.038115070809880844,-0.0027952218534831267,-0.0027952218534831267,0.008555978717936594,-0.15778940979845404,0.16582434477258892,-0.014958166844305947,-0.05502228788638252,-0.004310064322016297,0.016725110498205808,-0.009764118222405617,-0.0028990061985135662,-0.0027952218534831267,-0.009764118222405617,0.13440095880084307,-0.0035148150644496784,0.10837877195918515,0.011069429195245688,-0.018653464716322322,-0.0027952218534831267,0.041876627974592844,0.01530498881733186,-0.3272858535128661,-0.0027952218534831267,-0.009764118222405617,-0.0028990061985135662,0.0059387871305640735,0.14931230744582744,-0.0027952218534831267,-0.0027952218534831267,0.026638030619702293,-0.06288954478656582,0.016442638628275278
QRS_Dur_Global,0.007500116188134443,-0.013549896629264757,0.022017614710335368,0.06122425454370693,-0.12697210919214583,-0.017200747382289546,-0.07266659859821599,0.0007558541464370579,-0.07266659859821599,0.06199050024467612,-0.0764375013254493,1.0,-0.043921270662471236,-0.07273213935668994,0.15357178850520778,0.1387406906096961,-0.013319070072043459,-0.043921270662471236,-0.07266659859821599,-0.1701618409109092,-0.07273213935668994,-0.14135084395339967,-0.1884547509063269,-0.08860635174262742,-0.07266659859821599,-0.009327064380334545,-0.028460472917513257,-0.03298236840886627,0.14511303153288493,-0.07273213935668994,0.17469409329000118,-0.012722013480381506,-0.07266659859821599,0.2257106098547766,-0.07273213935668994,-0.12901288123629695,-0.07266659859821599,-0.07266659859821599,-0.012481000554183812,-0.07273213935668994,0.10463613453066004,-0.043921270662471236,-0.07266659859821599,-0.07730531536807365,-0.16550202049002474,-0.07266659859821599,-0.040256537537130335,0.027897182364592238,-0.07273213935668994,-0.011535461823347005,0.08946404879496418,-0.015614756950874092,-0.014024878443876563,-0.043921270662471236,-0.1384657523250689,-0.07266659859821599,0.021319017940148646,-0.0006894942754439302,-0.07266659859821599,-0.0188358867278192,-0.0173528622443697,0.2014610612747761,-0.07225553330743985,-0.07266659859821599,0.24277950523712585,-0.043921270662471236,-0.0033487553166615105,-0.07273213935668994,0.08209926836359496,-0.06920562901257357,-0.009623303290009289,0.03198472679704498,-0.20749732866266066,0.12549973009091808,-0.050721179498086154,-0.04178831561599287,0.11553936206679896,-0.16975348242300833,0.0061054737620381645,-0.07266659859821599,-0.026630341830305097,-0.03902272607128324,-0.043921270662471236,0.05540024568720386,-0.06725395766248629,-0.016201821308193472,-0.043921270662471236,-0.007874150294691462,0.006211949975017414,-0.06440034979086746,-0.043921270662471236,-0.05523165148740786,0.018884716324585694,-0.007119638731264033,0.01140908925655287,-0.0010322369902663593,-0.07266659859821599,-0.07266659859821599,-0.03135574390118349,0.07683718800683469,-0.07266659859821599,-0.20746929676969503,0.021162135866341417,0.08634473069473772,-0.043921270662471236,0.1398121693231364,-0.07266659859821599,-0.07266659859821599,-0.1101856142163852,-0.11976414546161464,-0.07266659859821599,-0.008955406373732312,-0.07266659859821599,0.013417783445380997,-0.07266659859821599,-0.20830949724391376,0.06732241490693976,-0.0933147911363835,0.0070487164492709494,-0.04698544817471862,0.06613319969211567,-0.07266659859821599,-0.010395026794885966,-0.07266659859821599,-0.07266659859821599,-0.10064381078381188,-0.1705702732158407,-0.07266659859821599,-0.07266659859821599,-0.015112114137463512,0.11449710187553541,-0.005230267627721234,-0.012293887260723184,0.009844697503291788,0.08390482845855124,-0.011694605088185482,-0.043921270662471236,-0.07273213935668994,-0.07266659859821599,-0.043921270662471236,-0.06224432362996517,-0.01638393030743377,-0.1578086669372805,-0.01471057170753693,-0.01375369811712419,-0.07266659859821599,0.19839118753262602,-0.02659399112654093,0.12894895190324268,-0.07266659859821599,-0.043921270662471236,-0.07273213935668994,0.08376620723854657,-0.16905510687220832,-0.07266659859821599,-0.07266659859821599,0.023405510711093636,0.22667384228890453,-0.009849025779880411
ST_Elev_V1_count,0.09067551891320634,0.07436164239989208,0.13805513304594894,0.05061646672401522,-0.0631427276758813,0.06564149405802629,0.7904285224513438,0.09609432862760002,0.7904285224513438,0.13983353307465315,-0.009764118222405617,-0.043921270662471236,1.0,0.7905391923461392,-0.0193376629152945,0.10890521812481126,0.010703386529943711,1.0,0.7904285224513437,-0.03426063325073105,0.7905391923461392,-0.060812792491177714,-0.016211866156094434,-0.18105500151107978,0.7904285224513437,0.06264964549892901,0.07711883019374224,0.03044354427688541,0.058785754321968156,0.7905391923461392,0.16426726804206546,0.08542399875781696,0.7904285224513437,0.027257706787519962,0.7905391923461392,-0.07140532192675647,0.7904285224513437,0.7904285224513437,0.08660855853515215,0.7905391923461392,-0.044431211222848266,1.0,0.7904285224513437,-0.017179000001370785,-0.05466791652650777,0.7904285224513437,0.09149651212608911,0.07769709758338728,0.7905391923461392,0.07784797806989294,0.0836095365051139,0.08480301000775797,0.07111945049524179,1.0,-0.18331388855081693,0.7904285224513437,0.0558244359415001,0.08430278173556568,0.7904285224513437,0.06164899994914557,-0.00908556462027605,-0.015483883924972618,0.780473803678407,0.7904285224513437,0.028270105529464584,1.0,0.0648602913195838,0.7905391923461392,0.13660572374903127,0.04734840973974471,0.08476892774323473,-0.20588687967742572,-0.04450848808227836,0.07661383201615517,-0.18781372381538375,0.08023863220643027,0.03183681294331013,-0.09480853284251047,0.08603957277332111,0.7904285224513437,0.0803793107389145,0.10474430011301357,1.0,-0.20306433364837473,-0.01006600161583545,0.09173189992124293,1.0,0.08606686222548031,0.08001579164959507,-0.023857362254009893,1.0,0.08101646031609258,0.024475750797487567,0.09914434416441846,0.06840213700288837,0.0973999257222388,0.7904285224513437,0.7904285224513437,0.0794508263991755,-0.08499337959482024,0.7904285224513437,-0.002066398238684071,-0.0275146451148884,0.0029366542811671546,1.0,0.005785475579306738,0.7904285224513437,0.7904285224513437,-0.05745427563252061,-0.18378457668392426,0.7904285224513437,0.08950939285239481,0.7904285224513437,-0.1769557865849292,0.7904285224513437,-0.030239646442463842,0.006724529218598609,-0.031408629613938005,0.08520196099404607,0.0739037831427735,-0.705548323206989,0.7904285224513437,0.02959407520062623,0.7904285224513437,0.7904285224513437,-0.04914355960861011,-0.06308189985573766,0.7904285224513437,0.7904285224513437,0.08107262146272197,0.18248956933196353,0.12631269452102856,0.08200141533427666,0.10809210341265138,0.12017618169935507,0.08373765948600617,1.0,0.7905391923461392,0.7904285224513437,1.0,0.06531286245120502,0.08858702531664664,-0.07824757603347128,0.056394977852655924,0.07351032611890343,0.7904285224513437,0.02608777125966033,0.06937368163988841,0.09076729466611823,0.7904285224513437,1.0,0.7905391923461392,-0.029174719638432232,-0.08186842697662541,0.7904285224513437,0.7904285224513437,-0.1335061930246607,0.01810697284432198,-0.1262399473467558
T_Amp_V4_count,0.09221268205112247,0.0811384091573505,0.13805513304594894,0.05061646672401522,-0.07352188081725718,0.07457688795557471,0.9998631395220793,0.10812326851166051,0.9998631395220793,0.13983353307465315,-0.0028990061985135662,-0.07273213935668994,0.7905391923461392,1.0,-0.0302305829972608,0.10890521812481126,0.006545708113600336,0.7905391923461392,0.9998631395220794,-0.03816841232500636,1.0,-0.07280769202276784,-0.00836480636552359,-0.18105500151107978,0.9998631395220794,0.07115629313271295,0.0835970466587137,0.03044354427688541,0.07091560045667428,1.0,0.20033917104046786,0.09786833627528903,0.9998631395220794,0.03132056458930073,1.0,-0.07334987115361262,0.9998631395220794,0.9998631395220794,0.09461559318844955,1.0,-0.044431211222848266,0.7905391923461392,0.9998631395220794,-0.021882838706791204,-0.06085979203228726,0.9998631395220794,0.09905537991804333,0.0788551161828784,1.0,0.08685018884901723,0.0836095365051139,0.0933252593967519,0.07076405989317085,0.7905391923461392,-0.18331388855081693,0.9998631395220794,0.0636635136712677,0.08510884365374258,0.9998631395220794,0.06609213760267824,-0.008529256616998509,-0.024980289798677873,0.9869369299706925,0.9998631395220794,0.03288958198779447,0.7905391923461392,0.06747095337445012,1.0,0.13660572374903127,0.05421139447996438,0.09271244429079073,-0.20588687967742572,-0.04795096292404273,0.07661383201615517,-0.18781372381538375,0.08515416727660412,0.03942515300217249,-0.10691416402051411,0.09369763329965,0.9998631395220794,0.08882522291799093,0.11770006151711983,0.7905391923461392,-0.20306433364837473,-0.013579460173274029,0.10435517699818614,0.7905391923461392,0.08453326370054566,0.07617825312592073,-0.0354474897679339,0.7905391923461392,0.09233169493158776,0.025091584473967598,0.10334074432388159,0.07129744469762592,0.1063166428503187,0.9998631395220794,0.9998631395220794,0.08123576288569055,-0.08499337959482024,0.9998631395220794,-0.0006071760220786968,-0.039937629786190074,0.005905972733228227,0.7905391923461392,-0.00297652991459727,0.9998631395220794,0.9998631395220794,-0.07772441902000934,-0.18378457668392426,0.9998631395220794,0.09693959742511099,0.9998631395220794,-0.1769557865849292,0.9998631395220794,-0.025705637894365217,0.004330447704378246,-0.030242679856146367,0.09738316560588944,0.08307457166503675,-0.8998437510250041,0.9998631395220794,0.03833029628931065,0.9998631395220794,0.9998631395220794,-0.06507142221338419,-0.0756148718768401,0.9998631395220794,0.9998631395220794,0.08634992048971823,0.18248956933196353,0.12631269452102856,0.08900363610135884,0.12233427186816474,0.12017618169935507,0.08447784948419712,0.7905391923461392,1.0,0.9998631395220794,0.7905391923461392,0.06531286245120502,0.09823644598313569,-0.07824757603347128,0.056394977852655924,0.07764294957354585,0.9998631395220794,0.02633079341515808,0.07778682868844511,0.10411458604827013,0.9998631395220794,0.7905391923461392,1.0,-0.04081679162557358,-0.09752976019453018,0.9998631395220794,0.9998631395220794,-0.1335061930246607,0.007633171380337465,-0.1498949133226048
Q_Amp_aVF,0.023443448465000793,0.03286461217806743,0.054004955145631486,0.1270084474446032,-0.07108812072582764,-0.029420702861777046,-0.03026255774970611,0.04952782815271405,-0.03026255774970611,0.08194516216980664,0.040293251527081624,0.15357178850520778,-0.0193376629152945,-0.0302305829972608,1.0,0.10933891474826558,-0.052180460860583006,-0.0193376629152945,-0.03026255774970611,-0.12722529755364506,-0.0302305829972608,-0.10368720347431012,-0.5032849787107617,-0.02894790032888928,-0.03026255774970611,-0.008615276757863397,0.009357142473457817,0.03334505094147226,0.1703829364137998,-0.0302305829972608,0.10728735989211187,0.02843149306575324,-0.03026255774970611,0.2900373825782737,-0.0302305829972608,-0.09658879722746803,-0.03026255774970611,-0.03026255774970611,0.04665893350291427,-0.0302305829972608,0.15996197692981515,-0.0193376629152945,-0.03026255774970611,-0.1235772149151288,-0.08338927229492149,-0.03026255774970611,0.017484017185315608,0.037834789694416775,-0.0302305829972608,0.043563567092998384,0.05136712067959585,0.01931742083919334,0.007822388806187295,-0.0193376629152945,-0.12403177560788722,-0.03026255774970611,0.027150793893772358,0.023468399863879927,-0.03026255774970611,0.044598191367113175,-0.0627569800470126,0.5677514043747551,-0.03019089099893381,-0.03026255774970611,0.3084209391240778,-0.0193376629152945,0.03311390649498385,-0.0302305829972608,0.09720090541204274,-0.0348439336189722,0.01054706128047985,-0.03279141857850118,-0.41058439966653865,0.1324080712841889,0.033375870859943244,-0.0019200777246493501,-0.12119778294135668,-0.10602908165956927,0.06414944496960104,-0.03026255774970611,0.03330341251999063,-0.007839265361011089,-0.0193376629152945,-0.0016860622041705456,-0.028384231810238136,0.04509831606636698,-0.0193376629152945,-0.01860786263828701,0.027926127453098745,-0.08040801943306412,-0.0193376629152945,-0.026536103551520793,-0.03935076315603691,0.03406115694190848,0.03530402108117312,0.03277761251370131,-0.03026255774970611,-0.03026255774970611,-0.0011861701781452241,0.02165583586730286,-0.03026255774970611,-0.29742200229439225,0.15528512804746636,0.04472794172750094,-0.0193376629152945,0.38097990050180364,-0.03026255774970611,-0.03026255774970611,-0.15761054465044827,-0.03188749469951948,-0.03026255774970611,0.048028905249674486,-0.03026255774970611,0.001317418380265771,-0.03026255774970611,-0.5791712020922682,0.060881973327171594,0.07613123896390657,-0.0007457403783753955,0.013682697460150961,0.02607426882971699,-0.03026255774970611,-0.39779615151410136,-0.03026255774970611,-0.03026255774970611,-0.16494195334661285,-0.169160229063918,-0.03026255774970611,-0.03026255774970611,0.08913372409940881,0.04685093544331833,0.03968381688367077,0.007075014769527996,0.021351534710616276,0.09846014104177579,0.02099717891919741,-0.0193376629152945,-0.0302305829972608,-0.03026255774970611,-0.0193376629152945,0.011084445463757135,0.012535097878104836,-0.18532376004693596,-0.02453838766832352,0.010634965778383777,-0.03026255774970611,0.2394094911161545,0.029821649402123698,0.040368198111031935,-0.03026255774970611,-0.0193376629152945,-0.0302305829972608,0.5464580340448406,-0.10485106015513339,-0.03026255774970611,-0.03026255774970611,0.10633780550061278,0.079133969266221,-0.02123082554682005
ST_Elev_aVR_iqr,0.09989831741964615,0.04774641968397536,0.23899543683789998,0.30224503897274746,-0.3339472755621892,0.042851450544298474,0.10890521812481126,0.06706141678154523,0.10890521812481126,0.31028908574447367,-0.0033370547554410716,0.1387406906096961,0.10890521812481126,0.10890521812481126,0.10933891474826558,1.0,-0.15003730922900552,0.10890521812481126,0.10890521812481126,-0.12466907051886025,0.10890521812481126,-0.32382009662792627,-0.11974833917382945,-0.18063710170525119,0.10890521812481126,0.03366193855317388,0.08197054455721946,0.12791441791115254,0.13851313694362088,0.10890521812481126,0.44879106916624506,0.05261946546202608,0.10890521812481126,0.19453559688363475,0.10890521812481126,-0.1945443276915052,0.10890521812481126,0.10890521812481126,0.043391257480856774,0.10890521812481126,0.04353556351391291,0.10890521812481126,0.10890521812481126,-0.060234468384630105,-0.0914548968204226,0.10890521812481126,0.08376850304478187,0.06280645660151529,0.10890521812481126,0.032917516375350585,0.4871838445742562,0.06161373806975859,0.08172021709466093,0.10890521812481126,-0.19783105087415248,0.10890521812481126,-0.020348833796704966,0.043305494579777754,0.10890521812481126,0.058171375549796574,-0.002774524259635411,0.16368427965704418,0.10724632037573795,0.10890521812481126,0.19035450893282088,0.10890521812481126,0.06868339207286776,0.10890521812481126,0.3669074390396042,-0.029436853494102203,0.058984737748810155,-0.04376552002003752,-0.1645568268858122,0.5135643743987818,-0.1560523329022422,0.06051499176691759,0.1308387360157211,-0.33845898961008253,0.05676117049426115,0.10890521812481126,0.047091694737880156,0.07308090489322012,0.10890521812481126,-0.043019045422714584,-0.20765627380262977,0.053399794984111085,0.10890521812481126,0.060128366131825824,0.12494052633382091,-0.24720456043351546,0.10890521812481126,0.05233716946430745,-0.08936306349817393,0.10848621021867064,0.07148036233399971,0.06211297919442897,0.10890521812481126,0.10890521812481126,0.052921471594603677,0.04350663324621601,0.10890521812481126,-0.198573805921855,-0.009294002020233895,0.07585814839734308,0.10890521812481126,0.08401901507108983,0.10890521812481126,0.10890521812481126,-0.0720350091606439,-0.2028032893481575,0.10890521812481126,0.08261930623201713,0.10890521812481126,-0.09756901689024212,0.10890521812481126,-0.14342393884085256,0.060200389553408666,-0.014854311557714274,0.05409547253589879,0.044816761090673334,-0.11030012509825794,0.10890521812481126,0.0021129062498564566,0.10890521812481126,0.10890521812481126,-0.08811130714019484,-0.09583557001540673,0.10890521812481126,0.10890521812481126,0.055453972887055954,0.2018497078852704,0.19005506996306432,0.037868385843677875,0.0712720273411265,0.36635212415233437,0.1320651061548051,0.10890521812481126,0.10890521812481126,0.10890521812481126,0.10890521812481126,0.1146089239257847,0.04687052687775501,-0.15666520371609108,0.22381831140104577,0.053618383564854766,0.10890521812481126,0.17368181205465572,0.03794961370648816,0.1512566497796474,0.10890521812481126,0.10890521812481126,0.10890521812481126,0.06057576021951339,-0.3404066944604751,0.10890521812481126,0.10890521812481126,-0.07775141487798144,0.12196606699471137,0.00019199974043710924
T_Amp_V3,-0.0073588045367834806,0.021955799717143013,-0.36852661874913595,-0.1438006634347552,0.2769158799792844,0.026786492869989912,0.0064263080931702835,0.014350053755898177,0.0064263080931702835,-0.29342283349861825,-0.14408748633012725,-0.013319070072043459,0.010703386529943711,0.006545708113600336,-0.052180460860583006,-0.15003730922900552,1.0,0.010703386529943713,0.0064263080931702835,0.043850089934158606,0.006545708113600336,0.37344118744476185,0.041016817698648546,0.09584754820077664,0.0064263080931702835,0.11558613969856577,0.001666759449686286,-0.0767545548370498,-0.03790647014224537,0.006545708113600336,-0.20798318592011925,0.0437689281658364,0.0064263080931702835,-0.1648001664280071,0.006545708113600336,0.11251993722773096,0.0064263080931702835,0.0064263080931702835,-0.009675936597661229,0.006545708113600336,-0.004202082680289178,0.010703386529943713,0.0064263080931702835,-0.002686822293389953,-0.11386870068458245,0.0064263080931702835,0.006621360271531967,-0.0031042961146768707,0.006545708113600336,-0.0039818054219043384,-0.14381905113296012,-0.004465415055663628,0.007371962450224937,0.010703386529943713,0.05634679763895369,0.0064263080931702835,0.09387608267606824,-0.003395055293700976,0.0064263080931702835,0.0030419327793225312,-0.026650777955679883,-0.0815954764308263,0.010299956706040466,0.0064263080931702835,-0.11426807186488312,0.010703386529943713,0.0009806603803991015,0.006545708113600336,-0.20433331915920774,0.029593963097009204,0.010625412258219882,0.02777279138027748,0.06825163415373535,-0.1699275972576197,0.0720304881057986,0.00909255438427388,-0.04871917806878682,0.229282335366207,-0.009077485151987787,0.0064263080931702835,-0.004626285560904741,0.0135963429530508,0.010703386529943713,0.0850960370931567,0.22817306675086588,-0.006553960833495459,0.010703386529943713,0.0157909357397905,-0.018475037372235603,0.5975269104894507,0.010703386529943713,0.005448943557005834,0.5721165817590261,-0.000847119828292497,0.01418345785919769,0.006581674218263064,0.0064263080931702835,0.0064263080931702835,0.008127592652531733,0.10178249095138138,0.0064263080931702835,0.09123877814235362,-0.01744381353109693,-0.06556697478316552,0.010703386529943713,-0.03436738450880069,0.0064263080931702835,0.0064263080931702835,0.13174568565332673,0.057245723109240435,0.0064263080931702835,0.0028938840037177173,0.0064263080931702835,0.15785551147769117,0.0064263080931702835,0.05277050616726862,-0.04422748037967645,-0.16835209734557333,0.061822560144378855,0.006843494209105633,-0.0006966657316138739,0.0064263080931702835,0.009834753481956013,0.0064263080931702835,0.0064263080931702835,0.11348152141776278,0.08052826327242767,0.0064263080931702835,0.0064263080931702835,0.013488324683301418,-0.0987184055910686,-0.29427152770299403,0.02396907339939447,0.029646540231132553,-0.17814379806570083,-0.0195660711917696,0.010703386529943713,0.006545708113600336,0.0064263080931702835,0.010703386529943713,-0.07745927438370281,0.045019339193547565,0.03841918958977071,-0.07832553283512851,0.0325299707052886,0.0064263080931702835,-0.18544093313775775,-0.009041231149255032,0.18850349529368007,0.0064263080931702835,0.010703386529943713,0.006545708113600336,-0.034422620913290916,0.2608550180106774,0.0064263080931702835,0.0064263080931702835,0.05171612497734311,-0.040088665432936044,0.020095482773627518
ST_Elev_I_count,0.09067551891320634,0.07436164239989208,0.13805513304594894,0.05061646672401522,-0.0631427276758813,0.06564149405802629,0.7904285224513438,0.09609432862760002,0.7904285224513438,0.13983353307465315,-0.009764118222405617,-0.043921270662471236,1.0,0.7905391923461392,-0.0193376629152945,0.10890521812481126,0.010703386529943713,1.0,0.7904285224513437,-0.03426063325073105,0.7905391923461392,-0.060812792491177714,-0.016211866156094434,-0.18105500151107978,0.7904285224513437,0.06264964549892901,0.07711883019374224,0.03044354427688541,0.058785754321968156,0.7905391923461392,0.16426726804206546,0.08542399875781696,0.7904285224513437,0.027257706787519962,0.7905391923461392,-0.07140532192675647,0.7904285224513437,0.7904285224513437,0.08660855853515215,0.7905391923461392,-0.044431211222848266,1.0,0.7904285224513437,-0.017179000001370785,-0.05466791652650777,0.7904285224513437,0.09149651212608911,0.07769709758338728,0.7905391923461392,0.07784797806989294,0.0836095365051139,0.08480301000775797,0.07111945049524179,1.0,-0.18331388855081693,0.7904285224513437,0.0558244359415001,0.08430278173556568,0.7904285224513437,0.06164899994914557,-0.00908556462027605,-0.015483883924972618,0.780473803678407,0.7904285224513437,0.028270105529464584,1.0,0.0648602913195838,0.7905391923461392,0.13660572374903127,0.04734840973974471,0.08476892774323473,-0.20588687967742572,-0.04450848808227836,0.07661383201615517,-0.18781372381538375,0.08023863220643027,0.03183681294331013,-0.09480853284251047,0.08603957277332111,0.7904285224513437,0.0803793107389145,0.10474430011301357,1.0,-0.20306433364837473,-0.01006600161583545,0.09173189992124293,1.0,0.08606686222548031,0.08001579164959507,-0.023857362254009893,1.0,0.08101646031609258,0.024475750797487567,0.09914434416441846,0.06840213700288837,0.0973999257222388,0.7904285224513437,0.7904285224513437,0.0794508263991755,-0.08499337959482024,0.7904285224513437,-0.002066398238684071,-0.0275146451148884,0.0029366542811671546,1.0,0.005785475579306738,0.7904285224513437,0.7904285224513437,-0.05745427563252061,-0.18378457668392426,0.7904285224513437,0.08950939285239481,0.7904285224513437,-0.1769557865849292,0.7904285224513437,-0.030239646442463842,0.006724529218598609,-0.031408629613938005,0.08520196099404607,0.0739037831427735,-0.705548323206989,0.7904285224513437,0.02959407520062623,0.7904285224513437,0.7904285224513437,-0.04914355960861011,-0.06308189985573766,0.7904285224513437,0.7904285224513437,0.08107262146272197,0.18248956933196353,0.12631269452102856,0.08200141533427666,0.10809210341265138,0.12017618169935507,0.08373765948600617,1.0,0.7905391923461392,0.7904285224513437,1.0,0.06531286245120502,0.08858702531664664,-0.07824757603347128,0.056394977852655924,0.07351032611890343,0.7904285224513437,0.02608777125966033,0.06937368163988841,0.09076729466611823,0.7904285224513437,1.0,0.7905391923461392,-0.029174719638432232,-0.08186842697662541,0.7904285224513437,0.7904285224513437,-0.1335061930246607,0.01810697284432198,-0.1262399473467558
T_Amp_aVF_count,0.09225889000708774,0.0811384091573505,0.13805513304594894,0.05061646672401522,-0.07347182783233144,0.07462706781364958,1.0,0.10812326851166051,1.0,0.13983353307465315,-0.0027952218534831267,-0.07266659859821599,0.7904285224513437,0.9998631395220794,-0.03026255774970611,0.10890521812481126,0.0064263080931702835,0.7904285224513437,1.0,-0.03814740950535642,0.9998631395220793,-0.07280769202276784,-0.008332288302197085,-0.18105500151107978,1.0,0.07124778792589087,0.08367197006065687,0.03044354427688541,0.07099133654759572,0.9998631395220793,0.20027571200042515,0.09786833627528903,1.0,0.03132056458930073,0.9998631395220793,-0.07327379320595462,1.0,1.0,0.09461559318844955,0.9998631395220793,-0.044431211222848266,0.7904285224513438,1.0,-0.021881591399580593,-0.06083329940742302,1.0,0.09908331700198185,0.07893775971918174,0.9998631395220793,0.08685018884901723,0.0836095365051139,0.09340480937276176,0.07084588168111201,0.7904285224513438,-0.18331388855081693,1.0,0.06360460876835959,0.08522273558207892,1.0,0.06607363075615759,-0.008540198085799314,-0.02500030743073816,0.9870742722502791,1.0,0.03288958198779447,0.7904285224513438,0.06736015673410425,0.9998631395220793,0.13660572374903127,0.054273613907938174,0.09276669060786319,-0.20588687967742572,-0.04800984418556759,0.07661383201615517,-0.18781372381538375,0.08518039643002073,0.039383543539852316,-0.10682932789406178,0.09369763329965,1.0,0.08882522291799093,0.11776894398678851,0.7904285224513438,-0.20306433364837473,-0.013544303008777226,0.10435517699818614,0.7904285224513438,0.08460754234822261,0.07620734039691135,-0.0354474897679339,0.7904285224513438,0.09223025090623173,0.025069768503659856,0.10339486718829108,0.07138422960563863,0.10642376558653302,1.0,1.0,0.08127021680507342,-0.08499337959482024,1.0,-0.0005538322546483856,-0.03998974405081656,0.0060011309429193515,0.7904285224513438,-0.003004583911185397,1.0,1.0,-0.07772441902000934,-0.18378457668392426,1.0,0.09700376946515875,1.0,-0.1769557865849292,1.0,-0.025718473718976922,0.004321050880991544,-0.030171394886381146,0.09747806924483259,0.08309647974160522,-0.8999688535773165,1.0,0.03828088158774032,1.0,1.0,-0.06507142221338419,-0.0756148718768401,1.0,1.0,0.08638912536450107,0.18248956933196353,0.12631269452102856,0.08902636760910229,0.12245579251797557,0.12017618169935507,0.08454866056159195,0.7904285224513438,0.9998631395220793,1.0,0.7904285224513438,0.06531286245120502,0.09837093439708264,-0.07824757603347128,0.056394977852655924,0.07772733700943997,1.0,0.02633079341515808,0.07778682868844511,0.1040421692494278,1.0,0.7904285224513438,0.9998631395220793,-0.0408555830932044,-0.09752976019453018,1.0,1.0,-0.1335061930246607,0.0077472477820141996,-0.1498226208824431
Q_Amp_V1,-0.025212505783909767,-0.034700141674716675,-0.05970100752532979,-0.06726624245433106,0.08779056431779977,0.040369400418503947,-0.03814740950535642,-0.012196957176439949,-0.03814740950535642,-0.08405543648707914,-0.15130194422852197,-0.1701618409109092,-0.03426063325073105,-0.03816841232500636,-0.12722529755364506,-0.12466907051886025,0.043850089934158606,-0.03426063325073105,-0.03814740950535642,1.0,-0.03816841232500636,0.09682324850304282,0.10153107629848679,0.051044557979167585,-0.03814740950535641,-0.013761003160791787,-0.014001393473743396,-0.009163664611156239,-0.23166659617976307,-0.03816841232500636,-0.14254510719927133,0.001095464115840134,-0.03814740950535641,-0.28794137009552956,-0.03816841232500636,0.10171145489100433,-0.03814740950535641,-0.03814740950535641,-0.03354212605069622,-0.03816841232500636,-0.06049165898958049,-0.03426063325073105,-0.03814740950535641,0.3292967537154401,0.09941665210887089,-0.03814740950535641,0.01533175263611221,-0.05290554846432866,-0.03816841232500636,-0.02801313080867906,-0.10053259470572207,-0.012003757444685789,-0.014874555107118471,-0.03426063325073105,0.07156507120468919,-0.03814740950535641,-0.03861162426971123,-0.025943655091991653,-0.03814740950535641,0.02803945929711237,-0.04386375313595046,-0.23969160733797684,-0.0374154118438267,-0.03814740950535641,-0.33702938561876994,-0.03426063325073105,0.023431851581741,-0.03816841232500636,-0.09490530532038377,0.04321938316623613,0.000279195342944191,0.02279818162995847,0.21934186100758551,-0.10691076354189777,0.030481131927386614,-0.008809946362796242,-0.28182976220430006,0.12352906912493992,-0.04576460438697284,-0.03814740950535641,-0.04096576974291187,0.006428219722307684,-0.03426063325073105,-0.005005720254192352,0.03533256341944089,-0.021619092646501976,-0.03426063325073105,-0.010167264538851023,-0.02636774588149457,0.06587777887109023,-0.03426063325073105,0.02587308284788016,0.0556944603921494,-0.018901210083310575,-0.03938579111706363,-0.0324649383340102,-0.03814740950535641,-0.03814740950535641,-0.01352239560591415,-0.0005078467627078764,-0.03814740950535641,0.3481426059998875,0.0942688883783479,-0.11903123593264306,-0.03426063325073105,-0.030851538886620025,-0.03814740950535641,-0.03814740950535641,0.15226428767171302,0.06223137868010129,-0.03814740950535641,-0.02254258166770239,-0.03814740950535641,0.006308980697395153,-0.03814740950535641,0.1592117455910343,0.006353864549029838,-0.06631721848548307,-0.007323028869662751,0.027970928270819116,0.039400145779062506,-0.03814740950535641,-0.10698538834103485,-0.03814740950535641,-0.03814740950535641,0.13142551045093712,0.17406345071193757,-0.03814740950535641,-0.03814740950535641,-0.010852957253532877,-0.05431227197713999,-0.06755231962420034,-0.008962320901444356,-0.02208255079824048,-0.08233496907878808,-0.02174868688055248,-0.03426063325073105,-0.03816841232500636,-0.03814740950535641,-0.03426063325073105,-0.019997558809024422,-0.03379052025853329,0.08475766403355917,-0.03287842136201688,-0.02003503211673692,-0.03814740950535641,-0.18804293937779765,-0.03342646776643678,-0.0006386029027843069,-0.03814740950535641,-0.03426063325073105,-0.03816841232500636,-0.012915308202606213,0.09831346266871974,-0.03814740950535641,-0.03814740950535641,-0.007066037350741759,-0.08483126265891731,0.008034615832812387
Q_Amp_V5_count,0.09221268205112247,0.0811384091573505,0.13805513304594894,0.05061646672401522,-0.07352188081725718,0.07457688795557471,0.9998631395220793,0.10812326851166051,0.9998631395220793,0.13983353307465315,-0.0028990061985135662,-0.07273213935668994,0.7905391923461392,1.0,-0.0302305829972608,0.10890521812481126,0.006545708113600336,0.7905391923461392,0.9998631395220793,-0.03816841232500636,1.0,-0.07280769202276784,-0.00836480636552359,-0.18105500151107978,0.9998631395220794,0.07115629313271295,0.0835970466587137,0.03044354427688541,0.07091560045667428,1.0,0.20033917104046786,0.09786833627528903,0.9998631395220794,0.03132056458930073,1.0,-0.07334987115361262,0.9998631395220794,0.9998631395220794,0.09461559318844955,1.0,-0.044431211222848266,0.7905391923461392,0.9998631395220794,-0.021882838706791204,-0.06085979203228726,0.9998631395220794,0.09905537991804333,0.0788551161828784,1.0,0.08685018884901723,0.0836095365051139,0.0933252593967519,0.07076405989317085,0.7905391923461392,-0.18331388855081693,0.9998631395220794,0.0636635136712677,0.08510884365374258,0.9998631395220794,0.06609213760267824,-0.008529256616998509,-0.024980289798677873,0.9869369299706925,0.9998631395220794,0.03288958198779447,0.7905391923461392,0.06747095337445012,1.0,0.13660572374903127,0.05421139447996438,0.09271244429079073,-0.20588687967742572,-0.04795096292404273,0.07661383201615517,-0.18781372381538375,0.08515416727660412,0.03942515300217249,-0.10691416402051411,0.09369763329965,0.9998631395220794,0.08882522291799093,0.11770006151711983,0.7905391923461392,-0.20306433364837473,-0.013579460173274029,0.10435517699818614,0.7905391923461392,0.08453326370054566,0.07617825312592073,-0.0354474897679339,0.7905391923461392,0.09233169493158776,0.025091584473967598,0.10334074432388159,0.07129744469762592,0.1063166428503187,0.9998631395220794,0.9998631395220794,0.08123576288569055,-0.08499337959482024,0.9998631395220794,-0.0006071760220786968,-0.039937629786190074,0.005905972733228227,0.7905391923461392,-0.00297652991459727,0.9998631395220794,0.9998631395220794,-0.07772441902000934,-0.18378457668392426,0.9998631395220794,0.09693959742511099,0.9998631395220794,-0.1769557865849292,0.9998631395220794,-0.025705637894365217,0.004330447704378246,-0.030242679856146367,0.09738316560588944,0.08307457166503675,-0.8998437510250041,0.9998631395220794,0.03833029628931065,0.9998631395220794,0.9998631395220794,-0.06507142221338419,-0.0756148718768401,0.9998631395220794,0.9998631395220794,0.08634992048971823,0.18248956933196353,0.12631269452102856,0.08900363610135884,0.12233427186816474,0.12017618169935507,0.08447784948419712,0.7905391923461392,1.0,0.9998631395220794,0.7905391923461392,0.06531286245120502,0.09823644598313569,-0.07824757603347128,0.056394977852655924,0.07764294957354585,0.9998631395220794,0.02633079341515808,0.07778682868844511,0.10411458604827013,0.9998631395220794,0.7905391923461392,1.0,-0.04081679162557358,-0.09752976019453018,0.9998631395220794,0.9998631395220794,-0.1335061930246607,0.007633171380337465,-0.1498949133226048
T_Amp_V5,0.005907117216298936,0.01957492924639276,-0.20931482111482236,-0.2042731379707496,0.5487998706267031,-0.0020469270228834443,-0.07280769202276784,-0.02872579137246459,-0.07280769202276784,-0.31827179263870786,0.1041173383185811,-0.14135084395339967,-0.060812792491177714,-0.07280769202276784,-0.10368720347431012,-0.32382009662792627,0.37344118744476185,-0.060812792491177714,-0.07280769202276784,0.09682324850304282,-0.07280769202276784,1.0,0.12426474861299154,0.2542643020491191,-0.07280769202276784,0.06631145016370338,0.026127202944473196,-0.06461240619226626,-0.013168287576505828,-0.07280769202276784,-0.5637673506407603,-0.017845265661559116,-0.07280769202276784,-0.23074220353919359,-0.07280769202276784,0.27991599172234105,-0.07280769202276784,-0.07280769202276784,0.008211205401090091,-0.07280769202276784,-0.04367012548394909,-0.060812792491177714,-0.07280769202276784,0.0319520465528272,0.07247738133799207,-0.07280769202276784,0.023481108898573463,-0.002534386187555115,-0.07280769202276784,0.014022980338965402,-0.2639824672040561,0.01944938382956412,0.031174024341694043,-0.060812792491177714,0.230329627183369,-0.07280769202276784,0.06440390380622446,0.005689667908698352,-0.07280769202276784,-0.013256661557375066,-0.005409176551679701,-0.1553075284589144,-0.06975477550299226,-0.07280769202276784,-0.2251210352915542,-0.060812792491177714,-0.010959633083896195,-0.07280769202276784,-0.3549000189016147,0.025117914939694053,0.007676541267409734,-0.0322696728186823,0.082492688601156,-0.3190562505446482,0.2140353568210622,0.041567875883664396,-0.13296527112907824,0.5151001864271552,-0.014841473660460016,-0.07280769202276784,0.010733095171958314,0.01854917461393524,-0.060812792491177714,0.012109259510336888,0.3451471129687575,-0.006979307327635649,-0.060812792491177714,0.025714725283985544,-0.005644044223225945,0.610441936295562,-0.060812792491177714,0.011619952009473335,0.1965212372761897,0.016675957795384517,-0.004725690090152289,-0.012724221907340608,-0.07280769202276784,-0.07280769202276784,0.03538703034108559,-0.10570182069309743,-0.07280769202276784,0.19127739341013925,-0.09366323625656488,-0.07894751583468652,-0.060812792491177714,-0.1257886764328441,-0.07280769202276784,-0.07280769202276784,0.06270242773596338,0.2797880627814471,-0.07280769202276784,0.02153780513600733,-0.07280769202276784,0.14225465725307457,-0.07280769202276784,0.10538944968049833,-0.07331075450162872,0.059923160407954465,-0.009875441553892117,0.004279506981826795,0.0744532944538773,-0.07280769202276784,-0.011491524764022253,-0.07280769202276784,-0.07280769202276784,0.05589860272921343,0.09065704677395323,-0.07280769202276784,-0.07280769202276784,0.02446593860979917,-0.2931469611206111,-0.10861632000070225,0.025535441218206154,-0.033970820636494356,-0.3171588553721986,0.003563796584930837,-0.060812792491177714,-0.07280769202276784,-0.07280769202276784,-0.060812792491177714,-0.0071392068772900925,0.030246906071928575,0.16144668386267294,-0.10678759359337163,0.0197718236768878,-0.07280769202276784,-0.23099302693373472,0.017066235909546052,-0.18516891796131366,-0.07280769202276784,-0.060812792491177714,-0.07280769202276784,-0.057687578293236286,0.6971604381140105,-0.07280769202276784,-0.07280769202276784,0.11148495568957265,-0.09259889359288509,0.04945211791437654
R_Amp_III,-0.023877995338596292,-0.011585843485584899,-0.04688562164828369,-0.11064819800728914,0.0706323205594605,0.04364693868354171,-0.008332288302197085,-0.08395768125397324,-0.008332288302197085,-0.08422610709921774,0.03474683804117399,-0.1884547509063269,-0.016211866156094434,-0.00836480636552359,-0.5032849787107617,-0.11974833917382945,0.041016817698648546,-0.016211866156094434,-0.008332288302197085,0.10153107629848679,-0.00836480636552359,0.12426474861299154,1.0,0.05242929766697544,-0.008332288302197085,0.018261239149754596,0.019532593329325266,0.009288909349153102,-0.11406275107866021,-0.00836480636552359,-0.14309374870302907,-0.048961428530596665,-0.008332288302197085,-0.2370303609286115,-0.00836480636552359,0.1510013591627897,-0.008332288302197085,-0.008332288302197085,-0.04189267800688972,-0.00836480636552359,-0.2501300759011613,-0.016211866156094434,-0.008332288302197085,0.13361367842708877,0.0752460255815789,-0.008332288302197085,-0.005206879349841816,-0.034239664923351926,-0.00836480636552359,-0.03349346846867841,-0.042610210643437015,-0.004248775971551632,-0.0003409280757615709,-0.016211866156094434,0.21009670436326336,-0.008332288302197085,-0.07586464569700813,-0.01752873127894632,-0.008332288302197085,-0.07925107153403914,0.11584565300000653,-0.3945775829111071,-0.008707725710760842,-0.008332288302197085,-0.2507886281798849,-0.016211866156094434,-0.0677968514282662,-0.00836480636552359,-0.10596867511358511,0.028479694874459255,-0.004601748659807598,0.0412735694818558,0.4928202831699942,-0.13734135127394567,-0.037432966914726064,0.030043413853631854,0.21112355396138197,0.1487429638165015,-0.05855177996406258,-0.008332288302197085,-0.012240686369384832,0.016624462906587006,-0.016211866156094434,0.007132084927160331,-0.002885056324285389,-0.06581251582169843,-0.016211866156094434,0.03488129129216711,-0.026948393422453705,0.07772560933292716,-0.016211866156094434,0.012470749963680815,0.016713941285648418,-0.022559078715878984,-0.016782983011340454,-0.026879343319519147,-0.008332288302197085,-0.008332288302197085,0.01693802377591841,-0.0721576308695175,-0.008332288302197085,0.1519246008800773,-0.3629738889833001,-0.011975267578472996,-0.016211866156094434,-0.7001593062528139,-0.008332288302197085,-0.008332288302197085,0.16576441037948564,0.06409992337251515,-0.008332288302197085,-0.03409194886235538,-0.008332288302197085,0.004850555884445804,-0.008332288302197085,0.7271221236943125,-0.026891465470864608,-0.0907158110912364,0.015369296440247097,-0.03423400756000523,0.007446519575329931,-0.008332288302197085,0.4428343929524786,-0.008332288302197085,-0.008332288302197085,0.17195809114955674,0.18442164550807555,-0.008332288302197085,-0.008332288302197085,-0.053895370199968345,-0.09015349558663358,-0.021548857038566443,0.01771162518443276,-0.028881872300030222,-0.10967480310879678,-0.0015224738552375272,-0.016211866156094434,-0.00836480636552359,-0.008332288302197085,-0.016211866156094434,0.013288989513709947,0.005832266427383038,0.2943195772164288,0.07253483178479561,0.004828987268856675,-0.008332288302197085,-0.2003857071687855,-0.011224392555666934,-0.10613058438065247,-0.008332288302197085,-0.016211866156094434,-0.00836480636552359,-0.5451420926163157,0.1341609735476191,-0.008332288302197085,-0.008332288302197085,-0.1499432080340368,-0.07933036046626958,0.10185398908244116
ST_Elev_V5,-0.0008658018019195815,0.0017865980161442805,-0.16674433303713312,-0.09054964092223357,0.23723409390313163,-0.0067271417603038544,-0.18105500151107978,-0.05322098845456739,-0.18105500151107978,-0.1967229122697114,0.10790923689091898,-0.08860635174262742,-0.18105500151107978,-0.18105500151107978,-0.02894790032888928,-0.18063710170525119,0.09584754820077664,-0.18105500151107978,-0.18105500151107978,0.051044557979167585,-0.18105500151107978,0.2542643020491191,0.05242929766697544,1.0,-0.18105500151107978,0.010706143040229587,0.01609297296131247,-0.02558677630367887,0.030952080841485628,-0.18105500151107978,-0.35221613911594685,-0.05225255180811211,-0.18105500151107978,-0.11834661991837205,-0.18105500151107978,0.13394619699021,-0.18105500151107978,-0.18105500151107978,0.010165446606633072,-0.18105500151107978,0.04365815899460686,-0.18105500151107978,-0.18105500151107978,0.023893092388586425,0.037485765719057956,-0.18105500151107978,0.007359451003505051,-0.0031757057946605145,-0.18105500151107978,0.006668095512006407,-0.14212593582642738,0.010502669326477271,0.015746319826877155,-0.18105500151107978,0.4404974329010589,-0.18105500151107978,-0.012873325874023955,-0.00552730378645069,-0.18105500151107978,-0.023465115445405867,0.06382803217000094,-0.05873324213147909,-0.18033000306856514,-0.18105500151107978,-0.11145812007156472,-0.18105500151107978,-0.02555741037185906,-0.18105500151107978,-0.1733958646899234,-0.005875317990394258,-0.005543428110890076,0.19496730153634842,-0.006024557113651452,-0.1606492788210956,0.4742155167033143,0.022960723636172343,-0.11180260214612725,0.2333570040346396,0.0091292796252375,-0.18105500151107978,0.005519812771528008,-0.01031417948608557,-0.18105500151107978,0.31040488570984553,0.1421411631730853,-0.023890540347071044,-0.18105500151107978,0.006891101779369228,-0.0128738552193842,0.1987804394621349,-0.18105500151107978,-0.017196325917366282,0.024008642435700004,0.001870410958340118,-0.005739516660350254,-0.004351667044369243,-0.18105500151107978,-0.18105500151107978,0.01420494421155368,-0.052006910448024225,-0.18105500151107978,0.11541675920220591,-0.07111324724140947,0.024729784764419005,-0.18105500151107978,-0.07249724054436979,-0.18105500151107978,-0.18105500151107978,-0.06612048364036856,0.6231809413251209,-0.18105500151107978,0.0160772178105145,-0.18105500151107978,0.5196193081733855,-0.18105500151107978,0.024681117811058757,-0.028904355602957184,0.05002926691555705,-0.025793307015442406,-0.021392156867899755,0.1762705605573791,-0.18105500151107978,-0.037964544256456796,-0.18105500151107978,-0.18105500151107978,-0.05147627252840338,-0.011303856527936022,-0.18105500151107978,-0.18105500151107978,0.014587377855027308,-0.5078702244881714,-0.11205763140641206,0.003185593694536454,-0.04961547180860647,-0.1411410032169931,-0.0024413783977230716,-0.18105500151107978,-0.18105500151107978,-0.18105500151107978,-0.18105500151107978,0.013947940428636072,0.0007121216148993481,0.2170836957685055,-0.06228065918213005,0.00948416846776055,-0.18105500151107978,-0.09722408401182221,0.008901373456397164,-0.14890581704166064,-0.18105500151107978,-0.18105500151107978,-0.18105500151107978,0.001612687531340183,0.27144036876859906,-0.18105500151107978,-0.18105500151107978,0.2877030884177007,-0.07323284831724787,0.0322577932952394
Q_Amp_aVR_count,0.09225889000708774,0.0811384091573505,0.13805513304594894,0.05061646672401522,-0.07347182783233144,0.07462706781364958,1.0,0.10812326851166051,1.0,0.13983353307465315,-0.0027952218534831267,-0.07266659859821599,0.7904285224513437,0.9998631395220794,-0.03026255774970611,0.10890521812481126,0.0064263080931702835,0.7904285224513437,1.0,-0.03814740950535641,0.9998631395220794,-0.07280769202276784,-0.008332288302197085,-0.18105500151107978,1.0,0.07124778792589087,0.08367197006065687,0.03044354427688541,0.07099133654759572,0.9998631395220793,0.20027571200042515,0.09786833627528903,1.0,0.03132056458930073,0.9998631395220793,-0.07327379320595462,1.0,1.0,0.09461559318844955,0.9998631395220793,-0.044431211222848266,0.7904285224513438,1.0,-0.021881591399580593,-0.06083329940742302,1.0,0.09908331700198185,0.07893775971918174,0.9998631395220793,0.08685018884901723,0.0836095365051139,0.09340480937276176,0.07084588168111201,0.7904285224513438,-0.18331388855081693,1.0,0.06360460876835959,0.08522273558207892,1.0,0.06607363075615759,-0.008540198085799314,-0.02500030743073816,0.9870742722502791,1.0,0.03288958198779447,0.7904285224513438,0.06736015673410425,0.9998631395220793,0.13660572374903127,0.054273613907938174,0.09276669060786319,-0.20588687967742572,-0.04800984418556759,0.07661383201615517,-0.18781372381538375,0.08518039643002073,0.039383543539852316,-0.10682932789406178,0.09369763329965,1.0,0.08882522291799093,0.11776894398678851,0.7904285224513438,-0.20306433364837473,-0.013544303008777226,0.10435517699818614,0.7904285224513438,0.08460754234822261,0.07620734039691135,-0.0354474897679339,0.7904285224513438,0.09223025090623173,0.025069768503659856,0.10339486718829108,0.07138422960563863,0.10642376558653302,1.0,1.0,0.08127021680507342,-0.08499337959482024,1.0,-0.0005538322546483856,-0.03998974405081656,0.0060011309429193515,0.7904285224513438,-0.003004583911185397,1.0,1.0,-0.07772441902000934,-0.18378457668392426,1.0,0.09700376946515875,1.0,-0.1769557865849292,1.0,-0.025718473718976922,0.004321050880991544,-0.030171394886381146,0.09747806924483259,0.08309647974160522,-0.8999688535773165,1.0,0.03828088158774032,1.0,1.0,-0.06507142221338419,-0.0756148718768401,1.0,1.0,0.08638912536450107,0.18248956933196353,0.12631269452102856,0.08902636760910229,0.12245579251797557,0.12017618169935507,0.08454866056159195,0.7904285224513438,0.9998631395220793,1.0,0.7904285224513438,0.06531286245120502,0.09837093439708264,-0.07824757603347128,0.056394977852655924,0.07772733700943997,1.0,0.02633079341515808,0.07778682868844511,0.1040421692494278,1.0,0.7904285224513438,0.9998631395220793,-0.0408555830932044,-0.09752976019453018,1.0,1.0,-0.1335061930246607,0.0077472477820141996,-0.1498226208824431
T_Amp_V2_iqr,0.2283365205365681,0.3381832016466765,0.08734073380390062,0.04882867328421386,0.05351274544527711,0.26456651351760774,0.07124778792589087,0.2230994588258849,0.07124778792589087,0.08078913575639693,-0.01858880438609229,-0.009327064380334545,0.06264964549892901,0.07115629313271295,-0.008615276757863397,0.03366193855317388,0.11558613969856577,0.06264964549892901,0.07124778792589087,-0.013761003160791787,0.07115629313271295,0.06631145016370338,0.018261239149754596,0.010706143040229587,0.07124778792589087,1.0,0.27536097798457804,0.04199979312187911,-0.016669589775426322,0.07115629313271295,-0.021790146488989512,0.2192998483559873,0.07124778792589087,0.0015612359632056175,0.07115629313271295,0.00044432247235038497,0.07124778792589087,0.07124778792589087,0.3012416306308604,0.07115629313271295,0.021918203283771975,0.062649645498929,0.07124778792589087,-0.004284201342324478,-0.027225581802325184,0.07124778792589087,0.24021937384744993,0.4639158503935563,0.07115629313271295,0.29099880118026067,0.010790825207450349,0.33354890488532823,0.27437778044452416,0.062649645498929,-0.003415199669642185,0.07124778792589087,0.03637858641527209,0.30679305719371086,0.07124778792589087,0.17917142102269792,-0.0008228700571713467,0.002457342018375624,0.07088773986012979,0.07124778792589087,0.004863099047510317,0.062649645498929,0.1726451441155431,0.07115629313271295,0.08851738514739053,0.01311847710773523,0.44361376179257567,-0.06258351114845978,0.02726277399943146,0.043949915409362016,0.012681811175131705,0.29267214744558145,0.034843141759395915,0.028007064234406843,0.2826356656323659,0.07124778792589087,0.3231317666174688,0.24055716234922245,0.062649645498929,-0.024720248529770984,0.05275204440687771,0.24551544366300018,0.062649645498929,0.25405333991372325,0.23535490349273225,0.09070062265609498,0.062649645498929,0.21786622949889883,0.11635505115589709,0.2594465517927258,0.3213783370121632,0.2941507323773402,0.07124778792589087,0.07124778792589087,0.28051411510503804,-0.026319650315120395,0.07124778792589087,-0.02026774157786023,-0.011689050647349734,-0.01688313659021357,0.062649645498929,-0.01751431563410793,0.07124778792589087,0.07124778792589087,0.0339430527235955,0.009619816837734512,0.07124778792589087,0.2598844063698508,0.07124778792589087,0.005629412750171267,0.07124778792589087,0.022325922157581633,-0.0043069631626633555,-0.04367680784186366,0.3743269855423156,0.1995514135641623,-0.06894678311941706,0.07124778792589087,0.029284763596887385,0.07124778792589087,0.07124778792589087,0.06094050831233173,0.01540096532063767,0.07124778792589087,0.07124778792589087,0.25406946553077087,-0.011783428420554819,0.14686936141803045,0.2523810962752588,0.26743456372125646,0.07254781923456735,0.2605979946367862,0.062649645498929,0.07115629313271295,0.07124778792589087,0.062649645498929,0.0953530985904477,0.39637434950454326,-0.0043915632020440475,0.035990940493964264,0.36689795457450597,0.07124778792589087,-0.01749320719073195,0.304130116853892,0.03190669702382597,0.07124778792589087,0.062649645498929,0.07115629313271295,-0.015022899936385864,0.048960952080543005,0.07124778792589087,0.07124778792589087,0.024123063655490325,0.031498753873308305,0.09471888509772601
T_Amp_II_iqr,0.316600867200792,0.3323645848990649,0.13378749577917645,0.1214104443991597,0.02438950635891837,0.18890990399020538,0.08367197006065687,0.19112383082274936,0.08367197006065687,0.12192904234518434,0.01629275155830845,-0.028460472917513257,0.07711883019374224,0.0835970466587137,0.009357142473457817,0.08197054455721946,0.001666759449686286,0.07711883019374224,0.08367197006065687,-0.014001393473743396,0.0835970466587137,0.026127202944473196,0.019532593329325266,0.01609297296131247,0.08367197006065687,0.27536097798457804,1.0,0.08080885565837004,-0.006291114875641263,0.0835970466587137,-0.015804256745669883,0.17210682079069062,0.08367197006065688,0.0330731236567837,0.0835970466587137,-0.009825320414187851,0.08367197006065688,0.08367197006065688,0.32708113096136326,0.0835970466587137,0.015208453817268762,0.07711883019374224,0.08367197006065688,-0.016620867137206702,-0.001242988095654995,0.08367197006065688,0.39822651067781545,0.3073709729998385,0.0835970466587137,0.327407656827178,0.03828190536905529,0.3320956770099532,0.40361802227111165,0.07711883019374224,0.005352174161803552,0.08367197006065688,0.03014539081828237,0.2909283793420906,0.08367197006065688,0.20736258769839674,0.023894912475600927,0.01756865316824179,0.08197813405504745,0.08367197006065688,0.016238880411795324,0.07711883019374224,0.1970590921054411,0.0835970466587137,0.11702230806568713,0.03539739005096431,0.26072838144664384,-0.019795147438279734,0.020903207109714023,0.1325894592825524,0.020462622142538637,0.6131964248901012,0.036810888192243686,0.013125516162080861,0.29597022804859185,0.08367197006065688,0.34529608773715864,0.44181428040920845,0.07711883019374224,-0.022522867895776955,0.03410236116950706,0.24292027375570088,0.07711883019374224,0.3643188254817853,0.3355063008355782,0.008202270004653983,0.07711883019374224,0.3357737882616057,-0.013539389743177848,0.4692875612957389,0.30808364954126394,0.26609013390698616,0.08367197006065688,0.08367197006065688,0.47122850775748193,-0.04986340000012777,0.08367197006065688,-0.02670040522047252,-0.026053102354609406,0.004515721476760918,0.07711883019374224,-0.02482026239828185,0.08367197006065688,0.08367197006065688,-0.018897856870934204,0.025076525021805088,0.08367197006065688,0.5450888149554396,0.08367197006065688,-0.001888198536272687,0.08367197006065688,0.016934227095933656,0.003380498378158123,0.009453714796566079,0.17010618899959012,0.25912442740877245,-0.07829648077437941,0.08367197006065688,0.02393415468050986,0.08367197006065688,0.08367197006065688,0.025367448033406695,-0.02071823825006662,0.08367197006065688,0.08367197006065688,0.4743089316067584,-0.017203657909319867,0.1316153130064926,0.3954135649989616,0.19474626121697977,0.09079833526403863,0.5426301931913597,0.07711883019374224,0.0835970466587137,0.08367197006065688,0.07711883019374224,0.09798358129541923,0.31630023972090665,-0.004767765407653621,0.06050719710086207,0.3277961845116112,0.08367197006065688,0.019980758991490162,0.3434618246720258,-0.023350389817095595,0.08367197006065688,0.07711883019374224,0.0835970466587137,-0.0057295656929139205,0.02818873757269898,0.08367197006065688,0.08367197006065688,0.019828705757712943,0.04524200944869478,0.043347547649361946
ST_Elev_III_iqr,0.05974967120483752,0.04631381589536168,0.1123012823443204,0.3077025021716659,-0.11019572163056483,0.041253577996768785,0.03044354427688541,0.04449665086969922,0.03044354427688541,0.11644004505330129,0.03371888808025029,-0.03298236840886627,0.03044354427688541,0.03044354427688541,0.03334505094147226,0.12791441791115254,-0.0767545548370498,0.03044354427688541,0.03044354427688541,-0.009163664611156239,0.03044354427688541,-0.06461240619226626,0.009288909349153102,-0.02558677630367887,0.03044354427688541,0.04199979312187911,0.08080885565837004,1.0,0.0036412131926467253,0.030443544276885406,0.0698921286627758,0.04428063363802711,0.030443544276885406,0.018681540529241928,0.030443544276885406,0.015893567481936825,0.030443544276885406,0.030443544276885406,0.03373769017692879,0.030443544276885406,-0.06227487539791199,0.030443544276885406,0.030443544276885406,0.004463364613221519,0.016881459316075497,0.030443544276885406,0.06146483011302664,0.041307583493761096,0.030443544276885406,0.03206155854328726,0.1512514610033722,0.0524783541958486,0.09473968307192049,0.030443544276885406,-0.006218865576798578,0.030443544276885406,-0.11776085246841865,0.037033215421870096,0.030443544276885406,0.07842105589504877,-0.0004963066684398154,0.041829139036975715,0.02735687195705766,0.030443544276885406,0.017658774056760255,0.030443544276885406,0.05374151212906256,0.030443544276885406,0.10023238629343625,0.006846385324802799,0.05704697624515327,-0.013440154589192083,-0.007580644629641376,0.1619486135721721,-0.04757255725101498,0.09559480927522353,-0.0010077275147572927,-0.03702660944563736,0.04398091387015443,0.030443544276885406,0.045232272014502216,0.07227050250022658,0.030443544276885406,-0.02859070476569756,-0.13576549431376383,0.031124529307565582,0.030443544276885406,0.0722282362322051,0.07528381227290454,-0.08197408345005179,0.030443544276885406,0.08472263966705648,-0.0687509375534563,0.07560125240379077,0.04893409529438452,0.04487961993672573,0.030443544276885406,0.030443544276885406,0.10431895510303214,-0.01806595070018199,0.030443544276885406,-0.039509947047407346,0.0011873083967726726,0.007260468248126124,0.030443544276885406,-0.014470853484952726,0.030443544276885406,0.030443544276885406,0.019442144435537507,-0.022519602764809094,0.030443544276885406,0.07015240788974618,0.030443544276885406,-0.03383769017377369,0.030443544276885406,-0.0005294554224441824,0.020101737642119356,0.03672766955467496,0.02833151450851827,0.08579316748370276,-0.03254272561766015,0.030443544276885406,-0.01753447416415756,0.030443544276885406,0.030443544276885406,0.010568055273023711,0.014121418873306991,0.030443544276885406,0.030443544276885406,0.08273569761813733,0.03339244636001873,0.11883374595406465,0.0899150757760863,0.029792364733889045,0.10158492991640568,0.08149669640583737,0.030443544276885406,0.030443544276885406,0.030443544276885406,0.030443544276885406,0.12392186521989787,0.048445019375764196,0.025991912000029684,0.26933881064825654,0.05158869099539358,0.030443544276885406,0.01574571490826836,0.044320863600540196,-0.022272471714499968,0.030443544276885406,0.030443544276885406,0.030443544276885406,0.02695160234908037,-0.058740273695902435,0.030443544276885406,0.030443544276885406,-0.04738227866963137,0.03590411688329879,0.060346291775084965
R_Amp_aVR,0.008303787662978037,-0.0068727738800125355,0.06056380730935681,0.04947809175277605,-0.010453687486089871,-0.05539107067465124,0.07099133654759572,-0.08196138193728739,0.07099133654759572,0.05826249386422808,0.2948545236585454,0.14511303153288493,0.058785754321968156,0.07091560045667428,0.1703829364137998,0.13851313694362088,-0.03790647014224537,0.058785754321968156,0.07099133654759572,-0.23166659617976307,0.07091560045667428,-0.013168287576505828,-0.11406275107866021,0.030952080841485628,0.07099133654759572,-0.016669589775426322,-0.006291114875641263,0.0036412131926467253,1.0,0.07091560045667428,0.07507124033701432,-0.09226826295510933,0.07099133654759573,0.26368543991580595,0.07091560045667428,-0.0913742933634417,0.07099133654759573,0.07099133654759573,0.012675350050933534,0.07091560045667428,0.07654213984183793,0.05878575432196816,0.07099133654759573,-0.1258574636649756,-0.16866732566639997,0.07099133654759573,-0.0591364590468656,0.014586871476146911,0.07091560045667428,0.008815834352622617,0.12115414925719481,0.00045333713102923434,-0.021807453186249458,0.05878575432196816,-0.01377572565866697,0.07099133654759573,0.06783368032797224,-0.024558145364748745,0.07099133654759573,-0.14158948138299854,0.012061338754205586,0.27809566037222594,0.07068033583717005,0.07099133654759573,0.2673712814629474,0.05878575432196816,-0.14709418851706724,0.07091560045667428,0.07455061959932317,-0.1327400004129106,-0.024236962237472476,-0.04848533670089579,-0.5508938555676691,0.10141548487540822,0.06157636342766203,-0.018305121539249646,0.21120864462508696,-0.08968053462675761,0.03432267394238407,0.07099133654759573,-0.006266433831026255,-0.06809259130165284,0.05878575432196816,0.005936491824304175,0.03337215667116712,-0.0548364751100861,0.05878575432196816,-0.015468485448147247,-0.008746100950947628,-0.008673828792483313,0.05878575432196816,-0.11937003048922742,-0.0860284631316762,0.021467602282370817,0.004161349128368757,0.007626649367216447,0.07099133654759573,0.07099133654759573,-0.020150178853524672,-0.09268921948914274,0.07099133654759573,-0.31269184415068846,-0.4618528091350854,0.1382780408991254,0.05878575432196816,-0.09792870204973866,0.07099133654759573,0.07099133654759573,-0.4022111281813474,0.024381096251983734,0.07099133654759573,0.03313598318287639,0.07099133654759573,0.036209066549814345,0.07099133654759573,-0.29283403375469524,0.09367579453226833,0.0468920465919587,-0.009576614785134541,-0.13050342091992773,-0.06820463526160235,0.07099133654759573,0.046190716982139675,0.07099133654759573,0.07099133654759573,-0.46410576714518903,-0.3077268689080593,0.07099133654759573,0.07099133654759573,-0.0026112429635822155,-0.04107205747922119,0.09508028772152781,-0.035122186769249636,-0.026446235351986366,0.08423995196883402,-0.004231509256105871,0.05878575432196816,0.07091560045667428,0.07099133654759573,0.05878575432196816,0.03799608191427026,-0.00940323877004541,-0.04657684794769539,0.0515227381575153,-0.015150411277056365,0.07099133654759573,0.23773396465652058,-0.003429575540577793,-0.03246525451172311,0.07099133654759573,0.05878575432196816,0.07091560045667428,0.06831738515903775,-0.013941426824678253,0.07099133654759573,0.07099133654759573,0.07339557263758041,0.051894619796506385,-0.012239355875853487
R_Amp_V5_count,0.09221268205112247,0.0811384091573505,0.13805513304594894,0.05061646672401522,-0.07352188081725718,0.07457688795557471,0.9998631395220793,0.10812326851166051,0.9998631395220793,0.13983353307465315,-0.0028990061985135662,-0.07273213935668994,0.7905391923461392,1.0,-0.0302305829972608,0.10890521812481126,0.006545708113600336,0.7905391923461392,0.9998631395220793,-0.03816841232500636,1.0,-0.07280769202276784,-0.00836480636552359,-0.18105500151107978,0.9998631395220793,0.07115629313271295,0.0835970466587137,0.030443544276885406,0.07091560045667428,1.0,0.20033917104046786,0.09786833627528903,0.9998631395220794,0.03132056458930073,1.0,-0.07334987115361262,0.9998631395220794,0.9998631395220794,0.09461559318844955,1.0,-0.044431211222848266,0.7905391923461392,0.9998631395220794,-0.021882838706791204,-0.06085979203228726,0.9998631395220794,0.09905537991804333,0.0788551161828784,1.0,0.08685018884901723,0.0836095365051139,0.0933252593967519,0.07076405989317085,0.7905391923461392,-0.18331388855081693,0.9998631395220794,0.0636635136712677,0.08510884365374258,0.9998631395220794,0.06609213760267824,-0.008529256616998509,-0.024980289798677873,0.9869369299706925,0.9998631395220794,0.03288958198779447,0.7905391923461392,0.06747095337445012,1.0,0.13660572374903127,0.05421139447996438,0.09271244429079073,-0.20588687967742572,-0.04795096292404273,0.07661383201615517,-0.18781372381538375,0.08515416727660412,0.03942515300217249,-0.10691416402051411,0.09369763329965,0.9998631395220794,0.08882522291799093,0.11770006151711983,0.7905391923461392,-0.20306433364837473,-0.013579460173274029,0.10435517699818614,0.7905391923461392,0.08453326370054566,0.07617825312592073,-0.0354474897679339,0.7905391923461392,0.09233169493158776,0.025091584473967598,0.10334074432388159,0.07129744469762592,0.1063166428503187,0.9998631395220794,0.9998631395220794,0.08123576288569055,-0.08499337959482024,0.9998631395220794,-0.0006071760220786968,-0.039937629786190074,0.005905972733228227,0.7905391923461392,-0.00297652991459727,0.9998631395220794,0.9998631395220794,-0.07772441902000934,-0.18378457668392426,0.9998631395220794,0.09693959742511099,0.9998631395220794,-0.1769557865849292,0.9998631395220794,-0.025705637894365217,0.004330447704378246,-0.030242679856146367,0.09738316560588944,0.08307457166503675,-0.8998437510250041,0.9998631395220794,0.03833029628931065,0.9998631395220794,0.9998631395220794,-0.06507142221338419,-0.0756148718768401,0.9998631395220794,0.9998631395220794,0.08634992048971823,0.18248956933196353,0.12631269452102856,0.08900363610135884,0.12233427186816474,0.12017618169935507,0.08447784948419712,0.7905391923461392,1.0,0.9998631395220794,0.7905391923461392,0.06531286245120502,0.09823644598313569,-0.07824757603347128,0.056394977852655924,0.07764294957354585,0.9998631395220794,0.02633079341515808,0.07778682868844511,0.10411458604827013,0.9998631395220794,0.7905391923461392,1.0,-0.04081679162557358,-0.09752976019453018,0.9998631395220794,0.9998631395220794,-0.1335061930246607,0.007633171380337465,-0.1498949133226048
T_Amp_aVR,0.011285391218903295,0.011532785354866446,0.2172771764597164,0.22051549727764364,-0.5880690539319721,0.02224194962248651,0.20027571200042515,0.05878869137124108,0.20027571200042515,0.31007376145822335,-0.121782609131726,0.17469409329000118,0.16426726804206546,0.20033917104046786,0.10728735989211187,0.44879106916624506,-0.20798318592011925,0.16426726804206546,0.20027571200042515,-0.14254510719927133,0.20033917104046786,-0.5637673506407603,-0.14309374870302907,-0.35221613911594685,0.20027571200042515,-0.021790146488989512,-0.015804256745669883,0.0698921286627758,0.07507124033701432,0.20033917104046786,1.0,0.052796924344930996,0.20027571200042515,0.26011712089851236,0.20033917104046783,-0.32343730255391384,0.20027571200042515,0.20027571200042515,0.007092093260736353,0.20033917104046783,0.04186020758246453,0.16426726804206543,0.20027571200042515,-0.07313548932962717,-0.12161244339250986,0.20027571200042515,-0.005263714920501124,0.022101095112892287,0.20033917104046783,0.004936949355832927,0.345281926010058,-0.0014298552848618746,-0.01565100885026788,0.16426726804206543,-0.3463282028287099,0.20027571200042515,0.0017726211946452023,0.020587794584924105,0.20027571200042515,0.017589299338407752,-0.015970417247129998,0.18078615533017917,0.19842139852951857,0.20027571200042515,0.25581690421557646,0.16426726804206543,0.019606363826689503,0.20033917104046783,0.3544671620211624,-0.032488931705955515,0.01262367886905501,-0.0471691565840012,-0.12465972245929108,0.3810012450717559,-0.3162437302601839,-0.028901937069383255,0.19073302937169306,-0.5945155585748553,0.025865228460532692,0.20027571200042515,0.008946127328210927,0.009807388186617746,0.16426726804206543,-0.07900520886023331,-0.31914662137391875,0.03602786822007115,0.16426726804206543,-0.012439441232774141,0.020903110223465218,-0.38900719960072117,0.16426726804206543,0.001740577693215508,-0.0827453340624088,0.005471702628184718,0.02579579339974044,0.030553142081139906,0.20027571200042515,0.20027571200042515,-0.021066179481344736,0.1284201799109055,0.20027571200042515,-0.248889750119618,0.060085251817493295,0.07258414510528152,0.16426726804206543,0.129322368515537,0.20027571200042515,0.20027571200042515,-0.04635887719138102,-0.38917314534344827,0.20027571200042515,-0.007436779222260903,0.20027571200042515,-0.1957123201423735,0.20027571200042515,-0.13336168631139092,0.06777582075650534,-0.07339440399305246,0.03934275696740112,0.00816752395251782,-0.19473502833026973,0.20027571200042515,0.03784950123290571,0.20027571200042515,0.20027571200042515,-0.04585056134555491,-0.09876943150341784,0.20027571200042515,0.20027571200042515,-0.010769035939065474,0.38307029723752434,0.1340913687770561,-0.00631950433810359,0.07561313395147944,0.3512776353092551,0.013415891998701083,0.16426726804206543,0.20033917104046783,0.20027571200042515,0.16426726804206543,0.026501409929938217,0.00828304547415646,-0.2352774673480013,0.15225924965385706,0.001458756570320443,0.20027571200042515,0.22841764724310218,0.0006775152841516084,0.3069619538632457,0.20027571200042515,0.16426726804206543,0.20033917104046783,0.04394874134020386,-0.6027088143003794,0.20027571200042515,0.20027571200042515,-0.1709094366811766,0.12101922548751547,-0.07677074904569345
R_Amp_V4_iqr,0.15493169668006682,0.3645918413408542,0.07792629235551174,0.06181000677714582,-0.020952342624046126,0.1906487490032251,0.09786833627528903,0.3660354453757768,0.09786833627528903,0.123640206346611,-0.06254433027805748,-0.012722013480381506,0.08542399875781696,0.09786833627528903,0.02843149306575324,0.05261946546202608,0.0437689281658364,0.08542399875781696,0.09786833627528903,0.001095464115840134,0.09786833627528903,-0.017845265661559116,-0.048961428530596665,-0.05225255180811211,0.09786833627528903,0.2192998483559873,0.17210682079069062,0.04428063363802711,-0.09226826295510933,0.09786833627528903,0.052796924344930996,1.0,0.09786833627528904,-0.03450315000280152,0.09786833627528904,-0.028815308773756328,0.09786833627528904,0.09786833627528904,0.2361151364196081,0.09786833627528904,0.014846890536293773,0.08542399875781696,0.09786833627528904,-0.011441937784494868,0.021682877395449152,0.09786833627528904,0.18229037992266467,0.20700003767165823,0.09786833627528904,0.2154649704328508,0.035154793443550214,0.20463276446245346,0.17321710749955765,0.08542399875781696,-0.058688694069557595,0.09786833627528904,0.016523041394514038,0.24166497556209998,0.09786833627528904,0.19498811387700687,-0.03595906053128701,0.011153808892920464,0.09804825082408852,0.09786833627528904,-0.01942862610434147,0.08542399875781696,0.19415606195707721,0.09786833627528904,0.09693399846462582,0.027002847239887686,0.22011574618916674,-0.037698413775569255,0.03692409148855497,0.06253634768261083,-0.04195094965339308,0.18150400327240393,-0.008387975602888838,-0.036839237324101604,0.2968610652609396,0.09786833627528904,0.25447319222465586,0.20211673108446587,0.08542399875781696,-0.03584243868923272,-0.008169039261284441,0.271947732509696,0.08542399875781696,0.16950412154997602,0.1536870180518938,0.01089224552469456,0.08542399875781696,0.20215107622680517,0.048951345715384925,0.16538058589643073,0.19185929314462374,0.23411341211119538,0.09786833627528904,0.09786833627528904,0.17895631689131805,0.01278747769323145,0.09786833627528904,-0.007416767899132834,0.09672829891196756,-0.06751965414861809,0.08542399875781696,0.07535957101150026,0.09786833627528904,0.09786833627528904,0.139206152496334,-0.04908483539724214,0.09786833627528904,0.17046368403116854,0.09786833627528904,-0.04702733780464,0.09786833627528904,-0.015228209865298438,-0.02815353689611473,-0.007850566180708831,0.2071756747578972,0.19782076401727838,-0.09215590279255675,0.09786833627528904,-0.026957147389504606,0.09786833627528904,0.09786833627528904,0.12498463627490093,0.1351340430633386,0.09786833627528904,0.09786833627528904,0.18344928040057676,0.049300877301346274,0.06741311831655457,0.17696039078762135,0.2925765263484375,0.08351975858410067,0.16850572349143836,0.08542399875781696,0.09786833627528904,0.09786833627528904,0.08542399875781696,0.05894993065902116,0.2524303093300893,-0.047080732330769016,0.03201035848265131,0.20342507175010102,0.09786833627528904,-0.07977699946770819,0.2199887972807538,0.05341943587972248,0.09786833627528904,0.08542399875781696,0.09786833627528904,0.03747627149797263,-0.03163536446913084,0.09786833627528904,0.09786833627528904,-0.011374676951523008,0.043962054507462,0.05348911805729157
T_Amp_V1_count,0.09225889000708774,0.0811384091573505,0.13805513304594894,0.05061646672401522,-0.07347182783233144,0.07462706781364958,1.0,0.10812326851166051,1.0,0.13983353307465315,-0.0027952218534831267,-0.07266659859821599,0.7904285224513437,0.9998631395220794,-0.03026255774970611,0.10890521812481126,0.0064263080931702835,0.7904285224513437,1.0,-0.03814740950535641,0.9998631395220794,-0.07280769202276784,-0.008332288302197085,-0.18105500151107978,1.0,0.07124778792589087,0.08367197006065688,0.030443544276885406,0.07099133654759573,0.9998631395220794,0.20027571200042515,0.09786833627528904,1.0,0.03132056458930073,0.9998631395220793,-0.07327379320595462,1.0,1.0,0.09461559318844955,0.9998631395220793,-0.044431211222848266,0.7904285224513438,1.0,-0.021881591399580593,-0.06083329940742302,1.0,0.09908331700198185,0.07893775971918174,0.9998631395220793,0.08685018884901723,0.0836095365051139,0.09340480937276176,0.07084588168111201,0.7904285224513438,-0.18331388855081693,1.0,0.06360460876835959,0.08522273558207892,1.0,0.06607363075615759,-0.008540198085799314,-0.02500030743073816,0.9870742722502791,1.0,0.03288958198779447,0.7904285224513438,0.06736015673410425,0.9998631395220793,0.13660572374903127,0.054273613907938174,0.09276669060786319,-0.20588687967742572,-0.04800984418556759,0.07661383201615517,-0.18781372381538375,0.08518039643002073,0.039383543539852316,-0.10682932789406178,0.09369763329965,1.0,0.08882522291799093,0.11776894398678851,0.7904285224513438,-0.20306433364837473,-0.013544303008777226,0.10435517699818614,0.7904285224513438,0.08460754234822261,0.07620734039691135,-0.0354474897679339,0.7904285224513438,0.09223025090623173,0.025069768503659856,0.10339486718829108,0.07138422960563863,0.10642376558653302,1.0,1.0,0.08127021680507342,-0.08499337959482024,1.0,-0.0005538322546483856,-0.03998974405081656,0.0060011309429193515,0.7904285224513438,-0.003004583911185397,1.0,1.0,-0.07772441902000934,-0.18378457668392426,1.0,0.09700376946515875,1.0,-0.1769557865849292,1.0,-0.025718473718976922,0.004321050880991544,-0.030171394886381146,0.09747806924483259,0.08309647974160522,-0.8999688535773165,1.0,0.03828088158774032,1.0,1.0,-0.06507142221338419,-0.0756148718768401,1.0,1.0,0.08638912536450107,0.18248956933196353,0.12631269452102856,0.08902636760910229,0.12245579251797557,0.12017618169935507,0.08454866056159195,0.7904285224513438,0.9998631395220793,1.0,0.7904285224513438,0.06531286245120502,0.09837093439708264,-0.07824757603347128,0.056394977852655924,0.07772733700943997,1.0,0.02633079341515808,0.07778682868844511,0.1040421692494278,1.0,0.7904285224513438,0.9998631395220793,-0.0408555830932044,-0.09752976019453018,1.0,1.0,-0.1335061930246607,0.0077472477820141996,-0.1498226208824431
Q_Amp_V5,0.05080521800718798,0.03855575217491957,0.16547755572562367,0.13188386524634377,-0.19028487599098512,0.0003279312105608524,0.03132056458930073,-0.0017216660866400174,0.03132056458930073,0.20785993630491278,0.05538502471231866,0.2257106098547766,0.027257706787519962,0.03132056458930073,0.2900373825782737,0.19453559688363475,-0.1648001664280071,0.027257706787519962,0.03132056458930073,-0.28794137009552956,0.03132056458930073,-0.23074220353919359,-0.2370303609286115,-0.11834661991837205,0.03132056458930073,0.0015612359632056175,0.0330731236567837,0.018681540529241928,0.26368543991580595,0.03132056458930073,0.26011712089851236,-0.03450315000280152,0.03132056458930073,1.0,0.03132056458930073,-0.166759357434407,0.03132056458930073,0.03132056458930073,0.08011779579561375,0.03132056458930073,0.11277759975935057,0.02725770678751996,0.03132056458930073,-0.09770959935543912,-0.19662224310953771,0.03132056458930073,0.01025607110191244,0.05871095866128876,0.03132056458930073,0.06313912477180669,0.13688605809983137,0.038675338252376325,0.02715546151607707,0.02725770678751996,-0.17493201264206662,0.03132056458930073,0.02921981930742701,0.026373648736233057,0.03132056458930073,-0.010938402220239826,0.010539807668822563,0.44468102086585176,0.03094897922703871,0.03132056458930073,0.6628708293722853,0.02725770678751996,-0.00994718810193381,0.03132056458930073,0.2045348368535552,-0.0531889967056185,0.020423938592899683,-0.02254217666854726,-0.3335704812590927,0.19010680240774963,-0.07437523613764226,0.019883683790822965,0.26865394236054024,-0.22963372978420968,0.08664802152089976,0.03132056458930073,0.05038566679179921,0.0007801393736297322,0.02725770678751996,-0.016985585369253212,-0.09936081265637942,0.0363482869839235,0.02725770678751996,0.02126626415284304,0.04653977992805585,-0.21470391694035484,0.02725770678751996,-0.017039354114443007,-0.11127547611878764,0.0537250375840692,0.05823654535521812,0.0467943288621258,0.03132056458930073,0.03132056458930073,0.024499222357387246,0.022561978721420132,0.03132056458930073,-0.5112773131359383,-0.0317377031505495,0.14240636048112834,0.02725770678751996,0.14835768708955344,0.03132056458930073,0.03132056458930073,-0.3720995751201501,-0.1310398107486986,0.03132056458930073,0.056354103373383146,0.03132056458930073,-0.05793531532730793,0.03132056458930073,-0.29255616135166773,0.1604847349369939,-0.03547933709633071,0.027161568301588238,-0.01958536216801427,-0.033537731641232006,0.03132056458930073,-0.013721358495923373,0.03132056458930073,0.03132056458930073,-0.29037725644999257,-0.3582272765239783,0.03132056458930073,0.03132056458930073,0.04583039270910234,0.1391444733152222,0.12404895759508351,0.02154521511516964,0.028564205034751305,0.18699695102864308,0.03969338211547186,0.02725770678751996,0.03132056458930073,0.03132056458930073,0.02725770678751996,0.02595087741201893,0.03038639455686914,-0.18285809363546363,0.03490433381767118,0.02958073499852578,0.03132056458930073,0.5438127820500759,0.053430629850636145,0.07707046177581808,0.03132056458930073,0.02725770678751996,0.03132056458930073,0.1590260792433213,-0.2324433915524402,0.03132056458930073,0.03132056458930073,0.007617575662787842,0.11056843788023449,-0.008844584340727482
T_Amp_V6_count,0.09221268205112247,0.0811384091573505,0.13805513304594894,0.05061646672401522,-0.07352188081725718,0.07457688795557471,0.9998631395220793,0.10812326851166051,0.9998631395220793,0.13983353307465315,-0.0028990061985135662,-0.07273213935668994,0.7905391923461392,1.0,-0.0302305829972608,0.10890521812481126,0.006545708113600336,0.7905391923461392,0.9998631395220793,-0.03816841232500636,1.0,-0.07280769202276784,-0.00836480636552359,-0.18105500151107978,0.9998631395220793,0.07115629313271295,0.0835970466587137,0.030443544276885406,0.07091560045667428,1.0,0.20033917104046783,0.09786833627528904,0.9998631395220793,0.03132056458930073,1.0,-0.07334987115361262,0.9998631395220794,0.9998631395220794,0.09461559318844955,1.0,-0.044431211222848266,0.7905391923461392,0.9998631395220794,-0.021882838706791204,-0.06085979203228726,0.9998631395220794,0.09905537991804333,0.0788551161828784,1.0,0.08685018884901723,0.0836095365051139,0.0933252593967519,0.07076405989317085,0.7905391923461392,-0.18331388855081693,0.9998631395220794,0.0636635136712677,0.08510884365374258,0.9998631395220794,0.06609213760267824,-0.008529256616998509,-0.024980289798677873,0.9869369299706925,0.9998631395220794,0.03288958198779447,0.7905391923461392,0.06747095337445012,1.0,0.13660572374903127,0.05421139447996438,0.09271244429079073,-0.20588687967742572,-0.04795096292404273,0.07661383201615517,-0.18781372381538375,0.08515416727660412,0.03942515300217249,-0.10691416402051411,0.09369763329965,0.9998631395220794,0.08882522291799093,0.11770006151711983,0.7905391923461392,-0.20306433364837473,-0.013579460173274029,0.10435517699818614,0.7905391923461392,0.08453326370054566,0.07617825312592073,-0.0354474897679339,0.7905391923461392,0.09233169493158776,0.025091584473967598,0.10334074432388159,0.07129744469762592,0.1063166428503187,0.9998631395220794,0.9998631395220794,0.08123576288569055,-0.08499337959482024,0.9998631395220794,-0.0006071760220786968,-0.039937629786190074,0.005905972733228227,0.7905391923461392,-0.00297652991459727,0.9998631395220794,0.9998631395220794,-0.07772441902000934,-0.18378457668392426,0.9998631395220794,0.09693959742511099,0.9998631395220794,-0.1769557865849292,0.9998631395220794,-0.025705637894365217,0.004330447704378246,-0.030242679856146367,0.09738316560588944,0.08307457166503675,-0.8998437510250041,0.9998631395220794,0.03833029628931065,0.9998631395220794,0.9998631395220794,-0.06507142221338419,-0.0756148718768401,0.9998631395220794,0.9998631395220794,0.08634992048971823,0.18248956933196353,0.12631269452102856,0.08900363610135884,0.12233427186816474,0.12017618169935507,0.08447784948419712,0.7905391923461392,1.0,0.9998631395220794,0.7905391923461392,0.06531286245120502,0.09823644598313569,-0.07824757603347128,0.056394977852655924,0.07764294957354585,0.9998631395220794,0.02633079341515808,0.07778682868844511,0.10411458604827013,0.9998631395220794,0.7905391923461392,1.0,-0.04081679162557358,-0.09752976019453018,0.9998631395220794,0.9998631395220794,-0.1335061930246607,0.007633171380337465,-0.1498949133226048
T_Amp_aVL,-0.02550637636637511,-0.0219910200679589,-0.0773130440951673,0.01747079047707348,0.1136342337389335,-0.03828346365669015,-0.07327379320595462,-0.032438818052311566,-0.07327379320595462,-0.1180204479726708,0.14038888818478643,-0.12901288123629695,-0.07140532192675647,-0.07334987115361262,-0.09658879722746803,-0.1945443276915052,0.11251993722773096,-0.07140532192675647,-0.07327379320595462,0.10171145489100433,-0.07334987115361262,0.27991599172234105,0.1510013591627897,0.13394619699021,-0.07327379320595462,0.00044432247235038497,-0.009825320414187851,0.015893567481936825,-0.0913742933634417,-0.07334987115361262,-0.32343730255391384,-0.028815308773756328,-0.07327379320595462,-0.166759357434407,-0.07334987115361262,1.0,-0.0732737932059546,-0.0732737932059546,-0.04176982462845419,-0.07334987115361262,-0.24027296397468212,-0.07140532192675647,-0.0732737932059546,0.08279612683846052,0.12530530713443397,-0.0732737932059546,-0.009659759815829805,-0.03879458943930489,-0.07334987115361262,-0.034806515318009,-0.24368975131891693,-0.018721892128997063,-0.004689748597065196,-0.07140532192675647,0.22712326829344123,-0.0732737932059546,-0.4503705201607383,-0.033043136107509245,-0.0732737932059546,-0.0010850554237262571,-0.030545024099310886,-0.14061114260261684,-0.07032566290688032,-0.0732737932059546,-0.17806211221711812,-0.07140532192675647,-0.0013584597845705077,-0.07334987115361262,-0.14685532301905702,0.006958805033253085,-0.018722105022072867,-0.05960759557038295,0.11545100357015148,-0.10710018278613781,0.05926991189125636,-0.0038252633850480024,-0.16783000920691485,0.5727402874101991,-0.05671764125403837,-0.0732737932059546,-0.0252858903031277,-0.020888974394863053,-0.07140532192675647,-0.05064601599114615,-0.14741649914975574,-0.03359676900283852,-0.07140532192675647,-0.017711258455205194,-0.020311601355028686,0.18996629704922996,-0.07140532192675647,0.0008061848923665391,0.09695241164677094,-0.023234989879408436,-0.034014181247405795,-0.04590434067279585,-0.0732737932059546,-0.0732737932059546,-0.011064061225993353,-0.15126223712170153,-0.0732737932059546,0.18401998068411074,0.006175716523934834,-0.06359406298156309,-0.07140532192675647,-0.10295244715450157,-0.0732737932059546,-0.0732737932059546,0.058878921325670706,0.1607789097150423,-0.0732737932059546,-0.02430497869558132,-0.0732737932059546,0.02463769488768574,-0.0732737932059546,0.14503239484310665,-0.043830948153611285,0.07923389769935593,-0.04770287518523596,-0.0056032121984934315,0.07308325805466025,-0.0732737932059546,-0.0494518237438727,-0.0732737932059546,-0.0732737932059546,0.05122234950891049,0.09791779563288741,-0.0732737932059546,-0.0732737932059546,-0.023209836037041864,-0.19158149529409682,-0.06454294090030584,-0.02521599943602724,-0.07259791300034696,-0.14144809813612708,-0.019548147908746313,-0.07140532192675647,-0.07334987115361262,-0.0732737932059546,-0.07140532192675647,0.01721312997799892,-0.016651899932535352,0.21421554225229425,-0.20156897918538633,-0.027514718472591633,-0.0732737932059546,-0.15042872030925084,-0.02223913502772233,-0.22854118039488563,-0.0732737932059546,-0.07140532192675647,-0.07334987115361262,-0.04648926584356928,0.29256761486034993,-0.0732737932059546,-0.0732737932059546,-0.09121008495500424,-0.07938312103026167,0.054654400256927985
Q_Amp_I_count,0.09225889000708774,0.0811384091573505,0.13805513304594894,0.05061646672401522,-0.07347182783233144,0.07462706781364958,1.0,0.10812326851166051,1.0,0.13983353307465315,-0.0027952218534831267,-0.07266659859821599,0.7904285224513437,0.9998631395220794,-0.03026255774970611,0.10890521812481126,0.0064263080931702835,0.7904285224513437,1.0,-0.03814740950535641,0.9998631395220794,-0.07280769202276784,-0.008332288302197085,-0.18105500151107978,1.0,0.07124778792589087,0.08367197006065688,0.030443544276885406,0.07099133654759573,0.9998631395220794,0.20027571200042515,0.09786833627528904,1.0,0.03132056458930073,0.9998631395220794,-0.0732737932059546,1.0,1.0,0.09461559318844955,0.9998631395220793,-0.044431211222848266,0.7904285224513438,1.0,-0.021881591399580593,-0.06083329940742302,1.0,0.09908331700198185,0.07893775971918174,0.9998631395220793,0.08685018884901723,0.0836095365051139,0.09340480937276176,0.07084588168111201,0.7904285224513438,-0.18331388855081693,1.0,0.06360460876835959,0.08522273558207892,1.0,0.06607363075615759,-0.008540198085799314,-0.02500030743073816,0.9870742722502791,1.0,0.03288958198779447,0.7904285224513438,0.06736015673410425,0.9998631395220793,0.13660572374903127,0.054273613907938174,0.09276669060786319,-0.20588687967742572,-0.04800984418556759,0.07661383201615517,-0.18781372381538375,0.08518039643002073,0.039383543539852316,-0.10682932789406178,0.09369763329965,1.0,0.08882522291799093,0.11776894398678851,0.7904285224513438,-0.20306433364837473,-0.013544303008777226,0.10435517699818614,0.7904285224513438,0.08460754234822261,0.07620734039691135,-0.0354474897679339,0.7904285224513438,0.09223025090623173,0.025069768503659856,0.10339486718829108,0.07138422960563863,0.10642376558653302,1.0,1.0,0.08127021680507342,-0.08499337959482024,1.0,-0.0005538322546483856,-0.03998974405081656,0.0060011309429193515,0.7904285224513438,-0.003004583911185397,1.0,1.0,-0.07772441902000934,-0.18378457668392426,1.0,0.09700376946515875,1.0,-0.1769557865849292,1.0,-0.025718473718976922,0.004321050880991544,-0.030171394886381146,0.09747806924483259,0.08309647974160522,-0.8999688535773165,1.0,0.03828088158774032,1.0,1.0,-0.06507142221338419,-0.0756148718768401,1.0,1.0,0.08638912536450107,0.18248956933196353,0.12631269452102856,0.08902636760910229,0.12245579251797557,0.12017618169935507,0.08454866056159195,0.7904285224513438,0.9998631395220793,1.0,0.7904285224513438,0.06531286245120502,0.09837093439708264,-0.07824757603347128,0.056394977852655924,0.07772733700943997,1.0,0.02633079341515808,0.07778682868844511,0.1040421692494278,1.0,0.7904285224513438,0.9998631395220793,-0.0408555830932044,-0.09752976019453018,1.0,1.0,-0.1335061930246607,0.0077472477820141996,-0.1498226208824431
R_Amp_V1_count,0.09225889000708774,0.0811384091573505,0.13805513304594894,0.05061646672401522,-0.07347182783233144,0.07462706781364958,1.0,0.10812326851166051,1.0,0.13983353307465315,-0.0027952218534831267,-0.07266659859821599,0.7904285224513437,0.9998631395220794,-0.03026255774970611,0.10890521812481126,0.0064263080931702835,0.7904285224513437,1.0,-0.03814740950535641,0.9998631395220794,-0.07280769202276784,-0.008332288302197085,-0.18105500151107978,1.0,0.07124778792589087,0.08367197006065688,0.030443544276885406,0.07099133654759573,0.9998631395220794,0.20027571200042515,0.09786833627528904,1.0,0.03132056458930073,0.9998631395220794,-0.0732737932059546,1.0,1.0,0.09461559318844955,0.9998631395220793,-0.044431211222848266,0.7904285224513438,1.0,-0.021881591399580593,-0.06083329940742302,1.0,0.09908331700198185,0.07893775971918174,0.9998631395220793,0.08685018884901723,0.0836095365051139,0.09340480937276176,0.07084588168111201,0.7904285224513438,-0.18331388855081693,1.0,0.06360460876835959,0.08522273558207892,1.0,0.06607363075615759,-0.008540198085799314,-0.02500030743073816,0.9870742722502791,1.0,0.03288958198779447,0.7904285224513438,0.06736015673410425,0.9998631395220793,0.13660572374903127,0.054273613907938174,0.09276669060786319,-0.20588687967742572,-0.04800984418556759,0.07661383201615517,-0.18781372381538375,0.08518039643002073,0.039383543539852316,-0.10682932789406178,0.09369763329965,1.0,0.08882522291799093,0.11776894398678851,0.7904285224513438,-0.20306433364837473,-0.013544303008777226,0.10435517699818614,0.7904285224513438,0.08460754234822261,0.07620734039691135,-0.0354474897679339,0.7904285224513438,0.09223025090623173,0.025069768503659856,0.10339486718829108,0.07138422960563863,0.10642376558653302,1.0,1.0,0.08127021680507342,-0.08499337959482024,1.0,-0.0005538322546483856,-0.03998974405081656,0.0060011309429193515,0.7904285224513438,-0.003004583911185397,1.0,1.0,-0.07772441902000934,-0.18378457668392426,1.0,0.09700376946515875,1.0,-0.1769557865849292,1.0,-0.025718473718976922,0.004321050880991544,-0.030171394886381146,0.09747806924483259,0.08309647974160522,-0.8999688535773165,1.0,0.03828088158774032,1.0,1.0,-0.06507142221338419,-0.0756148718768401,1.0,1.0,0.08638912536450107,0.18248956933196353,0.12631269452102856,0.08902636760910229,0.12245579251797557,0.12017618169935507,0.08454866056159195,0.7904285224513438,0.9998631395220793,1.0,0.7904285224513438,0.06531286245120502,0.09837093439708264,-0.07824757603347128,0.056394977852655924,0.07772733700943997,1.0,0.02633079341515808,0.07778682868844511,0.1040421692494278,1.0,0.7904285224513438,0.9998631395220793,-0.0408555830932044,-0.09752976019453018,1.0,1.0,-0.1335061930246607,0.0077472477820141996,-0.1498226208824431
Q_Amp_V5_iqr,0.2845426260241942,0.4109902239759814,0.13521311261346508,0.05982658395826305,0.024747664391924506,0.20668309877366833,0.09461559318844955,0.3810067430663906,0.09461559318844955,0.14733682146779906,0.00791770581302542,-0.012481000554183812,0.08660855853515215,0.09461559318844955,0.04665893350291427,0.043391257480856774,-0.009675936597661229,0.08660855853515215,0.09461559318844955,-0.03354212605069622,0.09461559318844955,0.008211205401090091,-0.04189267800688972,0.010165446606633072,0.09461559318844955,0.3012416306308604,0.32708113096136326,0.03373769017692879,0.012675350050933534,0.09461559318844955,0.007092093260736353,0.2361151364196081,0.09461559318844955,0.08011779579561375,0.09461559318844955,-0.04176982462845419,0.09461559318844955,0.09461559318844955,1.0,0.09461559318844953,0.03955848781583272,0.08660855853515216,0.09461559318844953,-0.037219778668238016,-0.025056447645493553,0.09461559318844953,0.2594900143068461,0.3477046663627995,0.09461559318844953,0.48713284531282414,0.01603130979783663,0.35296456513859187,0.3134421110769601,0.08660855853515216,-0.01592085987475713,0.09461559318844953,0.05251750331433097,0.345446480655026,0.09461559318844953,0.180714041893021,0.00247001259700826,0.05917497282252189,0.09328378935548735,0.09461559318844953,0.04433294982546822,0.08660855853515216,0.17612800680198656,0.09461559318844953,0.21600504658938138,0.027490274379088693,0.2943318183135236,-0.01688089779918207,-0.031295112346806084,0.05613203062454864,0.013608034612633296,0.3472967861983976,0.02865084228710231,-0.02222082324000971,0.42331332340223976,0.09461559318844953,0.6160025914049548,0.2576685862501735,0.08660855853515216,-0.009251682335284657,0.042586127673812806,0.3598709996271216,0.08660855853515216,0.3062631981419767,0.26919267315056866,-0.000460004358896447,0.08660855853515216,0.2210670653205645,-0.020943549963205514,0.31636211136169257,0.32711778410614184,0.3169491173731139,0.09461559318844953,0.09461559318844953,0.33528725604967724,-0.022004788924399162,0.09461559318844953,-0.051265375456541355,0.003169867049040455,0.006956798126313407,0.08660855853515216,0.028596110450817582,0.09461559318844953,0.09461559318844953,-0.05739200591817104,0.01540146722116506,0.09461559318844953,0.33197546210703505,0.09461559318844953,0.00811822785553723,0.09461559318844953,-0.04363844988362866,0.003656518059618927,0.009922243817654964,0.20500164568365917,0.20262589366290445,-0.08819235578791945,0.09461559318844953,-0.0026176749438689127,0.09461559318844953,0.09461559318844953,0.017387450325044965,-0.05769011397813494,0.09461559318844953,0.09461559318844953,0.3154509824034126,0.00032501890210534485,0.13162963941041844,0.30179828342854625,0.24642252466316597,0.14124078831308742,0.30261512622087083,0.08660855853515216,0.09461559318844953,0.09461559318844953,0.08660855853515216,0.09002886040194293,0.3547188781241022,-0.029477030468829254,0.02418095559324048,0.335912324441462,0.09461559318844953,0.05655108597786284,0.4577140883631049,-0.014540517289667045,0.09461559318844953,0.08660855853515216,0.09461559318844953,0.02949024727626662,0.011828935544883233,0.09461559318844953,0.09461559318844953,0.03262262624275779,0.040221329843451975,0.01837832438017032
Q_Amp_V4_count,0.09221268205112247,0.0811384091573505,0.13805513304594894,0.05061646672401522,-0.07352188081725718,0.07457688795557471,0.9998631395220793,0.10812326851166051,0.9998631395220793,0.13983353307465315,-0.0028990061985135662,-0.07273213935668994,0.7905391923461392,1.0,-0.0302305829972608,0.10890521812481126,0.006545708113600336,0.7905391923461392,0.9998631395220793,-0.03816841232500636,1.0,-0.07280769202276784,-0.00836480636552359,-0.18105500151107978,0.9998631395220793,0.07115629313271295,0.0835970466587137,0.030443544276885406,0.07091560045667428,1.0,0.20033917104046783,0.09786833627528904,0.9998631395220793,0.03132056458930073,1.0,-0.07334987115361262,0.9998631395220793,0.9998631395220793,0.09461559318844953,1.0,-0.044431211222848266,0.7905391923461392,0.9998631395220794,-0.021882838706791204,-0.06085979203228726,0.9998631395220794,0.09905537991804333,0.0788551161828784,1.0,0.08685018884901723,0.0836095365051139,0.0933252593967519,0.07076405989317085,0.7905391923461392,-0.18331388855081693,0.9998631395220794,0.0636635136712677,0.08510884365374258,0.9998631395220794,0.06609213760267824,-0.008529256616998509,-0.024980289798677873,0.9869369299706925,0.9998631395220794,0.03288958198779447,0.7905391923461392,0.06747095337445012,1.0,0.13660572374903127,0.05421139447996438,0.09271244429079073,-0.20588687967742572,-0.04795096292404273,0.07661383201615517,-0.18781372381538375,0.08515416727660412,0.03942515300217249,-0.10691416402051411,0.09369763329965,0.9998631395220794,0.08882522291799093,0.11770006151711983,0.7905391923461392,-0.20306433364837473,-0.013579460173274029,0.10435517699818614,0.7905391923461392,0.08453326370054566,0.07617825312592073,-0.0354474897679339,0.7905391923461392,0.09233169493158776,0.025091584473967598,0.10334074432388159,0.07129744469762592,0.1063166428503187,0.9998631395220794,0.9998631395220794,0.08123576288569055,-0.08499337959482024,0.9998631395220794,-0.0006071760220786968,-0.039937629786190074,0.005905972733228227,0.7905391923461392,-0.00297652991459727,0.9998631395220794,0.9998631395220794,-0.07772441902000934,-0.18378457668392426,0.9998631395220794,0.09693959742511099,0.9998631395220794,-0.1769557865849292,0.9998631395220794,-0.025705637894365217,0.004330447704378246,-0.030242679856146367,0.09738316560588944,0.08307457166503675,-0.8998437510250041,0.9998631395220794,0.03833029628931065,0.9998631395220794,0.9998631395220794,-0.06507142221338419,-0.0756148718768401,0.9998631395220794,0.9998631395220794,0.08634992048971823,0.18248956933196353,0.12631269452102856,0.08900363610135884,0.12233427186816474,0.12017618169935507,0.08447784948419712,0.7905391923461392,1.0,0.9998631395220794,0.7905391923461392,0.06531286245120502,0.09823644598313569,-0.07824757603347128,0.056394977852655924,0.07764294957354585,0.9998631395220794,0.02633079341515808,0.07778682868844511,0.10411458604827013,0.9998631395220794,0.7905391923461392,1.0,-0.04081679162557358,-0.09752976019453018,0.9998631395220794,0.9998631395220794,-0.1335061930246607,0.007633171380337465,-0.1498949133226048
ST_Elev_III,0.025851701662543893,0.024537540777823014,-0.0008193234781684619,-0.04631900242121638,0.05012874435137503,0.006610418060529229,-0.044431211222848266,0.028324774249722712,-0.044431211222848266,0.01076933370671427,-0.049807654873149185,0.10463613453066004,-0.044431211222848266,-0.044431211222848266,0.15996197692981515,0.04353556351391291,-0.004202082680289178,-0.044431211222848266,-0.044431211222848266,-0.06049165898958049,-0.044431211222848266,-0.04367012548394909,-0.2501300759011613,0.04365815899460686,-0.044431211222848266,0.021918203283771975,0.015208453817268762,-0.06227487539791199,0.07654213984183793,-0.044431211222848266,0.04186020758246453,0.014846890536293773,-0.044431211222848266,0.11277759975935057,-0.044431211222848266,-0.24027296397468212,-0.044431211222848266,-0.044431211222848266,0.03955848781583272,-0.044431211222848266,1.0,-0.044431211222848266,-0.044431211222848266,-0.07454805890650185,-0.05419758711026209,-0.044431211222848266,0.019384260424317103,0.03814653697067974,-0.044431211222848266,0.03704500775333038,0.034815507202586,0.02192902832618433,0.021925247400358398,-0.044431211222848266,-0.16749486332228175,-0.044431211222848266,0.2054351604105875,0.02960018429015127,-0.044431211222848266,0.01921550680351189,-0.034314763481687265,0.14997822131601612,-0.04460431900800176,-0.044431211222848266,0.12606029249351997,-0.044431211222848266,0.012917380586564525,-0.044431211222848266,0.02514366616350143,-0.01847530213337287,0.012833276669810352,0.015056538197120183,-0.18288678158631846,0.011182320137318714,0.22721430446367258,0.010162584224106014,-0.009217401975236579,-0.145575701881708,0.0475147665531996,-0.044431211222848266,0.027611204283895387,0.007538778445687037,-0.044431211222848266,0.06465395672729735,0.16254732620576912,0.035169532889280576,-0.044431211222848266,0.009505855449789704,0.02937260209283487,-0.012878738475103187,-0.044431211222848266,-0.004830182335622552,-0.018827934812431665,0.026677026665142763,0.02955728459907738,0.027369942399277473,-0.044431211222848266,-0.044431211222848266,0.01809148466520531,0.06845949738661826,-0.044431211222848266,-0.09237721908067686,0.09000454159371353,0.020860471508270598,-0.044431211222848266,0.20708984230273414,-0.044431211222848266,-0.044431211222848266,-0.09565895608806863,0.03586568557087841,-0.044431211222848266,0.03621989850801719,-0.044431211222848266,0.07438852303603152,-0.044431211222848266,-0.23991424743599143,-0.002528343357560679,-0.0017531794316372157,0.019837523239226072,0.011339565758063908,0.04236496373291224,-0.044431211222848266,-0.08455239613038577,-0.044431211222848266,-0.044431211222848266,-0.09018780308426275,-0.10205168706823221,-0.044431211222848266,-0.044431211222848266,0.041785829018923464,-0.02857518167401566,0.012132286759219313,0.01667727316422104,0.04719213865665796,0.028372346181153734,0.023220696563769908,-0.044431211222848266,-0.044431211222848266,-0.044431211222848266,-0.044431211222848266,-0.027365396539657843,0.017069037774381277,-0.4139265532621135,-0.005387644529128659,0.02532093728572193,-0.044431211222848266,0.09263480666088987,0.022136550146123313,0.07980601413102018,-0.044431211222848266,-0.044431211222848266,-0.044431211222848266,0.1353864111187565,-0.049738567930478456,-0.044431211222848266,-0.044431211222848266,0.4417653549638468,0.04433950309563186,-0.01795513508008438
ST_Elev_aVR_count,0.09067551891320634,0.07436164239989208,0.13805513304594894,0.05061646672401522,-0.0631427276758813,0.06564149405802629,0.7904285224513438,0.09609432862760002,0.7904285224513438,0.13983353307465315,-0.009764118222405617,-0.043921270662471236,1.0,0.7905391923461392,-0.0193376629152945,0.10890521812481126,0.010703386529943713,1.0,0.7904285224513438,-0.03426063325073105,0.7905391923461392,-0.060812792491177714,-0.016211866156094434,-0.18105500151107978,0.7904285224513438,0.062649645498929,0.07711883019374224,0.030443544276885406,0.05878575432196816,0.7905391923461392,0.16426726804206543,0.08542399875781696,0.7904285224513438,0.02725770678751996,0.7905391923461392,-0.07140532192675647,0.7904285224513438,0.7904285224513438,0.08660855853515216,0.7905391923461392,-0.044431211222848266,1.0,0.7904285224513437,-0.017179000001370785,-0.05466791652650777,0.7904285224513437,0.09149651212608911,0.07769709758338728,0.7905391923461392,0.07784797806989294,0.0836095365051139,0.08480301000775797,0.07111945049524179,1.0,-0.18331388855081693,0.7904285224513437,0.0558244359415001,0.08430278173556568,0.7904285224513437,0.06164899994914557,-0.00908556462027605,-0.015483883924972618,0.780473803678407,0.7904285224513437,0.028270105529464584,1.0,0.0648602913195838,0.7905391923461392,0.13660572374903127,0.04734840973974471,0.08476892774323473,-0.20588687967742572,-0.04450848808227836,0.07661383201615517,-0.18781372381538375,0.08023863220643027,0.03183681294331013,-0.09480853284251047,0.08603957277332111,0.7904285224513437,0.0803793107389145,0.10474430011301357,1.0,-0.20306433364837473,-0.01006600161583545,0.09173189992124293,1.0,0.08606686222548031,0.08001579164959507,-0.023857362254009893,1.0,0.08101646031609258,0.024475750797487567,0.09914434416441846,0.06840213700288837,0.0973999257222388,0.7904285224513437,0.7904285224513437,0.0794508263991755,-0.08499337959482024,0.7904285224513437,-0.002066398238684071,-0.0275146451148884,0.0029366542811671546,1.0,0.005785475579306738,0.7904285224513437,0.7904285224513437,-0.05745427563252061,-0.18378457668392426,0.7904285224513437,0.08950939285239481,0.7904285224513437,-0.1769557865849292,0.7904285224513437,-0.030239646442463842,0.006724529218598609,-0.031408629613938005,0.08520196099404607,0.0739037831427735,-0.705548323206989,0.7904285224513437,0.02959407520062623,0.7904285224513437,0.7904285224513437,-0.04914355960861011,-0.06308189985573766,0.7904285224513437,0.7904285224513437,0.08107262146272197,0.18248956933196353,0.12631269452102856,0.08200141533427666,0.10809210341265138,0.12017618169935507,0.08373765948600617,1.0,0.7905391923461392,0.7904285224513437,1.0,0.06531286245120502,0.08858702531664664,-0.07824757603347128,0.056394977852655924,0.07351032611890343,0.7904285224513437,0.02608777125966033,0.06937368163988841,0.09076729466611823,0.7904285224513437,1.0,0.7905391923461392,-0.029174719638432232,-0.08186842697662541,0.7904285224513437,0.7904285224513437,-0.1335061930246607,0.01810697284432198,-0.1262399473467558
RR_Mean_Global_count,0.09225889000708774,0.0811384091573505,0.13805513304594894,0.05061646672401522,-0.07347182783233144,0.07462706781364958,1.0,0.10812326851166051,1.0,0.13983353307465315,-0.0027952218534831267,-0.07266659859821599,0.7904285224513437,0.9998631395220794,-0.03026255774970611,0.10890521812481126,0.0064263080931702835,0.7904285224513437,1.0,-0.03814740950535641,0.9998631395220794,-0.07280769202276784,-0.008332288302197085,-0.18105500151107978,1.0,0.07124778792589087,0.08367197006065688,0.030443544276885406,0.07099133654759573,0.9998631395220794,0.20027571200042515,0.09786833627528904,1.0,0.03132056458930073,0.9998631395220794,-0.0732737932059546,1.0,1.0,0.09461559318844953,0.9998631395220794,-0.044431211222848266,0.7904285224513437,1.0,-0.021881591399580593,-0.06083329940742302,1.0,0.09908331700198185,0.07893775971918174,0.9998631395220793,0.08685018884901723,0.0836095365051139,0.09340480937276176,0.07084588168111201,0.7904285224513438,-0.18331388855081693,1.0,0.06360460876835959,0.08522273558207892,1.0,0.06607363075615759,-0.008540198085799314,-0.02500030743073816,0.9870742722502791,1.0,0.03288958198779447,0.7904285224513438,0.06736015673410425,0.9998631395220793,0.13660572374903127,0.054273613907938174,0.09276669060786319,-0.20588687967742572,-0.04800984418556759,0.07661383201615517,-0.18781372381538375,0.08518039643002073,0.039383543539852316,-0.10682932789406178,0.09369763329965,1.0,0.08882522291799093,0.11776894398678851,0.7904285224513438,-0.20306433364837473,-0.013544303008777226,0.10435517699818614,0.7904285224513438,0.08460754234822261,0.07620734039691135,-0.0354474897679339,0.7904285224513438,0.09223025090623173,0.025069768503659856,0.10339486718829108,0.07138422960563863,0.10642376558653302,1.0,1.0,0.08127021680507342,-0.08499337959482024,1.0,-0.0005538322546483856,-0.03998974405081656,0.0060011309429193515,0.7904285224513438,-0.003004583911185397,1.0,1.0,-0.07772441902000934,-0.18378457668392426,1.0,0.09700376946515875,1.0,-0.1769557865849292,1.0,-0.025718473718976922,0.004321050880991544,-0.030171394886381146,0.09747806924483259,0.08309647974160522,-0.8999688535773165,1.0,0.03828088158774032,1.0,1.0,-0.06507142221338419,-0.0756148718768401,1.0,1.0,0.08638912536450107,0.18248956933196353,0.12631269452102856,0.08902636760910229,0.12245579251797557,0.12017618169935507,0.08454866056159195,0.7904285224513438,0.9998631395220793,1.0,0.7904285224513438,0.06531286245120502,0.09837093439708264,-0.07824757603347128,0.056394977852655924,0.07772733700943997,1.0,0.02633079341515808,0.07778682868844511,0.1040421692494278,1.0,0.7904285224513438,0.9998631395220793,-0.0408555830932044,-0.09752976019453018,1.0,1.0,-0.1335061930246607,0.0077472477820141996,-0.1498226208824431
Q_Amp_V2,-0.02358204865434367,-0.03326600875185145,-0.00358333773395015,-0.022114684697821418,0.017283845234113866,0.02562541253898859,-0.021881591399580593,-0.012451582096524595,-0.021881591399580593,-0.01989969435854873,-0.02536507189334542,-0.07730531536807365,-0.017179000001370785,-0.021882838706791204,-0.1235772149151288,-0.060234468384630105,-0.002686822293389953,-0.017179000001370785,-0.021881591399580593,0.3292967537154401,-0.021882838706791204,0.0319520465528272,0.13361367842708877,0.023893092388586425,-0.021881591399580593,-0.004284201342324478,-0.016620867137206702,0.004463364613221519,-0.1258574636649756,-0.021882838706791204,-0.07313548932962717,-0.011441937784494868,-0.021881591399580593,-0.09770959935543912,-0.021882838706791204,0.08279612683846052,-0.021881591399580593,-0.021881591399580593,-0.037219778668238016,-0.021882838706791204,-0.07454805890650185,-0.017179000001370785,-0.021881591399580593,1.0,-0.019603995621236384,-0.021881591399580593,-0.0068605218910015005,-0.09861720763443757,-0.021882838706791204,-0.03597956945347645,-0.04913692098258684,-0.01515729080713223,-0.013285814921606584,-0.017179000001370785,0.06773112251775111,-0.021881591399580593,-0.06684950056216914,-0.021945787682747027,-0.021881591399580593,-0.0038713225583137715,0.06156451604145445,-0.13353542096219737,-0.021273056946088692,-0.021881591399580593,-0.14058362880619085,-0.017179000001370785,-0.001535878739760785,-0.021882838706791204,-0.04739686909136765,-0.02420044396725636,0.10562139039200369,0.03271975536068516,0.14188635958564558,-0.043733741579673864,-0.0026933415551918896,-0.016316668451109784,-0.04763457705808324,0.07433448006410466,-0.032725645734626704,-0.021881591399580593,-0.03396897036568204,-0.004708869462183504,-0.017179000001370785,-0.0013916834062382114,-0.023422618048049758,-0.02624761508159746,-0.017179000001370785,-0.00716205245436965,-0.018731945214621296,0.008139629440473129,-0.017179000001370785,0.014068168577760533,0.04618874864111984,-0.028308236892248883,-0.021706003615493324,0.006672687168840635,-0.021881591399580593,-0.021881591399580593,-0.01626341696474229,-0.007582274698556813,-0.021881591399580593,0.13065267038708012,0.02033104489269371,-0.09472814265234698,-0.017179000001370785,-0.0836154294817174,-0.021881591399580593,-0.021881591399580593,0.09263531557099057,0.03145254571631019,-0.021881591399580593,-0.029807659379410583,-0.021881591399580593,-0.0017772608978233815,-0.021881591399580593,0.14546838227830625,0.22299149482167566,-0.25708483883551575,0.01716596137434766,0.001881413109244383,0.01946307017715125,-0.021881591399580593,0.045228269677191305,-0.021881591399580593,-0.021881591399580593,0.07458883441050311,0.09323927141855178,-0.021881591399580593,-0.021881591399580593,-0.020512326032307734,-0.025793417662878994,-0.02897587964683952,-0.006697383636155323,-0.028924788429346742,-0.04541286453630493,-0.018687735429495048,-0.017179000001370785,-0.021882838706791204,-0.021881591399580593,-0.017179000001370785,0.025158818047629566,-0.023716226801597233,0.09047887409977978,-0.005769503802206838,-0.018188487222942314,-0.021881591399580593,-0.02553287264188111,-0.035880971928221726,-0.014385094276346164,-0.021881591399580593,-0.017179000001370785,-0.021882838706791204,-0.0943173863743617,0.03751741069364714,-0.021881591399580593,-0.021881591399580593,-0.041756523832808964,-0.08174927233891195,0.021514333522530352
R_Amp_V3,-0.011181431559171137,-0.009690514206726742,0.020512670738478334,-0.02597291667873031,0.06610485678485527,-0.020158250954995537,-0.06083329940742302,-0.030266555484101464,-0.06083329940742302,-0.017963142690341643,0.15473125410405192,-0.16550202049002474,-0.05466791652650777,-0.06085979203228726,-0.08338927229492149,-0.0914548968204226,-0.11386870068458245,-0.05466791652650777,-0.06083329940742302,0.09941665210887089,-0.06085979203228726,0.07247738133799207,0.0752460255815789,0.037485765719057956,-0.06083329940742302,-0.027225581802325184,-0.001242988095654995,0.016881459316075497,-0.16866732566639997,-0.06085979203228726,-0.12161244339250986,0.021682877395449152,-0.06083329940742302,-0.19662224310953771,-0.06085979203228726,0.12530530713443397,-0.06083329940742302,-0.06083329940742302,-0.025056447645493553,-0.06085979203228726,-0.05419758711026209,-0.05466791652650777,-0.06083329940742302,-0.019603995621236384,1.0,-0.06083329940742301,0.010877473749911385,0.00977706544646135,-0.060859792032287266,-0.010258601576659308,-0.07222769377907003,0.006529377876226491,0.007593946303958952,-0.05466791652650778,0.09087039245899099,-0.06083329940742301,-0.06793819884133012,0.09486516932485667,-0.06083329940742301,0.0071797294696659365,-0.23346449034836808,-0.1372602806381489,-0.06036080810775479,-0.06083329940742301,-0.14995413603842328,-0.05466791652650778,0.014441103424226937,-0.060859792032287266,-0.03794216150114251,-0.07986163337657172,0.011784723347977014,-0.13873015378191886,0.1522303374494799,-0.07278199200573351,0.048222996437995574,0.011937363308364687,-0.15556511461995878,0.14216912110784877,-0.07747238612803933,-0.06083329940742301,-0.004344931292130496,-0.007393090886329579,-0.05466791652650778,-0.19213902834683144,-0.004753486199874181,-0.0220305254737614,-0.05466791652650778,-0.015640663703458343,0.0011278081393180782,-0.04093184878763236,-0.05466791652650778,-0.0019255468018959316,-0.07074875262349684,-0.008053537338323175,-0.014610359249129533,-0.12111905648656332,-0.06083329940742301,-0.06083329940742301,0.007822525679021,-0.1101711686439063,-0.06083329940742301,0.17076330751301255,0.08945989301184018,-0.4655488431035862,-0.05466791652650778,-0.008658817482968961,-0.06083329940742301,-0.06083329940742301,0.12716430783054988,0.09904105987976668,-0.06083329940742301,-0.01590634427844252,-0.06083329940742301,-0.11236467427895472,-0.06083329940742301,0.11453420482334783,-0.4995214701908901,0.42366441610482586,-0.11162622619328745,-0.002023420674253195,0.05899913842747526,-0.06083329940742301,-0.07175234355460605,-0.06083329940742301,-0.06083329940742301,0.038417294533838686,0.39948571444482056,-0.06083329940742301,-0.06083329940742301,-0.014305598351767793,-0.08581875993275623,-0.0035125159935174353,-0.013670717303381548,-0.009176745951574385,-0.0366268147922212,0.0008353953895837868,-0.05466791652650778,-0.060859792032287266,-0.06083329940742301,-0.05466791652650778,0.01682877293014552,-0.015267746858304669,0.07478747097174014,-0.012525251331093439,-0.0022448958869760553,-0.06083329940742301,-0.3151280886935433,0.0074381247948665415,-0.10242861946058604,-0.06083329940742301,-0.05466791652650778,-0.060859792032287266,-0.011626175155144258,0.11591993312256445,-0.06083329940742301,-0.06083329940742301,0.0008067875244697954,-0.038944670489574215,0.0049656546778266385
R_Amp_V3_count,0.09225889000708774,0.0811384091573505,0.13805513304594894,0.05061646672401522,-0.07347182783233144,0.07462706781364958,1.0,0.10812326851166051,1.0,0.13983353307465315,-0.0027952218534831267,-0.07266659859821599,0.7904285224513437,0.9998631395220794,-0.03026255774970611,0.10890521812481126,0.0064263080931702835,0.7904285224513437,1.0,-0.03814740950535641,0.9998631395220794,-0.07280769202276784,-0.008332288302197085,-0.18105500151107978,1.0,0.07124778792589087,0.08367197006065688,0.030443544276885406,0.07099133654759573,0.9998631395220794,0.20027571200042515,0.09786833627528904,1.0,0.03132056458930073,0.9998631395220794,-0.0732737932059546,1.0,1.0,0.09461559318844953,0.9998631395220794,-0.044431211222848266,0.7904285224513437,1.0,-0.021881591399580593,-0.06083329940742301,1.0,0.09908331700198185,0.07893775971918174,0.9998631395220793,0.08685018884901723,0.0836095365051139,0.09340480937276176,0.07084588168111201,0.7904285224513438,-0.18331388855081693,1.0,0.06360460876835959,0.08522273558207892,1.0,0.06607363075615759,-0.008540198085799314,-0.02500030743073816,0.9870742722502791,1.0,0.03288958198779447,0.7904285224513438,0.06736015673410425,0.9998631395220793,0.13660572374903127,0.054273613907938174,0.09276669060786319,-0.20588687967742572,-0.04800984418556759,0.07661383201615517,-0.18781372381538375,0.08518039643002073,0.039383543539852316,-0.10682932789406178,0.09369763329965,1.0,0.08882522291799093,0.11776894398678851,0.7904285224513438,-0.20306433364837473,-0.013544303008777226,0.10435517699818614,0.7904285224513438,0.08460754234822261,0.07620734039691135,-0.0354474897679339,0.7904285224513438,0.09223025090623173,0.025069768503659856,0.10339486718829108,0.07138422960563863,0.10642376558653302,1.0,1.0,0.08127021680507342,-0.08499337959482024,1.0,-0.0005538322546483856,-0.03998974405081656,0.0060011309429193515,0.7904285224513438,-0.003004583911185397,1.0,1.0,-0.07772441902000934,-0.18378457668392426,1.0,0.09700376946515875,1.0,-0.1769557865849292,1.0,-0.025718473718976922,0.004321050880991544,-0.030171394886381146,0.09747806924483259,0.08309647974160522,-0.8999688535773165,1.0,0.03828088158774032,1.0,1.0,-0.06507142221338419,-0.0756148718768401,1.0,1.0,0.08638912536450107,0.18248956933196353,0.12631269452102856,0.08902636760910229,0.12245579251797557,0.12017618169935507,0.08454866056159195,0.7904285224513438,0.9998631395220793,1.0,0.7904285224513438,0.06531286245120502,0.09837093439708264,-0.07824757603347128,0.056394977852655924,0.07772733700943997,1.0,0.02633079341515808,0.07778682868844511,0.1040421692494278,1.0,0.7904285224513438,0.9998631395220793,-0.0408555830932044,-0.09752976019453018,1.0,1.0,-0.1335061930246607,0.0077472477820141996,-0.1498226208824431
R_Amp_aVR_iqr,0.32916324451020296,0.2662002767844673,0.12087237486550728,0.09257368560207777,0.02804739024529057,0.22009341476707728,0.09908331700198185,0.20012279145442102,0.09908331700198185,0.1085512701627772,-0.013996593139339203,-0.040256537537130335,0.09149651212608911,0.09905537991804333,0.017484017185315608,0.08376850304478187,0.006621360271531967,0.09149651212608911,0.09908331700198185,0.01533175263611221,0.09905537991804333,0.023481108898573463,-0.005206879349841816,0.007359451003505051,0.09908331700198185,0.24021937384744993,0.39822651067781545,0.06146483011302664,-0.0591364590468656,0.09905537991804333,-0.005263714920501124,0.18229037992266467,0.09908331700198185,0.01025607110191244,0.09905537991804333,-0.009659759815829805,0.09908331700198185,0.09908331700198185,0.2594900143068461,0.09905537991804333,0.019384260424317103,0.09149651212608911,0.09908331700198185,-0.0068605218910015005,0.010877473749911385,0.09908331700198185,1.0,0.2503943041837883,0.09905537991804333,0.25377629016172143,0.04493109990933589,0.2748759648913804,0.33840706614915284,0.09149651212608913,-0.008589825125146135,0.09908331700198185,0.030202083385204272,0.24756564042395504,0.09908331700198185,0.2583914298484614,0.002540946841591662,0.0038108796106408045,0.09803930074515815,0.09908331700198185,0.0031915791393500015,0.09149651212608913,0.3468702080787053,0.09905537991804333,0.10121881251676139,0.04424154297714974,0.23243458871248265,-0.037326522222718844,0.03894084315194772,0.09169828751502082,0.010553220799849609,0.3726456302957524,-0.006635716074645885,0.009757869056131597,0.24299959965811316,0.09908331700198185,0.26719109241617206,0.40204689355786255,0.09149651212608913,-0.038261812104970906,0.03392931161061235,0.2300839087335951,0.09149651212608913,0.3180324368939563,0.33451809362944807,0.014220908129277674,0.09149651212608913,0.2944948754759898,-0.00021365371209022214,0.4296792067027222,0.24516802153841452,0.23167685342875977,0.09908331700198185,0.09908331700198185,0.3288031588086348,-0.033631445203585436,0.09908331700198185,0.007000751828354659,0.02994990178371513,-0.013312373727695075,0.09149651212608913,0.012730546256988808,0.09908331700198185,0.09908331700198185,0.0012798536366078936,0.013204780208863568,0.09908331700198185,0.39582635859001974,0.09908331700198185,-0.01794164816713886,0.09908331700198185,0.008743189925765693,-0.006783121736023607,0.01398207159859589,0.17419119805966038,0.24466154067648027,-0.09158170534124138,0.09908331700198185,-0.006569117758822831,0.09908331700198185,0.09908331700198185,0.03736629265105081,0.0013698590414880614,0.09908331700198185,0.09908331700198185,0.3481803419636525,-0.004955465268378761,0.11416852822408642,0.3086315073166268,0.1979031347658193,0.08004951691029019,0.4305511225278076,0.09149651212608913,0.09905537991804333,0.09908331700198185,0.09149651212608913,0.08865428205813387,0.26485454649977164,-0.022202775568088997,0.05641891512370753,0.2703710966507574,0.09908331700198185,0.0015546292463588579,0.25812985522431975,-0.0044308854519707445,0.09908331700198185,0.09149651212608913,0.09905537991804333,0.01633445615542338,0.024960130355162105,0.09908331700198185,0.09908331700198185,0.019366372254579444,0.048409999158325744,0.04858351564135774
S_Amp_V2_iqr,0.2711469544245221,0.3401790756747172,0.14701381466816305,0.07268292125836948,0.0070303343497680505,0.22507754311355008,0.07893775971918174,0.21916731177565932,0.07893775971918174,0.13034060146532414,0.01706163962379965,0.027897182364592238,0.07769709758338728,0.0788551161828784,0.037834789694416775,0.06280645660151529,-0.0031042961146768707,0.07769709758338728,0.07893775971918174,-0.05290554846432866,0.0788551161828784,-0.002534386187555115,-0.034239664923351926,-0.0031757057946605145,0.07893775971918174,0.4639158503935563,0.3073709729998385,0.041307583493761096,0.014586871476146911,0.0788551161828784,0.022101095112892287,0.20700003767165823,0.07893775971918174,0.05871095866128876,0.0788551161828784,-0.03879458943930489,0.07893775971918174,0.07893775971918174,0.3477046663627995,0.0788551161828784,0.03814653697067974,0.07769709758338728,0.07893775971918174,-0.09861720763443757,0.00977706544646135,0.07893775971918174,0.2503943041837883,1.0,0.07885511618287838,0.34484933505703186,0.03574262637224863,0.37097496020483167,0.30457924473551945,0.07769709758338726,-0.02299937788549231,0.07893775971918174,0.03626648124642435,0.37329231277511077,0.07893775971918174,0.16614251289278553,-0.05095806072454104,0.05218833225855919,0.0775965578117213,0.07893775971918174,0.05167886765908479,0.07769709758338726,0.16511810021488565,0.07885511618287838,0.13237381649317373,-0.006823840139739658,0.42417991678830014,-0.03817899069970799,-0.025266754553064798,0.07630906268003304,0.0019446936651044645,0.32598512289887427,0.040372786673657846,-0.028876405631348925,0.3187399791954118,0.07893775971918174,0.34806147272181925,0.24121064054335217,0.07769709758338726,-0.02263615622135257,0.02274128796768383,0.2626922103634449,0.07769709758338726,0.28918100038726574,0.2646494645901975,-0.0037765164270711945,0.07769709758338726,0.19928254070329243,-0.016586938300005308,0.3029431260087921,0.3700611461780367,0.2948526192749234,0.07893775971918174,0.07893775971918174,0.31132777849185456,-0.04008085193079601,0.07893775971918174,-0.05715639151313306,-0.00028992651106845023,-0.030475684986849296,0.07769709758338726,0.023759081698477517,0.07893775971918174,0.07893775971918174,-0.017516807621731113,0.0006239449540924049,0.07893775971918174,0.3044575549036682,0.07893775971918174,-0.002957753984896113,0.07893775971918174,-0.036553635266805745,-0.029510015537431288,0.05202882575253472,0.3189988647387635,0.18082585349572325,-0.07213385274332017,0.07893775971918174,0.008629197851166656,0.07893775971918174,0.07893775971918174,0.029076567745547503,-0.027352802500688785,0.07893775971918174,0.07893775971918174,0.2983384788497899,0.008727658085816922,0.2070178107895274,0.2831947875979298,0.2549220742775425,0.10856992752171848,0.29801636261903347,0.07769709758338726,0.07885511618287838,0.07893775971918174,0.07769709758338726,0.09300497396797754,0.34697211860792876,-0.036467518525500196,0.030386448118209092,0.3559015302994013,0.07893775971918174,0.0395784161336567,0.3455960499196387,-0.002445436309020656,0.07893775971918174,0.07769709758338726,0.07885511618287838,0.014859401205177593,-0.0004154730719214262,0.07893775971918174,0.07893775971918174,0.02691148465912668,0.0646166944306504,0.03447748875313738
R_Amp_V6_count,0.09221268205112247,0.0811384091573505,0.13805513304594894,0.05061646672401522,-0.07352188081725718,0.07457688795557471,0.9998631395220793,0.10812326851166051,0.9998631395220793,0.13983353307465315,-0.0028990061985135662,-0.07273213935668994,0.7905391923461392,1.0,-0.0302305829972608,0.10890521812481126,0.006545708113600336,0.7905391923461392,0.9998631395220793,-0.03816841232500636,1.0,-0.07280769202276784,-0.00836480636552359,-0.18105500151107978,0.9998631395220793,0.07115629313271295,0.0835970466587137,0.030443544276885406,0.07091560045667428,1.0,0.20033917104046783,0.09786833627528904,0.9998631395220793,0.03132056458930073,1.0,-0.07334987115361262,0.9998631395220793,0.9998631395220793,0.09461559318844953,1.0,-0.044431211222848266,0.7905391923461392,0.9998631395220793,-0.021882838706791204,-0.060859792032287266,0.9998631395220793,0.09905537991804333,0.07885511618287838,1.0,0.08685018884901723,0.0836095365051139,0.0933252593967519,0.07076405989317085,0.7905391923461392,-0.18331388855081693,0.9998631395220794,0.0636635136712677,0.08510884365374258,0.9998631395220794,0.06609213760267824,-0.008529256616998509,-0.024980289798677873,0.9869369299706925,0.9998631395220794,0.03288958198779447,0.7905391923461392,0.06747095337445012,1.0,0.13660572374903127,0.05421139447996438,0.09271244429079073,-0.20588687967742572,-0.04795096292404273,0.07661383201615517,-0.18781372381538375,0.08515416727660412,0.03942515300217249,-0.10691416402051411,0.09369763329965,0.9998631395220794,0.08882522291799093,0.11770006151711983,0.7905391923461392,-0.20306433364837473,-0.013579460173274029,0.10435517699818614,0.7905391923461392,0.08453326370054566,0.07617825312592073,-0.0354474897679339,0.7905391923461392,0.09233169493158776,0.025091584473967598,0.10334074432388159,0.07129744469762592,0.1063166428503187,0.9998631395220794,0.9998631395220794,0.08123576288569055,-0.08499337959482024,0.9998631395220794,-0.0006071760220786968,-0.039937629786190074,0.005905972733228227,0.7905391923461392,-0.00297652991459727,0.9998631395220794,0.9998631395220794,-0.07772441902000934,-0.18378457668392426,0.9998631395220794,0.09693959742511099,0.9998631395220794,-0.1769557865849292,0.9998631395220794,-0.025705637894365217,0.004330447704378246,-0.030242679856146367,0.09738316560588944,0.08307457166503675,-0.8998437510250041,0.9998631395220794,0.03833029628931065,0.9998631395220794,0.9998631395220794,-0.06507142221338419,-0.0756148718768401,0.9998631395220794,0.9998631395220794,0.08634992048971823,0.18248956933196353,0.12631269452102856,0.08900363610135884,0.12233427186816474,0.12017618169935507,0.08447784948419712,0.7905391923461392,1.0,0.9998631395220794,0.7905391923461392,0.06531286245120502,0.09823644598313569,-0.07824757603347128,0.056394977852655924,0.07764294957354585,0.9998631395220794,0.02633079341515808,0.07778682868844511,0.10411458604827013,0.9998631395220794,0.7905391923461392,1.0,-0.04081679162557358,-0.09752976019453018,0.9998631395220794,0.9998631395220794,-0.1335061930246607,0.007633171380337465,-0.1498949133226048
Q_Amp_V6_iqr,0.28554418134874926,0.3825117681558145,0.1335103079789438,0.05208726362404748,0.023167505535991804,0.20128844327090425,0.08685018884901723,0.27087137265799094,0.08685018884901723,0.13163237959047983,0.003188638085190685,-0.011535461823347005,0.07784797806989294,0.08685018884901723,0.043563567092998384,0.032917516375350585,-0.0039818054219043384,0.07784797806989294,0.08685018884901723,-0.02801313080867906,0.08685018884901723,0.014022980338965402,-0.03349346846867841,0.006668095512006407,0.08685018884901723,0.29099880118026067,0.327407656827178,0.03206155854328726,0.008815834352622617,0.08685018884901723,0.004936949355832927,0.2154649704328508,0.08685018884901723,0.06313912477180669,0.08685018884901723,-0.034806515318009,0.08685018884901723,0.08685018884901723,0.48713284531282414,0.08685018884901723,0.03704500775333038,0.07784797806989294,0.08685018884901723,-0.03597956945347645,-0.010258601576659308,0.08685018884901723,0.25377629016172143,0.34484933505703186,0.08685018884901723,1.0,0.011905211908763537,0.3507861116685836,0.31278605803673615,0.07784797806989294,-0.023612993293449788,0.08685018884901723,0.04923044363830943,0.3357477022538681,0.08685018884901723,0.1715688594965056,-0.0007796585001391174,0.04989679174499065,0.08515943049010452,0.08685018884901723,0.04190412759339711,0.07784797806989294,0.1670282529822398,0.08685018884901723,0.15744633219000922,0.017482219296857365,0.28503939632174036,-0.013012101733087781,-0.021450610550411444,0.04614868843028241,0.007595198248056316,0.3442074878648384,0.03235271699783504,-0.018879440415352187,0.3767361488032504,0.08685018884901723,0.45432900820902855,0.2517323589587013,0.07784797806989294,-0.015677304067027876,0.04133879216052815,0.5070252901099018,0.07784797806989294,0.30226394950196156,0.2649221165029053,0.004476061053650988,0.07784797806989294,0.21489637926622565,-0.0196890211386114,0.32073664415940467,0.32133694020928383,0.30459500464304096,0.08685018884901723,0.08685018884901723,0.33520470606322944,-0.01756937434632752,0.08685018884901723,-0.04749850266548128,0.00039982625560923955,-0.0047097506195599,0.07784797806989294,0.022669360065698044,0.08685018884901723,0.08685018884901723,-0.042041819801048694,0.008926349780685868,0.08685018884901723,0.32703077438740497,0.08685018884901723,-0.002590344484557646,0.08685018884901723,-0.03660383693362971,-0.0022158652112873106,0.01779820776422955,0.1845704537622601,0.19700537129381168,-0.08137304001139989,0.08685018884901723,-0.00010112391660405823,0.08685018884901723,0.08685018884901723,0.013509775991806505,-0.04213476961866932,0.08685018884901723,0.08685018884901723,0.3171583795469645,0.000724101141764476,0.12754448780743075,0.302020803736057,0.223161315945776,0.20998440627615267,0.3014283958236794,0.07784797806989294,0.08685018884901723,0.08685018884901723,0.07784797806989294,0.07922108961964353,0.34451570481924965,-0.02989699092187967,0.02304692998211095,0.33294194990810344,0.08685018884901723,0.04098862151642081,0.6627318420269382,-0.009388104326154676,0.08685018884901723,0.07784797806989294,0.08685018884901723,0.023864397137090397,0.005547030937200721,0.08685018884901723,0.08685018884901723,0.026468465202185723,0.04244873273381078,0.0029051049605799337
ST_Elev_I_iqr,0.07856994282126221,0.02413657034590001,0.2034642760211612,0.20406781856293985,-0.24483640238320223,0.038984552242033996,0.0836095365051139,0.039258312322734,0.0836095365051139,0.2557595390752771,0.005104740931435757,0.08946404879496418,0.0836095365051139,0.0836095365051139,0.05136712067959585,0.4871838445742562,-0.14381905113296012,0.0836095365051139,0.0836095365051139,-0.10053259470572207,0.0836095365051139,-0.2639824672040561,-0.042610210643437015,-0.14212593582642738,0.0836095365051139,0.010790825207450349,0.03828190536905529,0.1512514610033722,0.12115414925719481,0.0836095365051139,0.345281926010058,0.035154793443550214,0.0836095365051139,0.13688605809983137,0.0836095365051139,-0.24368975131891693,0.0836095365051139,0.0836095365051139,0.01603130979783663,0.0836095365051139,0.034815507202586,0.0836095365051139,0.0836095365051139,-0.04913692098258684,-0.07222769377907003,0.0836095365051139,0.04493109990933589,0.03574262637224863,0.0836095365051139,0.011905211908763537,1.0,0.037186313409055094,0.059042956229228984,0.0836095365051139,-0.14606264701134664,0.0836095365051139,0.04582536867162382,0.02401319567085928,0.0836095365051139,0.03421702068566155,0.022267200243151104,0.10387656908945374,0.08131439088499406,0.0836095365051139,0.13753769460799217,0.0836095365051139,0.04766517958746307,0.0836095365051139,0.2999653403185228,-0.0052161705909110545,0.038690525901246046,-0.016149702699929606,-0.10549875953332556,0.32119558019710986,-0.14146244350498574,0.02415313106105284,0.14471105916422433,-0.36483371863551267,0.03675803076448321,0.0836095365051139,0.020747471463529576,0.04071539496521442,0.0836095365051139,-0.021324525855387046,-0.1269389026570679,0.02737788672805167,0.0836095365051139,0.04033910728814794,0.11089014197258866,-0.20636633493224954,0.0836095365051139,0.027816792046023022,-0.10966258335827311,0.06761063024059784,0.04594368965423787,0.04434525752301216,0.0836095365051139,0.0836095365051139,0.022715979413713384,0.053542167562908805,0.0836095365051139,-0.16264935279740408,-0.062126465934841696,0.07543410077170726,0.0836095365051139,0.004510583878402849,0.0836095365051139,0.0836095365051139,-0.04457870229519212,-0.16626798413453794,0.0836095365051139,0.03504705607905038,0.0836095365051139,-0.07394195719045578,0.0836095365051139,-0.07037243400296259,0.05710128086362556,-0.006027570005601393,0.0376789103418237,0.017621905561182358,-0.08579033777899127,0.0836095365051139,0.046064428200196315,0.0836095365051139,0.0836095365051139,-0.06196066920074243,-0.06631138691413939,0.0836095365051139,0.0836095365051139,0.013955034080129913,0.17075010670600896,0.17470320894772612,0.01239008221367038,0.050875462203544566,0.30794334109269994,0.08121289932481447,0.0836095365051139,0.0836095365051139,0.0836095365051139,0.0836095365051139,0.12042458082830841,0.020737357538545217,-0.12220112303118028,0.37617445252777026,0.03583732363643687,0.0836095365051139,0.13323890901587424,0.021175735770113523,0.12142209415807327,0.0836095365051139,0.0836095365051139,0.0836095365051139,0.010555287380769435,-0.27472488972831116,0.0836095365051139,0.0836095365051139,-0.07594427693265922,0.10338407530246366,0.0024476035923197497
Q_Amp_V1_iqr,0.2722103986044925,0.34328811174975515,0.14415666332521668,0.07580025594551455,0.021772977444465665,0.38526662079478363,0.09340480937276176,0.22179595872080773,0.09340480937276176,0.12836390139846407,0.0192200047333421,-0.015614756950874092,0.08480301000775797,0.0933252593967519,0.01931742083919334,0.06161373806975859,-0.004465415055663628,0.08480301000775797,0.09340480937276176,-0.012003757444685789,0.0933252593967519,0.01944938382956412,-0.004248775971551632,0.010502669326477271,0.09340480937276176,0.33354890488532823,0.3320956770099532,0.0524783541958486,0.00045333713102923434,0.0933252593967519,-0.0014298552848618746,0.20463276446245346,0.09340480937276176,0.038675338252376325,0.0933252593967519,-0.018721892128997063,0.09340480937276176,0.09340480937276176,0.35296456513859187,0.0933252593967519,0.02192902832618433,0.08480301000775797,0.09340480937276176,-0.01515729080713223,0.006529377876226491,0.09340480937276176,0.2748759648913804,0.37097496020483167,0.0933252593967519,0.3507861116685836,0.037186313409055094,1.0,0.31648742215758857,0.08480301000775797,-0.009885051431332411,0.09340480937276176,0.025903210368206208,0.32971549327107713,0.09340480937276176,0.17610422768955322,-0.011125571765545704,0.031716923839900685,0.0916616662436349,0.09340480937276176,0.027150392567990504,0.08480301000775797,0.17180907982808033,0.0933252593967519,0.13119083225329453,-0.006804192113236314,0.3450774529026878,-0.04273301633136062,-0.001795850304738974,0.07086889879784176,0.009011925570597046,0.34673895699106244,0.03196897612774862,-0.0038031475511100107,0.31713827216501295,0.09340480937276176,0.35851592459253534,0.26722658756937834,0.08480301000775797,-0.032283263746569736,0.025697329031449917,0.2736478365248651,0.08480301000775797,0.30065029302000307,0.2682731076361433,0.00483405677454523,0.08480301000775797,0.21838376804647858,-0.007716881138952117,0.3217048537603618,0.5668352729110043,0.30528119876431015,0.09340480937276176,0.09340480937276176,0.33028718009344776,-0.05397690930717895,0.09340480937276176,-0.0382450031313491,-0.007678071096822633,-0.013418862412774275,0.08480301000775797,-0.0009689919078817987,0.09340480937276176,0.09340480937276176,-0.014164775958391516,0.013743556030114115,0.09340480937276176,0.3199444589101589,0.09340480937276176,-0.0057176615776144395,0.09340480937276176,-0.0050262826194805345,-0.006092822285401554,0.023234115715606737,0.22240308852477356,0.19411257315273334,-0.08831458894775841,0.09340480937276176,0.011498114396004617,0.09340480937276176,0.09340480937276176,0.028217919959024916,-0.01686461808584526,0.09340480937276176,0.09340480937276176,0.30859694234672935,-0.00933129564624574,0.1495281648816333,0.29695971952182243,0.24426844192891417,0.11121232511588548,0.3176384308504592,0.08480301000775797,0.0933252593967519,0.09340480937276176,0.08480301000775797,0.17133826808938107,0.3460409820549572,-0.016499836016320504,0.04631888841285376,0.5625465712484428,0.09340480937276176,0.023734570239205843,0.3563305564977818,-0.005609230282842966,0.09340480937276176,0.08480301000775797,0.0933252593967519,0.008430535055417158,0.020341893457054668,0.09340480937276176,0.09340480937276176,0.025094591319159136,0.03385230731856806,0.04736296766407631
T_Amp_aVL_iqr,0.41538915086818057,0.3171086425003181,0.13416805783115318,0.11171996733227825,0.030011057911127344,0.1875495992873827,0.07084588168111201,0.19157034426840025,0.07084588168111201,0.11896805092750017,0.008215246427339914,-0.014024878443876563,0.07111945049524179,0.07076405989317085,0.007822388806187295,0.08172021709466093,0.007371962450224937,0.07111945049524179,0.07084588168111201,-0.014874555107118471,0.07076405989317085,0.031174024341694043,-0.0003409280757615709,0.015746319826877155,0.07084588168111201,0.27437778044452416,0.40361802227111165,0.09473968307192049,-0.021807453186249458,0.07076405989317085,-0.01565100885026788,0.17321710749955765,0.07084588168111201,0.02715546151607707,0.07076405989317085,-0.004689748597065196,0.07084588168111201,0.07084588168111201,0.3134421110769601,0.07076405989317085,0.021925247400358398,0.07111945049524179,0.07084588168111201,-0.013285814921606584,0.007593946303958952,0.07084588168111201,0.33840706614915284,0.30457924473551945,0.07076405989317085,0.31278605803673615,0.059042956229228984,0.31648742215758857,1.0,0.07111945049524179,0.0027095647010204928,0.07084588168111203,0.024550794965860493,0.2807364244790801,0.07084588168111203,0.2918356174096308,0.012377900885551213,0.006802554924106897,0.06951950382773213,0.07084588168111203,0.013467027035435496,0.07111945049524179,0.26327508258982485,0.07076405989317085,0.10875206149038755,0.03606680312141493,0.25575149261176805,-0.01894618801195627,0.018208096034925042,0.09161339848230826,0.014563631179059034,0.47673026113246514,0.014643451512181703,0.013141470766397155,0.2817518216641561,0.07084588168111203,0.3288630019914358,0.32328874908797933,0.07111945049524179,-0.02410737523897551,0.029683411387192857,0.23762538716404974,0.07111945049524179,0.479025176098324,0.47867244072888493,0.014852691020981941,0.07111945049524179,0.3065245655790503,0.004166016546439216,0.40051433946480414,0.29522645380191487,0.2506796327610316,0.07084588168111203,0.07084588168111203,0.5422155391774629,-0.0489841457195559,0.07084588168111203,-0.011129721407655233,0.006722042723450737,-0.009084383342098845,0.07111945049524179,0.0022771800354108537,0.07084588168111203,0.07084588168111203,-0.013594411205735032,0.02081897688076765,0.07084588168111203,0.3800844939693458,0.07084588168111203,-0.0038029183099123494,0.07084588168111203,0.005601127009327061,-0.006793752046398964,0.010008242543809017,0.15904638313504887,0.294181698111174,-0.06575305177830149,0.07084588168111203,0.009257481198205362,0.07084588168111203,0.07084588168111203,0.03643161876255823,-0.017284240741029754,0.07084588168111203,0.07084588168111203,0.40204250015248966,-0.01470693429147398,0.13294404311265562,0.43154794343417796,0.1885505374610347,0.08190840840455862,0.4178840550140313,0.07111945049524179,0.07076405989317085,0.07084588168111203,0.07111945049524179,0.09158116926467702,0.2996500621243667,-0.013621221225993702,0.0939768288561623,0.3127911662967403,0.07084588168111203,0.016744859180057158,0.326034297683231,-0.017339833250859336,0.07084588168111203,0.07111945049524179,0.07076405989317085,0.0012786017056525688,0.03634692147047861,0.07084588168111203,0.07084588168111203,0.026224097988565797,0.05994541248522863,0.04571470421789187
ST_Elev_V3_count,0.09067551891320634,0.07436164239989208,0.13805513304594894,0.05061646672401522,-0.0631427276758813,0.06564149405802629,0.7904285224513438,0.09609432862760002,0.7904285224513438,0.13983353307465315,-0.009764118222405617,-0.043921270662471236,1.0,0.7905391923461392,-0.0193376629152945,0.10890521812481126,0.010703386529943713,1.0,0.7904285224513438,-0.03426063325073105,0.7905391923461392,-0.060812792491177714,-0.016211866156094434,-0.18105500151107978,0.7904285224513438,0.062649645498929,0.07711883019374224,0.030443544276885406,0.05878575432196816,0.7905391923461392,0.16426726804206543,0.08542399875781696,0.7904285224513438,0.02725770678751996,0.7905391923461392,-0.07140532192675647,0.7904285224513438,0.7904285224513438,0.08660855853515216,0.7905391923461392,-0.044431211222848266,1.0,0.7904285224513438,-0.017179000001370785,-0.05466791652650778,0.7904285224513438,0.09149651212608913,0.07769709758338726,0.7905391923461392,0.07784797806989294,0.0836095365051139,0.08480301000775797,0.07111945049524179,1.0,-0.18331388855081693,0.7904285224513437,0.0558244359415001,0.08430278173556568,0.7904285224513437,0.06164899994914557,-0.00908556462027605,-0.015483883924972618,0.780473803678407,0.7904285224513437,0.028270105529464584,1.0,0.0648602913195838,0.7905391923461392,0.13660572374903127,0.04734840973974471,0.08476892774323473,-0.20588687967742572,-0.04450848808227836,0.07661383201615517,-0.18781372381538375,0.08023863220643027,0.03183681294331013,-0.09480853284251047,0.08603957277332111,0.7904285224513437,0.0803793107389145,0.10474430011301357,1.0,-0.20306433364837473,-0.01006600161583545,0.09173189992124293,1.0,0.08606686222548031,0.08001579164959507,-0.023857362254009893,1.0,0.08101646031609258,0.024475750797487567,0.09914434416441846,0.06840213700288837,0.0973999257222388,0.7904285224513437,0.7904285224513437,0.0794508263991755,-0.08499337959482024,0.7904285224513437,-0.002066398238684071,-0.0275146451148884,0.0029366542811671546,1.0,0.005785475579306738,0.7904285224513437,0.7904285224513437,-0.05745427563252061,-0.18378457668392426,0.7904285224513437,0.08950939285239481,0.7904285224513437,-0.1769557865849292,0.7904285224513437,-0.030239646442463842,0.006724529218598609,-0.031408629613938005,0.08520196099404607,0.0739037831427735,-0.705548323206989,0.7904285224513437,0.02959407520062623,0.7904285224513437,0.7904285224513437,-0.04914355960861011,-0.06308189985573766,0.7904285224513437,0.7904285224513437,0.08107262146272197,0.18248956933196353,0.12631269452102856,0.08200141533427666,0.10809210341265138,0.12017618169935507,0.08373765948600617,1.0,0.7905391923461392,0.7904285224513437,1.0,0.06531286245120502,0.08858702531664664,-0.07824757603347128,0.056394977852655924,0.07351032611890343,0.7904285224513437,0.02608777125966033,0.06937368163988841,0.09076729466611823,0.7904285224513437,1.0,0.7905391923461392,-0.029174719638432232,-0.08186842697662541,0.7904285224513437,0.7904285224513437,-0.1335061930246607,0.01810697284432198,-0.1262399473467558
ST_Elev_I,-0.024045484427841365,-0.01721463113648341,-0.13806674318202403,-0.07862818036154817,0.17610232407005158,-0.019380759139018773,-0.18331388855081693,-0.06754555043231725,-0.18331388855081693,-0.172396257907353,0.14869553458286455,-0.1384657523250689,-0.18331388855081693,-0.18331388855081693,-0.12403177560788722,-0.19783105087415248,0.05634679763895369,-0.18331388855081693,-0.18331388855081693,0.07156507120468919,-0.18331388855081693,0.230329627183369,0.21009670436326336,0.4404974329010589,-0.18331388855081693,-0.003415199669642185,0.005352174161803552,-0.006218865576798578,-0.01377572565866697,-0.18331388855081693,-0.3463282028287099,-0.058688694069557595,-0.18331388855081693,-0.17493201264206662,-0.18331388855081693,0.22712326829344123,-0.18331388855081693,-0.18331388855081693,-0.01592085987475713,-0.18331388855081693,-0.16749486332228175,-0.18331388855081693,-0.18331388855081693,0.06773112251775111,0.09087039245899099,-0.18331388855081693,-0.008589825125146135,-0.02299937788549231,-0.18331388855081693,-0.023612993293449788,-0.14606264701134664,-0.009885051431332411,0.0027095647010204928,-0.18331388855081693,1.0,-0.18331388855081693,-0.11970510035316412,-0.01915956575239096,-0.18331388855081693,-0.047949957981641735,0.06936002795838671,-0.1352261368285559,-0.1831771968678082,-0.18331388855081693,-0.17396217286766025,-0.18331388855081693,-0.04402726286334715,-0.18331388855081693,-0.157055622651702,-0.028282787362978845,-0.019594785725026796,0.15000603279674615,0.11356610627279796,-0.16077380563429394,0.3313504347227054,0.015389726226059762,-0.05853069966673568,0.2680372992402273,-0.025956531305548366,-0.18331388855081693,-0.011599505553720049,-0.023932351270329926,-0.18331388855081693,0.19667839212453692,0.047108276999464065,-0.05006403596175027,-0.18331388855081693,0.0041722131283238265,-0.018348055423923558,0.1489850792546555,-0.18331388855081693,-0.02345316115458846,0.000641871169477109,-0.020759475498930036,-0.023605312275681124,-0.027566975921129843,-0.18331388855081693,-0.18331388855081693,0.005207182601014042,-0.1323981389926263,-0.18331388855081693,0.1350704190680139,-0.14697935816918672,-0.0003450408771379609,-0.18331388855081693,-0.21788904972015943,-0.18331388855081693,-0.18331388855081693,0.03354612372564884,0.4583945681803716,-0.18331388855081693,-0.013608487234522623,-0.18331388855081693,0.30484853258235883,-0.18331388855081693,0.17668601200472736,-0.02795183947246679,0.053953266386758694,-0.03166480568468307,-0.035929099133833686,0.17890953457795675,-0.18331388855081693,0.047884054777503404,-0.18331388855081693,-0.18331388855081693,0.021213023938090807,0.08569949352785387,-0.18331388855081693,-0.18331388855081693,-0.010209770266856636,-0.5324244507407085,-0.09354854774080328,-0.0058572339245914025,-0.07439772506412955,-0.1472889232268581,-0.007944382087551093,-0.18331388855081693,-0.18331388855081693,-0.18331388855081693,-0.18331388855081693,0.031061799229133512,-0.015185240270249761,0.47802899490134987,-0.04564852232434381,-0.009733750164885575,-0.18331388855081693,-0.15160125557350765,-0.008696575570165557,-0.20901792366852234,-0.18331388855081693,-0.18331388855081693,-0.18331388855081693,-0.0928357819171151,0.2557418503233591,-0.18331388855081693,-0.18331388855081693,0.09557808548153023,-0.09542023869544414,0.07421905476817049
R_Amp_aVL_count,0.09225889000708774,0.0811384091573505,0.13805513304594894,0.05061646672401522,-0.07347182783233144,0.07462706781364958,1.0,0.10812326851166051,1.0,0.13983353307465315,-0.0027952218534831267,-0.07266659859821599,0.7904285224513437,0.9998631395220794,-0.03026255774970611,0.10890521812481126,0.0064263080931702835,0.7904285224513437,1.0,-0.03814740950535641,0.9998631395220794,-0.07280769202276784,-0.008332288302197085,-0.18105500151107978,1.0,0.07124778792589087,0.08367197006065688,0.030443544276885406,0.07099133654759573,0.9998631395220794,0.20027571200042515,0.09786833627528904,1.0,0.03132056458930073,0.9998631395220794,-0.0732737932059546,1.0,1.0,0.09461559318844953,0.9998631395220794,-0.044431211222848266,0.7904285224513437,1.0,-0.021881591399580593,-0.06083329940742301,1.0,0.09908331700198185,0.07893775971918174,0.9998631395220794,0.08685018884901723,0.0836095365051139,0.09340480937276176,0.07084588168111203,0.7904285224513437,-0.18331388855081693,1.0,0.06360460876835959,0.08522273558207892,1.0,0.06607363075615759,-0.008540198085799314,-0.02500030743073816,0.9870742722502791,1.0,0.03288958198779447,0.7904285224513438,0.06736015673410425,0.9998631395220793,0.13660572374903127,0.054273613907938174,0.09276669060786319,-0.20588687967742572,-0.04800984418556759,0.07661383201615517,-0.18781372381538375,0.08518039643002073,0.039383543539852316,-0.10682932789406178,0.09369763329965,1.0,0.08882522291799093,0.11776894398678851,0.7904285224513438,-0.20306433364837473,-0.013544303008777226,0.10435517699818614,0.7904285224513438,0.08460754234822261,0.07620734039691135,-0.0354474897679339,0.7904285224513438,0.09223025090623173,0.025069768503659856,0.10339486718829108,0.07138422960563863,0.10642376558653302,1.0,1.0,0.08127021680507342,-0.08499337959482024,1.0,-0.0005538322546483856,-0.03998974405081656,0.0060011309429193515,0.7904285224513438,-0.003004583911185397,1.0,1.0,-0.07772441902000934,-0.18378457668392426,1.0,0.09700376946515875,1.0,-0.1769557865849292,1.0,-0.025718473718976922,0.004321050880991544,-0.030171394886381146,0.09747806924483259,0.08309647974160522,-0.8999688535773165,1.0,0.03828088158774032,1.0,1.0,-0.06507142221338419,-0.0756148718768401,1.0,1.0,0.08638912536450107,0.18248956933196353,0.12631269452102856,0.08902636760910229,0.12245579251797557,0.12017618169935507,0.08454866056159195,0.7904285224513438,0.9998631395220793,1.0,0.7904285224513438,0.06531286245120502,0.09837093439708264,-0.07824757603347128,0.056394977852655924,0.07772733700943997,1.0,0.02633079341515808,0.07778682868844511,0.1040421692494278,1.0,0.7904285224513438,0.9998631395220793,-0.0408555830932044,-0.09752976019453018,1.0,1.0,-0.1335061930246607,0.0077472477820141996,-0.1498226208824431
T_Amp_III,0.027352726444888866,0.032962955059738355,-0.032405381169192476,-0.19540006418327377,0.2698296208687355,0.039879097959312354,0.06360460876835959,0.008372539331912357,0.06360460876835959,-0.036419075539044096,-0.08930892538007876,0.021319017940148646,0.0558244359415001,0.0636635136712677,0.027150793893772358,-0.020348833796704966,0.09387608267606824,0.0558244359415001,0.06360460876835959,-0.03861162426971123,0.0636635136712677,0.06440390380622446,-0.07586464569700813,-0.012873325874023955,0.06360460876835959,0.03637858641527209,0.03014539081828237,-0.11776085246841865,0.06783368032797224,0.0636635136712677,0.0017726211946452023,0.016523041394514038,0.06360460876835959,0.02921981930742701,0.0636635136712677,-0.4503705201607383,0.06360460876835959,0.06360460876835959,0.05251750331433097,0.0636635136712677,0.2054351604105875,0.0558244359415001,0.06360460876835959,-0.06684950056216914,-0.06793819884133012,0.06360460876835959,0.030202083385204272,0.03626648124642435,0.0636635136712677,0.04923044363830943,0.04582536867162382,0.025903210368206208,0.024550794965860493,0.0558244359415001,-0.11970510035316412,0.06360460876835959,1.0,0.037673605954052586,0.06360460876835958,-0.011385370190556068,0.036937822618731325,0.03414243435927822,0.06485326229280579,0.06360460876835958,0.05017896289782815,0.05582443594150009,-0.00599956755235012,0.0636635136712677,-0.02442868173310368,0.01794402697633256,0.014291831587970736,0.024484306963345085,-0.05069040180858946,-0.11672252835789212,0.0635710003857685,0.03394302103477917,0.07930739398629476,-0.1797652901159356,0.04580265915025945,0.06360460876835958,0.036456259606233464,0.03922190058693689,0.05582443594150009,0.03580567588231666,0.5197298450918814,0.02806329976354481,0.05582443594150009,0.03904175802937106,0.012103400746135116,0.09704732394075104,0.05582443594150009,0.010710606328363785,0.04429237725630001,0.03790155571501132,0.025436395742540842,0.030421285071199716,0.06360460876835958,0.06360460876835958,0.032507291218610984,0.08542515911734581,0.06360460876835958,-0.06021973260291982,-0.05388430199688296,0.009607009815832285,0.05582443594150009,0.027599990804575102,0.06360460876835958,0.06360460876835958,-0.049428289092097275,-0.02009630580783918,0.06360460876835958,0.04394756174874342,0.06360460876835958,0.02566180825740824,0.06360460876835958,-0.07984003487886615,-0.020761050964571818,-0.05702264433812042,0.04516049333123002,0.009152143296042019,-0.05728282389141257,0.06360460876835958,0.04654416010239369,0.06360460876835958,0.06360460876835958,-0.038638460553337174,-0.04738877498537293,0.06360460876835958,0.06360460876835958,0.04674840642175003,0.02552460626637964,-0.0019661007036536195,0.04983778999726587,0.0530812367210975,-0.031086456363094577,0.01644746865651145,0.05582443594150009,0.0636635136712677,0.06360460876835958,0.05582443594150009,-0.04724971875602642,0.03035452186089803,-0.18509603607271458,0.07207480752153772,0.03506261706887533,0.06360460876835958,0.007469291520216352,0.034296272865046454,0.11588416180321741,0.06360460876835958,0.05582443594150009,0.0636635136712677,0.0036831977091608347,0.05969187432293535,0.06360460876835958,0.06360460876835958,0.17834687940620134,0.01905976120501291,-0.03630099929795346
S_Amp_V3_iqr,0.24386880123997576,0.3575881869213348,0.19510468958971386,0.060533469381531334,0.011546322241657265,0.2283538813610776,0.08522273558207892,0.2303410587117603,0.08522273558207892,0.12844207084097173,-0.0031894296132766106,-0.0006894942754439302,0.08430278173556568,0.08510884365374258,0.023468399863879927,0.043305494579777754,-0.003395055293700976,0.08430278173556568,0.08522273558207892,-0.025943655091991653,0.08510884365374258,0.005689667908698352,-0.01752873127894632,-0.00552730378645069,0.08522273558207892,0.30679305719371086,0.2909283793420906,0.037033215421870096,-0.024558145364748745,0.08510884365374258,0.020587794584924105,0.24166497556209998,0.08522273558207892,0.026373648736233057,0.08510884365374258,-0.033043136107509245,0.08522273558207892,0.08522273558207892,0.345446480655026,0.08510884365374258,0.02960018429015127,0.08430278173556568,0.08522273558207892,-0.021945787682747027,0.09486516932485667,0.08522273558207892,0.24756564042395504,0.37329231277511077,0.08510884365374258,0.3357477022538681,0.02401319567085928,0.32971549327107713,0.2807364244790801,0.08430278173556568,-0.01915956575239096,0.08522273558207892,0.037673605954052586,1.0,0.08522273558207892,0.1742038158517441,-0.03877684901799307,0.0277606265859285,0.08462879349944666,0.08522273558207892,0.025098736981858057,0.08430278173556568,0.17634292446669092,0.08510884365374258,0.13022403168734917,-0.006663276503358292,0.3033996942341013,-0.03157005937215708,0.010325676085314659,0.055868541259835695,-0.002455746941749621,0.301695676646937,0.025467510938948154,-0.021283264749667734,0.32013209556711364,0.08522273558207892,0.348728477050091,0.24263667728002894,0.08430278173556568,-0.03575604458102794,0.026429103288765105,0.2708657494906456,0.08430278173556568,0.2706086870953522,0.24672473709263698,0.0023304427157518,0.08430278173556568,0.2100088548892678,0.003975857081722939,0.2771977006632726,0.3177067938552879,0.39440038036294206,0.08522273558207892,0.08522273558207892,0.29293129721760447,-0.025171767345635386,0.08522273558207892,-0.03039716510204576,0.018587032912517447,-0.11918533779379269,0.08430278173556568,0.020520802544005186,0.08522273558207892,0.08522273558207892,0.008940233831501915,-0.00290392083273991,0.08522273558207892,0.2814729267669437,0.08522273558207892,-0.013757254955418623,0.08522273558207892,-0.010180543644180117,-0.11932080712534471,0.03128723422520218,0.20783760109358418,0.188877426400927,-0.07865149743177682,0.08522273558207892,0.0053904646651340695,0.08522273558207892,0.08522273558207892,0.04238752972643612,0.032760468880748066,0.08522273558207892,0.08522273558207892,0.2749856853842527,0.00874116009259211,0.1291871895525832,0.26507630157856527,0.3995873325743789,0.10227196292102349,0.2786431102131302,0.08430278173556568,0.08510884365374258,0.08522273558207892,0.08430278173556568,0.08055288917882289,0.502901491885763,-0.029104176183296592,0.03854151074230826,0.3257003265068575,0.08522273558207892,-0.009819516050668916,0.3403777082386383,0.014190407834255578,0.08522273558207892,0.08430278173556568,0.08510884365374258,0.01294253783066074,0.004812268230864729,0.08522273558207892,0.08522273558207892,0.020082715823042184,0.05345593745979224,0.03246573265909383
Q_Amp_V3_count,0.09225889000708774,0.0811384091573505,0.13805513304594894,0.05061646672401522,-0.07347182783233144,0.07462706781364958,1.0,0.10812326851166051,1.0,0.13983353307465315,-0.0027952218534831267,-0.07266659859821599,0.7904285224513437,0.9998631395220794,-0.03026255774970611,0.10890521812481126,0.0064263080931702835,0.7904285224513437,1.0,-0.03814740950535641,0.9998631395220794,-0.07280769202276784,-0.008332288302197085,-0.18105500151107978,1.0,0.07124778792589087,0.08367197006065688,0.030443544276885406,0.07099133654759573,0.9998631395220794,0.20027571200042515,0.09786833627528904,1.0,0.03132056458930073,0.9998631395220794,-0.0732737932059546,1.0,1.0,0.09461559318844953,0.9998631395220794,-0.044431211222848266,0.7904285224513437,1.0,-0.021881591399580593,-0.06083329940742301,1.0,0.09908331700198185,0.07893775971918174,0.9998631395220794,0.08685018884901723,0.0836095365051139,0.09340480937276176,0.07084588168111203,0.7904285224513437,-0.18331388855081693,1.0,0.06360460876835958,0.08522273558207892,1.0,0.06607363075615759,-0.008540198085799314,-0.02500030743073816,0.9870742722502791,1.0,0.03288958198779447,0.7904285224513438,0.06736015673410425,0.9998631395220793,0.13660572374903127,0.054273613907938174,0.09276669060786319,-0.20588687967742572,-0.04800984418556759,0.07661383201615517,-0.18781372381538375,0.08518039643002073,0.039383543539852316,-0.10682932789406178,0.09369763329965,1.0,0.08882522291799093,0.11776894398678851,0.7904285224513438,-0.20306433364837473,-0.013544303008777226,0.10435517699818614,0.7904285224513438,0.08460754234822261,0.07620734039691135,-0.0354474897679339,0.7904285224513438,0.09223025090623173,0.025069768503659856,0.10339486718829108,0.07138422960563863,0.10642376558653302,1.0,1.0,0.08127021680507342,-0.08499337959482024,1.0,-0.0005538322546483856,-0.03998974405081656,0.0060011309429193515,0.7904285224513438,-0.003004583911185397,1.0,1.0,-0.07772441902000934,-0.18378457668392426,1.0,0.09700376946515875,1.0,-0.1769557865849292,1.0,-0.025718473718976922,0.004321050880991544,-0.030171394886381146,0.09747806924483259,0.08309647974160522,-0.8999688535773165,1.0,0.03828088158774032,1.0,1.0,-0.06507142221338419,-0.0756148718768401,1.0,1.0,0.08638912536450107,0.18248956933196353,0.12631269452102856,0.08902636760910229,0.12245579251797557,0.12017618169935507,0.08454866056159195,0.7904285224513438,0.9998631395220793,1.0,0.7904285224513438,0.06531286245120502,0.09837093439708264,-0.07824757603347128,0.056394977852655924,0.07772733700943997,1.0,0.02633079341515808,0.07778682868844511,0.1040421692494278,1.0,0.7904285224513438,0.9998631395220793,-0.0408555830932044,-0.09752976019453018,1.0,1.0,-0.1335061930246607,0.0077472477820141996,-0.1498226208824431
R_Amp_aVL_iqr,0.23404953812060633,0.18602060209508622,0.0874913089057919,0.10580538464999709,-0.015565513000855253,0.16303085178012414,0.06607363075615759,0.22554339850382346,0.06607363075615759,0.09035908190765217,-0.07945457847422459,-0.0188358867278192,0.06164899994914557,0.06609213760267824,0.044598191367113175,0.058171375549796574,0.0030419327793225312,0.06164899994914557,0.06607363075615759,0.02803945929711237,0.06609213760267824,-0.013256661557375066,-0.07925107153403914,-0.023465115445405867,0.06607363075615759,0.17917142102269792,0.20736258769839674,0.07842105589504877,-0.14158948138299854,0.06609213760267824,0.017589299338407752,0.19498811387700687,0.06607363075615759,-0.010938402220239826,0.06609213760267824,-0.0010850554237262571,0.06607363075615759,0.06607363075615759,0.180714041893021,0.06609213760267824,0.01921550680351189,0.06164899994914557,0.06607363075615759,-0.0038713225583137715,0.0071797294696659365,0.06607363075615759,0.2583914298484614,0.16614251289278553,0.06609213760267824,0.1715688594965056,0.03421702068566155,0.17610422768955322,0.2918356174096308,0.06164899994914557,-0.047949957981641735,0.06607363075615759,-0.011385370190556068,0.1742038158517441,0.06607363075615759,1.0,0.003014935187690036,0.009782893529062246,0.06625635814294759,0.06607363075615759,-0.021799059501956985,0.06164899994914557,0.44410321789562307,0.06609213760267824,0.08719038335710293,0.0731440372663768,0.1733844724079674,-0.013254036218027971,0.03998742632087418,0.07776972789487896,-0.022496974376154878,0.24263622269694665,-0.07465971772840108,-0.007816950067852569,0.17644610490672802,0.06607363075615759,0.18760470295538859,0.25651687763668407,0.06164899994914557,-0.019853149476130705,-0.015870018621572377,0.21936550399249036,0.06164899994914557,0.2709855702285408,0.24426561941413444,-0.01013986309702981,0.06164899994914557,0.34522566084629397,0.01264106757569032,0.2191380089881288,0.15799499766977082,0.16828710960052973,0.06607363075615759,0.06607363075615759,0.2607231124658052,0.014177772511587266,0.06607363075615759,0.03385276310665941,0.18064544290800225,-0.011209412030640556,0.06164899994914557,0.13439360134120001,0.06607363075615759,0.06607363075615759,0.07572591056378541,-0.02605023036233976,0.06607363075615759,0.2046151908206503,0.06607363075615759,-0.020606753255189094,0.06607363075615759,-0.0324612945868931,-0.0033572872093489783,0.001185531445146264,0.13647826464672683,0.454734580765287,-0.061440329318184154,0.06607363075615759,-0.08348495899369883,0.06607363075615759,0.06607363075615759,0.11364779712248875,0.02173025581456481,0.06607363075615759,0.06607363075615759,0.25571338050625037,0.03834877121269938,0.07444063755730758,0.275077287983074,0.16460999798618398,0.07122652632568367,0.22891270128408855,0.06164899994914557,0.06609213760267824,0.06607363075615759,0.06164899994914557,0.07097383866378681,0.18063907042760588,-0.05085677210271856,0.04924344531787047,0.17856002320383557,0.06607363075615759,-0.002058605989804281,0.1744126272461176,0.01903580181106415,0.06607363075615759,0.06164899994914557,0.06609213760267824,0.06586611318794824,-0.0163723962657282,0.06607363075615759,0.06607363075615759,-0.000469670149791211,0.06239572545133002,0.04458112729024177
S_Amp_V2,-0.005545207857601577,0.005887172941877339,0.018814517963510167,-0.020782685695469896,0.01842420253972462,0.025276478835862915,-0.008540198085799314,-0.013638359118375732,-0.008540198085799314,0.0070754547141753206,-0.09876571060016268,-0.0173528622443697,-0.00908556462027605,-0.008529256616998509,-0.0627569800470126,-0.002774524259635411,-0.026650777955679883,-0.00908556462027605,-0.008540198085799314,-0.04386375313595046,-0.008529256616998509,-0.005409176551679701,0.11584565300000653,0.06382803217000094,-0.008540198085799314,-0.0008228700571713467,0.023894912475600927,-0.0004963066684398154,0.012061338754205586,-0.008529256616998509,-0.015970417247129998,-0.03595906053128701,-0.008540198085799314,0.010539807668822563,-0.008529256616998509,-0.030545024099310886,-0.008540198085799314,-0.008540198085799314,0.00247001259700826,-0.008529256616998509,-0.034314763481687265,-0.00908556462027605,-0.008540198085799314,0.06156451604145445,-0.23346449034836808,-0.008540198085799314,0.002540946841591662,-0.05095806072454104,-0.008529256616998509,-0.0007796585001391174,0.022267200243151104,-0.011125571765545704,0.012377900885551213,-0.00908556462027605,0.06936002795838671,-0.008540198085799314,0.036937822618731325,-0.03877684901799307,-0.008540198085799314,0.003014935187690036,1.0,-0.029086646953810393,-0.008424685412287818,-0.008540198085799314,-0.017564747033263113,-0.00908556462027605,-0.014364023856768928,-0.008529256616998509,-0.008998613948952636,0.3420937496808371,-0.018890005557449123,0.22826564471399927,0.06544147623401601,-0.017437114202002786,0.020405437902295338,0.025087759648030148,0.10091893695236294,-0.01750647953743266,0.028755097208041865,-0.008540198085799314,0.01281499143982798,0.014638522172799194,-0.00908556462027605,0.17499179343002003,0.025702333617807157,0.006898061939151309,-0.00908556462027605,0.008956432397599846,-0.0017601964718925135,-0.028070386801989367,-0.00908556462027605,0.021668800478751676,-0.06152476670216993,0.0007522541674208005,-0.04734808669609552,0.036910875838406854,-0.008540198085799314,-0.008540198085799314,0.025735120204786726,0.06438836873004447,-0.008540198085799314,-0.038387908178907824,-0.10760105144761428,0.3997961875422593,-0.00908556462027605,-0.12929931295223424,-0.008540198085799314,-0.008540198085799314,0.01570743087178828,0.037910848651686174,-0.008540198085799314,0.006481074474877504,-0.008540198085799314,0.10136800900900114,-0.008540198085799314,0.10201115699465023,0.14089574531129628,-0.24904494679328312,0.035593355641450275,0.019299943754970017,0.007919952568530694,-0.008540198085799314,0.08414983017272444,-0.008540198085799314,-0.008540198085799314,0.06255280420671462,-0.09570510744371306,-0.008540198085799314,-0.008540198085799314,0.000648258342426036,-0.061307537657903595,0.0602127771180096,0.00621349277122251,-0.023451669618285712,-0.0036314216669173626,0.013089892243727022,-0.00908556462027605,-0.008529256616998509,-0.008540198085799314,-0.00908556462027605,0.01191743387638162,0.0078240582185215,0.06781126195489005,0.033691427404207795,-0.006373324794487145,-0.008540198085799314,0.07940254806622657,0.010630376416016291,-0.06686035532312407,-0.008540198085799314,-0.00908556462027605,-0.008529256616998509,-0.06692703640918818,0.013383384556098454,-0.008540198085799314,-0.008540198085799314,-0.011060227316781315,0.015497682073335881,0.03183638472612914
Q_Amp_II,0.027977781685277373,0.03958310687926114,0.08767265340205657,0.15255030250614598,-0.1248594482298006,-0.026089737232479673,-0.02500030743073816,0.03346519094892721,-0.02500030743073816,0.12002629648719626,0.08439735689042611,0.2014610612747761,-0.015483883924972618,-0.024980289798677873,0.5677514043747551,0.16368427965704418,-0.0815954764308263,-0.015483883924972618,-0.02500030743073816,-0.23969160733797684,-0.024980289798677873,-0.1553075284589144,-0.3945775829111071,-0.05873324213147909,-0.02500030743073816,0.002457342018375624,0.01756865316824179,0.041829139036975715,0.27809566037222594,-0.024980289798677873,0.18078615533017917,0.011153808892920464,-0.02500030743073816,0.44468102086585176,-0.024980289798677873,-0.14061114260261684,-0.02500030743073816,-0.02500030743073816,0.05917497282252189,-0.024980289798677873,0.14997822131601612,-0.015483883924972618,-0.02500030743073816,-0.13353542096219737,-0.1372602806381489,-0.02500030743073816,0.0038108796106408045,0.05218833225855919,-0.024980289798677873,0.04989679174499065,0.10387656908945374,0.031716923839900685,0.006802554924106897,-0.015483883924972618,-0.1352261368285559,-0.02500030743073816,0.03414243435927822,0.0277606265859285,-0.02500030743073816,0.009782893529062246,-0.029086646953810393,1.0,-0.024852485344617196,-0.025000307430738156,0.46417192417331743,-0.015483883924972616,0.0010560604812364534,-0.024980289798677873,0.13029002896949585,-0.06968216069202202,0.016116230406503538,-0.026397380814097045,-0.4739228120601795,0.17747044394019965,0.009292779189220531,0.0018115421913885458,0.07641559241653761,-0.17050885178117497,0.07624401279083678,-0.025000307430738156,0.04276063712130032,-0.022633427190527102,-0.015483883924972616,0.002582231072565129,-0.05714843020105221,0.03634932857569577,-0.015483883924972616,-0.004948348729211655,0.028508078488271853,-0.11561433813464372,-0.015483883924972616,-0.02888870317474547,-0.07067650081276937,0.042066687235438015,0.054647693818501375,0.04361007096492233,-0.025000307430738156,-0.025000307430738156,0.002875165733733672,0.010329746240752684,-0.025000307430738156,-0.542737566425906,0.03535303609467199,0.0870306888069447,-0.015483883924972616,0.2677836109354507,-0.025000307430738156,-0.025000307430738156,-0.20174410216764582,-0.0697452086765255,-0.025000307430738156,0.07630384286934978,-0.025000307430738156,-0.011890006306212139,-0.025000307430738156,-0.4605217717651555,0.09728064131219574,0.038377741334505895,0.012420581298609205,-0.010380270986788809,0.018893664835619686,-0.025000307430738156,-0.23751989648372873,-0.025000307430738156,-0.025000307430738156,-0.20271320679790542,-0.22115587555997748,-0.025000307430738156,-0.025000307430738156,0.05711812332692821,0.06876895377179963,0.07812115263461633,0.00914345743987421,0.02835238638054294,0.12889021921209318,0.02289596883620124,-0.015483883924972616,-0.024980289798677873,-0.025000307430738156,-0.015483883924972616,0.02740466472682368,0.027678060057851946,-0.1777413246939084,0.016797162733331476,0.019487965925411754,-0.025000307430738156,0.3470400576302953,0.037789925138385104,0.05026305332755284,-0.025000307430738156,-0.015483883924972616,-0.024980289798677873,0.38463042578870976,-0.15802678185879657,-0.025000307430738156,-0.025000307430738156,0.08455895095763814,0.10250427625638771,0.015243285132280536
QRS_Dur_Global_count,0.08988725971626706,0.08014493825980407,0.13670388786056079,0.048095831979278435,-0.07003531223367312,0.07408644102925671,0.9870742722502791,0.10788828142529537,0.9870742722502791,0.13773412758032255,-0.0016469048063033084,-0.07225553330743985,0.780473803678407,0.9869369299706925,-0.03019089099893381,0.10724632037573795,0.010299956706040466,0.780473803678407,0.9870742722502791,-0.0374154118438267,0.9869369299706925,-0.06975477550299226,-0.008707725710760842,-0.18033000306856514,0.9870742722502791,0.07088773986012979,0.08197813405504745,0.02735687195705766,0.07068033583717005,0.9869369299706925,0.19842139852951857,0.09804825082408852,0.9870742722502791,0.03094897922703871,0.9869369299706925,-0.07032566290688032,0.9870742722502791,0.9870742722502791,0.09328378935548735,0.9869369299706925,-0.04460431900800176,0.780473803678407,0.9870742722502791,-0.021273056946088692,-0.06036080810775479,0.9870742722502791,0.09803930074515815,0.0775965578117213,0.9869369299706925,0.08515943049010452,0.08131439088499406,0.0916616662436349,0.06951950382773213,0.780473803678407,-0.1831771968678082,0.9870742722502791,0.06485326229280579,0.08462879349944666,0.9870742722502791,0.06625635814294759,-0.008424685412287818,-0.024852485344617196,1.0,0.9870742722502791,0.03230917285982798,0.780473803678407,0.06674056404023111,0.9869369299706925,0.13489052399783047,0.05339365324072026,0.09077030989048923,-0.20973948674682408,-0.047986488431744634,0.0744548258552695,-0.18714057258326025,0.08426741703464044,0.03799730384333297,-0.10359811668218545,0.0920356289479062,0.9870742722502791,0.08819126298282641,0.11713213831778052,0.780473803678407,-0.20486998069493123,-0.010737089772975227,0.10327931141672203,0.780473803678407,0.08298604949228372,0.07413094272406963,-0.0328108163609067,0.780473803678407,0.09228805513768668,0.029981902050298208,0.10138518044744417,0.0703079826562306,0.10579050721172585,0.9870742722502791,0.9870742722502791,0.08030975612234698,-0.08628592607280494,0.9870742722502791,6.619854878545828e-05,-0.03956130236789839,0.00641799097019314,0.780473803678407,-0.002815447356307557,0.9870742722502791,0.9870742722502791,-0.07720907073040184,-0.18367536060050096,0.9870742722502791,0.095481194968789,0.9870742722502791,-0.17735377352291584,0.9870742722502791,-0.025835163426935197,0.0049612437671323955,-0.02930418604151116,0.0963348763904859,0.08288087391539152,-0.8838257112718284,0.9870742722502791,0.0369572704219867,0.9870742722502791,0.9870742722502791,-0.06476702651927975,-0.07457697825517336,0.9870742722502791,0.9870742722502791,0.08543636065987761,0.18016501198499452,0.12433420005338565,0.08832777088737367,0.12124189119964814,0.11778402906934038,0.08214794328158152,0.780473803678407,0.9869369299706925,0.9870742722502791,0.780473803678407,0.06392813190082888,0.09739635136424366,-0.07863330103192218,0.054621972506962255,0.07622060765412857,0.9870742722502791,0.02589136987024286,0.07656494234694909,0.10383619569656521,0.9870742722502791,0.780473803678407,0.9869369299706925,-0.04002077662949105,-0.09409417489118037,0.9870742722502791,0.9870742722502791,-0.13262747236150954,0.008036750576040383,-0.14922042066799485
Q_Amp_V2_count,0.09225889000708774,0.0811384091573505,0.13805513304594894,0.05061646672401522,-0.07347182783233144,0.07462706781364958,1.0,0.10812326851166051,1.0,0.13983353307465315,-0.0027952218534831267,-0.07266659859821599,0.7904285224513437,0.9998631395220794,-0.03026255774970611,0.10890521812481126,0.0064263080931702835,0.7904285224513437,1.0,-0.03814740950535641,0.9998631395220794,-0.07280769202276784,-0.008332288302197085,-0.18105500151107978,1.0,0.07124778792589087,0.08367197006065688,0.030443544276885406,0.07099133654759573,0.9998631395220794,0.20027571200042515,0.09786833627528904,1.0,0.03132056458930073,0.9998631395220794,-0.0732737932059546,1.0,1.0,0.09461559318844953,0.9998631395220794,-0.044431211222848266,0.7904285224513437,1.0,-0.021881591399580593,-0.06083329940742301,1.0,0.09908331700198185,0.07893775971918174,0.9998631395220794,0.08685018884901723,0.0836095365051139,0.09340480937276176,0.07084588168111203,0.7904285224513437,-0.18331388855081693,1.0,0.06360460876835958,0.08522273558207892,1.0,0.06607363075615759,-0.008540198085799314,-0.025000307430738156,0.9870742722502791,1.0,0.03288958198779447,0.7904285224513438,0.06736015673410425,0.9998631395220793,0.13660572374903127,0.054273613907938174,0.09276669060786319,-0.20588687967742572,-0.04800984418556759,0.07661383201615517,-0.18781372381538375,0.08518039643002073,0.039383543539852316,-0.10682932789406178,0.09369763329965,1.0,0.08882522291799093,0.11776894398678851,0.7904285224513438,-0.20306433364837473,-0.013544303008777226,0.10435517699818614,0.7904285224513438,0.08460754234822261,0.07620734039691135,-0.0354474897679339,0.7904285224513438,0.09223025090623173,0.025069768503659856,0.10339486718829108,0.07138422960563863,0.10642376558653302,1.0,1.0,0.08127021680507342,-0.08499337959482024,1.0,-0.0005538322546483856,-0.03998974405081656,0.0060011309429193515,0.7904285224513438,-0.003004583911185397,1.0,1.0,-0.07772441902000934,-0.18378457668392426,1.0,0.09700376946515875,1.0,-0.1769557865849292,1.0,-0.025718473718976922,0.004321050880991544,-0.030171394886381146,0.09747806924483259,0.08309647974160522,-0.8999688535773165,1.0,0.03828088158774032,1.0,1.0,-0.06507142221338419,-0.0756148718768401,1.0,1.0,0.08638912536450107,0.18248956933196353,0.12631269452102856,0.08902636760910229,0.12245579251797557,0.12017618169935507,0.08454866056159195,0.7904285224513438,0.9998631395220793,1.0,0.7904285224513438,0.06531286245120502,0.09837093439708264,-0.07824757603347128,0.056394977852655924,0.07772733700943997,1.0,0.02633079341515808,0.07778682868844511,0.1040421692494278,1.0,0.7904285224513438,0.9998631395220793,-0.0408555830932044,-0.09752976019453018,1.0,1.0,-0.1335061930246607,0.0077472477820141996,-0.1498226208824431
Q_Amp_V6,0.03817056477113803,0.031572429479911936,0.12364972474142297,0.12366365414021366,-0.17510568942120897,0.0028919102075880606,0.03288958198779447,-0.007975169587352674,0.03288958198779447,0.1735398439291159,0.04650288339406815,0.24277950523712585,0.028270105529464584,0.03288958198779447,0.3084209391240778,0.19035450893282088,-0.11426807186488312,0.028270105529464584,0.03288958198779447,-0.33702938561876994,0.03288958198779447,-0.2251210352915542,-0.2507886281798849,-0.11145812007156472,0.03288958198779447,0.004863099047510317,0.016238880411795324,0.017658774056760255,0.2673712814629474,0.03288958198779447,0.25581690421557646,-0.01942862610434147,0.03288958198779447,0.6628708293722853,0.03288958198779447,-0.17806211221711812,0.03288958198779447,0.03288958198779447,0.04433294982546822,0.03288958198779447,0.12606029249351997,0.028270105529464584,0.03288958198779447,-0.14058362880619085,-0.14995413603842328,0.03288958198779447,0.0031915791393500015,0.05167886765908479,0.03288958198779447,0.04190412759339711,0.13753769460799217,0.027150392567990504,0.013467027035435496,0.028270105529464584,-0.17396217286766025,0.03288958198779447,0.05017896289782815,0.025098736981858057,0.03288958198779447,-0.021799059501956985,-0.017564747033263113,0.46417192417331743,0.03230917285982798,0.03288958198779447,1.0,0.028270105529464587,-0.016876926548641723,0.03288958198779447,0.18634939659181216,-0.06589425879145078,0.01574651993509122,-0.025607180523684037,-0.3367139853985746,0.18024537296213883,-0.05771403097705503,0.003767719006704087,0.2683735748082193,-0.229868319406898,0.06150151218370943,0.03288958198779447,0.0316279450252558,-0.012486595346667321,0.028270105529464587,-0.01575735262323453,-0.07957658261827384,0.006560822524941206,0.028270105529464587,0.005730758145276323,0.03411417332961855,-0.17347131867219837,0.028270105529464587,-0.032564509354291116,-0.06598887233462362,0.04443722407130761,0.04751784745183313,0.03223226465349956,0.03288958198779447,0.03288958198779447,0.011077334425997603,0.03496163567697723,0.03288958198779447,-0.5432957283567739,-0.028089755651422386,0.09394342381909596,0.028270105529464587,0.15956157577957322,0.03288958198779447,0.03288958198779447,-0.31750108142645067,-0.12386330903579092,0.03288958198779447,0.04384096205255421,0.03288958198779447,-0.04836015139877667,0.03288958198779447,-0.3062091942061945,0.10140096215258645,-0.012216801374923548,0.021633188079432535,-0.029619387880387215,-0.03608592614559295,0.03288958198779447,-0.023818051217204986,0.03288958198779447,0.03288958198779447,-0.3054359065325092,-0.28179829495853104,0.03288958198779447,0.03288958198779447,0.034992332995663365,0.12817815653298598,0.0860045560471399,0.009386530003836475,0.03126287685159778,0.17844324647448304,0.025521697491816264,0.028270105529464587,0.03288958198779447,0.03288958198779447,0.028270105529464587,0.013313139694400788,0.024164325083110554,-0.1875373696779453,0.038817494158705154,0.023853760546170923,0.03288958198779447,0.41787347263227737,0.0294066181554373,0.11377642446327425,0.03288958198779447,0.028270105529464587,0.03288958198779447,0.17498215692934593,-0.2084469551401457,0.03288958198779447,0.03288958198779447,0.02417132767959344,0.12920605339558022,-0.008923828562535107
ST_Elev_III_count,0.09067551891320634,0.07436164239989208,0.13805513304594894,0.05061646672401522,-0.0631427276758813,0.06564149405802629,0.7904285224513438,0.09609432862760002,0.7904285224513438,0.13983353307465315,-0.009764118222405617,-0.043921270662471236,1.0,0.7905391923461392,-0.0193376629152945,0.10890521812481126,0.010703386529943713,1.0,0.7904285224513438,-0.03426063325073105,0.7905391923461392,-0.060812792491177714,-0.016211866156094434,-0.18105500151107978,0.7904285224513438,0.062649645498929,0.07711883019374224,0.030443544276885406,0.05878575432196816,0.7905391923461392,0.16426726804206543,0.08542399875781696,0.7904285224513438,0.02725770678751996,0.7905391923461392,-0.07140532192675647,0.7904285224513438,0.7904285224513438,0.08660855853515216,0.7905391923461392,-0.044431211222848266,1.0,0.7904285224513438,-0.017179000001370785,-0.05466791652650778,0.7904285224513438,0.09149651212608913,0.07769709758338726,0.7905391923461392,0.07784797806989294,0.0836095365051139,0.08480301000775797,0.07111945049524179,1.0,-0.18331388855081693,0.7904285224513438,0.05582443594150009,0.08430278173556568,0.7904285224513438,0.06164899994914557,-0.00908556462027605,-0.015483883924972616,0.780473803678407,0.7904285224513438,0.028270105529464587,1.0,0.0648602913195838,0.7905391923461392,0.13660572374903127,0.04734840973974471,0.08476892774323473,-0.20588687967742572,-0.04450848808227836,0.07661383201615517,-0.18781372381538375,0.08023863220643027,0.03183681294331013,-0.09480853284251047,0.08603957277332111,0.7904285224513437,0.0803793107389145,0.10474430011301357,1.0,-0.20306433364837473,-0.01006600161583545,0.09173189992124293,1.0,0.08606686222548031,0.08001579164959507,-0.023857362254009893,1.0,0.08101646031609258,0.024475750797487567,0.09914434416441846,0.06840213700288837,0.0973999257222388,0.7904285224513437,0.7904285224513437,0.0794508263991755,-0.08499337959482024,0.7904285224513437,-0.002066398238684071,-0.0275146451148884,0.0029366542811671546,1.0,0.005785475579306738,0.7904285224513437,0.7904285224513437,-0.05745427563252061,-0.18378457668392426,0.7904285224513437,0.08950939285239481,0.7904285224513437,-0.1769557865849292,0.7904285224513437,-0.030239646442463842,0.006724529218598609,-0.031408629613938005,0.08520196099404607,0.0739037831427735,-0.705548323206989,0.7904285224513437,0.02959407520062623,0.7904285224513437,0.7904285224513437,-0.04914355960861011,-0.06308189985573766,0.7904285224513437,0.7904285224513437,0.08107262146272197,0.18248956933196353,0.12631269452102856,0.08200141533427666,0.10809210341265138,0.12017618169935507,0.08373765948600617,1.0,0.7905391923461392,0.7904285224513437,1.0,0.06531286245120502,0.08858702531664664,-0.07824757603347128,0.056394977852655924,0.07351032611890343,0.7904285224513437,0.02608777125966033,0.06937368163988841,0.09076729466611823,0.7904285224513437,1.0,0.7905391923461392,-0.029174719638432232,-0.08186842697662541,0.7904285224513437,0.7904285224513437,-0.1335061930246607,0.01810697284432198,-0.1262399473467558
R_Amp_I_iqr,0.295842887521245,0.18283290260508003,0.09150302134199564,0.08542026004770656,-0.014596305022742269,0.1744194248023474,0.06736015673410425,0.21520672707666608,0.06736015673410425,0.09390125446352712,-0.07204901445531978,-0.0033487553166615105,0.0648602913195838,0.06747095337445012,0.03311390649498385,0.06868339207286776,0.0009806603803991015,0.0648602913195838,0.06736015673410425,0.023431851581741,0.06747095337445012,-0.010959633083896195,-0.0677968514282662,-0.02555741037185906,0.06736015673410425,0.1726451441155431,0.1970590921054411,0.05374151212906256,-0.14709418851706724,0.06747095337445012,0.019606363826689503,0.19415606195707721,0.06736015673410425,-0.00994718810193381,0.06747095337445012,-0.0013584597845705077,0.06736015673410425,0.06736015673410425,0.17612800680198656,0.06747095337445012,0.012917380586564525,0.0648602913195838,0.06736015673410425,-0.001535878739760785,0.014441103424226937,0.06736015673410425,0.3468702080787053,0.16511810021488565,0.06747095337445012,0.1670282529822398,0.04766517958746307,0.17180907982808033,0.26327508258982485,0.0648602913195838,-0.04402726286334715,0.06736015673410425,-0.00599956755235012,0.17634292446669092,0.06736015673410425,0.44410321789562307,-0.014364023856768928,0.0010560604812364534,0.06674056404023111,0.06736015673410425,-0.016876926548641723,0.0648602913195838,1.0,0.06747095337445012,0.08307435718379885,0.0583027103602227,0.16577929570382602,-0.01878142889747828,0.04644812145845802,0.07163480645608962,-0.017179126147486186,0.20457314093752013,-0.0675822646036247,-0.003549407687999187,0.16317386374456627,0.06736015673410424,0.18155496562416742,0.22483588617098496,0.0648602913195838,-0.027297590845978787,-0.014330815291662575,0.206886388245291,0.0648602913195838,0.25287141236836563,0.30803470815399725,-0.007231309442158415,0.0648602913195838,0.25193774620744397,0.009788804065442589,0.2475555503869936,0.15779971737699283,0.16180317045608184,0.06736015673410424,0.06736015673410424,0.20728450779341104,0.005923491030572031,0.06736015673410424,0.03910160526476854,0.17358034174489004,-0.03008184565076421,0.0648602913195838,0.11813018747917048,0.06736015673410424,0.06736015673410424,0.06888657725886614,-0.025719648314922697,0.06736015673410424,0.19444276703878774,0.06736015673410424,-0.027369259433982867,0.06736015673410424,-0.0233147136605071,-0.01472628889501956,0.00632495759034777,0.13656498735009828,0.2952434647618575,-0.06219931269592625,0.06736015673410424,-0.062349435234646776,0.06736015673410424,0.06736015673410424,0.10865431381103038,0.027462256566175878,0.06736015673410424,0.06736015673410424,0.2115578883189951,0.034258612611018535,0.07981276669247099,0.22302554797664972,0.16708198597640583,0.06476783379210091,0.2545195099714187,0.0648602913195838,0.06747095337445012,0.06736015673410424,0.0648602913195838,0.0634248849612244,0.17752535147760196,-0.04965012932204548,0.03592262771998068,0.17503161734667186,0.06736015673410424,-0.010234598874936702,0.16577060119879825,0.017185298231441947,0.06736015673410424,0.0648602913195838,0.06747095337445012,0.044131549266673765,-0.015408994329288333,0.06736015673410424,0.06736015673410424,-0.0005197199373920219,0.059847351274894885,0.04088687051171559
T_Amp_V5_count,0.09221268205112247,0.0811384091573505,0.13805513304594894,0.05061646672401522,-0.07352188081725718,0.07457688795557471,0.9998631395220793,0.10812326851166051,0.9998631395220793,0.13983353307465315,-0.0028990061985135662,-0.07273213935668994,0.7905391923461392,1.0,-0.0302305829972608,0.10890521812481126,0.006545708113600336,0.7905391923461392,0.9998631395220793,-0.03816841232500636,1.0,-0.07280769202276784,-0.00836480636552359,-0.18105500151107978,0.9998631395220793,0.07115629313271295,0.0835970466587137,0.030443544276885406,0.07091560045667428,1.0,0.20033917104046783,0.09786833627528904,0.9998631395220793,0.03132056458930073,1.0,-0.07334987115361262,0.9998631395220793,0.9998631395220793,0.09461559318844953,1.0,-0.044431211222848266,0.7905391923461392,0.9998631395220793,-0.021882838706791204,-0.060859792032287266,0.9998631395220793,0.09905537991804333,0.07885511618287838,1.0,0.08685018884901723,0.0836095365051139,0.0933252593967519,0.07076405989317085,0.7905391923461392,-0.18331388855081693,0.9998631395220793,0.0636635136712677,0.08510884365374258,0.9998631395220793,0.06609213760267824,-0.008529256616998509,-0.024980289798677873,0.9869369299706925,0.9998631395220793,0.03288958198779447,0.7905391923461392,0.06747095337445012,1.0,0.13660572374903127,0.05421139447996438,0.09271244429079073,-0.20588687967742572,-0.04795096292404273,0.07661383201615517,-0.18781372381538375,0.08515416727660412,0.03942515300217249,-0.10691416402051411,0.09369763329965,0.9998631395220794,0.08882522291799093,0.11770006151711983,0.7905391923461392,-0.20306433364837473,-0.013579460173274029,0.10435517699818614,0.7905391923461392,0.08453326370054566,0.07617825312592073,-0.0354474897679339,0.7905391923461392,0.09233169493158776,0.025091584473967598,0.10334074432388159,0.07129744469762592,0.1063166428503187,0.9998631395220794,0.9998631395220794,0.08123576288569055,-0.08499337959482024,0.9998631395220794,-0.0006071760220786968,-0.039937629786190074,0.005905972733228227,0.7905391923461392,-0.00297652991459727,0.9998631395220794,0.9998631395220794,-0.07772441902000934,-0.18378457668392426,0.9998631395220794,0.09693959742511099,0.9998631395220794,-0.1769557865849292,0.9998631395220794,-0.025705637894365217,0.004330447704378246,-0.030242679856146367,0.09738316560588944,0.08307457166503675,-0.8998437510250041,0.9998631395220794,0.03833029628931065,0.9998631395220794,0.9998631395220794,-0.06507142221338419,-0.0756148718768401,0.9998631395220794,0.9998631395220794,0.08634992048971823,0.18248956933196353,0.12631269452102856,0.08900363610135884,0.12233427186816474,0.12017618169935507,0.08447784948419712,0.7905391923461392,1.0,0.9998631395220794,0.7905391923461392,0.06531286245120502,0.09823644598313569,-0.07824757603347128,0.056394977852655924,0.07764294957354585,0.9998631395220794,0.02633079341515808,0.07778682868844511,0.10411458604827013,0.9998631395220794,0.7905391923461392,1.0,-0.04081679162557358,-0.09752976019453018,0.9998631395220794,0.9998631395220794,-0.1335061930246607,0.007633171380337465,-0.1498949133226048
ST_Elev_V5_iqr,0.11544688654582372,0.14419259473733712,0.3260175576100925,0.24083279052743223,-0.2709873692676848,0.09371633557797146,0.13660572374903127,0.17205235398847818,0.13660572374903127,0.4636875203929667,0.004211780724888264,0.08209926836359496,0.13660572374903127,0.13660572374903127,0.09720090541204274,0.3669074390396042,-0.20433331915920774,0.13660572374903127,0.13660572374903127,-0.09490530532038377,0.13660572374903127,-0.3549000189016147,-0.10596867511358511,-0.1733958646899234,0.13660572374903127,0.08851738514739053,0.11702230806568713,0.10023238629343625,0.07455061959932317,0.13660572374903127,0.3544671620211624,0.09693399846462582,0.13660572374903127,0.2045348368535552,0.13660572374903127,-0.14685532301905702,0.13660572374903127,0.13660572374903127,0.21600504658938138,0.13660572374903127,0.02514366616350143,0.13660572374903127,0.13660572374903127,-0.04739686909136765,-0.03794216150114251,0.13660572374903127,0.10121881251676139,0.13237381649317373,0.13660572374903127,0.15744633219000922,0.2999653403185228,0.13119083225329453,0.10875206149038755,0.13660572374903127,-0.157055622651702,0.13660572374903127,-0.02442868173310368,0.13022403168734917,0.13660572374903127,0.08719038335710293,-0.008998613948952636,0.13029002896949585,0.13489052399783047,0.13660572374903127,0.18634939659181216,0.13660572374903127,0.08307435718379885,0.13660572374903127,1.0,-0.019162565444008677,0.1148078352915039,-0.05650705339628927,-0.11966526526605885,0.33789462851197094,-0.14064680521597225,0.10944464434277781,0.08360344355332011,-0.2641948691733225,0.1565437446101257,0.13660572374903127,0.21782918586192662,0.09591023600089027,0.13660572374903127,-0.0667284341225669,-0.17574790088197245,0.14794333390097608,0.13660572374903127,0.0905130495164271,0.13219758556338343,-0.30076746748939326,0.13660572374903127,0.08605050461973728,-0.11844425034422794,0.12145062186398672,0.12822118529213605,0.13247330924156667,0.13660572374903127,0.13660572374903127,0.10666887082058839,0.01220463809266728,0.13660572374903127,-0.14691889887839737,0.029867765656919478,0.06009566525009211,0.13660572374903127,0.08945192874048155,0.13660572374903127,0.13660572374903127,-0.14621090712740742,-0.17937385109566487,0.13660572374903127,0.11506654573715558,0.13660572374903127,-0.10793608531743197,0.13660572374903127,-0.11566652962342731,0.045921625015352276,0.014005286463712269,0.08755027998913495,0.07923065983784473,-0.13520749708733878,0.13660572374903127,-0.013046987260816932,0.13660572374903127,0.13660572374903127,-0.13233054001191544,-0.1133101368319771,0.13660572374903127,0.13660572374903127,0.09698274964491106,0.1679944942575251,0.2321212123803704,0.08318401721244435,0.11432276191692035,0.4845968312168728,0.13410904343187877,0.13660572374903127,0.13660572374903127,0.13660572374903127,0.13660572374903127,0.12547993286066494,0.12719341123354783,-0.12415510591543788,0.1623730105906479,0.12400393543008979,0.13660572374903127,0.1782351846892937,0.16497060045522968,0.08923798430857814,0.13660572374903127,0.13660572374903127,0.13660572374903127,0.054681988447869555,-0.31040035155481394,0.13660572374903127,0.13660572374903127,-0.07821680702359819,0.10217404478072407,-0.0067885438789377466
S_Amp_V1,0.028652525504777936,0.02432637556091865,-0.010715848582729122,-0.016726841086173404,0.027779608444961634,0.02076839511291487,0.054273613907938174,0.04625404561608787,0.054273613907938174,-0.015690997970732673,-0.16192986888681365,-0.06920562901257357,0.04734840973974471,0.05421139447996438,-0.0348439336189722,-0.029436853494102203,0.029593963097009204,0.04734840973974471,0.054273613907938174,0.04321938316623613,0.05421139447996438,0.025117914939694053,0.028479694874459255,-0.005875317990394258,0.054273613907938174,0.01311847710773523,0.03539739005096431,0.006846385324802799,-0.1327400004129106,0.05421139447996438,-0.032488931705955515,0.027002847239887686,0.054273613907938174,-0.0531889967056185,0.05421139447996438,0.006958805033253085,0.054273613907938174,0.054273613907938174,0.027490274379088693,0.05421139447996438,-0.01847530213337287,0.04734840973974471,0.054273613907938174,-0.02420044396725636,-0.07986163337657172,0.054273613907938174,0.04424154297714974,-0.006823840139739658,0.05421139447996438,0.017482219296857365,-0.0052161705909110545,-0.006804192113236314,0.03606680312141493,0.04734840973974471,-0.028282787362978845,0.054273613907938174,0.01794402697633256,-0.006663276503358292,0.054273613907938174,0.0731440372663768,0.3420937496808371,-0.06968216069202202,0.05339365324072026,0.054273613907938174,-0.06589425879145078,0.04734840973974471,0.0583027103602227,0.05421139447996438,-0.019162565444008677,1.0,-0.0034466683363115805,0.09859242169393416,0.10675987928711202,-0.03275808607698758,-0.030846075257819683,0.04054858004348297,-0.04165041635577621,0.021515707442309535,0.026974587421395697,0.05427361390793818,0.034364849517450495,0.04158711864669934,0.04734840973974471,0.0654268877820928,0.022525064312889,0.048034773716820425,0.04734840973974471,0.020330729843413307,0.030162545589999205,0.013015651037960232,0.04734840973974471,0.061942686500947156,-0.012361557788007033,0.030701005446327142,-0.05248273591780968,0.03657607562059979,0.05427361390793818,0.05427361390793818,0.03871361449209224,0.11055669899014457,0.05427361390793818,0.06498424693890827,0.08282080010182763,0.17694356480115842,0.04734840973974471,0.01355927150033445,0.05427361390793818,0.05427361390793818,0.10685877448506491,-0.021650868486552344,0.05427361390793818,0.024439089811895885,0.05427361390793818,0.014357272797261358,0.05427361390793818,0.06542637866107635,0.03788541850076682,-0.08221427398722683,0.021648663306318136,0.07243113069060815,-0.05126073675298604,0.05427361390793818,-0.028631291616718072,0.05427361390793818,0.05427361390793818,0.14687532514821305,0.023059303818177616,0.05427361390793818,0.05427361390793818,0.02291196970865042,0.025952360028480368,0.028306223232180697,0.025074253781904858,0.010317618837146785,-0.013051862439030011,0.037718507848963696,0.04734840973974471,0.05421139447996437,0.05427361390793818,0.04734840973974471,0.0106075639838662,0.0218513605307357,-0.001099982359397349,0.005485195496078701,0.0056634959531495725,0.05427361390793818,-0.017348666470049307,0.027946740053077804,-0.037477465674360444,0.05427361390793818,0.04734840973974471,0.05421139447996437,0.0032987358839620244,0.032929061084219,0.05427361390793818,0.05427361390793818,-0.024076005919682352,0.0194436427989167,-0.01978989482459078
Q_Amp_V2_iqr,0.22323783175339323,0.30142470516884323,0.12513252619383206,0.07422508353214537,0.0019788587396819247,0.25169723814601075,0.09276669060786319,0.2192825297236339,0.09276669060786319,0.11574129034014387,-0.0009449258718874544,-0.009623303290009289,0.08476892774323473,0.09271244429079073,0.01054706128047985,0.058984737748810155,0.010625412258219882,0.08476892774323473,0.09276669060786319,0.000279195342944191,0.09271244429079073,0.007676541267409734,-0.004601748659807598,-0.005543428110890076,0.09276669060786319,0.44361376179257567,0.26072838144664384,0.05704697624515327,-0.024236962237472476,0.09271244429079073,0.01262367886905501,0.22011574618916674,0.09276669060786319,0.020423938592899683,0.09271244429079073,-0.018722105022072867,0.09276669060786319,0.09276669060786319,0.2943318183135236,0.09271244429079073,0.012833276669810352,0.08476892774323473,0.09276669060786319,0.10562139039200369,0.011784723347977014,0.09276669060786319,0.23243458871248265,0.42417991678830014,0.09271244429079073,0.28503939632174036,0.038690525901246046,0.3450774529026878,0.25575149261176805,0.08476892774323473,-0.019594785725026796,0.09276669060786319,0.014291831587970736,0.3033996942341013,0.09276669060786319,0.1733844724079674,-0.018890005557449123,0.016116230406503538,0.09077030989048923,0.09276669060786319,0.01574651993509122,0.08476892774323473,0.16577929570382602,0.09271244429079073,0.1148078352915039,-0.0034466683363115805,1.0,-0.05202422718086079,0.009290260556765278,0.06951629396367574,-0.011972977332593945,0.27625603237452884,0.016442199838219138,-0.013734769321634316,0.2812032453780035,0.09276669060786319,0.3003963116493713,0.23388554582161492,0.08476892774323472,-0.041381687058325296,0.0062510581729020185,0.23964732590873492,0.08476892774323472,0.2427788340122828,0.22046963941127168,0.0005535693281551576,0.08476892774323472,0.2085987719067298,0.017824034949745354,0.25285181665904954,0.3100720118763039,0.3236454376982216,0.09276669060786319,0.09276669060786319,0.2662950114436154,-0.023964019234017853,0.09276669060786319,-0.017089656486142822,0.018219006831644548,-0.04570767783715234,0.08476892774323472,0.010019819231729274,0.09276669060786319,0.09276669060786319,0.0205481187374403,0.0015738120352971183,0.09276669060786319,0.2547425400958437,0.09276669060786319,-0.023320218044675736,0.09276669060786319,-0.00024827350373372376,0.021887058405447215,-0.026426650957476247,0.3295008756248063,0.18708756354371883,-0.08853148164245749,0.09276669060786319,0.008925239380428503,0.09276669060786319,0.09276669060786319,0.03740935118631181,0.026316453418055035,0.09276669060786319,0.09276669060786319,0.2520257529954641,0.010529723251776587,0.16262096505280355,0.2432401318612008,0.2609055104634859,0.10449848400397051,0.252669382921816,0.08476892774323472,0.09271244429079073,0.09276669060786319,0.08476892774323472,0.10215210187782076,0.31388656305438634,-0.016417221883137028,0.04651419702736911,0.3264047009428195,0.09276669060786319,0.007960757502431214,0.29201821261053307,0.022668623930471414,0.09276669060786319,0.08476892774323472,0.09271244429079073,0.001821375336645691,0.007985392368638492,0.09276669060786319,0.09276669060786319,0.0016821197380176424,0.021790163755187147,0.04743124616389396
ST_Elev_V2,-0.022602891912009638,-0.02843359712991048,-0.11764995044087864,-0.0312907917440781,-0.011744192083805172,0.003987319719556266,-0.20588687967742572,-0.04614069989678335,-0.20588687967742572,-0.07467933771656096,-0.17600327940201757,0.03198472679704498,-0.20588687967742572,-0.20588687967742572,-0.03279141857850118,-0.04376552002003752,0.02777279138027748,-0.20588687967742572,-0.20588687967742572,0.02279818162995847,-0.20588687967742572,-0.0322696728186823,0.0412735694818558,0.19496730153634842,-0.20588687967742572,-0.06258351114845978,-0.019795147438279734,-0.013440154589192083,-0.04848533670089579,-0.20588687967742572,-0.0471691565840012,-0.037698413775569255,-0.20588687967742572,-0.02254217666854726,-0.20588687967742572,-0.05960759557038295,-0.20588687967742572,-0.20588687967742572,-0.01688089779918207,-0.20588687967742572,0.015056538197120183,-0.20588687967742572,-0.20588687967742572,0.03271975536068516,-0.13873015378191886,-0.20588687967742572,-0.037326522222718844,-0.03817899069970799,-0.20588687967742572,-0.013012101733087781,-0.016149702699929606,-0.04273301633136062,-0.01894618801195627,-0.20588687967742572,0.15000603279674615,-0.20588687967742572,0.024484306963345085,-0.03157005937215708,-0.20588687967742572,-0.013254036218027971,0.22826564471399927,-0.026397380814097045,-0.20973948674682408,-0.20588687967742572,-0.025607180523684037,-0.20588687967742572,-0.01878142889747828,-0.20588687967742572,-0.05650705339628927,0.09859242169393416,-0.05202422718086079,1.0,0.065011412773615,-0.035896760932492784,0.12243820714707557,-0.017602988145360918,0.02757632281816702,-0.05260500524347913,-0.006456714361825822,-0.2058868796774257,-0.02796755174094926,-0.027411357960124737,-0.2058868796774257,0.5480606692406537,0.014758798186183576,-0.03986534511033898,-0.2058868796774257,-0.006382361273238529,-0.03222763399837586,0.0068577375475053,-0.2058868796774257,-0.02482157851151562,-0.011964576845988699,-0.034365369464878594,-0.03142579295068681,-0.017340501726163075,-0.2058868796774257,-0.2058868796774257,-0.01702897608320693,0.26805418502942235,-0.2058868796774257,0.010486827823130176,-0.0053098708793562575,0.1194562881924581,-0.2058868796774257,-0.03504782043248851,-0.2058868796774257,-0.2058868796774257,0.028527270225528704,0.11821581411100823,-0.2058868796774257,-0.02714566364024826,-0.2058868796774257,0.34689977313353537,-0.2058868796774257,0.05555594114730767,0.05403756924228244,-0.21037705958322067,-0.010220311436328722,-0.014756388616859642,0.19733241534554477,-0.2058868796774257,0.04579201479598453,-0.2058868796774257,-0.2058868796774257,0.07510253158759185,-0.04334251018941583,-0.2058868796774257,-0.2058868796774257,-0.020008875218914528,-0.10981961845437505,-0.1405349913540478,-0.008663164416391098,-0.041640358900251806,-0.05244019875574369,-0.028713039942813195,-0.2058868796774257,-0.2058868796774257,-0.2058868796774257,-0.2058868796774257,-0.05882226868342212,-0.039267771242124966,0.09214064184349427,-0.001217438290831166,-0.022661480503095695,-0.2058868796774257,0.011574555136441575,-0.023117716196194012,0.04567683829799534,-0.2058868796774257,-0.2058868796774257,-0.2058868796774257,-0.03661661165116387,-0.03866949603296001,-0.2058868796774257,-0.2058868796774257,0.08058634594331252,0.0013834318872205863,0.014169499513313793
R_Amp_II,-0.0184985483280097,0.00379784707000381,-0.07681075438957312,-0.11856468296338342,0.05266739225665213,0.06929649200657753,-0.04800984418556759,0.0004405365763526634,-0.04800984418556759,-0.10151411488817665,-0.20569074603854148,-0.20749732866266066,-0.04450848808227836,-0.04795096292404273,-0.41058439966653865,-0.1645568268858122,0.06825163415373535,-0.04450848808227836,-0.04800984418556759,0.21934186100758551,-0.04795096292404273,0.082492688601156,0.4928202831699942,-0.006024557113651452,-0.04800984418556759,0.02726277399943146,0.020903207109714023,-0.007580644629641376,-0.5508938555676691,-0.04795096292404273,-0.12465972245929108,0.03692409148855497,-0.04800984418556759,-0.3335704812590927,-0.04795096292404273,0.11545100357015148,-0.04800984418556759,-0.04800984418556759,-0.031295112346806084,-0.04795096292404273,-0.18288678158631846,-0.04450848808227836,-0.04800984418556759,0.14188635958564558,0.1522303374494799,-0.04800984418556759,0.03894084315194772,-0.025266754553064798,-0.04795096292404273,-0.021450610550411444,-0.10549875953332556,-0.001795850304738974,0.018208096034925042,-0.04450848808227836,0.11356610627279796,-0.04800984418556759,-0.05069040180858946,0.010325676085314659,-0.04800984418556759,0.03998742632087418,0.06544147623401601,-0.4739228120601795,-0.047986488431744634,-0.04800984418556759,-0.3367139853985746,-0.04450848808227836,0.04644812145845802,-0.04795096292404273,-0.11966526526605885,0.10675987928711202,0.009290260556765278,0.065011412773615,1.0,-0.15797441496873135,-0.07514947803844742,0.03436198660211926,-0.002099192375442245,0.12689192206220895,-0.05949665425433875,-0.04800984418556759,0.0003102415415382035,0.0689499254903244,-0.04450848808227836,0.005919264785804547,2.05022146348857e-05,-0.006750307641771566,-0.04450848808227836,0.033929490361709926,-0.011436374540689038,0.06476344360979083,-0.04450848808227836,0.09079549411628755,0.08116736073323959,-0.021514331701907186,-0.016234822019542603,-0.023865907530770707,-0.04800984418556759,-0.04800984418556759,0.02909166648876738,0.03209096750415529,-0.04800984418556759,0.2895065489122518,0.04296421443494765,-0.10377458185892136,-0.04450848808227836,-0.29937605424645664,-0.04800984418556759,-0.04800984418556759,0.3827125213592663,0.003457620634770357,-0.04800984418556759,-0.048491624831281756,-0.04800984418556759,-0.024316848370218892,-0.04800984418556759,0.6786674251843315,-0.09588336014064328,-0.09684948375355613,0.02390050285401051,0.06463134843714918,0.0460712141231958,-0.04800984418556759,0.21390660489934474,-0.04800984418556759,-0.04800984418556759,0.4272998793685135,0.33198433308480196,-0.04800984418556759,-0.04800984418556759,-0.031103308760446924,-0.012333468696868941,-0.0829724467597412,0.0371724348007475,0.005693481226920218,-0.12954728054995976,0.002138369450332115,-0.04450848808227836,-0.04795096292404273,-0.04800984418556759,-0.04450848808227836,-0.032161113830868,0.011557132221425247,0.18677675917918693,0.009621912549076227,0.013590663148653872,-0.04800984418556759,-0.30075239202514537,-0.0022145528416859126,-0.022907218262569633,-0.04800984418556759,-0.04450848808227836,-0.04795096292404273,-0.3103853799930146,0.08352145736669132,-0.04800984418556759,-0.04800984418556759,-0.13774110476173504,-0.07380003182627405,0.07378220236110795
ST_Elev_II_iqr,0.09382142638042006,0.06590495118178691,0.24154744458845967,0.4494007300132777,-0.39719606258262824,0.037486235267457306,0.07661383201615517,0.07845576718065347,0.07661383201615517,0.3029506943102742,0.008518650995835245,0.12549973009091808,0.07661383201615517,0.07661383201615517,0.1324080712841889,0.5135643743987818,-0.1699275972576197,0.07661383201615517,0.07661383201615517,-0.10691076354189777,0.07661383201615517,-0.3190562505446482,-0.13734135127394567,-0.1606492788210956,0.07661383201615517,0.043949915409362016,0.1325894592825524,0.1619486135721721,0.10141548487540822,0.07661383201615517,0.3810012450717559,0.06253634768261083,0.07661383201615517,0.19010680240774963,0.07661383201615517,-0.10710018278613781,0.07661383201615517,0.07661383201615517,0.05613203062454864,0.07661383201615517,0.011182320137318714,0.07661383201615517,0.07661383201615517,-0.043733741579673864,-0.07278199200573351,0.07661383201615517,0.09169828751502082,0.07630906268003304,0.07661383201615517,0.04614868843028241,0.32119558019710986,0.07086889879784176,0.09161339848230826,0.07661383201615517,-0.16077380563429394,0.07661383201615517,-0.11672252835789212,0.055868541259835695,0.07661383201615517,0.07776972789487896,-0.017437114202002786,0.17747044394019965,0.0744548258552695,0.07661383201615517,0.18024537296213883,0.07661383201615517,0.07163480645608962,0.07661383201615517,0.33789462851197094,-0.03275808607698758,0.06951629396367574,-0.035896760932492784,-0.15797441496873135,1.0,-0.15361464888268406,0.10171211121405813,0.0846893653478117,-0.26174750422479703,0.06963689944736333,0.07661383201615517,0.059439623477977974,0.09989720830973493,0.07661383201615517,-0.03616817072131971,-0.2904195743186212,0.064051860175746,0.07661383201615517,0.07282940511103543,0.11283699980139658,-0.2586811792406227,0.07661383201615517,0.08404361671521397,-0.09698164570056625,0.1197390374954699,0.0859453136875524,0.07021940052094894,0.07661383201615517,0.07661383201615517,0.08459988171864137,0.0182444583036445,0.07661383201615517,-0.18452154885961525,0.034596166239364866,0.06396787503966034,0.07661383201615517,0.11027460378684818,0.07661383201615517,0.07661383201615517,-0.059724915191264855,-0.17883514979753862,0.07661383201615517,0.12128904609969482,0.07661383201615517,-0.08725214486945522,0.07661383201615517,-0.15172999718479624,0.06687793208644105,-0.0004150804889601863,0.05726081909265765,0.07102379946323165,-0.0802561789031905,0.07661383201615517,-0.03583522069247959,0.07661383201615517,0.07661383201615517,-0.06931882393968516,-0.08753337416721751,0.07661383201615517,0.07661383201615517,0.09649575369946445,0.18617941492580553,0.1829602306220351,0.06883947011735715,0.07190093965257364,0.3367529124516064,0.14061478606357017,0.07661383201615517,0.07661383201615517,0.07661383201615517,0.07661383201615517,0.11247499052290168,0.06212422223678657,-0.11824112534793292,0.15953313594074814,0.06359932875172401,0.07661383201615517,0.17184102479662752,0.053115726567324016,0.10237050123940314,0.07661383201615517,0.07661383201615517,0.07661383201615517,0.08857818043222067,-0.3289655419147156,0.07661383201615517,0.07661383201615517,-0.0980275828087612,0.11091521269849465,0.028422584270877987
ST_Elev_II,0.003842821895801028,0.00471347061737541,-0.13819581805763023,-0.10191425331655032,0.2414644391316737,-0.016066979397334983,-0.18781372381538375,-0.04045130136434575,-0.18781372381538375,-0.16179008692075414,0.10435914349531754,-0.050721179498086154,-0.18781372381538375,-0.18781372381538375,0.033375870859943244,-0.1560523329022422,0.0720304881057986,-0.18781372381538375,-0.18781372381538375,0.030481131927386614,-0.18781372381538375,0.2140353568210622,-0.037432966914726064,0.4742155167033143,-0.18781372381538375,0.012681811175131705,0.020462622142538637,-0.04757255725101498,0.06157636342766203,-0.18781372381538375,-0.3162437302601839,-0.04195094965339308,-0.18781372381538375,-0.07437523613764226,-0.18781372381538375,0.05926991189125636,-0.18781372381538375,-0.18781372381538375,0.013608034612633296,-0.18781372381538375,0.22721430446367258,-0.18781372381538375,-0.18781372381538375,-0.0026933415551918896,0.048222996437995574,-0.18781372381538375,0.010553220799849609,0.0019446936651044645,-0.18781372381538375,0.007595198248056316,-0.14146244350498574,0.009011925570597046,0.014563631179059034,-0.18781372381538375,0.3313504347227054,-0.18781372381538375,0.0635710003857685,-0.002455746941749621,-0.18781372381538375,-0.022496974376154878,0.020405437902295338,0.009292779189220531,-0.18714057258326025,-0.18781372381538375,-0.05771403097705503,-0.18781372381538375,-0.017179126147486186,-0.18781372381538375,-0.14064680521597225,-0.030846075257819683,-0.011972977332593945,0.12243820714707557,-0.07514947803844742,-0.15361464888268406,1.0,0.02356577973284202,-0.105487014537082,0.18011280871879584,0.016918505601361437,-0.18781372381538375,0.0034134980057202416,-0.017555520083388797,-0.18781372381538375,0.21279199853857628,0.20006055220213484,-0.021395025681647323,-0.18781372381538375,0.0055737850652045,-0.0030460779195948615,0.1543740441740434,-0.18781372381538375,-0.024278100204901742,0.004206310639922572,0.005956792780861542,-0.002908715562717064,-0.006599624956896514,-0.18781372381538375,-0.18781372381538375,0.017860655188418763,-0.078651293208732,-0.18781372381538375,0.06164091295913153,-0.036076278413049674,0.004287093726021347,-0.18781372381538375,0.007155128756445975,-0.18781372381538375,-0.18781372381538375,-0.057881763992560856,0.488468687780372,-0.18781372381538375,0.022069171085755446,-0.18781372381538375,0.3522813805915568,-0.18781372381538375,-0.06194565413633282,-0.04168330690597889,0.06208923141922181,-0.018359746287918196,-0.020899590691460343,0.18471390526841808,-0.18781372381538375,-0.07625585545655292,-0.18781372381538375,-0.18781372381538375,-0.06854951379829057,-0.010968875155478494,-0.18781372381538375,-0.18781372381538375,0.02620825796679615,-0.5626012867502256,-0.08689416286908205,0.0036142818919109535,-0.03876791725441544,-0.12564057079358262,0.0033833594700519434,-0.18781372381538375,-0.18781372381538375,-0.18781372381538375,-0.18781372381538375,0.010859461249950469,-0.002368395008356607,0.057725843047141734,-0.08445820040639655,0.001615655427262524,-0.18781372381538375,-0.07194505310524478,0.005263660290120583,-0.1341328106159669,-0.18781372381538375,-0.18781372381538375,-0.18781372381538375,0.05673174600859777,0.2328833819306733,-0.18781372381538375,-0.18781372381538375,0.5278778256305743,-0.054325501571886044,0.043558648742894925
T_Amp_aVF_iqr,0.3305565542617493,0.34912509038989137,0.12942167246274103,0.12588789774359632,0.04436299597732002,0.20171345896881812,0.08518039643002073,0.2051434004183918,0.08518039643002073,0.11665227182408582,0.015350567620532891,-0.04178831561599287,0.08023863220643027,0.08515416727660412,-0.0019200777246493501,0.06051499176691759,0.00909255438427388,0.08023863220643027,0.08518039643002073,-0.008809946362796242,0.08515416727660412,0.041567875883664396,0.030043413853631854,0.022960723636172343,0.08518039643002073,0.29267214744558145,0.6131964248901012,0.09559480927522353,-0.018305121539249646,0.08515416727660412,-0.028901937069383255,0.18150400327240393,0.08518039643002073,0.019883683790822965,0.08515416727660412,-0.0038252633850480024,0.08518039643002073,0.08518039643002073,0.3472967861983976,0.08515416727660412,0.010162584224106014,0.08023863220643027,0.08518039643002073,-0.016316668451109784,0.011937363308364687,0.08518039643002073,0.3726456302957524,0.32598512289887427,0.08515416727660412,0.3442074878648384,0.02415313106105284,0.34673895699106244,0.47673026113246514,0.08023863220643027,0.015389726226059762,0.08518039643002073,0.03394302103477917,0.301695676646937,0.08518039643002073,0.24263622269694665,0.025087759648030148,0.0018115421913885458,0.08426741703464044,0.08518039643002073,0.003767719006704087,0.08023863220643027,0.20457314093752013,0.08515416727660412,0.10944464434277781,0.04054858004348297,0.27625603237452884,-0.017602988145360918,0.03436198660211926,0.10171211121405813,0.02356577973284202,1.0,0.03176772313224764,0.02316256910224779,0.3089845454910776,0.08518039643002075,0.3647521409034911,0.4232505012677728,0.08023863220643025,-0.02173832949686113,0.04041375710503588,0.2570699713154973,0.08023863220643025,0.4185432459072848,0.33552424510018275,0.020493622306160666,0.08023863220643025,0.37605205542502745,-0.0061018655453000704,0.439019897664682,0.320416236562363,0.2762202828329852,0.08518039643002075,0.08518039643002075,0.6034716370591265,-0.05412996981313526,0.08518039643002075,-0.01442391551653951,-0.024557423798179743,0.00024174069214058934,0.08023863220643025,-0.0322491964503676,0.08518039643002075,0.08518039643002075,-0.009118109696040823,0.030899217448871728,0.08518039643002075,0.5128273001901896,0.08518039643002075,-0.0018341130548926838,0.08518039643002075,0.028747010757216446,-0.00840623674765819,0.014925898697964596,0.17230734174853912,0.30809792621412013,-0.07837759017845795,0.08518039643002075,0.026800520697939995,0.08518039643002075,0.08518039643002075,0.0388637613120074,-0.009111436408075655,0.08518039643002075,0.08518039643002075,0.5212540616501916,-0.02696412267860302,0.1304961163842597,0.471191484896775,0.20018472201863968,0.08349876383833071,0.4575577410197668,0.08023863220643025,0.08515416727660412,0.08518039643002075,0.08023863220643025,0.10192682583335738,0.32910670965944183,0.007065445400267195,0.06677326172403203,0.3427521874404808,0.08518039643002075,0.00438117524672721,0.3625370032716385,-0.028341837571777627,0.08518039643002075,0.08023863220643025,0.08515416727660412,-0.011187726030793895,0.04677094799141486,0.08518039643002075,0.08518039643002075,0.02674435020388425,0.04161221387780689,0.04339668461589657
Q_Amp_I,0.02676233370623789,0.0428757403031221,0.07224010180225987,0.003713446185063001,-0.12020224902852608,0.03738189540463614,0.039383543539852316,-0.01938035980088159,0.039383543539852316,0.08218560451354985,0.04518576573306056,0.11553936206679896,0.03183681294331013,0.03942515300217249,-0.12119778294135668,0.1308387360157211,-0.04871917806878682,0.03183681294331013,0.039383543539852316,-0.28182976220430006,0.03942515300217249,-0.13296527112907824,0.21112355396138197,-0.11180260214612725,0.039383543539852316,0.034843141759395915,0.036810888192243686,-0.0010077275147572927,0.21120864462508696,0.03942515300217249,0.19073302937169306,-0.008387975602888838,0.039383543539852316,0.26865394236054024,0.03942515300217249,-0.16783000920691485,0.039383543539852316,0.039383543539852316,0.02865084228710231,0.03942515300217249,-0.009217401975236579,0.03183681294331013,0.039383543539852316,-0.04763457705808324,-0.15556511461995878,0.039383543539852316,-0.006635716074645885,0.040372786673657846,0.03942515300217249,0.03235271699783504,0.14471105916422433,0.03196897612774862,0.014643451512181703,0.03183681294331013,-0.05853069966673568,0.039383543539852316,0.07930739398629476,0.025467510938948154,0.039383543539852316,-0.07465971772840108,0.10091893695236294,0.07641559241653761,0.03799730384333297,0.039383543539852316,0.2683735748082193,0.03183681294331013,-0.0675822646036247,0.03942515300217249,0.08360344355332011,-0.04165041635577621,0.016442199838219138,0.02757632281816702,-0.002099192375442245,0.0846893653478117,-0.105487014537082,0.03176772313224764,1.0,-0.19534648940974747,0.03462433441008467,0.039383543539852316,0.045860967693173584,0.016962371684330554,0.03183681294331013,0.017524179327787475,-0.032574065800209925,0.0005149408245567283,0.03183681294331013,0.04831155917873722,0.008975272504417875,-0.0816683288674199,0.03183681294331013,-0.014474439275401835,-0.05803347363102586,0.022208394862952716,0.04236660782781574,0.03681490573299193,0.039383543539852316,0.039383543539852316,0.028512549943191877,0.013691707335975347,0.039383543539852316,-0.42490697150290974,-0.3568556624478104,0.10990090468012546,0.03183681294331013,-0.29542529120998384,0.039383543539852316,0.039383543539852316,-0.06383967915612504,-0.12955430905459756,0.039383543539852316,0.022887254030234134,0.039383543539852316,-0.041461537283664834,0.039383543539852316,0.12723353112170063,0.10012768579929747,-0.1165137698207751,0.06252676907411844,-0.04762985135757755,-0.040567244988324085,0.039383543539852316,0.5277639013130505,0.039383543539852316,0.039383543539852316,-0.046219256425259266,-0.10664105822081943,0.039383543539852316,0.039383543539852316,0.006345525899720196,0.09854050898252456,0.08156939499274353,0.038142049826300324,0.03911628864571683,0.07455523806173031,0.025033021490386324,0.03183681294331013,0.03942515300217248,0.039383543539852316,0.03183681294331013,0.015035019598765565,0.0505507051615232,-0.019532576019117297,0.11123719371264863,0.03379059897242886,0.039383543539852316,0.19886370158202207,0.038269833271461814,0.06038284582248193,0.039383543539852316,0.03183681294331013,0.03942515300217248,-0.28236190055262284,-0.1477053300988073,0.039383543539852316,0.039383543539852316,-0.07042046290743664,0.06500858250692665,0.06769585557585388
T_Amp_I,-0.01913300977453797,-0.009477024356158936,-0.14477962561817317,-0.1176375687377786,0.4052467643690549,-0.028447854832230477,-0.10682932789406178,-0.036769469767415526,-0.10682932789406178,-0.21930337436115846,0.148593321458856,-0.16975348242300833,-0.09480853284251047,-0.10691416402051411,-0.10602908165956927,-0.33845898961008253,0.229282335366207,-0.09480853284251047,-0.10682932789406178,0.12352906912493992,-0.10691416402051411,0.5151001864271552,0.1487429638165015,0.2333570040346396,-0.10682932789406178,0.028007064234406843,0.013125516162080861,-0.03702660944563736,-0.08968053462675761,-0.10691416402051411,-0.5945155585748553,-0.036839237324101604,-0.10682932789406178,-0.22963372978420968,-0.10691416402051411,0.5727402874101991,-0.10682932789406178,-0.10682932789406178,-0.02222082324000971,-0.10691416402051411,-0.145575701881708,-0.09480853284251047,-0.10682932789406178,0.07433448006410466,0.14216912110784877,-0.10682932789406178,0.009757869056131597,-0.028876405631348925,-0.10691416402051411,-0.018879440415352187,-0.36483371863551267,-0.0038031475511100107,0.013141470766397155,-0.09480853284251047,0.2680372992402273,-0.10682932789406178,-0.1797652901159356,-0.021283264749667734,-0.10682932789406178,-0.007816950067852569,-0.01750647953743266,-0.17050885178117497,-0.10359811668218545,-0.10682932789406178,-0.229868319406898,-0.09480853284251047,-0.003549407687999187,-0.10691416402051411,-0.2641948691733225,0.021515707442309535,-0.013734769321634316,-0.05260500524347913,0.12689192206220895,-0.26174750422479703,0.18011280871879584,0.02316256910224779,-0.19534648940974747,1.0,-0.044068919940006335,-0.10682932789406178,-0.008972773671387374,-0.002080483383666254,-0.09480853284251047,-0.026739128863196928,0.134165085454462,-0.028324286152015224,-0.09480853284251047,-0.004421044213206171,-0.01919138888693782,0.36936685553280846,-0.09480853284251047,0.006866894970150095,0.14586518638973706,-0.00799220057128909,-0.03103888590636811,-0.04250927904191405,-0.10682932789406178,-0.10682932789406178,0.012364274798765345,-0.16511232509000512,-0.10682932789406178,0.22764438899264836,-0.02386961572637353,-0.08737965159380678,-0.09480853284251047,-0.11452757117987325,-0.10682932789406178,-0.10682932789406178,0.052200218809999616,0.2749589594729241,-0.10682932789406178,8.346666661959839e-05,-0.10682932789406178,0.08813839705723359,-0.10682932789406178,0.1430153745090125,-0.07854359559144382,0.09218762822779213,-0.03844005906165805,-0.0014475303441508958,0.10736348764739045,-0.10682932789406178,-0.05337823583039149,-0.10682932789406178,-0.10682932789406178,0.04481693575208334,0.11042403627523363,-0.10682932789406178,-0.10682932789406178,0.0013501857735715244,-0.3064791219634789,-0.09045580454339115,-0.0007978922127674528,-0.0707850888279189,-0.2654222975999654,-0.011178727144178328,-0.09480853284251047,-0.1069141640205141,-0.10682932789406178,-0.09480853284251047,-0.00217778350143467,-0.0024016417872975058,0.23255869409340976,-0.18465800186573,-0.009777213213686577,-0.10682932789406178,-0.21707209077404352,-0.006276148570700804,-0.2786220984815537,-0.10682932789406178,-0.09480853284251047,-0.1069141640205141,-0.045600934901691315,0.5404868209168435,-0.10682932789406178,-0.10682932789406178,0.03145378615645402,-0.11153155620922418,0.061025314210434445
Q_Amp_V4_iqr,0.2429853134503861,0.5205951273082513,0.1388634511204898,0.0682898286643302,-0.0032549134418063093,0.20159672442678045,0.09369763329965,0.2766914621411876,0.09369763329965,0.19680309075696542,-0.004692755877417284,0.0061054737620381645,0.08603957277332111,0.09369763329965,0.06414944496960104,0.05676117049426115,-0.009077485151987787,0.08603957277332111,0.09369763329965,-0.04576460438697284,0.09369763329965,-0.014841473660460016,-0.05855177996406258,0.0091292796252375,0.09369763329965,0.2826356656323659,0.29597022804859185,0.04398091387015443,0.03432267394238407,0.09369763329965,0.025865228460532692,0.2968610652609396,0.09369763329965,0.08664802152089976,0.09369763329965,-0.05671764125403837,0.09369763329965,0.09369763329965,0.42331332340223976,0.09369763329965,0.0475147665531996,0.08603957277332111,0.09369763329965,-0.032725645734626704,-0.07747238612803933,0.09369763329965,0.24299959965811316,0.3187399791954118,0.09369763329965,0.3767361488032504,0.03675803076448321,0.31713827216501295,0.2817518216641561,0.08603957277332111,-0.025956531305548366,0.09369763329965,0.04580265915025945,0.32013209556711364,0.09369763329965,0.17644610490672802,0.028755097208041865,0.07624401279083678,0.0920356289479062,0.09369763329965,0.06150151218370943,0.08603957277332111,0.16317386374456627,0.09369763329965,0.1565437446101257,0.026974587421395697,0.2812032453780035,-0.006456714361825822,-0.05949665425433875,0.06963689944736333,0.016918505601361437,0.3089845454910776,0.03462433441008467,-0.044068919940006335,1.0,0.09369763329965,0.3952684398585459,0.24543631080347364,0.08603957277332111,0.004430644572750702,0.019703083664731717,0.30529334736470676,0.08603957277332111,0.2675744942784059,0.24071234155342566,-0.015199296621405409,0.08603957277332111,0.2113672914812789,-0.018894745609260688,0.2830135036707976,0.30040814695439916,0.34178495995787705,0.09369763329965,0.09369763329965,0.30162380652362436,-0.008087502358946707,0.09369763329965,-0.06463575686555313,-0.001552488665114567,0.054945968517127804,0.08603957277332111,0.03631365668049882,0.09369763329965,0.09369763329965,-0.051387354106686524,0.004810173560120229,0.09369763329965,0.2996034698146855,0.09369763329965,0.01652163828607474,0.09369763329965,-0.06402361189674774,0.04150894053202149,-0.023453212843701374,0.21399102163964182,0.1964768871115496,-0.08872282215748314,0.09369763329965,-0.008324231104271692,0.09369763329965,0.09369763329965,0.005816407173229704,-0.1368258828687049,0.09369763329965,0.09369763329965,0.28951340981191637,0.005777908898338242,0.12708134313342626,0.2662500850121108,0.2581429079274611,0.12920291323399263,0.276745075042097,0.08603957277332111,0.09369763329965,0.09369763329965,0.08603957277332111,0.08916338385838322,0.3471214649830553,-0.044790821882961636,0.03958083013186305,0.308462004510313,0.09369763329965,0.1466547910822078,0.3690492734344533,0.001784078602233331,0.09369763329965,0.08603957277332111,0.09369763329965,0.04178169836698335,-0.01302491263009399,0.09369763329965,0.09369763329965,0.036706721459725075,0.04141982062545154,0.026646342696766502
S_Amp_V2_count,0.09225889000708774,0.0811384091573505,0.13805513304594894,0.05061646672401522,-0.07347182783233144,0.07462706781364958,1.0,0.10812326851166051,1.0,0.13983353307465315,-0.0027952218534831267,-0.07266659859821599,0.7904285224513437,0.9998631395220794,-0.03026255774970611,0.10890521812481126,0.0064263080931702835,0.7904285224513437,1.0,-0.03814740950535641,0.9998631395220794,-0.07280769202276784,-0.008332288302197085,-0.18105500151107978,1.0,0.07124778792589087,0.08367197006065688,0.030443544276885406,0.07099133654759573,0.9998631395220794,0.20027571200042515,0.09786833627528904,1.0,0.03132056458930073,0.9998631395220794,-0.0732737932059546,1.0,1.0,0.09461559318844953,0.9998631395220794,-0.044431211222848266,0.7904285224513437,1.0,-0.021881591399580593,-0.06083329940742301,1.0,0.09908331700198185,0.07893775971918174,0.9998631395220794,0.08685018884901723,0.0836095365051139,0.09340480937276176,0.07084588168111203,0.7904285224513437,-0.18331388855081693,1.0,0.06360460876835958,0.08522273558207892,1.0,0.06607363075615759,-0.008540198085799314,-0.025000307430738156,0.9870742722502791,1.0,0.03288958198779447,0.7904285224513437,0.06736015673410424,0.9998631395220794,0.13660572374903127,0.05427361390793818,0.09276669060786319,-0.2058868796774257,-0.04800984418556759,0.07661383201615517,-0.18781372381538375,0.08518039643002075,0.039383543539852316,-0.10682932789406178,0.09369763329965,1.0,0.08882522291799093,0.11776894398678851,0.7904285224513438,-0.20306433364837473,-0.013544303008777226,0.10435517699818614,0.7904285224513438,0.08460754234822261,0.07620734039691135,-0.0354474897679339,0.7904285224513438,0.09223025090623173,0.025069768503659856,0.10339486718829108,0.07138422960563863,0.10642376558653302,1.0,1.0,0.08127021680507342,-0.08499337959482024,1.0,-0.0005538322546483856,-0.03998974405081656,0.0060011309429193515,0.7904285224513438,-0.003004583911185397,1.0,1.0,-0.07772441902000934,-0.18378457668392426,1.0,0.09700376946515875,1.0,-0.1769557865849292,1.0,-0.025718473718976922,0.004321050880991544,-0.030171394886381146,0.09747806924483259,0.08309647974160522,-0.8999688535773165,1.0,0.03828088158774032,1.0,1.0,-0.06507142221338419,-0.0756148718768401,1.0,1.0,0.08638912536450107,0.18248956933196353,0.12631269452102856,0.08902636760910229,0.12245579251797557,0.12017618169935507,0.08454866056159195,0.7904285224513438,0.9998631395220793,1.0,0.7904285224513438,0.06531286245120502,0.09837093439708264,-0.07824757603347128,0.056394977852655924,0.07772733700943997,1.0,0.02633079341515808,0.07778682868844511,0.1040421692494278,1.0,0.7904285224513438,0.9998631395220793,-0.0408555830932044,-0.09752976019453018,1.0,1.0,-0.1335061930246607,0.0077472477820141996,-0.1498226208824431
T_Amp_V5_iqr,0.278413238142249,0.47218749761211015,0.14738227916201202,0.06850464226520049,0.019938036938224418,0.21776383445152325,0.08882522291799093,0.4023965820434976,0.08882522291799093,0.15472931857925568,0.014703921863683104,-0.026630341830305097,0.0803793107389145,0.08882522291799093,0.03330341251999063,0.047091694737880156,-0.004626285560904741,0.0803793107389145,0.08882522291799093,-0.04096576974291187,0.08882522291799093,0.010733095171958314,-0.012240686369384832,0.005519812771528008,0.08882522291799093,0.3231317666174688,0.34529608773715864,0.045232272014502216,-0.006266433831026255,0.08882522291799093,0.008946127328210927,0.25447319222465586,0.08882522291799093,0.05038566679179921,0.08882522291799093,-0.0252858903031277,0.08882522291799093,0.08882522291799093,0.6160025914049548,0.08882522291799093,0.027611204283895387,0.0803793107389145,0.08882522291799093,-0.03396897036568204,-0.004344931292130496,0.08882522291799093,0.26719109241617206,0.34806147272181925,0.08882522291799093,0.45432900820902855,0.020747471463529576,0.35851592459253534,0.3288630019914358,0.0803793107389145,-0.011599505553720049,0.08882522291799093,0.036456259606233464,0.348728477050091,0.08882522291799093,0.18760470295538859,0.01281499143982798,0.04276063712130032,0.08819126298282641,0.08882522291799093,0.0316279450252558,0.0803793107389145,0.18155496562416742,0.08882522291799093,0.21782918586192662,0.034364849517450495,0.3003963116493713,-0.02796755174094926,0.0003102415415382035,0.059439623477977974,0.0034134980057202416,0.3647521409034911,0.045860967693173584,-0.008972773671387374,0.3952684398585459,0.08882522291799093,1.0,0.2670157361476968,0.0803793107389145,-0.026320422034216598,0.029186256617774863,0.3695561452913812,0.0803793107389145,0.3003490252585745,0.2853973863142875,0.0026928119238237122,0.0803793107389145,0.23185950305599035,-0.020334970442625184,0.31028979886227265,0.33617523775930025,0.3193487997023351,0.08882522291799093,0.08882522291799093,0.34984705643320996,-0.03223852550936014,0.08882522291799093,-0.05415696136848234,-0.0012354220698970356,0.0021505209258525023,0.0803793107389145,0.006949881815854585,0.08882522291799093,0.08882522291799093,0.0005264634151359664,0.01232158070406454,0.08882522291799093,0.31836744734197603,0.08882522291799093,-0.00781274959017343,0.08882522291799093,-0.012470776342703539,0.0025918483882995335,0.023087086566456323,0.20510705661164244,0.21127656442626855,-0.08353396293876977,0.08882522291799093,0.014809340664244278,0.08882522291799093,0.08882522291799093,0.05056456030211175,-0.019016606140046438,0.08882522291799093,0.08882522291799093,0.3134641337403479,-0.005959738929611225,0.1459469705360659,0.30302171706806413,0.24980069927838455,0.13943097494495968,0.3235075909754236,0.0803793107389145,0.08882522291799093,0.08882522291799093,0.0803793107389145,0.10561691718165,0.3889682923691196,-0.021338839123922967,0.03568747676497251,0.35429889874814097,0.08882522291799093,0.03536912248433926,0.49921866826448474,-0.01745452998112904,0.08882522291799093,0.0803793107389145,0.08882522291799093,0.015452138817952567,0.017809202406432707,0.08882522291799093,0.08882522291799093,0.01868565966200257,0.0442106709478821,0.04371510513530054
R_Amp_II_iqr,0.2580404629093586,0.26648311013667064,0.11638819890554453,0.0957934864654952,0.016373741540182302,0.20025073257487086,0.11776894398678851,0.22481047119507824,0.11776894398678851,0.10527995173669881,-0.02493214454507836,-0.03902272607128324,0.10474430011301357,0.11770006151711983,-0.007839265361011089,0.07308090489322012,0.0135963429530508,0.10474430011301357,0.11776894398678851,0.006428219722307684,0.11770006151711983,0.01854917461393524,0.016624462906587006,-0.01031417948608557,0.11776894398678851,0.24055716234922245,0.44181428040920845,0.07227050250022658,-0.06809259130165284,0.11770006151711983,0.009807388186617746,0.20211673108446587,0.11776894398678851,0.0007801393736297322,0.11770006151711983,-0.020888974394863053,0.11776894398678851,0.11776894398678851,0.2576685862501735,0.11770006151711983,0.007538778445687037,0.10474430011301357,0.11776894398678851,-0.004708869462183504,-0.007393090886329579,0.11776894398678851,0.40204689355786255,0.24121064054335217,0.11770006151711983,0.2517323589587013,0.04071539496521442,0.26722658756937834,0.32328874908797933,0.10474430011301357,-0.023932351270329926,0.11776894398678851,0.03922190058693689,0.24263667728002894,0.11776894398678851,0.25651687763668407,0.014638522172799194,-0.022633427190527102,0.11713213831778052,0.11776894398678851,-0.012486595346667321,0.10474430011301357,0.22483588617098496,0.11770006151711983,0.09591023600089027,0.04158711864669934,0.23388554582161492,-0.027411357960124737,0.0689499254903244,0.09989720830973493,-0.017555520083388797,0.4232505012677728,0.016962371684330554,-0.002080483383666254,0.24543631080347364,0.11776894398678851,0.2670157361476968,1.0,0.10474430011301357,-0.03201016931293233,0.025661686511147037,0.2512983501682668,0.10474430011301357,0.30906756856320283,0.25689631162782395,0.012949843085279219,0.10474430011301357,0.45467439437696916,0.0019933297767076455,0.3768992330109346,0.2399310264922558,0.23452735507659309,0.11776894398678853,0.11776894398678853,0.358091047717454,-0.019427477891299758,0.11776894398678853,0.005637793650113847,0.02180160570081099,-0.0019304889767876748,0.10474430011301357,-0.003792439620728012,0.11776894398678853,0.11776894398678853,0.024025372767300022,-0.011725929387308692,0.11776894398678853,0.43637097607645575,0.11776894398678853,-0.020572094070627517,0.11776894398678853,0.035745156220918124,0.0030022407673815595,-0.009031864676041343,0.18658223102196103,0.32036488427734483,-0.1111497579149358,0.11776894398678853,0.018191801219873505,0.11776894398678853,0.11776894398678853,0.060841136958668204,0.005051442350297317,0.11776894398678853,0.11776894398678853,0.39956813132883734,0.01942439729238627,0.11540577479258822,0.3421030044385711,0.2096508650209505,0.07665698668295018,0.37221876176807056,0.10474430011301357,0.11770006151711983,0.11776894398678853,0.10474430011301357,0.08456789617789919,0.2657419606380532,-0.021812025126618867,0.06598199688006573,0.2676887224533953,0.11776894398678853,0.0006935498308912779,0.2565795669443463,0.005657222940674406,0.11776894398678853,0.10474430011301357,0.11770006151711983,-0.004532892997064905,0.01240480292154065,0.11776894398678853,0.11776894398678853,-0.003383629202386115,0.04872452961743895,0.0462896868641056
ST_Elev_V4_count,0.09067551891320634,0.07436164239989208,0.13805513304594894,0.05061646672401522,-0.0631427276758813,0.06564149405802629,0.7904285224513438,0.09609432862760002,0.7904285224513438,0.13983353307465315,-0.009764118222405617,-0.043921270662471236,1.0,0.7905391923461392,-0.0193376629152945,0.10890521812481126,0.010703386529943713,1.0,0.7904285224513438,-0.03426063325073105,0.7905391923461392,-0.060812792491177714,-0.016211866156094434,-0.18105500151107978,0.7904285224513438,0.062649645498929,0.07711883019374224,0.030443544276885406,0.05878575432196816,0.7905391923461392,0.16426726804206543,0.08542399875781696,0.7904285224513438,0.02725770678751996,0.7905391923461392,-0.07140532192675647,0.7904285224513438,0.7904285224513438,0.08660855853515216,0.7905391923461392,-0.044431211222848266,1.0,0.7904285224513438,-0.017179000001370785,-0.05466791652650778,0.7904285224513438,0.09149651212608913,0.07769709758338726,0.7905391923461392,0.07784797806989294,0.0836095365051139,0.08480301000775797,0.07111945049524179,1.0,-0.18331388855081693,0.7904285224513438,0.05582443594150009,0.08430278173556568,0.7904285224513438,0.06164899994914557,-0.00908556462027605,-0.015483883924972616,0.780473803678407,0.7904285224513438,0.028270105529464587,1.0,0.0648602913195838,0.7905391923461392,0.13660572374903127,0.04734840973974471,0.08476892774323472,-0.2058868796774257,-0.04450848808227836,0.07661383201615517,-0.18781372381538375,0.08023863220643025,0.03183681294331013,-0.09480853284251047,0.08603957277332111,0.7904285224513438,0.0803793107389145,0.10474430011301357,1.0,-0.20306433364837473,-0.01006600161583545,0.09173189992124293,1.0,0.08606686222548031,0.08001579164959507,-0.023857362254009893,1.0,0.08101646031609258,0.024475750797487567,0.09914434416441846,0.06840213700288837,0.0973999257222388,0.7904285224513437,0.7904285224513437,0.0794508263991755,-0.08499337959482024,0.7904285224513437,-0.002066398238684071,-0.0275146451148884,0.0029366542811671546,1.0,0.005785475579306738,0.7904285224513437,0.7904285224513437,-0.05745427563252061,-0.18378457668392426,0.7904285224513437,0.08950939285239481,0.7904285224513437,-0.1769557865849292,0.7904285224513437,-0.030239646442463842,0.006724529218598609,-0.031408629613938005,0.08520196099404607,0.0739037831427735,-0.705548323206989,0.7904285224513437,0.02959407520062623,0.7904285224513437,0.7904285224513437,-0.04914355960861011,-0.06308189985573766,0.7904285224513437,0.7904285224513437,0.08107262146272197,0.18248956933196353,0.12631269452102856,0.08200141533427666,0.10809210341265138,0.12017618169935507,0.08373765948600617,1.0,0.7905391923461392,0.7904285224513437,1.0,0.06531286245120502,0.08858702531664664,-0.07824757603347128,0.056394977852655924,0.07351032611890343,0.7904285224513437,0.02608777125966033,0.06937368163988841,0.09076729466611823,0.7904285224513437,1.0,0.7905391923461392,-0.029174719638432232,-0.08186842697662541,0.7904285224513437,0.7904285224513437,-0.1335061930246607,0.01810697284432198,-0.1262399473467558
ST_Elev_V3,-0.027628286900892755,-0.021724069925122533,-0.18397149934739004,-0.035572917316950184,0.02348172763672763,-1.5455516152453332e-05,-0.20306433364837473,-0.03323783693244698,-0.20306433364837473,-0.10270175221831183,-0.12711841843412366,0.05540024568720386,-0.20306433364837473,-0.20306433364837473,-0.0016860622041705456,-0.043019045422714584,0.0850960370931567,-0.20306433364837473,-0.20306433364837473,-0.005005720254192352,-0.20306433364837473,0.012109259510336888,0.007132084927160331,0.31040488570984553,-0.20306433364837473,-0.024720248529770984,-0.022522867895776955,-0.02859070476569756,0.005936491824304175,-0.20306433364837473,-0.07900520886023331,-0.03584243868923272,-0.20306433364837473,-0.016985585369253212,-0.20306433364837473,-0.05064601599114615,-0.20306433364837473,-0.20306433364837473,-0.009251682335284657,-0.20306433364837473,0.06465395672729735,-0.20306433364837473,-0.20306433364837473,-0.0013916834062382114,-0.19213902834683144,-0.20306433364837473,-0.038261812104970906,-0.02263615622135257,-0.20306433364837473,-0.015677304067027876,-0.021324525855387046,-0.032283263746569736,-0.02410737523897551,-0.20306433364837473,0.19667839212453692,-0.20306433364837473,0.03580567588231666,-0.03575604458102794,-0.20306433364837473,-0.019853149476130705,0.17499179343002003,0.002582231072565129,-0.20486998069493123,-0.20306433364837473,-0.01575735262323453,-0.20306433364837473,-0.027297590845978787,-0.20306433364837473,-0.0667284341225669,0.0654268877820928,-0.041381687058325296,0.5480606692406537,0.005919264785804547,-0.03616817072131971,0.21279199853857628,-0.02173832949686113,0.017524179327787475,-0.026739128863196928,0.004430644572750702,-0.20306433364837473,-0.026320422034216598,-0.03201016931293233,-0.20306433364837473,1.0,0.041073070047054405,-0.036912242406273575,-0.20306433364837473,-0.008540315398701325,-0.038235101399397065,0.07406865069687843,-0.20306433364837473,-0.03161306243369142,0.08272238583688002,-0.03207124391147735,-0.0214144913208288,-0.014035772056178513,-0.20306433364837473,-0.20306433364837473,-0.023180329613021307,0.21039777359418177,-0.20306433364837473,-0.003382476534149026,-0.025522475005978724,0.1494162204357321,-0.20306433364837473,-0.022088176402282226,-0.20306433364837473,-0.20306433364837473,0.0056565243879217655,0.2096514998937372,-0.20306433364837473,-0.022085318815599515,-0.20306433364837473,0.5194276081067016,-0.20306433364837473,0.007933979845840627,0.06712702831533507,-0.17854257737089296,0.011972317116115927,-0.023504697472210383,0.1946540193138147,-0.20306433364837473,0.02703376917700298,-0.20306433364837473,-0.20306433364837473,0.047242668300342065,-0.08036923660763544,-0.20306433364837473,-0.20306433364837473,-0.015314688560348046,-0.19194345919242037,-0.15874169857420642,-0.011814170834442913,-0.03344895090571468,-0.05909633481514174,-0.035591315500755165,-0.20306433364837473,-0.20306433364837473,-0.20306433364837473,-0.20306433364837473,-0.06912490415438988,-0.03700679264266559,0.08528401947118837,-0.017698536374038266,-0.015692241373631163,-0.20306433364837473,0.02197011448928612,-0.024318222000364525,0.049706722508275236,-0.20306433364837473,-0.20306433364837473,-0.20306433364837473,-0.004160859409825867,-0.006636741862230951,-0.20306433364837473,-0.20306433364837473,0.16615829543486427,-0.009529354705860959,0.020060460868977826
T_Amp_aVF,0.0178922947447771,0.025317114664315545,-0.12695177194790297,-0.334434602026889,0.6097685191324138,0.024531136939655335,-0.013544303008777226,-0.019821876819453285,-0.013544303008777226,-0.17587180627159274,-0.011236775739399248,-0.06725395766248629,-0.01006600161583545,-0.013579460173274029,-0.028384231810238136,-0.20765627380262977,0.22817306675086588,-0.01006600161583545,-0.013544303008777226,0.03533256341944089,-0.013579460173274029,0.3451471129687575,-0.002885056324285389,0.1421411631730853,-0.013544303008777226,0.05275204440687771,0.03410236116950706,-0.13576549431376383,0.03337215667116712,-0.013579460173274029,-0.31914662137391875,-0.008169039261284441,-0.013544303008777226,-0.09936081265637942,-0.013579460173274029,-0.14741649914975574,-0.013544303008777226,-0.013544303008777226,0.042586127673812806,-0.013579460173274029,0.16254732620576912,-0.01006600161583545,-0.013544303008777226,-0.023422618048049758,-0.004753486199874181,-0.013544303008777226,0.03392931161061235,0.02274128796768383,-0.013579460173274029,0.04133879216052815,-0.1269389026570679,0.025697329031449917,0.029683411387192857,-0.01006600161583545,0.047108276999464065,-0.013544303008777226,0.5197298450918814,0.026429103288765105,-0.013544303008777226,-0.015870018621572377,0.025702333617807157,-0.05714843020105221,-0.010737089772975227,-0.013544303008777226,-0.07957658261827384,-0.01006600161583545,-0.014330815291662575,-0.013579460173274029,-0.17574790088197245,0.022525064312889,0.0062510581729020185,0.014758798186183576,2.05022146348857e-05,-0.2904195743186212,0.20006055220213484,0.04041375710503588,-0.032574065800209925,0.134165085454462,0.019703083664731717,-0.013544303008777226,0.029186256617774863,0.025661686511147037,-0.01006600161583545,0.041073070047054405,1.0,0.009084062759505507,-0.01006600161583545,0.03754138140042893,0.0005516036880100028,0.3121556375627849,-0.01006600161583545,0.008208346251604456,0.11994868739008985,0.03256439353859036,0.012754606905999177,0.012912635046155075,-0.013544303008777226,-0.013544303008777226,0.039860406754680076,-0.0026231256383195192,-0.013544303008777226,0.07077894394401166,-0.06996098297151002,-0.034667715017837004,-0.01006600161583545,-0.02884379950067072,-0.013544303008777226,-0.013544303008777226,-0.03144641489900549,0.15235271232119335,-0.013544303008777226,0.044666112659794976,-0.013544303008777226,0.10126606328454908,-0.013544303008777226,-0.01838263065872404,-0.054713203421497755,-0.012447264005979777,0.02342493941723638,0.002773386880805249,0.01876060019610512,-0.013544303008777226,0.01342688952894296,-0.013544303008777226,-0.013544303008777226,-0.022419504660954926,0.0008298040165463132,-0.013544303008777226,-0.013544303008777226,0.04898492902773614,-0.1613862298938306,-0.06650412822357779,0.043712423243339564,0.012221590567833694,-0.18308833772371355,0.00802317599771121,-0.01006600161583545,-0.013579460173274029,-0.013544303008777226,-0.01006600161583545,-0.04913384081772274,0.031540763736797595,-0.04917014262769521,-0.03700959715617586,0.03219394908981263,-0.013544303008777226,-0.1085227455042341,0.032373423369472916,-0.03669200993458602,-0.013544303008777226,-0.01006600161583545,-0.013579460173274029,-0.01754160789417145,0.3507935533891043,-0.013544303008777226,-0.013544303008777226,0.20765971769473934,-0.051156115380974726,-0.0024910687500972113
R_Amp_V6_iqr,0.21290479591697758,0.314569929280101,0.13022083754871278,0.06183326154990708,-0.007842828732942581,0.19396187690046635,0.10435517699818614,0.41518279190316953,0.10435517699818614,0.13019253332123595,-0.01268811928267286,-0.016201821308193472,0.09173189992124293,0.10435517699818614,0.04509831606636698,0.053399794984111085,-0.006553960833495459,0.09173189992124293,0.10435517699818614,-0.021619092646501976,0.10435517699818614,-0.006979307327635649,-0.06581251582169843,-0.023890540347071044,0.10435517699818614,0.24551544366300018,0.24292027375570088,0.031124529307565582,-0.0548364751100861,0.10435517699818614,0.03602786822007115,0.271947732509696,0.10435517699818614,0.0363482869839235,0.10435517699818614,-0.03359676900283852,0.10435517699818614,0.10435517699818614,0.3598709996271216,0.10435517699818614,0.035169532889280576,0.09173189992124293,0.10435517699818614,-0.02624761508159746,-0.0220305254737614,0.10435517699818614,0.2300839087335951,0.2626922103634449,0.10435517699818614,0.5070252901099018,0.02737788672805167,0.2736478365248651,0.23762538716404974,0.09173189992124293,-0.05006403596175027,0.10435517699818614,0.02806329976354481,0.2708657494906456,0.10435517699818614,0.21936550399249036,0.006898061939151309,0.03634932857569577,0.10327931141672203,0.10435517699818614,0.006560822524941206,0.09173189992124293,0.206886388245291,0.10435517699818614,0.14794333390097608,0.048034773716820425,0.23964732590873492,-0.03986534511033898,-0.006750307641771566,0.064051860175746,-0.021395025681647323,0.2570699713154973,0.0005149408245567283,-0.028324286152015224,0.30529334736470676,0.10435517699818614,0.3695561452913812,0.2512983501682668,0.09173189992124293,-0.036912242406273575,0.009084062759505507,1.0,0.09173189992124295,0.21894463391184316,0.2093104120539318,-0.011013453209299051,0.09173189992124295,0.23020760771533955,-0.024910249503088188,0.23072437892363756,0.2483026767107599,0.2613513257110774,0.10435517699818614,0.10435517699818614,0.25189692130933466,-0.011812997800597733,0.10435517699818614,-0.024836447546326433,0.08154643685471444,0.01150831380012864,0.09173189992124295,0.0859154965654208,0.10435517699818614,0.10435517699818614,0.03176023482785113,-0.022177132848414247,0.10435517699818614,0.2415893189531334,0.10435517699818614,-0.030242695629653732,0.10435517699818614,-0.04464543474535274,0.012305956497466637,0.017188437979502463,0.1936020211175108,0.23027796185846425,-0.09845866513992264,0.10435517699818614,-0.02775496795731645,0.10435517699818614,0.10435517699818614,0.09018871698698061,-0.025738488522248436,0.10435517699818614,0.10435517699818614,0.24405876674307242,0.03213481181865361,0.1333437312915927,0.22972838204048476,0.22987073865999394,0.19437643679911037,0.2311433703641002,0.09173189992124295,0.10435517699818614,0.10435517699818614,0.09173189992124295,0.08911270723319381,0.283881797114765,-0.05349872828898222,0.02643474744963344,0.2624775756915154,0.10435517699818614,0.04223550699696112,0.5105420408827621,-0.008880602745716287,0.10435517699818614,0.09173189992124295,0.10435517699818614,0.039783339952437116,-0.017414466437371937,0.10435517699818614,0.10435517699818614,0.0038511846640102154,0.0442737528802588,0.017092404318032925
ST_Elev_aVF_count,0.09067551891320634,0.07436164239989208,0.13805513304594894,0.05061646672401522,-0.0631427276758813,0.06564149405802629,0.7904285224513438,0.09609432862760002,0.7904285224513438,0.13983353307465315,-0.009764118222405617,-0.043921270662471236,1.0,0.7905391923461392,-0.0193376629152945,0.10890521812481126,0.010703386529943713,1.0,0.7904285224513438,-0.03426063325073105,0.7905391923461392,-0.060812792491177714,-0.016211866156094434,-0.18105500151107978,0.7904285224513438,0.062649645498929,0.07711883019374224,0.030443544276885406,0.05878575432196816,0.7905391923461392,0.16426726804206543,0.08542399875781696,0.7904285224513438,0.02725770678751996,0.7905391923461392,-0.07140532192675647,0.7904285224513438,0.7904285224513438,0.08660855853515216,0.7905391923461392,-0.044431211222848266,1.0,0.7904285224513438,-0.017179000001370785,-0.05466791652650778,0.7904285224513438,0.09149651212608913,0.07769709758338726,0.7905391923461392,0.07784797806989294,0.0836095365051139,0.08480301000775797,0.07111945049524179,1.0,-0.18331388855081693,0.7904285224513438,0.05582443594150009,0.08430278173556568,0.7904285224513438,0.06164899994914557,-0.00908556462027605,-0.015483883924972616,0.780473803678407,0.7904285224513438,0.028270105529464587,1.0,0.0648602913195838,0.7905391923461392,0.13660572374903127,0.04734840973974471,0.08476892774323472,-0.2058868796774257,-0.04450848808227836,0.07661383201615517,-0.18781372381538375,0.08023863220643025,0.03183681294331013,-0.09480853284251047,0.08603957277332111,0.7904285224513438,0.0803793107389145,0.10474430011301357,1.0,-0.20306433364837473,-0.01006600161583545,0.09173189992124295,1.0,0.08606686222548031,0.08001579164959507,-0.023857362254009893,1.0,0.08101646031609258,0.024475750797487567,0.09914434416441846,0.06840213700288837,0.0973999257222388,0.7904285224513437,0.7904285224513437,0.0794508263991755,-0.08499337959482024,0.7904285224513437,-0.002066398238684071,-0.0275146451148884,0.0029366542811671546,1.0,0.005785475579306738,0.7904285224513437,0.7904285224513437,-0.05745427563252061,-0.18378457668392426,0.7904285224513437,0.08950939285239481,0.7904285224513437,-0.1769557865849292,0.7904285224513437,-0.030239646442463842,0.006724529218598609,-0.031408629613938005,0.08520196099404607,0.0739037831427735,-0.705548323206989,0.7904285224513437,0.02959407520062623,0.7904285224513437,0.7904285224513437,-0.04914355960861011,-0.06308189985573766,0.7904285224513437,0.7904285224513437,0.08107262146272197,0.18248956933196353,0.12631269452102856,0.08200141533427666,0.10809210341265138,0.12017618169935507,0.08373765948600617,1.0,0.7905391923461392,0.7904285224513437,1.0,0.06531286245120502,0.08858702531664664,-0.07824757603347128,0.056394977852655924,0.07351032611890343,0.7904285224513437,0.02608777125966033,0.06937368163988841,0.09076729466611823,0.7904285224513437,1.0,0.7905391923461392,-0.029174719638432232,-0.08186842697662541,0.7904285224513437,0.7904285224513437,-0.1335061930246607,0.01810697284432198,-0.1262399473467558
Q_Amp_aVL_iqr,0.45423087000097523,0.2925707097522643,0.1114129285085941,0.08651305352781824,0.028629285726112903,0.18215307199156913,0.08460754234822261,0.18232159516035176,0.08460754234822261,0.10152938133797329,-0.003309831676157712,-0.007874150294691462,0.08606686222548031,0.08453326370054566,-0.01860786263828701,0.060128366131825824,0.0157909357397905,0.08606686222548031,0.08460754234822261,-0.010167264538851023,0.08453326370054566,0.025714725283985544,0.03488129129216711,0.006891101779369228,0.08460754234822261,0.25405333991372325,0.3643188254817853,0.0722282362322051,-0.015468485448147247,0.08453326370054566,-0.012439441232774141,0.16950412154997602,0.08460754234822261,0.02126626415284304,0.08453326370054566,-0.017711258455205194,0.08460754234822261,0.08460754234822261,0.3062631981419767,0.08453326370054566,0.009505855449789704,0.08606686222548031,0.08460754234822261,-0.00716205245436965,-0.015640663703458343,0.08460754234822261,0.3180324368939563,0.28918100038726574,0.08453326370054566,0.30226394950196156,0.04033910728814794,0.30065029302000307,0.479025176098324,0.08606686222548031,0.0041722131283238265,0.08460754234822261,0.03904175802937106,0.2706086870953522,0.08460754234822261,0.2709855702285408,0.008956432397599846,-0.004948348729211655,0.08298604949228372,0.08460754234822261,0.005730758145276323,0.08606686222548031,0.25287141236836563,0.08453326370054566,0.0905130495164271,0.020330729843413307,0.2427788340122828,-0.006382361273238529,0.033929490361709926,0.07282940511103543,0.0055737850652045,0.4185432459072848,0.04831155917873722,-0.004421044213206171,0.2675744942784059,0.08460754234822261,0.3003490252585745,0.30906756856320283,0.08606686222548031,-0.008540315398701325,0.03754138140042893,0.21894463391184316,0.08606686222548031,1.0,0.3786828704901154,0.020514617906139374,0.08606686222548031,0.2941369926741104,0.008608082719722233,0.3853141840688446,0.2817617178946196,0.23914742108146017,0.0846075423482226,0.0846075423482226,0.45005747917027467,-0.04335653777268927,0.0846075423482226,-0.00969977967753972,-0.024974547445821182,-0.0078524587572061,0.08606686222548031,-0.04998315862081879,0.0846075423482226,0.0846075423482226,-0.011827475290510462,0.011948907246569445,0.0846075423482226,0.3578881237817584,0.0846075423482226,0.003806591175613715,0.0846075423482226,0.03202679534586782,0.00304697452676726,-0.018229023737692546,0.1637228565649959,0.2807387169849354,-0.0782455437248099,0.0846075423482226,0.07660157667357692,0.0846075423482226,0.0846075423482226,0.04157984178802665,-0.023891664584449742,0.0846075423482226,0.0846075423482226,0.3962721563805589,-0.00558411191632261,0.11579027130631821,0.4754909733308039,0.1850266862997348,0.06077558812568513,0.3705872953800118,0.08606686222548031,0.08453326370054565,0.0846075423482226,0.08606686222548031,0.07090465829375688,0.2786003243348111,-0.00651035096431181,0.0668068229551996,0.289111028239339,0.0846075423482226,0.016298595729644698,0.29865063987903145,-0.010574248006607877,0.0846075423482226,0.08606686222548031,0.08453326370054565,-0.04267602912932381,0.0223808719898209,0.0846075423482226,0.0846075423482226,0.014854761772508187,0.05805041951932687,0.037413048264423425
T_Amp_I_iqr,0.46548700719089914,0.27298719779713226,0.1501561253069676,0.1094710632324382,-0.006421924184769673,0.15730564910460992,0.07620734039691135,0.1721109022526461,0.07620734039691135,0.1376228187203991,0.009316342184327649,0.006211949975017414,0.08001579164959507,0.07617825312592073,0.027926127453098745,0.12494052633382091,-0.018475037372235603,0.08001579164959507,0.07620734039691135,-0.02636774588149457,0.07617825312592073,-0.005644044223225945,-0.026948393422453705,-0.0128738552193842,0.07620734039691135,0.23535490349273225,0.3355063008355782,0.07528381227290454,-0.008746100950947628,0.07617825312592073,0.020903110223465218,0.1536870180518938,0.07620734039691135,0.04653977992805585,0.07617825312592073,-0.020311601355028686,0.07620734039691135,0.07620734039691135,0.26919267315056866,0.07617825312592073,0.02937260209283487,0.08001579164959507,0.07620734039691135,-0.018731945214621296,0.0011278081393180782,0.07620734039691135,0.33451809362944807,0.2646494645901975,0.07617825312592073,0.2649221165029053,0.11089014197258866,0.2682731076361433,0.47867244072888493,0.08001579164959507,-0.018348055423923558,0.07620734039691135,0.012103400746135116,0.24672473709263698,0.07620734039691135,0.24426561941413444,-0.0017601964718925135,0.028508078488271853,0.07413094272406963,0.07620734039691135,0.03411417332961855,0.08001579164959507,0.30803470815399725,0.07617825312592073,0.13219758556338343,0.030162545589999205,0.22046963941127168,-0.03222763399837586,-0.011436374540689038,0.11283699980139658,-0.0030460779195948615,0.33552424510018275,0.008975272504417875,-0.01919138888693782,0.24071234155342566,0.07620734039691135,0.2853973863142875,0.25689631162782395,0.08001579164959507,-0.038235101399397065,0.0005516036880100028,0.2093104120539318,0.08001579164959507,0.3786828704901154,1.0,-0.018571483318611876,0.08001579164959509,0.219854380454482,-0.015569930298850851,0.39651415799921047,0.2535461847366982,0.22429139578417062,0.07620734039691134,0.07620734039691134,0.3482164601626947,-0.04534604215288087,0.07620734039691134,-0.02061479950276765,0.023082053453972344,-0.008938435457404043,0.08001579164959509,0.027580386954160256,0.07620734039691134,0.07620734039691134,-0.023143784041799068,-0.005994414347246938,0.07620734039691134,0.31142826206196944,0.07620734039691134,-0.021137836116993273,0.07620734039691134,-0.024531974692798806,-0.0007254229235340833,0.015313619987445513,0.1353155587914901,0.20817304457823618,-0.07091734097290404,0.07620734039691134,-0.004811211647421768,0.07620734039691134,0.07620734039691134,0.016281852271112153,-0.025924783961308737,0.07620734039691134,0.07620734039691134,0.28998293250849394,0.011585851335820876,0.14056370292046752,0.29673210541962125,0.16725316154015768,0.10843507271867561,0.46404682163025845,0.08001579164959509,0.07617825312592073,0.07620734039691134,0.08001579164959509,0.08775717798241973,0.26200865856142724,-0.03793327955087704,0.07851864734470358,0.272683343629585,0.07620734039691134,0.03731092883572929,0.277574489253821,-0.005320419284544919,0.07620734039691134,0.08001579164959509,0.07617825312592073,0.015139343469072263,-0.0006557765845454004,0.07620734039691134,0.07620734039691134,0.014773236752534134,0.07451845377781553,0.03860721714820805
T_Amp_V4,-0.0010566747650041831,0.022312144104488323,-0.31340341463886157,-0.18941964465954964,0.43107259965303046,0.0067393361520200245,-0.0354474897679339,-0.005338719430798766,-0.0354474897679339,-0.37929069265232945,-0.013754161397402181,-0.06440034979086746,-0.023857362254009893,-0.0354474897679339,-0.08040801943306412,-0.24720456043351546,0.5975269104894507,-0.023857362254009893,-0.0354474897679339,0.06587777887109023,-0.0354474897679339,0.610441936295562,0.07772560933292716,0.1987804394621349,-0.0354474897679339,0.09070062265609498,0.008202270004653983,-0.08197408345005179,-0.008673828792483313,-0.0354474897679339,-0.38900719960072117,0.01089224552469456,-0.0354474897679339,-0.21470391694035484,-0.0354474897679339,0.18996629704922996,-0.0354474897679339,-0.0354474897679339,-0.000460004358896447,-0.0354474897679339,-0.012878738475103187,-0.023857362254009893,-0.0354474897679339,0.008139629440473129,-0.04093184878763236,-0.0354474897679339,0.014220908129277674,-0.0037765164270711945,-0.0354474897679339,0.004476061053650988,-0.20636633493224954,0.00483405677454523,0.014852691020981941,-0.023857362254009893,0.1489850792546555,-0.0354474897679339,0.09704732394075104,0.0023304427157518,-0.0354474897679339,-0.01013986309702981,-0.028070386801989367,-0.11561433813464372,-0.0328108163609067,-0.0354474897679339,-0.17347131867219837,-0.023857362254009893,-0.007231309442158415,-0.0354474897679339,-0.30076746748939326,0.013015651037960232,0.0005535693281551576,0.0068577375475053,0.06476344360979083,-0.2586811792406227,0.1543740441740434,0.020493622306160666,-0.0816683288674199,0.36936685553280846,-0.015199296621405409,-0.0354474897679339,0.0026928119238237122,0.012949843085279219,-0.023857362254009893,0.07406865069687843,0.3121556375627849,-0.011013453209299051,-0.023857362254009893,0.020514617906139374,-0.018571483318611876,1.0,-0.023857362254009893,0.005232674641691886,0.36955892145463404,0.004970121997677448,0.0033468858380162293,-0.00605316222082718,-0.0354474897679339,-0.0354474897679339,0.013230037419961666,-0.003021184686400847,-0.0354474897679339,0.13832258163118474,-0.06898007608533123,-0.08336110598186668,-0.023857362254009893,-0.08356917037812989,-0.0354474897679339,-0.0354474897679339,0.10044328327756813,0.17455702418087737,-0.0354474897679339,0.011496175991971986,-0.0354474897679339,0.1718110973779376,-0.0354474897679339,0.07047854407718468,-0.05991973926498068,-0.05339670452258599,0.02321708158064832,-0.0004904145795997329,0.038299243970168935,-0.0354474897679339,0.011089911256278185,-0.0354474897679339,-0.0354474897679339,0.08899298427072445,0.05996526396637116,-0.0354474897679339,-0.0354474897679339,0.019891004235667916,-0.1992647857714289,-0.20145149084482877,0.025889510069864004,0.0016925428568903252,-0.2628235246148744,-0.015149977262084184,-0.023857362254009893,-0.0354474897679339,-0.0354474897679339,-0.023857362254009893,-0.04291699300705393,0.04008258301435596,0.10099466446446606,-0.09942678026910431,0.022713566410380255,-0.0354474897679339,-0.2097139729038185,-0.000785632560080456,0.0004847562934815288,-0.0354474897679339,-0.023857362254009893,-0.0354474897679339,-0.0524269958094218,0.4646851982472776,-0.0354474897679339,-0.0354474897679339,0.09564413669608236,-0.06474003669901444,0.039029221417547035
ST_Elev_V2_count,0.09067551891320634,0.07436164239989208,0.13805513304594894,0.05061646672401522,-0.0631427276758813,0.06564149405802629,0.7904285224513438,0.09609432862760002,0.7904285224513438,0.13983353307465315,-0.009764118222405617,-0.043921270662471236,1.0,0.7905391923461392,-0.0193376629152945,0.10890521812481126,0.010703386529943713,1.0,0.7904285224513438,-0.03426063325073105,0.7905391923461392,-0.060812792491177714,-0.016211866156094434,-0.18105500151107978,0.7904285224513438,0.062649645498929,0.07711883019374224,0.030443544276885406,0.05878575432196816,0.7905391923461392,0.16426726804206543,0.08542399875781696,0.7904285224513438,0.02725770678751996,0.7905391923461392,-0.07140532192675647,0.7904285224513438,0.7904285224513438,0.08660855853515216,0.7905391923461392,-0.044431211222848266,1.0,0.7904285224513438,-0.017179000001370785,-0.05466791652650778,0.7904285224513438,0.09149651212608913,0.07769709758338726,0.7905391923461392,0.07784797806989294,0.0836095365051139,0.08480301000775797,0.07111945049524179,1.0,-0.18331388855081693,0.7904285224513438,0.05582443594150009,0.08430278173556568,0.7904285224513438,0.06164899994914557,-0.00908556462027605,-0.015483883924972616,0.780473803678407,0.7904285224513438,0.028270105529464587,1.0,0.0648602913195838,0.7905391923461392,0.13660572374903127,0.04734840973974471,0.08476892774323472,-0.2058868796774257,-0.04450848808227836,0.07661383201615517,-0.18781372381538375,0.08023863220643025,0.03183681294331013,-0.09480853284251047,0.08603957277332111,0.7904285224513438,0.0803793107389145,0.10474430011301357,1.0,-0.20306433364837473,-0.01006600161583545,0.09173189992124295,1.0,0.08606686222548031,0.08001579164959509,-0.023857362254009893,1.0,0.08101646031609258,0.024475750797487567,0.09914434416441846,0.06840213700288837,0.0973999257222388,0.7904285224513437,0.7904285224513437,0.0794508263991755,-0.08499337959482024,0.7904285224513437,-0.002066398238684071,-0.0275146451148884,0.0029366542811671546,1.0,0.005785475579306738,0.7904285224513437,0.7904285224513437,-0.05745427563252061,-0.18378457668392426,0.7904285224513437,0.08950939285239481,0.7904285224513437,-0.1769557865849292,0.7904285224513437,-0.030239646442463842,0.006724529218598609,-0.031408629613938005,0.08520196099404607,0.0739037831427735,-0.705548323206989,0.7904285224513437,0.02959407520062623,0.7904285224513437,0.7904285224513437,-0.04914355960861011,-0.06308189985573766,0.7904285224513437,0.7904285224513437,0.08107262146272197,0.18248956933196353,0.12631269452102856,0.08200141533427666,0.10809210341265138,0.12017618169935507,0.08373765948600617,1.0,0.7905391923461392,0.7904285224513437,1.0,0.06531286245120502,0.08858702531664664,-0.07824757603347128,0.056394977852655924,0.07351032611890343,0.7904285224513437,0.02608777125966033,0.06937368163988841,0.09076729466611823,0.7904285224513437,1.0,0.7905391923461392,-0.029174719638432232,-0.08186842697662541,0.7904285224513437,0.7904285224513437,-0.1335061930246607,0.01810697284432198,-0.1262399473467558
R_Amp_aVF_iqr,0.21582852831489652,0.23589025043732698,0.10870960810095692,0.10622801858676173,0.009007676717275535,0.17999888397139083,0.09223025090623173,0.22226450847834922,0.09223025090623173,0.09659194377046393,-0.040635123526420194,-0.05523165148740786,0.08101646031609258,0.09233169493158776,-0.026536103551520793,0.05233716946430745,0.005448943557005834,0.08101646031609258,0.09223025090623173,0.02587308284788016,0.09233169493158776,0.011619952009473335,0.012470749963680815,-0.017196325917366282,0.09223025090623173,0.21786622949889883,0.3357737882616057,0.08472263966705648,-0.11937003048922742,0.09233169493158776,0.001740577693215508,0.20215107622680517,0.09223025090623173,-0.017039354114443007,0.09233169493158776,0.0008061848923665391,0.09223025090623173,0.09223025090623173,0.2210670653205645,0.09233169493158776,-0.004830182335622552,0.08101646031609258,0.09223025090623173,0.014068168577760533,-0.0019255468018959316,0.09223025090623173,0.2944948754759898,0.19928254070329243,0.09233169493158776,0.21489637926622565,0.027816792046023022,0.21838376804647858,0.3065245655790503,0.08101646031609258,-0.02345316115458846,0.09223025090623173,0.010710606328363785,0.2100088548892678,0.09223025090623173,0.34522566084629397,0.021668800478751676,-0.02888870317474547,0.09228805513768668,0.09223025090623173,-0.032564509354291116,0.08101646031609258,0.25193774620744397,0.09233169493158776,0.08605050461973728,0.061942686500947156,0.2085987719067298,-0.02482157851151562,0.09079549411628755,0.08404361671521397,-0.024278100204901742,0.37605205542502745,-0.014474439275401835,0.006866894970150095,0.2113672914812789,0.09223025090623173,0.23185950305599035,0.45467439437696916,0.08101646031609258,-0.03161306243369142,0.008208346251604456,0.23020760771533955,0.08101646031609258,0.2941369926741104,0.219854380454482,0.005232674641691886,0.08101646031609258,1.0,-0.0021455098814526837,0.28769522235662637,0.1956051479853679,0.20868338859196145,0.09223025090623174,0.09223025090623174,0.3447680831419927,-0.013766695878529972,0.09223025090623174,0.029647368289309913,0.08046538483420394,-0.0027537053493037846,0.0810164603160926,0.026062108871162084,0.09223025090623174,0.09223025090623174,0.06093003649330103,-0.015640504499973232,0.09223025090623174,0.3288571547337868,0.09223025090623174,-0.02458629034009195,0.09223025090623174,0.050978520643977294,0.00881848947407946,-0.01171234146639985,0.16470364630315626,0.45860486307994963,-0.0865079897606631,0.09223025090623174,-0.0018489535651262056,0.09223025090623174,0.09223025090623174,0.10056334860924654,0.02163426131615005,0.09223025090623174,0.09223025090623174,0.3523027206498451,0.023908861080294358,0.10871480043473988,0.34458801383396637,0.1876662311536093,0.0645187038065253,0.2887989602149334,0.0810164603160926,0.09233169493158776,0.09223025090623174,0.0810164603160926,0.08453856192317954,0.2346731368299084,-0.012595786271666513,0.05612538567871039,0.22392377087937726,0.09223025090623174,-0.00906471025873537,0.21851533487785288,-0.004747430058267451,0.09223025090623174,0.0810164603160926,0.09233169493158776,-0.007833463240314082,0.007175996734771055,0.09223025090623174,0.09223025090623174,-0.017358841737752873,0.04849004800092269,0.04880578202845457
T_Amp_V2,-0.009865121465258569,0.007380998753512737,-0.28024766319491634,-0.0912785816907676,0.14845698497371762,0.042857392164031824,0.025069768503659856,0.004742649974257964,0.025069768503659856,-0.18482652835166613,-0.2325076284047314,0.018884716324585694,0.024475750797487567,0.025091584473967598,-0.03935076315603691,-0.08936306349817393,0.5721165817590261,0.024475750797487567,0.025069768503659856,0.0556944603921494,0.025091584473967598,0.1965212372761897,0.016713941285648418,0.024008642435700004,0.025069768503659856,0.11635505115589709,-0.013539389743177848,-0.0687509375534563,-0.0860284631316762,0.025091584473967598,-0.0827453340624088,0.048951345715384925,0.025069768503659856,-0.11127547611878764,0.025091584473967598,0.09695241164677094,0.025069768503659856,0.025069768503659856,-0.020943549963205514,0.025091584473967598,-0.018827934812431665,0.024475750797487567,0.025069768503659856,0.04618874864111984,-0.07074875262349684,0.025069768503659856,-0.00021365371209022214,-0.016586938300005308,0.025091584473967598,-0.0196890211386114,-0.10966258335827311,-0.007716881138952117,0.004166016546439216,0.024475750797487567,0.000641871169477109,0.025069768503659856,0.04429237725630001,0.003975857081722939,0.025069768503659856,0.01264106757569032,-0.06152476670216993,-0.07067650081276937,0.029981902050298208,0.025069768503659856,-0.06598887233462362,0.024475750797487567,0.009788804065442589,0.025091584473967598,-0.11844425034422794,-0.012361557788007033,0.017824034949745354,-0.011964576845988699,0.08116736073323959,-0.09698164570056625,0.004206310639922572,-0.0061018655453000704,-0.05803347363102586,0.14586518638973706,-0.018894745609260688,0.025069768503659856,-0.020334970442625184,0.0019933297767076455,0.024475750797487567,0.08272238583688002,0.11994868739008985,-0.024910249503088188,0.024475750797487567,0.008608082719722233,-0.015569930298850851,0.36955892145463404,0.024475750797487567,-0.0021455098814526837,1.0,-0.012691038406278438,0.017986242350908177,0.002713645608351122,0.025069768503659853,0.025069768503659853,-0.0008131762470315403,0.15321931882747677,0.025069768503659853,0.08337379159666186,0.05460667671750781,-0.11218590700141519,0.024475750797487567,0.014942166289846716,0.025069768503659853,0.025069768503659853,0.1038896631495992,-0.012801112235532864,0.025069768503659853,-0.01092438177665647,0.025069768503659853,0.09909109195272672,0.025069768503659853,0.04612438085296555,-0.062181172350130084,-0.2638468110915847,0.05987916217167496,0.010509007058728755,-0.019102373989545052,0.025069768503659853,-0.006419595246512681,0.025069768503659853,0.025069768503659853,0.08637919016310848,0.0919473865919369,0.025069768503659853,0.025069768503659853,0.0008288544398543931,-0.02834623256041991,-0.3772602031147173,0.014285521009891397,0.037172752407731775,-0.10103369555525515,-0.026505493312228078,0.024475750797487567,0.025091584473967598,0.025069768503659853,0.024475750797487567,-0.09103403500493518,0.02761586951529689,0.00859373977580051,-0.07930288947569042,0.03640677759921746,0.025069768503659853,-0.14757957823652756,-0.02638344673282242,0.3426080946289297,0.025069768503659853,0.024475750797487567,0.025091584473967598,-0.02509887571093771,0.11313529835914077,0.025069768503659853,0.025069768503659853,0.005477172869961326,-0.019582755155260992,0.01048289059872784
Q_Amp_aVR_iqr,0.45768896845118867,0.2992696018948789,0.14045450466504142,0.1106414257382739,0.019459800082058994,0.17572248880361263,0.10339486718829108,0.18122857190880326,0.10339486718829108,0.12974374786357418,0.013929009557402198,-0.007119638731264033,0.09914434416441846,0.10334074432388159,0.03406115694190848,0.10848621021867064,-0.000847119828292497,0.09914434416441846,0.10339486718829108,-0.018901210083310575,0.10334074432388159,0.016675957795384517,-0.022559078715878984,0.001870410958340118,0.10339486718829108,0.2594465517927258,0.4692875612957389,0.07560125240379077,0.021467602282370817,0.10334074432388159,0.005471702628184718,0.16538058589643073,0.10339486718829108,0.0537250375840692,0.10334074432388159,-0.023234989879408436,0.10339486718829108,0.10339486718829108,0.31636211136169257,0.10334074432388159,0.026677026665142763,0.09914434416441846,0.10339486718829108,-0.028308236892248883,-0.008053537338323175,0.10339486718829108,0.4296792067027222,0.3029431260087921,0.10334074432388159,0.32073664415940467,0.06761063024059784,0.3217048537603618,0.40051433946480414,0.09914434416441846,-0.020759475498930036,0.10339486718829108,0.03790155571501132,0.2771977006632726,0.10339486718829108,0.2191380089881288,0.0007522541674208005,0.042066687235438015,0.10138518044744417,0.10339486718829108,0.04443722407130761,0.09914434416441846,0.2475555503869936,0.10334074432388159,0.12145062186398672,0.030701005446327142,0.25285181665904954,-0.034365369464878594,-0.021514331701907186,0.1197390374954699,0.005956792780861542,0.439019897664682,0.022208394862952716,-0.00799220057128909,0.2830135036707976,0.10339486718829108,0.31028979886227265,0.3768992330109346,0.09914434416441846,-0.03207124391147735,0.03256439353859036,0.23072437892363756,0.09914434416441846,0.3853141840688446,0.39651415799921047,0.004970121997677448,0.09914434416441846,0.28769522235662637,-0.012691038406278438,1.0,0.29527247476354995,0.24882370436513884,0.10339486718829109,0.10339486718829109,0.393977961956876,-0.048452503010469966,0.10339486718829109,-0.04286309069654875,-0.015328908146346874,-0.002807329159011281,0.09914434416441846,0.011023376950271358,0.10339486718829109,0.10339486718829109,-0.0386916127932951,0.006689467999428092,0.10339486718829109,0.5139347733700128,0.10339486718829109,-0.012308458154810513,0.10339486718829109,-0.028130719314933113,-1.0294043821956003e-05,0.0179932164626776,0.16121919895951511,0.23974222829776862,-0.09584251113558932,0.10339486718829109,-0.004316765325453999,0.10339486718829109,0.10339486718829109,0.005370083506134289,-0.037171681297420364,0.10339486718829109,0.10339486718829109,0.41221254873310764,-0.0021721037687661444,0.13780268584065364,0.3585653402869582,0.18805862411126031,0.09502904779704487,0.5071018707324532,0.09914434416441846,0.10334074432388159,0.10339486718829109,0.09914434416441846,0.08816315491233136,0.28914763785339914,-0.02824898188483659,0.06770463106489827,0.30611703368298804,0.10339486718829109,0.03565700563864402,0.3126769001068046,-0.014060327772302615,0.10339486718829109,0.09914434416441846,0.10334074432388159,0.01947028096988024,0.018840079698786715,0.10339486718829109,0.10339486718829109,0.022741480060690652,0.06367275923540947,0.0275036516637482
S_Amp_V1_iqr,0.2553113431187386,0.3232173516965363,0.13300210675424684,0.08272258470727453,-0.002224051320940716,0.3478432936863227,0.07138422960563863,0.21012126318450003,0.07138422960563863,0.1249110684070263,-0.0005835413337307783,0.01140908925655287,0.06840213700288837,0.07129744469762592,0.03530402108117312,0.07148036233399971,0.01418345785919769,0.06840213700288837,0.07138422960563863,-0.03938579111706363,0.07129744469762592,-0.004725690090152289,-0.016782983011340454,-0.005739516660350254,0.07138422960563863,0.3213783370121632,0.30808364954126394,0.04893409529438452,0.004161349128368757,0.07129744469762592,0.02579579339974044,0.19185929314462374,0.07138422960563863,0.05823654535521812,0.07129744469762592,-0.034014181247405795,0.07138422960563863,0.07138422960563863,0.32711778410614184,0.07129744469762592,0.02955728459907738,0.06840213700288837,0.07138422960563863,-0.021706003615493324,-0.014610359249129533,0.07138422960563863,0.24516802153841452,0.3700611461780367,0.07129744469762592,0.32133694020928383,0.04594368965423787,0.5668352729110043,0.29522645380191487,0.06840213700288837,-0.023605312275681124,0.07138422960563863,0.025436395742540842,0.3177067938552879,0.07138422960563863,0.15799499766977082,-0.04734808669609552,0.054647693818501375,0.0703079826562306,0.07138422960563863,0.04751784745183313,0.06840213700288837,0.15779971737699283,0.07129744469762592,0.12822118529213605,-0.05248273591780968,0.3100720118763039,-0.03142579295068681,-0.016234822019542603,0.0859453136875524,-0.002908715562717064,0.320416236562363,0.04236660782781574,-0.03103888590636811,0.30040814695439916,0.07138422960563863,0.33617523775930025,0.2399310264922558,0.06840213700288837,-0.0214144913208288,0.012754606905999177,0.2483026767107599,0.06840213700288837,0.2817617178946196,0.2535461847366982,0.0033468858380162293,0.06840213700288837,0.1956051479853679,0.017986242350908177,0.29527247476354995,1.0,0.2864786979829513,0.07138422960563863,0.07138422960563863,0.3046497865298494,-0.035139135444464606,0.07138422960563863,-0.06046387529932519,0.0008515740177237834,-0.02368925416167132,0.06840213700288837,0.01311245269021198,0.07138422960563863,0.07138422960563863,-0.01164339031964279,-0.0055502927795117825,0.07138422960563863,0.3001778379105316,0.07138422960563863,-0.004157910479262587,0.07138422960563863,-0.021449174776317307,-0.0016084052659904179,-0.005014578778398469,0.22046549355993358,0.17473608177536662,-0.06719962123161177,0.07138422960563863,0.01245494459682777,0.07138422960563863,0.07138422960563863,0.032790987560344764,-0.030677967203544095,0.07138422960563863,0.07138422960563863,0.290378905285015,0.009972914658615845,0.130161484221836,0.28073364653249505,0.23672297955258437,0.11431548655398317,0.2955223323457043,0.06840213700288837,0.0712974446976259,0.07138422960563863,0.06840213700288837,0.16018040514730617,0.329494391845412,-0.03144304558532066,0.04009492968765204,0.541032206775748,0.07138422960563863,0.04041549506495564,0.327608244544754,0.030341502658455734,0.07138422960563863,0.06840213700288837,0.0712974446976259,0.011337032457613182,-0.010033593652364984,0.07138422960563863,0.07138422960563863,0.024321051806343186,0.046708924052764715,0.04915899118847312
Q_Amp_V3_iqr,0.21927807178163353,0.33476811875811324,0.19284437271510427,0.07119361846164458,-0.008050510744000242,0.22950986727320452,0.10642376558653302,0.23530803841045692,0.10642376558653302,0.1315049381603568,-0.017679257139487804,-0.0010322369902663593,0.0973999257222388,0.1063166428503187,0.03277761251370131,0.06211297919442897,0.006581674218263064,0.0973999257222388,0.10642376558653302,-0.0324649383340102,0.1063166428503187,-0.012724221907340608,-0.026879343319519147,-0.004351667044369243,0.10642376558653302,0.2941507323773402,0.26609013390698616,0.04487961993672573,0.007626649367216447,0.1063166428503187,0.030553142081139906,0.23411341211119538,0.10642376558653302,0.0467943288621258,0.1063166428503187,-0.04590434067279585,0.10642376558653302,0.10642376558653302,0.3169491173731139,0.1063166428503187,0.027369942399277473,0.0973999257222388,0.10642376558653302,0.006672687168840635,-0.12111905648656332,0.10642376558653302,0.23167685342875977,0.2948526192749234,0.1063166428503187,0.30459500464304096,0.04434525752301216,0.30528119876431015,0.2506796327610316,0.0973999257222388,-0.027566975921129843,0.10642376558653302,0.030421285071199716,0.39440038036294206,0.10642376558653302,0.16828710960052973,0.036910875838406854,0.04361007096492233,0.10579050721172585,0.10642376558653302,0.03223226465349956,0.0973999257222388,0.16180317045608184,0.1063166428503187,0.13247330924156667,0.03657607562059979,0.3236454376982216,-0.017340501726163075,-0.023865907530770707,0.07021940052094894,-0.006599624956896514,0.2762202828329852,0.03681490573299193,-0.04250927904191405,0.34178495995787705,0.10642376558653302,0.3193487997023351,0.23452735507659309,0.0973999257222388,-0.014035772056178513,0.012912635046155075,0.2613513257110774,0.0973999257222388,0.23914742108146017,0.22429139578417062,-0.00605316222082718,0.0973999257222388,0.20868338859196145,0.002713645608351122,0.24882370436513884,0.2864786979829513,1.0,0.10642376558653302,0.10642376558653302,0.2632336077928488,-0.004273957499449623,0.10642376558653302,-0.043838996287048834,0.0036199119108868707,0.08980508603993884,0.0973999257222388,0.016775691812120082,0.10642376558653302,0.10642376558653302,-0.00387267135598599,-0.007490456325779749,0.10642376558653302,0.26551239109281166,0.10642376558653302,-0.004063156367696966,0.10642376558653302,-0.0286802331218797,0.16125604662286688,-0.047865761487025656,0.2400218775743249,0.188737939237048,-0.09955685914187669,0.10642376558653302,0.007590476531552299,0.10642376558653302,0.10642376558653302,0.02699677617703524,-0.03526056075607025,0.10642376558653302,0.10642376558653302,0.25602424769156007,0.01571079442173682,0.12533661181032743,0.2375568985192795,0.3670918540018854,0.11474418294908972,0.25425145824760453,0.0973999257222388,0.10631664285031868,0.10642376558653302,0.0973999257222388,0.09870666107769806,0.47461100207803497,-0.032123088929764884,0.04847838625473299,0.30202025159011814,0.10642376558653302,0.05783184178063766,0.3053899752228503,0.025594710880144703,0.10642376558653302,0.0973999257222388,0.10631664285031868,0.015514175395777157,-0.016381122004835037,0.10642376558653302,0.10642376558653302,0.015493792966947122,0.030908808902696514,0.0326981338981308
Q_Amp_V1_count,0.09225889000708774,0.0811384091573505,0.13805513304594894,0.05061646672401522,-0.07347182783233144,0.07462706781364958,1.0,0.10812326851166051,1.0,0.13983353307465315,-0.0027952218534831267,-0.07266659859821599,0.7904285224513437,0.9998631395220794,-0.03026255774970611,0.10890521812481126,0.0064263080931702835,0.7904285224513437,1.0,-0.03814740950535641,0.9998631395220794,-0.07280769202276784,-0.008332288302197085,-0.18105500151107978,1.0,0.07124778792589087,0.08367197006065688,0.030443544276885406,0.07099133654759573,0.9998631395220794,0.20027571200042515,0.09786833627528904,1.0,0.03132056458930073,0.9998631395220794,-0.0732737932059546,1.0,1.0,0.09461559318844953,0.9998631395220794,-0.044431211222848266,0.7904285224513437,1.0,-0.021881591399580593,-0.06083329940742301,1.0,0.09908331700198185,0.07893775971918174,0.9998631395220794,0.08685018884901723,0.0836095365051139,0.09340480937276176,0.07084588168111203,0.7904285224513437,-0.18331388855081693,1.0,0.06360460876835958,0.08522273558207892,1.0,0.06607363075615759,-0.008540198085799314,-0.025000307430738156,0.9870742722502791,1.0,0.03288958198779447,0.7904285224513437,0.06736015673410424,0.9998631395220794,0.13660572374903127,0.05427361390793818,0.09276669060786319,-0.2058868796774257,-0.04800984418556759,0.07661383201615517,-0.18781372381538375,0.08518039643002075,0.039383543539852316,-0.10682932789406178,0.09369763329965,1.0,0.08882522291799093,0.11776894398678853,0.7904285224513437,-0.20306433364837473,-0.013544303008777226,0.10435517699818614,0.7904285224513437,0.0846075423482226,0.07620734039691134,-0.0354474897679339,0.7904285224513437,0.09223025090623174,0.025069768503659853,0.10339486718829109,0.07138422960563863,0.10642376558653302,1.0,1.0,0.08127021680507342,-0.08499337959482024,1.0,-0.0005538322546483856,-0.03998974405081656,0.0060011309429193515,0.7904285224513438,-0.003004583911185397,1.0,1.0,-0.07772441902000934,-0.18378457668392426,1.0,0.09700376946515875,1.0,-0.1769557865849292,1.0,-0.025718473718976922,0.004321050880991544,-0.030171394886381146,0.09747806924483259,0.08309647974160522,-0.8999688535773165,1.0,0.03828088158774032,1.0,1.0,-0.06507142221338419,-0.0756148718768401,1.0,1.0,0.08638912536450107,0.18248956933196353,0.12631269452102856,0.08902636760910229,0.12245579251797557,0.12017618169935507,0.08454866056159195,0.7904285224513438,0.9998631395220793,1.0,0.7904285224513438,0.06531286245120502,0.09837093439708264,-0.07824757603347128,0.056394977852655924,0.07772733700943997,1.0,0.02633079341515808,0.07778682868844511,0.1040421692494278,1.0,0.7904285224513438,0.9998631395220793,-0.0408555830932044,-0.09752976019453018,1.0,1.0,-0.1335061930246607,0.0077472477820141996,-0.1498226208824431
T_Amp_I_count,0.09225889000708774,0.0811384091573505,0.13805513304594894,0.05061646672401522,-0.07347182783233144,0.07462706781364958,1.0,0.10812326851166051,1.0,0.13983353307465315,-0.0027952218534831267,-0.07266659859821599,0.7904285224513437,0.9998631395220794,-0.03026255774970611,0.10890521812481126,0.0064263080931702835,0.7904285224513437,1.0,-0.03814740950535641,0.9998631395220794,-0.07280769202276784,-0.008332288302197085,-0.18105500151107978,1.0,0.07124778792589087,0.08367197006065688,0.030443544276885406,0.07099133654759573,0.9998631395220794,0.20027571200042515,0.09786833627528904,1.0,0.03132056458930073,0.9998631395220794,-0.0732737932059546,1.0,1.0,0.09461559318844953,0.9998631395220794,-0.044431211222848266,0.7904285224513437,1.0,-0.021881591399580593,-0.06083329940742301,1.0,0.09908331700198185,0.07893775971918174,0.9998631395220794,0.08685018884901723,0.0836095365051139,0.09340480937276176,0.07084588168111203,0.7904285224513437,-0.18331388855081693,1.0,0.06360460876835958,0.08522273558207892,1.0,0.06607363075615759,-0.008540198085799314,-0.025000307430738156,0.9870742722502791,1.0,0.03288958198779447,0.7904285224513437,0.06736015673410424,0.9998631395220794,0.13660572374903127,0.05427361390793818,0.09276669060786319,-0.2058868796774257,-0.04800984418556759,0.07661383201615517,-0.18781372381538375,0.08518039643002075,0.039383543539852316,-0.10682932789406178,0.09369763329965,1.0,0.08882522291799093,0.11776894398678853,0.7904285224513437,-0.20306433364837473,-0.013544303008777226,0.10435517699818614,0.7904285224513437,0.0846075423482226,0.07620734039691134,-0.0354474897679339,0.7904285224513437,0.09223025090623174,0.025069768503659853,0.10339486718829109,0.07138422960563863,0.10642376558653302,1.0,1.0,0.08127021680507342,-0.08499337959482024,1.0,-0.0005538322546483856,-0.03998974405081656,0.0060011309429193515,0.7904285224513438,-0.003004583911185397,1.0,1.0,-0.07772441902000934,-0.18378457668392426,1.0,0.09700376946515875,1.0,-0.1769557865849292,1.0,-0.025718473718976922,0.004321050880991544,-0.030171394886381146,0.09747806924483259,0.08309647974160522,-0.8999688535773165,1.0,0.03828088158774032,1.0,1.0,-0.06507142221338419,-0.0756148718768401,1.0,1.0,0.08638912536450107,0.18248956933196353,0.12631269452102856,0.08902636760910229,0.12245579251797557,0.12017618169935507,0.08454866056159195,0.7904285224513438,0.9998631395220793,1.0,0.7904285224513438,0.06531286245120502,0.09837093439708264,-0.07824757603347128,0.056394977852655924,0.07772733700943997,1.0,0.02633079341515808,0.07778682868844511,0.1040421692494278,1.0,0.7904285224513438,0.9998631395220793,-0.0408555830932044,-0.09752976019453018,1.0,1.0,-0.1335061930246607,0.0077472477820141996,-0.1498226208824431
T_Amp_III_iqr,0.3366762253796065,0.3358277234282698,0.12481683097863304,0.11258652368800195,0.03884756336651549,0.19441826949568425,0.08127021680507342,0.19781771097889275,0.08127021680507342,0.11484460169761951,0.007208723568609648,-0.03135574390118349,0.0794508263991755,0.08123576288569055,-0.0011861701781452241,0.052921471594603677,0.008127592652531733,0.0794508263991755,0.08127021680507342,-0.01352239560591415,0.08123576288569055,0.03538703034108559,0.01693802377591841,0.01420494421155368,0.08127021680507342,0.28051411510503804,0.47122850775748193,0.10431895510303214,-0.020150178853524672,0.08123576288569055,-0.021066179481344736,0.17895631689131805,0.08127021680507342,0.024499222357387246,0.08123576288569055,-0.011064061225993353,0.08127021680507342,0.08127021680507342,0.33528725604967724,0.08123576288569055,0.01809148466520531,0.0794508263991755,0.08127021680507342,-0.01626341696474229,0.007822525679021,0.08127021680507342,0.3288031588086348,0.31132777849185456,0.08123576288569055,0.33520470606322944,0.022715979413713384,0.33028718009344776,0.5422155391774629,0.0794508263991755,0.005207182601014042,0.08127021680507342,0.032507291218610984,0.29293129721760447,0.08127021680507342,0.2607231124658052,0.025735120204786726,0.002875165733733672,0.08030975612234698,0.08127021680507342,0.011077334425997603,0.0794508263991755,0.20728450779341104,0.08123576288569055,0.10666887082058839,0.03871361449209224,0.2662950114436154,-0.01702897608320693,0.02909166648876738,0.08459988171864137,0.017860655188418763,0.6034716370591265,0.028512549943191877,0.012364274798765345,0.30162380652362436,0.08127021680507342,0.34984705643320996,0.358091047717454,0.0794508263991755,-0.023180329613021307,0.039860406754680076,0.25189692130933466,0.0794508263991755,0.45005747917027467,0.3482164601626947,0.013230037419961666,0.0794508263991755,0.3447680831419927,-0.0008131762470315403,0.393977961956876,0.3046497865298494,0.2632336077928488,0.08127021680507342,0.08127021680507342,1.0,-0.049637206714927,0.08127021680507342,-0.015298720272446938,-0.01208571625969373,-0.0009919843131386797,0.07945082639917549,-0.018472454062160037,0.08127021680507342,0.08127021680507342,-0.008891228112754827,0.021254800903098756,0.08127021680507342,0.4309593277727281,0.08127021680507342,-0.0052223662029407675,0.08127021680507342,0.019967460849573217,-0.005700880189693932,0.007790480083542081,0.16547934045588428,0.3242608873132542,-0.07505019324048881,0.08127021680507342,0.025910229022805518,0.08127021680507342,0.08127021680507342,0.04057707980981064,-0.009471726698042787,0.08127021680507342,0.08127021680507342,0.4725862043154597,-0.018841399177108607,0.12290359250192874,0.49431305740747933,0.19405767793623982,0.07842806301455255,0.3984258865074439,0.07945082639917549,0.08123576288569055,0.08127021680507342,0.07945082639917549,0.08811810526072911,0.31480995334200196,-0.00620960631831426,0.06753668283379875,0.32642305704600644,0.08127021680507342,0.009293941347484487,0.3482638967558482,-0.02303746682966006,0.08127021680507342,0.07945082639917549,0.08123576288569055,-0.009747648352710366,0.04245190220744919,0.08127021680507342,0.08127021680507342,0.023875862717223695,0.041286250406860625,0.04221664979927514
ST_Elev_V1,-0.03944652912005382,-0.027601307368274326,-0.12475803855117616,-0.02289120642415353,-0.07865337700204941,0.023299591089910646,-0.08499337959482024,0.006953507223168722,-0.08499337959482024,-0.04749786100003371,-0.2721660258206359,0.07683718800683469,-0.08499337959482024,-0.08499337959482024,0.02165583586730286,0.04350663324621601,0.10178249095138138,-0.08499337959482024,-0.08499337959482024,-0.0005078467627078764,-0.08499337959482024,-0.10570182069309743,-0.0721576308695175,-0.052006910448024225,-0.08499337959482024,-0.026319650315120395,-0.04986340000012777,-0.01806595070018199,-0.09268921948914274,-0.08499337959482024,0.1284201799109055,0.01278747769323145,-0.08499337959482024,0.022561978721420132,-0.08499337959482024,-0.15126223712170153,-0.08499337959482024,-0.08499337959482024,-0.022004788924399162,-0.08499337959482024,0.06845949738661826,-0.08499337959482024,-0.08499337959482024,-0.007582274698556813,-0.1101711686439063,-0.08499337959482024,-0.033631445203585436,-0.04008085193079601,-0.08499337959482024,-0.01756937434632752,0.053542167562908805,-0.05397690930717895,-0.0489841457195559,-0.08499337959482024,-0.1323981389926263,-0.08499337959482024,0.08542515911734581,-0.025171767345635386,-0.08499337959482024,0.014177772511587266,0.06438836873004447,0.010329746240752684,-0.08628592607280494,-0.08499337959482024,0.03496163567697723,-0.08499337959482024,0.005923491030572031,-0.08499337959482024,0.01220463809266728,0.11055669899014457,-0.023964019234017853,0.26805418502942235,0.03209096750415529,0.0182444583036445,-0.078651293208732,-0.05412996981313526,0.013691707335975347,-0.16511232509000512,-0.008087502358946707,-0.08499337959482024,-0.03223852550936014,-0.019427477891299758,-0.08499337959482024,0.21039777359418177,-0.0026231256383195192,-0.011812997800597733,-0.08499337959482024,-0.04335653777268927,-0.04534604215288087,-0.003021184686400847,-0.08499337959482024,-0.013766695878529972,0.15321931882747677,-0.048452503010469966,-0.035139135444464606,-0.004273957499449623,-0.08499337959482024,-0.08499337959482024,-0.049637206714927,1.0,-0.08499337959482024,-0.014847454987782376,0.12330047687528221,0.03338586730124854,-0.08499337959482024,0.10201201904476842,-0.08499337959482024,-0.08499337959482024,0.06147445142012666,-0.12359877641019372,-0.08499337959482024,-0.04732751697943092,-0.08499337959482024,0.08687617048745787,-0.08499337959482024,-0.028489803492627874,0.025202124868506166,-0.16402079745686263,-0.0018811343957154114,0.00622262515643591,0.08255462440102912,-0.08499337959482024,-0.009293475381948201,-0.08499337959482024,-0.08499337959482024,0.08162873491587726,-0.0019000337807112359,-0.08499337959482024,-0.08499337959482024,-0.04000901001153065,0.13927539226579155,-0.18437794119690695,-0.027590741178355544,0.002142565348402658,0.03132859318417627,-0.04991922352698744,-0.08499337959482024,-0.08499337959482024,-0.08499337959482024,-0.08499337959482024,-0.03792051642009851,-0.03613419775764331,-0.12061120977196274,0.02912826474912261,-0.027785408836329774,-0.08499337959482024,0.019127529569861516,-0.03133068656159307,0.260530894065637,-0.08499337959482024,-0.08499337959482024,-0.08499337959482024,0.02110610071502525,-0.14135523891265184,-0.08499337959482024,-0.08499337959482024,-0.007541603238613967,0.03764591912631508,-0.06427478236078693
S_Amp_V3_count,0.09225889000708774,0.0811384091573505,0.13805513304594894,0.05061646672401522,-0.07347182783233144,0.07462706781364958,1.0,0.10812326851166051,1.0,0.13983353307465315,-0.0027952218534831267,-0.07266659859821599,0.7904285224513437,0.9998631395220794,-0.03026255774970611,0.10890521812481126,0.0064263080931702835,0.7904285224513437,1.0,-0.03814740950535641,0.9998631395220794,-0.07280769202276784,-0.008332288302197085,-0.18105500151107978,1.0,0.07124778792589087,0.08367197006065688,0.030443544276885406,0.07099133654759573,0.9998631395220794,0.20027571200042515,0.09786833627528904,1.0,0.03132056458930073,0.9998631395220794,-0.0732737932059546,1.0,1.0,0.09461559318844953,0.9998631395220794,-0.044431211222848266,0.7904285224513437,1.0,-0.021881591399580593,-0.06083329940742301,1.0,0.09908331700198185,0.07893775971918174,0.9998631395220794,0.08685018884901723,0.0836095365051139,0.09340480937276176,0.07084588168111203,0.7904285224513437,-0.18331388855081693,1.0,0.06360460876835958,0.08522273558207892,1.0,0.06607363075615759,-0.008540198085799314,-0.025000307430738156,0.9870742722502791,1.0,0.03288958198779447,0.7904285224513437,0.06736015673410424,0.9998631395220794,0.13660572374903127,0.05427361390793818,0.09276669060786319,-0.2058868796774257,-0.04800984418556759,0.07661383201615517,-0.18781372381538375,0.08518039643002075,0.039383543539852316,-0.10682932789406178,0.09369763329965,1.0,0.08882522291799093,0.11776894398678853,0.7904285224513437,-0.20306433364837473,-0.013544303008777226,0.10435517699818614,0.7904285224513437,0.0846075423482226,0.07620734039691134,-0.0354474897679339,0.7904285224513437,0.09223025090623174,0.025069768503659853,0.10339486718829109,0.07138422960563863,0.10642376558653302,1.0,1.0,0.08127021680507342,-0.08499337959482024,1.0,-0.0005538322546483856,-0.03998974405081656,0.0060011309429193515,0.7904285224513438,-0.003004583911185397,1.0,1.0,-0.07772441902000934,-0.18378457668392426,1.0,0.09700376946515875,1.0,-0.1769557865849292,1.0,-0.025718473718976922,0.004321050880991544,-0.030171394886381146,0.09747806924483259,0.08309647974160522,-0.8999688535773165,1.0,0.03828088158774032,1.0,1.0,-0.06507142221338419,-0.0756148718768401,1.0,1.0,0.08638912536450107,0.18248956933196353,0.12631269452102856,0.08902636760910229,0.12245579251797557,0.12017618169935507,0.08454866056159195,0.7904285224513438,0.9998631395220793,1.0,0.7904285224513438,0.06531286245120502,0.09837093439708264,-0.07824757603347128,0.056394977852655924,0.07772733700943997,1.0,0.02633079341515808,0.07778682868844511,0.1040421692494278,1.0,0.7904285224513438,0.9998631395220793,-0.0408555830932044,-0.09752976019453018,1.0,1.0,-0.1335061930246607,0.0077472477820141996,-0.1498226208824431
Q_Amp_aVR,-0.021750179823446715,-0.05308607005669324,-0.11291434224542098,-0.12120765119038972,0.16691478680228386,-0.0009136552932174935,-0.0005538322546483856,-0.014156030370729046,-0.0005538322546483856,-0.14356154877212832,-0.08861368972404554,-0.20746929676969503,-0.002066398238684071,-0.0006071760220786968,-0.29742200229439225,-0.198573805921855,0.09123877814235362,-0.002066398238684071,-0.0005538322546483856,0.3481426059998875,-0.0006071760220786968,0.19127739341013925,0.1519246008800773,0.11541675920220591,-0.0005538322546483856,-0.02026774157786023,-0.02670040522047252,-0.039509947047407346,-0.31269184415068846,-0.0006071760220786968,-0.248889750119618,-0.007416767899132834,-0.0005538322546483856,-0.5112773131359383,-0.0006071760220786968,0.18401998068411074,-0.0005538322546483856,-0.0005538322546483856,-0.051265375456541355,-0.0006071760220786968,-0.09237721908067686,-0.002066398238684071,-0.0005538322546483856,0.13065267038708012,0.17076330751301255,-0.0005538322546483856,0.007000751828354659,-0.05715639151313306,-0.0006071760220786968,-0.04749850266548128,-0.16264935279740408,-0.0382450031313491,-0.011129721407655233,-0.002066398238684071,0.1350704190680139,-0.0005538322546483856,-0.06021973260291982,-0.03039716510204576,-0.0005538322546483856,0.03385276310665941,-0.038387908178907824,-0.542737566425906,6.619854878545828e-05,-0.0005538322546483856,-0.5432957283567739,-0.002066398238684071,0.03910160526476854,-0.0006071760220786968,-0.14691889887839737,0.06498424693890827,-0.017089656486142822,0.010486827823130176,0.2895065489122518,-0.18452154885961525,0.06164091295913153,-0.01442391551653951,-0.42490697150290974,0.22764438899264836,-0.06463575686555313,-0.0005538322546483856,-0.05415696136848234,0.005637793650113847,-0.002066398238684071,-0.003382476534149026,0.07077894394401166,-0.024836447546326433,-0.002066398238684071,-0.00969977967753972,-0.02061479950276765,0.13832258163118474,-0.002066398238684071,0.029647368289309913,0.08337379159666186,-0.04286309069654875,-0.06046387529932519,-0.043838996287048834,-0.0005538322546483856,-0.0005538322546483856,-0.015298720272446938,-0.014847454987782376,-0.0005538322546483856,1.0,0.14209392610294283,-0.1210344613544313,-0.002066398238684071,-0.041443378521328934,-0.0005538322546483856,-0.0005538322546483856,0.1612582085700111,0.13132079142207442,-0.0005538322546483856,-0.04431644341042264,-0.0005538322546483856,0.04363272004414504,-0.0005538322546483856,0.2263484651511832,-0.11753256647716993,0.025123462203283656,-0.037578265763810244,0.03440851326458155,0.005531326279238824,-0.0005538322546483856,-0.05179012777251541,-0.0005538322546483856,-0.0005538322546483856,0.1549643609939726,0.20149921843774976,-0.0005538322546483856,-0.0005538322546483856,-0.03675788596833017,-0.111856909458522,-0.1075097898813627,-0.02010133229110563,-0.04032623389018042,-0.14242327992334644,-0.026750000880674234,-0.002066398238684071,-0.0006071760220786969,-0.0005538322546483856,-0.002066398238684071,-0.03361467824494317,-0.04432603671642109,0.13713791708180567,-0.07400438265904337,-0.029330735103231354,-0.0005538322546483856,-0.36123482343829705,-0.04785361180820053,-0.06916164201785932,-0.0005538322546483856,-0.002066398238684071,-0.0006071760220786969,-0.1366377436818281,0.20034727999552623,-0.0005538322546483856,-0.0005538322546483856,-0.008223063100685121,-0.12219790036340784,-0.054032540937227785
R_Amp_I,0.002418050283081913,-0.004183594263866926,-9.348440282615685e-05,0.061802407418601366,-0.07062133098113664,-0.0017837570461655943,-0.03998974405081656,0.1247482258257428,-0.03998974405081656,0.03222953895538047,-0.22629233647138167,0.021162135866341417,-0.0275146451148884,-0.039937629786190074,0.15528512804746636,-0.009294002020233895,-0.01744381353109693,-0.0275146451148884,-0.03998974405081656,0.0942688883783479,-0.039937629786190074,-0.09366323625656488,-0.3629738889833001,-0.07111324724140947,-0.03998974405081656,-0.011689050647349734,-0.026053102354609406,0.0011873083967726726,-0.4618528091350854,-0.039937629786190074,0.060085251817493295,0.09672829891196756,-0.03998974405081656,-0.0317377031505495,-0.039937629786190074,0.006175716523934834,-0.03998974405081656,-0.03998974405081656,0.003169867049040455,-0.039937629786190074,0.09000454159371353,-0.0275146451148884,-0.03998974405081656,0.02033104489269371,0.08945989301184018,-0.03998974405081656,0.02994990178371513,-0.00028992651106845023,-0.039937629786190074,0.00039982625560923955,-0.062126465934841696,-0.007678071096822633,0.006722042723450737,-0.0275146451148884,-0.14697935816918672,-0.03998974405081656,-0.05388430199688296,0.018587032912517447,-0.03998974405081656,0.18064544290800225,-0.10760105144761428,0.03535303609467199,-0.03956130236789839,-0.03998974405081656,-0.028089755651422386,-0.0275146451148884,0.17358034174489004,-0.039937629786190074,0.029867765656919478,0.08282080010182763,0.018219006831644548,-0.0053098708793562575,0.04296421443494765,0.034596166239364866,-0.036076278413049674,-0.024557423798179743,-0.3568556624478104,-0.02386961572637353,-0.001552488665114567,-0.03998974405081656,-0.0012354220698970356,0.02180160570081099,-0.0275146451148884,-0.025522475005978724,-0.06996098297151002,0.08154643685471444,-0.0275146451148884,-0.024974547445821182,0.023082053453972344,-0.06898007608533123,-0.0275146451148884,0.08046538483420394,0.05460667671750781,-0.015328908146346874,0.0008515740177237834,0.0036199119108868707,-0.03998974405081656,-0.03998974405081656,-0.01208571625969373,0.12330047687528221,-0.03998974405081656,0.14209392610294283,1.0,-0.10280310056156587,-0.0275146451148884,0.5985352124339541,-0.03998974405081656,-0.03998974405081656,0.1746391996820704,-0.07449830626389446,-0.03998974405081656,-0.02351859393122909,-0.03998974405081656,-0.04720635079491373,-0.03998974405081656,-0.18741990005632153,-0.048536057534454544,0.0357998244846189,-0.02086347263326622,0.12635364020742862,0.038321094404751524,-0.03998974405081656,-0.33895784191977274,-0.03998974405081656,-0.03998974405081656,0.20662389722095487,0.0993760334403568,-0.03998974405081656,-0.03998974405081656,0.013064666921954949,0.1067308314409426,-0.0542843092107801,0.0036699693246605766,0.027872972865046374,0.022451387262343536,-0.006567430876459705,-0.0275146451148884,-0.039937629786190074,-0.03998974405081656,-0.0275146451148884,-0.03148377582452576,-0.010278835981670625,-0.1653644399487398,-0.09709222723348454,-0.0013468634642482358,-0.03998974405081656,-0.0298456694960398,-0.0038863307537371082,0.10616418732972888,-0.03998974405081656,-0.0275146451148884,-0.039937629786190074,0.23637480753937626,-0.09614684162616871,-0.03998974405081656,-0.03998974405081656,0.024337368817208403,0.015407891442416288,-0.0765568377143478
S_Amp_V3,-0.009343371611240072,-0.003334092090531992,0.06776388536122573,0.03720152352797181,-0.06529480573136083,-0.009375951866975426,0.0060011309429193515,-0.005616951090143554,0.0060011309429193515,0.07109153956159682,-0.02715869671537337,0.08634473069473772,0.0029366542811671546,0.005905972733228227,0.04472794172750094,0.07585814839734308,-0.06556697478316552,0.0029366542811671546,0.0060011309429193515,-0.11903123593264306,0.005905972733228227,-0.07894751583468652,-0.011975267578472996,0.024729784764419005,0.0060011309429193515,-0.01688313659021357,0.004515721476760918,0.007260468248126124,0.1382780408991254,0.005905972733228227,0.07258414510528152,-0.06751965414861809,0.0060011309429193515,0.14240636048112834,0.005905972733228227,-0.06359406298156309,0.0060011309429193515,0.0060011309429193515,0.006956798126313407,0.005905972733228227,0.020860471508270598,0.0029366542811671546,0.0060011309429193515,-0.09472814265234698,-0.4655488431035862,0.0060011309429193515,-0.013312373727695075,-0.030475684986849296,0.005905972733228227,-0.0047097506195599,0.07543410077170726,-0.013418862412774275,-0.009084383342098845,0.0029366542811671546,-0.0003450408771379609,0.0060011309429193515,0.009607009815832285,-0.11918533779379269,0.0060011309429193515,-0.011209412030640556,0.3997961875422593,0.0870306888069447,0.00641799097019314,0.0060011309429193515,0.09394342381909596,0.0029366542811671546,-0.03008184565076421,0.005905972733228227,0.06009566525009211,0.17694356480115842,-0.04570767783715234,0.1194562881924581,-0.10377458185892136,0.06396787503966034,0.004287093726021347,0.00024174069214058934,0.10990090468012546,-0.08737965159380678,0.054945968517127804,0.0060011309429193515,0.0021505209258525023,-0.0019304889767876748,0.0029366542811671546,0.1494162204357321,-0.034667715017837004,0.01150831380012864,0.0029366542811671546,-0.0078524587572061,-0.008938435457404043,-0.08336110598186668,0.0029366542811671546,-0.0027537053493037846,-0.11218590700141519,-0.002807329159011281,-0.02368925416167132,0.08980508603993884,0.0060011309429193515,0.0060011309429193515,-0.0009919843131386797,0.03338586730124854,0.0060011309429193515,-0.1210344613544313,-0.10280310056156587,1.0,0.0029366542811671546,-0.040097948755094155,0.006001130942919352,0.006001130942919352,-0.11988686704588661,-0.008380932543426116,0.006001130942919352,0.004975872458036595,0.006001130942919352,0.08370201042638578,0.006001130942919352,-0.048284876642865376,0.3495145831289798,-0.1460560691184389,0.04143044169799863,-0.0007293933323239222,-0.006864986420887996,0.006001130942919352,0.040261287948284964,0.006001130942919352,0.006001130942919352,-0.05219900385684691,-0.2978605311425159,0.006001130942919352,0.006001130942919352,-0.007046927880514584,-0.006639935588324054,0.09094251318922011,-0.017805406293267705,-0.031342500081709274,0.0650933131184967,0.004386123509911578,0.0029366542811671546,0.005905972733228227,0.006001130942919352,0.0029366542811671546,0.019494369097623407,-0.0030752641669300404,-0.004547967971455837,0.026289055864176236,-0.014506517335560397,0.006001130942919352,0.23626718851597242,-0.003080258218452251,-0.04933800249671455,0.006001130942919352,0.0029366542811671546,0.005905972733228227,0.011399507995466,-0.06740863129692513,0.006001130942919352,0.006001130942919352,0.005692761238448768,0.039355923942570294,0.012316337445997019
ST_Elev_II_count,0.09067551891320634,0.07436164239989208,0.13805513304594894,0.05061646672401522,-0.0631427276758813,0.06564149405802629,0.7904285224513438,0.09609432862760002,0.7904285224513438,0.13983353307465315,-0.009764118222405617,-0.043921270662471236,1.0,0.7905391923461392,-0.0193376629152945,0.10890521812481126,0.010703386529943713,1.0,0.7904285224513438,-0.03426063325073105,0.7905391923461392,-0.060812792491177714,-0.016211866156094434,-0.18105500151107978,0.7904285224513438,0.062649645498929,0.07711883019374224,0.030443544276885406,0.05878575432196816,0.7905391923461392,0.16426726804206543,0.08542399875781696,0.7904285224513438,0.02725770678751996,0.7905391923461392,-0.07140532192675647,0.7904285224513438,0.7904285224513438,0.08660855853515216,0.7905391923461392,-0.044431211222848266,1.0,0.7904285224513438,-0.017179000001370785,-0.05466791652650778,0.7904285224513438,0.09149651212608913,0.07769709758338726,0.7905391923461392,0.07784797806989294,0.0836095365051139,0.08480301000775797,0.07111945049524179,1.0,-0.18331388855081693,0.7904285224513438,0.05582443594150009,0.08430278173556568,0.7904285224513438,0.06164899994914557,-0.00908556462027605,-0.015483883924972616,0.780473803678407,0.7904285224513438,0.028270105529464587,1.0,0.0648602913195838,0.7905391923461392,0.13660572374903127,0.04734840973974471,0.08476892774323472,-0.2058868796774257,-0.04450848808227836,0.07661383201615517,-0.18781372381538375,0.08023863220643025,0.03183681294331013,-0.09480853284251047,0.08603957277332111,0.7904285224513438,0.0803793107389145,0.10474430011301357,1.0,-0.20306433364837473,-0.01006600161583545,0.09173189992124295,1.0,0.08606686222548031,0.08001579164959509,-0.023857362254009893,1.0,0.0810164603160926,0.024475750797487567,0.09914434416441846,0.06840213700288837,0.0973999257222388,0.7904285224513438,0.7904285224513438,0.07945082639917549,-0.08499337959482024,0.7904285224513438,-0.002066398238684071,-0.0275146451148884,0.0029366542811671546,1.0,0.005785475579306738,0.7904285224513437,0.7904285224513437,-0.05745427563252061,-0.18378457668392426,0.7904285224513437,0.08950939285239481,0.7904285224513437,-0.1769557865849292,0.7904285224513437,-0.030239646442463842,0.006724529218598609,-0.031408629613938005,0.08520196099404607,0.0739037831427735,-0.705548323206989,0.7904285224513437,0.02959407520062623,0.7904285224513437,0.7904285224513437,-0.04914355960861011,-0.06308189985573766,0.7904285224513437,0.7904285224513437,0.08107262146272197,0.18248956933196353,0.12631269452102856,0.08200141533427666,0.10809210341265138,0.12017618169935507,0.08373765948600617,1.0,0.7905391923461392,0.7904285224513437,1.0,0.06531286245120502,0.08858702531664664,-0.07824757603347128,0.056394977852655924,0.07351032611890343,0.7904285224513437,0.02608777125966033,0.06937368163988841,0.09076729466611823,0.7904285224513437,1.0,0.7905391923461392,-0.029174719638432232,-0.08186842697662541,0.7904285224513437,0.7904285224513437,-0.1335061930246607,0.01810697284432198,-0.1262399473467558
R_Amp_aVL,0.01934477058666076,0.005768061575533116,0.03451978216271005,0.10065154560090218,-0.07684138930115524,-0.03136391912509236,-0.003004583911185397,0.1143074629962348,-0.003004583911185397,0.07501002652880265,-0.11986075590244602,0.1398121693231364,0.005785475579306738,-0.00297652991459727,0.38097990050180364,0.08401901507108983,-0.03436738450880069,0.005785475579306738,-0.003004583911185397,-0.030851538886620025,-0.00297652991459727,-0.1257886764328441,-0.7001593062528139,-0.07249724054436979,-0.003004583911185397,-0.01751431563410793,-0.02482026239828185,-0.014470853484952726,-0.09792870204973866,-0.00297652991459727,0.129322368515537,0.07535957101150026,-0.003004583911185397,0.14835768708955344,-0.00297652991459727,-0.10295244715450157,-0.003004583911185397,-0.003004583911185397,0.028596110450817582,-0.00297652991459727,0.20708984230273414,0.005785475579306738,-0.003004583911185397,-0.0836154294817174,-0.008658817482968961,-0.003004583911185397,0.012730546256988808,0.023759081698477517,-0.00297652991459727,0.022669360065698044,0.004510583878402849,-0.0009689919078817987,0.0022771800354108537,0.005785475579306738,-0.21788904972015943,-0.003004583911185397,0.027599990804575102,0.020520802544005186,-0.003004583911185397,0.13439360134120001,-0.12929931295223424,0.2677836109354507,-0.002815447356307557,-0.003004583911185397,0.15956157577957322,0.005785475579306738,0.11813018747917048,-0.00297652991459727,0.08945192874048155,0.01355927150033445,0.010019819231729274,-0.03504782043248851,-0.29937605424645664,0.11027460378684818,0.007155128756445975,-0.0322491964503676,-0.29542529120998384,-0.11452757117987325,0.03631365668049882,-0.003004583911185397,0.006949881815854585,-0.003792439620728012,0.005785475579306738,-0.022088176402282226,-0.02884379950067072,0.0859154965654208,0.005785475579306738,-0.04998315862081879,0.027580386954160256,-0.08356917037812989,0.005785475579306738,0.026062108871162084,0.014942166289846716,0.011023376950271358,0.01311245269021198,0.016775691812120082,-0.003004583911185397,-0.003004583911185397,-0.018472454062160037,0.10201201904476842,-0.003004583911185397,-0.041443378521328934,0.5985352124339541,-0.040097948755094155,0.005785475579306738,1.0,-0.0030045839111853966,-0.0030045839111853966,-0.045439300212629395,-0.08223038506034815,-0.0030045839111853966,0.011671437791284255,-0.0030045839111853966,-0.02972153535795472,-0.0030045839111853966,-0.5203585558093363,-0.010539570550783195,0.07537908517420004,-0.020066614152016306,0.07878400676922587,0.003819981517378803,-0.0030045839111853966,-0.4914924445685464,-0.0030045839111853966,-0.0030045839111853966,-0.03644357575230159,-0.08489117293734526,-0.0030045839111853966,-0.0030045839111853966,0.03555181152990483,0.11004162575548916,-0.0056567206556303274,-0.01146057318148858,0.03175276167199665,0.08705862548199204,2.8301739032723397e-05,0.005785475579306738,-0.00297652991459727,-0.0030045839111853966,0.005785475579306738,-0.025157615859221154,-0.008243150374374411,-0.2801115733252828,-0.09984430838050053,-0.005836825960390382,-0.0030045839111853966,0.12145913873288311,0.00611540972655645,0.12409789254779338,-0.0030045839111853966,0.005785475579306738,-0.00297652991459727,0.42845545291835796,-0.13393264895213447,-0.0030045839111853966,-0.0030045839111853966,0.10604233178285599,0.05896782096600662,-0.10795479297965617
T_Amp_aVR_count,0.09225889000708774,0.0811384091573505,0.13805513304594894,0.05061646672401522,-0.07347182783233144,0.07462706781364958,1.0,0.10812326851166051,1.0,0.13983353307465315,-0.0027952218534831267,-0.07266659859821599,0.7904285224513437,0.9998631395220794,-0.03026255774970611,0.10890521812481126,0.0064263080931702835,0.7904285224513437,1.0,-0.03814740950535641,0.9998631395220794,-0.07280769202276784,-0.008332288302197085,-0.18105500151107978,1.0,0.07124778792589087,0.08367197006065688,0.030443544276885406,0.07099133654759573,0.9998631395220794,0.20027571200042515,0.09786833627528904,1.0,0.03132056458930073,0.9998631395220794,-0.0732737932059546,1.0,1.0,0.09461559318844953,0.9998631395220794,-0.044431211222848266,0.7904285224513437,1.0,-0.021881591399580593,-0.06083329940742301,1.0,0.09908331700198185,0.07893775971918174,0.9998631395220794,0.08685018884901723,0.0836095365051139,0.09340480937276176,0.07084588168111203,0.7904285224513437,-0.18331388855081693,1.0,0.06360460876835958,0.08522273558207892,1.0,0.06607363075615759,-0.008540198085799314,-0.025000307430738156,0.9870742722502791,1.0,0.03288958198779447,0.7904285224513437,0.06736015673410424,0.9998631395220794,0.13660572374903127,0.05427361390793818,0.09276669060786319,-0.2058868796774257,-0.04800984418556759,0.07661383201615517,-0.18781372381538375,0.08518039643002075,0.039383543539852316,-0.10682932789406178,0.09369763329965,1.0,0.08882522291799093,0.11776894398678853,0.7904285224513437,-0.20306433364837473,-0.013544303008777226,0.10435517699818614,0.7904285224513437,0.0846075423482226,0.07620734039691134,-0.0354474897679339,0.7904285224513437,0.09223025090623174,0.025069768503659853,0.10339486718829109,0.07138422960563863,0.10642376558653302,1.0,1.0,0.08127021680507342,-0.08499337959482024,1.0,-0.0005538322546483856,-0.03998974405081656,0.006001130942919352,0.7904285224513437,-0.0030045839111853966,1.0,1.0,-0.07772441902000934,-0.18378457668392426,1.0,0.09700376946515875,1.0,-0.1769557865849292,1.0,-0.025718473718976922,0.004321050880991544,-0.030171394886381146,0.09747806924483259,0.08309647974160522,-0.8999688535773165,1.0,0.03828088158774032,1.0,1.0,-0.06507142221338419,-0.0756148718768401,1.0,1.0,0.08638912536450107,0.18248956933196353,0.12631269452102856,0.08902636760910229,0.12245579251797557,0.12017618169935507,0.08454866056159195,0.7904285224513438,0.9998631395220793,1.0,0.7904285224513438,0.06531286245120502,0.09837093439708264,-0.07824757603347128,0.056394977852655924,0.07772733700943997,1.0,0.02633079341515808,0.07778682868844511,0.1040421692494278,1.0,0.7904285224513438,0.9998631395220793,-0.0408555830932044,-0.09752976019453018,1.0,1.0,-0.1335061930246607,0.0077472477820141996,-0.1498226208824431
T_Amp_V2_count,0.09225889000708774,0.0811384091573505,0.13805513304594894,0.05061646672401522,-0.07347182783233144,0.07462706781364958,1.0,0.10812326851166051,1.0,0.13983353307465315,-0.0027952218534831267,-0.07266659859821599,0.7904285224513437,0.9998631395220794,-0.03026255774970611,0.10890521812481126,0.0064263080931702835,0.7904285224513437,1.0,-0.03814740950535641,0.9998631395220794,-0.07280769202276784,-0.008332288302197085,-0.18105500151107978,1.0,0.07124778792589087,0.08367197006065688,0.030443544276885406,0.07099133654759573,0.9998631395220794,0.20027571200042515,0.09786833627528904,1.0,0.03132056458930073,0.9998631395220794,-0.0732737932059546,1.0,1.0,0.09461559318844953,0.9998631395220794,-0.044431211222848266,0.7904285224513437,1.0,-0.021881591399580593,-0.06083329940742301,1.0,0.09908331700198185,0.07893775971918174,0.9998631395220794,0.08685018884901723,0.0836095365051139,0.09340480937276176,0.07084588168111203,0.7904285224513437,-0.18331388855081693,1.0,0.06360460876835958,0.08522273558207892,1.0,0.06607363075615759,-0.008540198085799314,-0.025000307430738156,0.9870742722502791,1.0,0.03288958198779447,0.7904285224513437,0.06736015673410424,0.9998631395220794,0.13660572374903127,0.05427361390793818,0.09276669060786319,-0.2058868796774257,-0.04800984418556759,0.07661383201615517,-0.18781372381538375,0.08518039643002075,0.039383543539852316,-0.10682932789406178,0.09369763329965,1.0,0.08882522291799093,0.11776894398678853,0.7904285224513437,-0.20306433364837473,-0.013544303008777226,0.10435517699818614,0.7904285224513437,0.0846075423482226,0.07620734039691134,-0.0354474897679339,0.7904285224513437,0.09223025090623174,0.025069768503659853,0.10339486718829109,0.07138422960563863,0.10642376558653302,1.0,1.0,0.08127021680507342,-0.08499337959482024,1.0,-0.0005538322546483856,-0.03998974405081656,0.006001130942919352,0.7904285224513437,-0.0030045839111853966,1.0,1.0,-0.07772441902000934,-0.18378457668392426,1.0,0.09700376946515875,1.0,-0.1769557865849292,1.0,-0.025718473718976922,0.004321050880991544,-0.030171394886381146,0.09747806924483259,0.08309647974160522,-0.8999688535773165,1.0,0.03828088158774032,1.0,1.0,-0.06507142221338419,-0.0756148718768401,1.0,1.0,0.08638912536450107,0.18248956933196353,0.12631269452102856,0.08902636760910229,0.12245579251797557,0.12017618169935507,0.08454866056159195,0.7904285224513438,0.9998631395220793,1.0,0.7904285224513438,0.06531286245120502,0.09837093439708264,-0.07824757603347128,0.056394977852655924,0.07772733700943997,1.0,0.02633079341515808,0.07778682868844511,0.1040421692494278,1.0,0.7904285224513438,0.9998631395220793,-0.0408555830932044,-0.09752976019453018,1.0,1.0,-0.1335061930246607,0.0077472477820141996,-0.1498226208824431
R_Amp_V5,-0.037052848527900535,0.016831219114433842,-0.11277406741407688,-0.041759131088706394,-0.0006368284018690041,0.024595172224248365,-0.07772441902000934,0.10508806603823731,-0.07772441902000934,-0.13025021362379505,-0.14431669474652012,-0.1101856142163852,-0.05745427563252061,-0.07772441902000934,-0.15761054465044827,-0.0720350091606439,0.13174568565332673,-0.05745427563252061,-0.07772441902000934,0.15226428767171302,-0.07772441902000934,0.06270242773596338,0.16576441037948564,-0.06612048364036856,-0.07772441902000934,0.0339430527235955,-0.018897856870934204,0.019442144435537507,-0.4022111281813474,-0.07772441902000934,-0.04635887719138102,0.139206152496334,-0.07772441902000934,-0.3720995751201501,-0.07772441902000934,0.058878921325670706,-0.07772441902000934,-0.07772441902000934,-0.05739200591817104,-0.07772441902000934,-0.09565895608806863,-0.05745427563252061,-0.07772441902000934,0.09263531557099057,0.12716430783054988,-0.07772441902000934,0.0012798536366078936,-0.017516807621731113,-0.07772441902000934,-0.042041819801048694,-0.04457870229519212,-0.014164775958391516,-0.013594411205735032,-0.05745427563252061,0.03354612372564884,-0.07772441902000934,-0.049428289092097275,0.008940233831501915,-0.07772441902000934,0.07572591056378541,0.01570743087178828,-0.20174410216764582,-0.07720907073040184,-0.07772441902000934,-0.31750108142645067,-0.05745427563252061,0.06888657725886614,-0.07772441902000934,-0.14621090712740742,0.10685877448506491,0.0205481187374403,0.028527270225528704,0.3827125213592663,-0.059724915191264855,-0.057881763992560856,-0.009118109696040823,-0.06383967915612504,0.052200218809999616,-0.051387354106686524,-0.07772441902000934,0.0005264634151359664,0.024025372767300022,-0.05745427563252061,0.0056565243879217655,-0.03144641489900549,0.03176023482785113,-0.05745427563252061,-0.011827475290510462,-0.023143784041799068,0.10044328327756813,-0.05745427563252061,0.06093003649330103,0.1038896631495992,-0.0386916127932951,-0.01164339031964279,-0.00387267135598599,-0.07772441902000934,-0.07772441902000934,-0.008891228112754827,0.06147445142012666,-0.07772441902000934,0.1612582085700111,0.1746391996820704,-0.11988686704588661,-0.05745427563252061,-0.045439300212629395,-0.07772441902000934,-0.07772441902000934,1.0,-0.050132353936417975,-0.07772441902000934,-0.049242408589987505,-0.07772441902000934,-0.04162299777691244,-0.07772441902000934,0.26379583915214094,-0.06356887521683918,-0.0300202334776036,0.028587729288083334,0.07217065289693701,0.07228194072030861,-0.07772441902000934,0.029372226207544386,-0.07772441902000934,-0.07772441902000934,0.661534565648992,0.5256061403504801,-0.07772441902000934,-0.07772441902000934,-0.028936874584140966,0.021995836058901506,-0.08344411379438889,0.0011979644708279154,0.04262049564660138,-0.1257813949077526,-0.021377821664113863,-0.05745427563252061,-0.07772441902000934,-0.07772441902000934,-0.05745427563252061,-0.014485676427405728,0.012420667656850607,0.08234873635347394,0.009657839507255178,0.0001126708341654183,-0.07772441902000934,-0.3120112070272613,-0.01915574308613908,0.026414487006563517,-0.07772441902000934,-0.05745427563252061,-0.07772441902000934,-0.08970860199980939,0.04224070910188622,-0.07772441902000934,-0.07772441902000934,-0.07829969358731684,-0.038524833523470796,0.055878928051058804
ST_Elev_V6,0.00013149542414769898,0.0022186448102751903,-0.13788656595740972,-0.09713509646411085,0.26399337872065415,-0.012300993497104038,-0.18378457668392426,-0.05519099156902865,-0.18378457668392426,-0.18037106002114708,0.15352160973290285,-0.11976414546161464,-0.18378457668392426,-0.18378457668392426,-0.03188749469951948,-0.2028032893481575,0.057245723109240435,-0.18378457668392426,-0.18378457668392426,0.06223137868010129,-0.18378457668392426,0.2797880627814471,0.06409992337251515,0.6231809413251209,-0.18378457668392426,0.009619816837734512,0.025076525021805088,-0.022519602764809094,0.024381096251983734,-0.18378457668392426,-0.38917314534344827,-0.04908483539724214,-0.18378457668392426,-0.1310398107486986,-0.18378457668392426,0.1607789097150423,-0.18378457668392426,-0.18378457668392426,0.01540146722116506,-0.18378457668392426,0.03586568557087841,-0.18378457668392426,-0.18378457668392426,0.03145254571631019,0.09904105987976668,-0.18378457668392426,0.013204780208863568,0.0006239449540924049,-0.18378457668392426,0.008926349780685868,-0.16626798413453794,0.013743556030114115,0.02081897688076765,-0.18378457668392426,0.4583945681803716,-0.18378457668392426,-0.02009630580783918,-0.00290392083273991,-0.18378457668392426,-0.02605023036233976,0.037910848651686174,-0.0697452086765255,-0.18367536060050096,-0.18378457668392426,-0.12386330903579092,-0.18378457668392426,-0.025719648314922697,-0.18378457668392426,-0.17937385109566487,-0.021650868486552344,0.0015738120352971183,0.11821581411100823,0.003457620634770357,-0.17883514979753862,0.488468687780372,0.030899217448871728,-0.12955430905459756,0.2749589594729241,0.004810173560120229,-0.18378457668392426,0.01232158070406454,-0.011725929387308692,-0.18378457668392426,0.2096514998937372,0.15235271232119335,-0.022177132848414247,-0.18378457668392426,0.011948907246569445,-0.005994414347246938,0.17455702418087737,-0.18378457668392426,-0.015640504499973232,-0.012801112235532864,0.006689467999428092,-0.0055502927795117825,-0.007490456325779749,-0.18378457668392426,-0.18378457668392426,0.021254800903098756,-0.12359877641019372,-0.18378457668392426,0.13132079142207442,-0.07449830626389446,-0.008380932543426116,-0.18378457668392426,-0.08223038506034815,-0.18378457668392426,-0.18378457668392426,-0.050132353936417975,1.0,-0.18378457668392426,0.020154990478665754,-0.18378457668392426,0.3864238869553179,-0.18378457668392426,0.03573385987492558,-0.04354484355862313,0.10416112635080922,-0.033491676204776284,-0.020810313709691435,0.17863917154345288,-0.18378457668392426,-0.048367479523371414,-0.18378457668392426,-0.18378457668392426,-0.06295637321624044,0.03148653276474771,-0.18378457668392426,-0.18378457668392426,0.019782113675015464,-0.5379140402781606,-0.08180731157769143,0.006582995436044159,-0.05567103792589772,-0.15875772757429074,0.005144940538196579,-0.18378457668392426,-0.18378457668392426,-0.18378457668392426,-0.18378457668392426,0.02661558239098598,-0.0011992679850302496,0.2286379837346982,-0.06817798814805184,0.010804857155106554,-0.18378457668392426,-0.12163787070489777,0.019355481922264942,-0.19933308665681268,-0.18378457668392426,-0.18378457668392426,-0.18378457668392426,0.006044216565357466,0.2956481632254308,-0.18378457668392426,-0.18378457668392426,0.29150666949137616,-0.08633888502565161,0.039429842744854816
S_Amp_V1_count,0.09225889000708774,0.0811384091573505,0.13805513304594894,0.05061646672401522,-0.07347182783233144,0.07462706781364958,1.0,0.10812326851166051,1.0,0.13983353307465315,-0.0027952218534831267,-0.07266659859821599,0.7904285224513437,0.9998631395220794,-0.03026255774970611,0.10890521812481126,0.0064263080931702835,0.7904285224513437,1.0,-0.03814740950535641,0.9998631395220794,-0.07280769202276784,-0.008332288302197085,-0.18105500151107978,1.0,0.07124778792589087,0.08367197006065688,0.030443544276885406,0.07099133654759573,0.9998631395220794,0.20027571200042515,0.09786833627528904,1.0,0.03132056458930073,0.9998631395220794,-0.0732737932059546,1.0,1.0,0.09461559318844953,0.9998631395220794,-0.044431211222848266,0.7904285224513437,1.0,-0.021881591399580593,-0.06083329940742301,1.0,0.09908331700198185,0.07893775971918174,0.9998631395220794,0.08685018884901723,0.0836095365051139,0.09340480937276176,0.07084588168111203,0.7904285224513437,-0.18331388855081693,1.0,0.06360460876835958,0.08522273558207892,1.0,0.06607363075615759,-0.008540198085799314,-0.025000307430738156,0.9870742722502791,1.0,0.03288958198779447,0.7904285224513437,0.06736015673410424,0.9998631395220794,0.13660572374903127,0.05427361390793818,0.09276669060786319,-0.2058868796774257,-0.04800984418556759,0.07661383201615517,-0.18781372381538375,0.08518039643002075,0.039383543539852316,-0.10682932789406178,0.09369763329965,1.0,0.08882522291799093,0.11776894398678853,0.7904285224513437,-0.20306433364837473,-0.013544303008777226,0.10435517699818614,0.7904285224513437,0.0846075423482226,0.07620734039691134,-0.0354474897679339,0.7904285224513437,0.09223025090623174,0.025069768503659853,0.10339486718829109,0.07138422960563863,0.10642376558653302,1.0,1.0,0.08127021680507342,-0.08499337959482024,1.0,-0.0005538322546483856,-0.03998974405081656,0.006001130942919352,0.7904285224513437,-0.0030045839111853966,1.0,1.0,-0.07772441902000934,-0.18378457668392426,1.0,0.09700376946515875,1.0,-0.1769557865849292,1.0,-0.025718473718976922,0.004321050880991544,-0.030171394886381146,0.09747806924483259,0.08309647974160522,-0.8999688535773165,1.0,0.03828088158774032,1.0,1.0,-0.06507142221338419,-0.0756148718768401,1.0,1.0,0.08638912536450107,0.18248956933196353,0.12631269452102856,0.08902636760910229,0.12245579251797557,0.12017618169935507,0.08454866056159195,0.7904285224513438,0.9998631395220793,1.0,0.7904285224513438,0.06531286245120502,0.09837093439708264,-0.07824757603347128,0.056394977852655924,0.07772733700943997,1.0,0.02633079341515808,0.07778682868844511,0.1040421692494278,1.0,0.7904285224513438,0.9998631395220793,-0.0408555830932044,-0.09752976019453018,1.0,1.0,-0.1335061930246607,0.0077472477820141996,-0.1498226208824431
Q_Amp_II_iqr,0.32024508341815583,0.3104739054920862,0.12343166979910564,0.11272418784449897,0.034541530454887094,0.17854714862333315,0.09700376946515875,0.18791506360922713,0.09700376946515875,0.11587725955109249,0.021717707056926196,-0.008955406373732312,0.08950939285239481,0.09693959742511099,0.048028905249674486,0.08261930623201713,0.0028938840037177173,0.08950939285239481,0.09700376946515875,-0.02254258166770239,0.09693959742511099,0.02153780513600733,-0.03409194886235538,0.0160772178105145,0.09700376946515875,0.2598844063698508,0.5450888149554396,0.07015240788974618,0.03313598318287639,0.09693959742511099,-0.007436779222260903,0.17046368403116854,0.09700376946515875,0.056354103373383146,0.09693959742511099,-0.02430497869558132,0.09700376946515875,0.09700376946515875,0.33197546210703505,0.09693959742511099,0.03621989850801719,0.08950939285239481,0.09700376946515875,-0.029807659379410583,-0.01590634427844252,0.09700376946515875,0.39582635859001974,0.3044575549036682,0.09693959742511099,0.32703077438740497,0.03504705607905038,0.3199444589101589,0.3800844939693458,0.08950939285239481,-0.013608487234522623,0.09700376946515875,0.04394756174874342,0.2814729267669437,0.09700376946515875,0.2046151908206503,0.006481074474877504,0.07630384286934978,0.095481194968789,0.09700376946515875,0.04384096205255421,0.08950939285239481,0.19444276703878774,0.09693959742511099,0.11506654573715558,0.024439089811895885,0.2547425400958437,-0.02714566364024826,-0.048491624831281756,0.12128904609969482,0.022069171085755446,0.5128273001901896,0.022887254030234134,8.346666661959839e-05,0.2996034698146855,0.09700376946515875,0.31836744734197603,0.43637097607645575,0.08950939285239481,-0.022085318815599515,0.044666112659794976,0.2415893189531334,0.08950939285239481,0.3578881237817584,0.31142826206196944,0.011496175991971986,0.08950939285239481,0.3288571547337868,-0.01092438177665647,0.5139347733700128,0.3001778379105316,0.26551239109281166,0.09700376946515875,0.09700376946515875,0.4309593277727281,-0.04732751697943092,0.09700376946515875,-0.04431644341042264,-0.02351859393122909,0.004975872458036595,0.08950939285239481,0.011671437791284255,0.09700376946515875,0.09700376946515875,-0.049242408589987505,0.020154990478665754,0.09700376946515875,1.0,0.09700376946515875,-0.005920233805461402,0.09700376946515875,-0.045722760892748675,0.005790418372435081,0.01607057155868643,0.16700301615048196,0.25445739582886157,-0.08947946482692015,0.09700376946515875,-0.0046323330288184986,0.09700376946515875,0.09700376946515875,-0.009857777565047214,-0.04525522730950773,0.09700376946515875,0.09700376946515875,0.5207094086312029,-0.009857184443541734,0.12725029532895984,0.39509276272824095,0.19528410903424,0.08915630977720489,0.45262645455430395,0.0895093928523948,0.09693959742511098,0.09700376946515875,0.0895093928523948,0.08755786886240534,0.29640592010534994,-0.025869092431209394,0.049048106330030136,0.3101110581422881,0.09700376946515875,0.037766129912924905,0.31784111627774514,-0.010247633442680617,0.09700376946515875,0.0895093928523948,0.09693959742511098,0.028964982405411368,0.026742839874553618,0.09700376946515875,0.09700376946515875,0.037439176144384,0.04719904438717107,0.023281258734926782
R_Amp_I_count,0.09225889000708774,0.0811384091573505,0.13805513304594894,0.05061646672401522,-0.07347182783233144,0.07462706781364958,1.0,0.10812326851166051,1.0,0.13983353307465315,-0.0027952218534831267,-0.07266659859821599,0.7904285224513437,0.9998631395220794,-0.03026255774970611,0.10890521812481126,0.0064263080931702835,0.7904285224513437,1.0,-0.03814740950535641,0.9998631395220794,-0.07280769202276784,-0.008332288302197085,-0.18105500151107978,1.0,0.07124778792589087,0.08367197006065688,0.030443544276885406,0.07099133654759573,0.9998631395220794,0.20027571200042515,0.09786833627528904,1.0,0.03132056458930073,0.9998631395220794,-0.0732737932059546,1.0,1.0,0.09461559318844953,0.9998631395220794,-0.044431211222848266,0.7904285224513437,1.0,-0.021881591399580593,-0.06083329940742301,1.0,0.09908331700198185,0.07893775971918174,0.9998631395220794,0.08685018884901723,0.0836095365051139,0.09340480937276176,0.07084588168111203,0.7904285224513437,-0.18331388855081693,1.0,0.06360460876835958,0.08522273558207892,1.0,0.06607363075615759,-0.008540198085799314,-0.025000307430738156,0.9870742722502791,1.0,0.03288958198779447,0.7904285224513437,0.06736015673410424,0.9998631395220794,0.13660572374903127,0.05427361390793818,0.09276669060786319,-0.2058868796774257,-0.04800984418556759,0.07661383201615517,-0.18781372381538375,0.08518039643002075,0.039383543539852316,-0.10682932789406178,0.09369763329965,1.0,0.08882522291799093,0.11776894398678853,0.7904285224513437,-0.20306433364837473,-0.013544303008777226,0.10435517699818614,0.7904285224513437,0.0846075423482226,0.07620734039691134,-0.0354474897679339,0.7904285224513437,0.09223025090623174,0.025069768503659853,0.10339486718829109,0.07138422960563863,0.10642376558653302,1.0,1.0,0.08127021680507342,-0.08499337959482024,1.0,-0.0005538322546483856,-0.03998974405081656,0.006001130942919352,0.7904285224513437,-0.0030045839111853966,1.0,1.0,-0.07772441902000934,-0.18378457668392426,1.0,0.09700376946515875,1.0,-0.1769557865849292,1.0,-0.025718473718976922,0.004321050880991544,-0.030171394886381146,0.09747806924483259,0.08309647974160522,-0.8999688535773165,1.0,0.03828088158774032,1.0,1.0,-0.06507142221338419,-0.0756148718768401,1.0,1.0,0.08638912536450107,0.18248956933196353,0.12631269452102856,0.08902636760910229,0.12245579251797557,0.12017618169935507,0.08454866056159195,0.7904285224513438,0.9998631395220793,1.0,0.7904285224513438,0.06531286245120502,0.09837093439708264,-0.07824757603347128,0.056394977852655924,0.07772733700943997,1.0,0.02633079341515808,0.07778682868844511,0.1040421692494278,1.0,0.7904285224513438,0.9998631395220793,-0.0408555830932044,-0.09752976019453018,1.0,1.0,-0.1335061930246607,0.0077472477820141996,-0.1498226208824431
ST_Elev_V4,-0.0075702830835482505,-0.007703706632520256,-0.20402295153127417,-0.06220167312471867,0.1248374425155159,-0.0031513381430289243,-0.1769557865849292,-0.0387158758316593,-0.1769557865849292,-0.18519699396819406,-0.02728481634332999,0.013417783445380997,-0.1769557865849292,-0.1769557865849292,0.001317418380265771,-0.09756901689024212,0.15785551147769117,-0.1769557865849292,-0.1769557865849292,0.006308980697395153,-0.1769557865849292,0.14225465725307457,0.004850555884445804,0.5196193081733855,-0.1769557865849292,0.005629412750171267,-0.001888198536272687,-0.03383769017377369,0.036209066549814345,-0.1769557865849292,-0.1957123201423735,-0.04702733780464,-0.1769557865849292,-0.05793531532730793,-0.1769557865849292,0.02463769488768574,-0.1769557865849292,-0.1769557865849292,0.00811822785553723,-0.1769557865849292,0.07438852303603152,-0.1769557865849292,-0.1769557865849292,-0.0017772608978233815,-0.11236467427895472,-0.1769557865849292,-0.01794164816713886,-0.002957753984896113,-0.1769557865849292,-0.002590344484557646,-0.07394195719045578,-0.0057176615776144395,-0.0038029183099123494,-0.1769557865849292,0.30484853258235883,-0.1769557865849292,0.02566180825740824,-0.013757254955418623,-0.1769557865849292,-0.020606753255189094,0.10136800900900114,-0.011890006306212139,-0.17735377352291584,-0.1769557865849292,-0.04836015139877667,-0.1769557865849292,-0.027369259433982867,-0.1769557865849292,-0.10793608531743197,0.014357272797261358,-0.023320218044675736,0.34689977313353537,-0.024316848370218892,-0.08725214486945522,0.3522813805915568,-0.0018341130548926838,-0.041461537283664834,0.08813839705723359,0.01652163828607474,-0.1769557865849292,-0.00781274959017343,-0.020572094070627517,-0.1769557865849292,0.5194276081067016,0.10126606328454908,-0.030242695629653732,-0.1769557865849292,0.003806591175613715,-0.021137836116993273,0.1718110973779376,-0.1769557865849292,-0.02458629034009195,0.09909109195272672,-0.012308458154810513,-0.004157910479262587,-0.004063156367696966,-0.1769557865849292,-0.1769557865849292,-0.0052223662029407675,0.08687617048745787,-0.1769557865849292,0.04363272004414504,-0.04720635079491373,0.08370201042638578,-0.1769557865849292,-0.02972153535795472,-0.1769557865849292,-0.1769557865849292,-0.04162299777691244,0.3864238869553179,-0.1769557865849292,-0.005920233805461402,-0.1769557865849292,1.0,-0.1769557865849292,-0.011812478147864288,0.016603413215873657,-0.08886379169037278,0.007676860825891225,-0.01988995642667937,0.1710514383220203,-0.1769557865849292,-0.0015947306641306196,-0.1769557865849292,-0.1769557865849292,-0.0036659811520848434,-0.09647235720627671,-0.1769557865849292,-0.1769557865849292,0.0022837446622169734,-0.3444929345938251,-0.1649596563389729,0.0013948844591189394,-0.029018514077874858,-0.09583353987649222,-0.017735719182407673,-0.1769557865849292,-0.1769557865849292,-0.1769557865849292,-0.1769557865849292,-0.03780747741721139,-0.0070360509643812566,0.13002410506541937,-0.04615865692008528,0.0015774995864650042,-0.1769557865849292,-0.019001597075795674,-0.010235433492381592,-0.0078191709796657,-0.1769557865849292,-0.1769557865849292,-0.1769557865849292,0.0051924685190296565,0.11444389530630025,-0.1769557865849292,-0.1769557865849292,0.24790090682451224,-0.03328685151371726,0.025295523747311626
T_Amp_V3_count,0.09225889000708774,0.0811384091573505,0.13805513304594894,0.05061646672401522,-0.07347182783233144,0.07462706781364958,1.0,0.10812326851166051,1.0,0.13983353307465315,-0.0027952218534831267,-0.07266659859821599,0.7904285224513437,0.9998631395220794,-0.03026255774970611,0.10890521812481126,0.0064263080931702835,0.7904285224513437,1.0,-0.03814740950535641,0.9998631395220794,-0.07280769202276784,-0.008332288302197085,-0.18105500151107978,1.0,0.07124778792589087,0.08367197006065688,0.030443544276885406,0.07099133654759573,0.9998631395220794,0.20027571200042515,0.09786833627528904,1.0,0.03132056458930073,0.9998631395220794,-0.0732737932059546,1.0,1.0,0.09461559318844953,0.9998631395220794,-0.044431211222848266,0.7904285224513437,1.0,-0.021881591399580593,-0.06083329940742301,1.0,0.09908331700198185,0.07893775971918174,0.9998631395220794,0.08685018884901723,0.0836095365051139,0.09340480937276176,0.07084588168111203,0.7904285224513437,-0.18331388855081693,1.0,0.06360460876835958,0.08522273558207892,1.0,0.06607363075615759,-0.008540198085799314,-0.025000307430738156,0.9870742722502791,1.0,0.03288958198779447,0.7904285224513437,0.06736015673410424,0.9998631395220794,0.13660572374903127,0.05427361390793818,0.09276669060786319,-0.2058868796774257,-0.04800984418556759,0.07661383201615517,-0.18781372381538375,0.08518039643002075,0.039383543539852316,-0.10682932789406178,0.09369763329965,1.0,0.08882522291799093,0.11776894398678853,0.7904285224513437,-0.20306433364837473,-0.013544303008777226,0.10435517699818614,0.7904285224513437,0.0846075423482226,0.07620734039691134,-0.0354474897679339,0.7904285224513437,0.09223025090623174,0.025069768503659853,0.10339486718829109,0.07138422960563863,0.10642376558653302,1.0,1.0,0.08127021680507342,-0.08499337959482024,1.0,-0.0005538322546483856,-0.03998974405081656,0.006001130942919352,0.7904285224513437,-0.0030045839111853966,1.0,1.0,-0.07772441902000934,-0.18378457668392426,1.0,0.09700376946515875,1.0,-0.1769557865849292,1.0,-0.025718473718976922,0.004321050880991544,-0.030171394886381146,0.09747806924483259,0.08309647974160522,-0.8999688535773165,1.0,0.03828088158774032,1.0,1.0,-0.06507142221338419,-0.0756148718768401,1.0,1.0,0.08638912536450107,0.18248956933196353,0.12631269452102856,0.08902636760910229,0.12245579251797557,0.12017618169935507,0.08454866056159195,0.7904285224513438,0.9998631395220793,1.0,0.7904285224513438,0.06531286245120502,0.09837093439708264,-0.07824757603347128,0.056394977852655924,0.07772733700943997,1.0,0.02633079341515808,0.07778682868844511,0.1040421692494278,1.0,0.7904285224513438,0.9998631395220793,-0.0408555830932044,-0.09752976019453018,1.0,1.0,-0.1335061930246607,0.0077472477820141996,-0.1498226208824431
R_Amp_aVF,-0.02623644303244285,-0.009788826145512585,-0.05997555364223537,-0.11857861000923103,0.053846369366135585,0.05695464754850019,-0.025718473718976922,-0.05105557449268072,-0.025718473718976922,-0.0927245009792455,-0.0715816153152512,-0.20830949724391376,-0.030239646442463842,-0.025705637894365217,-0.5791712020922682,-0.14342393884085256,0.05277050616726862,-0.030239646442463842,-0.025718473718976922,0.1592117455910343,-0.025705637894365217,0.10538944968049833,0.7271221236943125,0.024681117811058757,-0.025718473718976922,0.022325922157581633,0.016934227095933656,-0.0005294554224441824,-0.29283403375469524,-0.025705637894365217,-0.13336168631139092,-0.015228209865298438,-0.025718473718976922,-0.29255616135166773,-0.025705637894365217,0.14503239484310665,-0.025718473718976922,-0.025718473718976922,-0.04363844988362866,-0.025705637894365217,-0.23991424743599143,-0.030239646442463842,-0.025718473718976922,0.14546838227830625,0.11453420482334783,-0.025718473718976922,0.008743189925765693,-0.036553635266805745,-0.025705637894365217,-0.03660383693362971,-0.07037243400296259,-0.0050262826194805345,0.005601127009327061,-0.030239646442463842,0.17668601200472736,-0.025718473718976922,-0.07984003487886615,-0.010180543644180117,-0.025718473718976922,-0.0324612945868931,0.10201115699465023,-0.4605217717651555,-0.025835163426935197,-0.025718473718976922,-0.3062091942061945,-0.030239646442463842,-0.0233147136605071,-0.025705637894365217,-0.11566652962342731,0.06542637866107635,-0.00024827350373372376,0.05555594114730767,0.6786674251843315,-0.15172999718479624,-0.06194565413633282,0.028747010757216446,0.12723353112170063,0.1430153745090125,-0.06402361189674774,-0.025718473718976922,-0.012470776342703539,0.035745156220918124,-0.030239646442463842,0.007933979845840627,-0.01838263065872404,-0.04464543474535274,-0.030239646442463842,0.03202679534586782,-0.024531974692798806,0.07047854407718468,-0.030239646442463842,0.050978520643977294,0.04612438085296555,-0.028130719314933113,-0.021449174776317307,-0.0286802331218797,-0.025718473718976922,-0.025718473718976922,0.019967460849573217,-0.028489803492627874,-0.025718473718976922,0.2263484651511832,-0.18741990005632153,-0.048284876642865376,-0.030239646442463842,-0.5203585558093363,-0.025718473718976922,-0.025718473718976922,0.26379583915214094,0.03573385987492558,-0.025718473718976922,-0.045722760892748675,-0.025718473718976922,-0.011812478147864288,-0.025718473718976922,1.0,-0.060924643207395636,-0.10131723241025073,0.018441173734425362,0.009522020040100864,0.0242881358035001,-0.025718473718976922,0.36166293382851417,-0.025718473718976922,-0.025718473718976922,0.2846696051858283,0.257485662254559,-0.025718473718976922,-0.025718473718976922,-0.06946315088194777,-0.05575441775264875,-0.04926352887726632,0.018885358680506503,-0.015295600871954022,-0.12149015882056614,-0.0039867530470595255,-0.03023964644246384,-0.025705637894365214,-0.025718473718976922,-0.03023964644246384,-0.0073917284121820075,0.006561856511720735,0.264033242684609,0.04841069085646395,0.0067425397975004195,-0.025718473718976922,-0.2558178248900481,-0.011639370439891227,-0.07165155459649096,-0.025718473718976922,-0.03023964644246384,-0.025705637894365214,-0.45530569834089163,0.11106243596866738,-0.025718473718976922,-0.025718473718976922,-0.16417909870017347,-0.08317067141080828,0.09330472678366795
Q_Amp_V3,0.0011594461324087237,-0.002688412982115917,0.060598579985323836,0.046182929171025414,-0.08118059797476611,0.0009604953242563382,0.004321050880991544,0.01960747727979264,0.004321050880991544,0.062034753427862355,-0.002155827508579648,0.06732241490693976,0.006724529218598609,0.004330447704378246,0.060881973327171594,0.060200389553408666,-0.04422748037967645,0.006724529218598609,0.004321050880991544,0.006353864549029838,0.004330447704378246,-0.07331075450162872,-0.026891465470864608,-0.028904355602957184,0.004321050880991544,-0.0043069631626633555,0.003380498378158123,0.020101737642119356,0.09367579453226833,0.004330447704378246,0.06777582075650534,-0.02815353689611473,0.004321050880991544,0.1604847349369939,0.004330447704378246,-0.043830948153611285,0.004321050880991544,0.004321050880991544,0.003656518059618927,0.004330447704378246,-0.002528343357560679,0.006724529218598609,0.004321050880991544,0.22299149482167566,-0.4995214701908901,0.004321050880991544,-0.006783121736023607,-0.029510015537431288,0.004330447704378246,-0.0022158652112873106,0.05710128086362556,-0.006092822285401554,-0.006793752046398964,0.006724529218598609,-0.02795183947246679,0.004321050880991544,-0.020761050964571818,-0.11932080712534471,0.004321050880991544,-0.0033572872093489783,0.14089574531129628,0.09728064131219574,0.0049612437671323955,0.004321050880991544,0.10140096215258645,0.006724529218598609,-0.01472628889501956,0.004330447704378246,0.045921625015352276,0.03788541850076682,0.021887058405447215,0.05403756924228244,-0.09588336014064328,0.06687793208644105,-0.04168330690597889,-0.00840623674765819,0.10012768579929747,-0.07854359559144382,0.04150894053202149,0.004321050880991544,0.0025918483882995335,0.0030022407673815595,0.006724529218598609,0.06712702831533507,-0.054713203421497755,0.012305956497466637,0.006724529218598609,0.00304697452676726,-0.0007254229235340833,-0.05991973926498068,0.006724529218598609,0.00881848947407946,-0.062181172350130084,-1.0294043821956003e-05,-0.0016084052659904179,0.16125604662286688,0.004321050880991544,0.004321050880991544,-0.005700880189693932,0.025202124868506166,0.004321050880991544,-0.11753256647716993,-0.048536057534454544,0.3495145831289798,0.006724529218598609,-0.010539570550783195,0.004321050880991544,0.004321050880991544,-0.06356887521683918,-0.04354484355862313,0.004321050880991544,0.005790418372435081,0.004321050880991544,0.016603413215873657,0.004321050880991544,-0.060924643207395636,1.0,-0.21727872981175744,0.051448692733719825,0.004705494484422928,-0.007282904098730353,0.004321050880991544,0.04570369956594384,0.004321050880991544,0.004321050880991544,-0.03629668248528248,-0.19646532552201834,0.004321050880991544,0.004321050880991544,0.004010148738443463,0.05351999269977717,0.06726968495900576,-0.0019979621012776025,-0.03497922242486682,0.04476745001021977,0.004510042414096216,0.006724529218598609,0.004330447704378246,0.004321050880991544,0.006724529218598609,0.033416236333367016,-0.005075554716248575,-0.010719382480604627,0.02384195774060297,-0.00602855654828903,0.004321050880991544,0.29227899450795813,-0.006791778203478708,-0.007947307425155554,0.004321050880991544,0.006724529218598609,0.004330447704378246,0.011085269635429522,-0.08087078535028831,0.004321050880991544,0.004321050880991544,-0.032197682684590084,-0.01582000198647285,-0.002041178055545905
R_Amp_V2,0.008470318975177837,0.006774923890994182,0.09077553003039467,0.03605118527075897,0.041689312411019225,-0.08461887977013861,-0.030171394886381146,-0.0003392174556372895,-0.030171394886381146,0.03207664223955416,0.40091937752649365,-0.0933147911363835,-0.031408629613938005,-0.030242679856146367,0.07613123896390657,-0.014854311557714274,-0.16835209734557333,-0.031408629613938005,-0.030171394886381146,-0.06631721848548307,-0.030242679856146367,0.059923160407954465,-0.0907158110912364,0.05002926691555705,-0.030171394886381146,-0.04367680784186366,0.009453714796566079,0.03672766955467496,0.0468920465919587,-0.030242679856146367,-0.07339440399305246,-0.007850566180708831,-0.030171394886381146,-0.03547933709633071,-0.030242679856146367,0.07923389769935593,-0.030171394886381146,-0.030171394886381146,0.009922243817654964,-0.030242679856146367,-0.0017531794316372157,-0.031408629613938005,-0.030171394886381146,-0.25708483883551575,0.42366441610482586,-0.030171394886381146,0.01398207159859589,0.05202882575253472,-0.030242679856146367,0.01779820776422955,-0.006027570005601393,0.023234115715606737,0.010008242543809017,-0.031408629613938005,0.053953266386758694,-0.030171394886381146,-0.05702264433812042,0.03128723422520218,-0.030171394886381146,0.001185531445146264,-0.24904494679328312,0.038377741334505895,-0.02930418604151116,-0.030171394886381146,-0.012216801374923548,-0.031408629613938005,0.00632495759034777,-0.030242679856146367,0.014005286463712269,-0.08221427398722683,-0.026426650957476247,-0.21037705958322067,-0.09684948375355613,-0.0004150804889601863,0.06208923141922181,0.014925898697964596,-0.1165137698207751,0.09218762822779213,-0.023453212843701374,-0.030171394886381146,0.023087086566456323,-0.009031864676041343,-0.031408629613938005,-0.17854257737089296,-0.012447264005979777,0.017188437979502463,-0.031408629613938005,-0.018229023737692546,0.015313619987445513,-0.05339670452258599,-0.031408629613938005,-0.01171234146639985,-0.2638468110915847,0.0179932164626776,-0.005014578778398469,-0.047865761487025656,-0.030171394886381146,-0.030171394886381146,0.007790480083542081,-0.16402079745686263,-0.030171394886381146,0.025123462203283656,0.0357998244846189,-0.1460560691184389,-0.031408629613938005,0.07537908517420004,-0.030171394886381146,-0.030171394886381146,-0.0300202334776036,0.10416112635080922,-0.030171394886381146,0.01607057155868643,-0.030171394886381146,-0.08886379169037278,-0.030171394886381146,-0.10131723241025073,-0.21727872981175744,1.0,-0.14520620272701568,-0.011946834220701886,0.028810966880197537,-0.030171394886381143,-0.13272622434101228,-0.030171394886381143,-0.030171394886381143,-0.08335809235028394,0.11279809307171895,-0.030171394886381143,-0.030171394886381143,0.008302731595599055,-0.07529600924788245,0.14754051258060732,-0.01765237474442967,-0.03166585826518346,0.013432182152927519,0.017376789609608503,-0.031408629613938005,-0.030242679856146367,-0.030171394886381143,-0.031408629613938005,0.06648152768380386,-0.006447782025641493,0.018236191275896256,0.0026795248485795217,-0.006340052531472794,-0.030171394886381143,-0.10349776460714132,0.03079321050377911,-0.21865943894029052,-0.030171394886381143,-0.031408629613938005,-0.030242679856146367,0.1094877934491779,0.10375690162758198,-0.030171394886381143,-0.030171394886381143,0.031698260936842054,-0.014600577067279649,-0.02889653763304647
R_Amp_V2_iqr,0.14380286032889525,0.22281456865113,0.07457336244334513,0.04017447354054579,-0.0032380235330224626,0.2715621603062066,0.09747806924483259,0.19919822525788003,0.09747806924483259,0.07959453787960648,-0.06710027635233298,0.0070487164492709494,0.08520196099404607,0.09738316560588944,-0.0007457403783753955,0.05409547253589879,0.061822560144378855,0.08520196099404607,0.09747806924483259,-0.007323028869662751,0.09738316560588944,-0.009875441553892117,0.015369296440247097,-0.025793307015442406,0.09747806924483259,0.3743269855423156,0.17010618899959012,0.02833151450851827,-0.009576614785134541,0.09738316560588944,0.03934275696740112,0.2071756747578972,0.09747806924483259,0.027161568301588238,0.09738316560588944,-0.04770287518523596,0.09747806924483259,0.09747806924483259,0.20500164568365917,0.09738316560588944,0.019837523239226072,0.08520196099404607,0.09747806924483259,0.01716596137434766,-0.11162622619328745,0.09747806924483259,0.17419119805966038,0.3189988647387635,0.09738316560588944,0.1845704537622601,0.0376789103418237,0.22240308852477356,0.15904638313504887,0.08520196099404607,-0.03166480568468307,0.09747806924483259,0.04516049333123002,0.20783760109358418,0.09747806924483259,0.13647826464672683,0.035593355641450275,0.012420581298609205,0.0963348763904859,0.09747806924483259,0.021633188079432535,0.08520196099404607,0.13656498735009828,0.09738316560588944,0.08755027998913495,0.021648663306318136,0.3295008756248063,-0.010220311436328722,0.02390050285401051,0.05726081909265765,-0.018359746287918196,0.17230734174853912,0.06252676907411844,-0.03844005906165805,0.21399102163964182,0.09747806924483259,0.20510705661164244,0.18658223102196103,0.08520196099404607,0.011972317116115927,0.02342493941723638,0.1936020211175108,0.08520196099404607,0.1637228565649959,0.1353155587914901,0.02321708158064832,0.08520196099404607,0.16470364630315626,0.05987916217167496,0.16121919895951511,0.22046549355993358,0.2400218775743249,0.09747806924483259,0.09747806924483259,0.16547934045588428,-0.0018811343957154114,0.09747806924483259,-0.037578265763810244,-0.02086347263326622,0.04143044169799863,0.08520196099404607,-0.020066614152016306,0.09747806924483259,0.09747806924483259,0.028587729288083334,-0.033491676204776284,0.09747806924483259,0.16700301615048196,0.09747806924483259,0.007676860825891225,0.09747806924483259,0.018441173734425362,0.051448692733719825,-0.14520620272701568,1.0,0.1537173788065384,-0.0936580083758096,0.0974780692448326,0.04716317616970853,0.0974780692448326,0.0974780692448326,0.05140215562193962,-0.020243626842569282,0.0974780692448326,0.0974780692448326,0.16822543408174098,0.022547166597038416,0.11293145807670936,0.16403625971208702,0.2871724363446434,0.07342789559546521,0.15800284950145993,0.08520196099404607,0.09738316560588944,0.0974780692448326,0.08520196099404607,0.05371579605233841,0.24695677946404448,-0.025253340523252312,0.036633256434159114,0.227461427830497,0.0974780692448326,0.038168627987747464,0.1859418009090249,0.043311883261508824,0.0974780692448326,0.08520196099404607,0.09738316560588944,-0.021585836947992293,-0.026057729675082048,0.0974780692448326,0.0974780692448326,0.004675453097139249,0.02641691610629129,0.08307056865021123
R_Amp_III_iqr,0.20605329975167924,0.21003409457458744,0.09320899853446817,0.09881248070157991,-0.0008047363123092118,0.1722640373487921,0.08309647974160522,0.22494585073388232,0.08309647974160522,0.0879237370697959,-0.06913908275704811,-0.04698544817471862,0.0739037831427735,0.08307457166503675,0.013682697460150961,0.044816761090673334,0.006843494209105633,0.0739037831427735,0.08309647974160522,0.027970928270819116,0.08307457166503675,0.004279506981826795,-0.03423400756000523,-0.021392156867899755,0.08309647974160522,0.1995514135641623,0.25912442740877245,0.08579316748370276,-0.13050342091992773,0.08307457166503675,0.00816752395251782,0.19782076401727838,0.08309647974160522,-0.01958536216801427,0.08307457166503675,-0.0056032121984934315,0.08309647974160522,0.08309647974160522,0.20262589366290445,0.08307457166503675,0.011339565758063908,0.0739037831427735,0.08309647974160522,0.001881413109244383,-0.002023420674253195,0.08309647974160522,0.24466154067648027,0.18082585349572325,0.08307457166503675,0.19700537129381168,0.017621905561182358,0.19411257315273334,0.294181698111174,0.0739037831427735,-0.035929099133833686,0.08309647974160522,0.009152143296042019,0.188877426400927,0.08309647974160522,0.454734580765287,0.019299943754970017,-0.010380270986788809,0.08288087391539152,0.08309647974160522,-0.029619387880387215,0.0739037831427735,0.2952434647618575,0.08307457166503675,0.07923065983784473,0.07243113069060815,0.18708756354371883,-0.014756388616859642,0.06463134843714918,0.07102379946323165,-0.020899590691460343,0.30809792621412013,-0.04762985135757755,-0.0014475303441508958,0.1964768871115496,0.08309647974160522,0.21127656442626855,0.32036488427734483,0.0739037831427735,-0.023504697472210383,0.002773386880805249,0.23027796185846425,0.0739037831427735,0.2807387169849354,0.20817304457823618,-0.0004904145795997329,0.0739037831427735,0.45860486307994963,0.010509007058728755,0.23974222829776862,0.17473608177536662,0.188737939237048,0.08309647974160522,0.08309647974160522,0.3242608873132542,0.00622262515643591,0.08309647974160522,0.03440851326458155,0.12635364020742862,-0.0007293933323239222,0.0739037831427735,0.07878400676922587,0.08309647974160522,0.08309647974160522,0.07217065289693701,-0.020810313709691435,0.08309647974160522,0.25445739582886157,0.08309647974160522,-0.01988995642667937,0.08309647974160522,0.009522020040100864,0.004705494484422928,-0.011946834220701886,0.1537173788065384,1.0,-0.07841625616675442,0.08309647974160522,-0.03920164760643017,0.08309647974160522,0.08309647974160522,0.11040555840824429,0.020304764596065377,0.08309647974160522,0.08309647974160522,0.30447854688443776,0.029488424538431524,0.08925646187043002,0.3105258758878716,0.1809816028491043,0.058800432334360726,0.23957968621752,0.0739037831427735,0.08307457166503675,0.08309647974160522,0.0739037831427735,0.0695120627498552,0.20770713765558083,-0.03091990020445394,0.05252653106497883,0.2003657801031426,0.08309647974160522,-0.0071824724667219255,0.19723093645914577,0.006435400978016887,0.08309647974160522,0.0739037831427735,0.08307457166503675,0.025366565282039243,0.0007279945584201955,0.08309647974160522,0.08309647974160522,-0.0020176569537382703,0.05768793489291642,0.05349664411019757
RR_Mean_Global,-0.08524238907007284,-0.0772121325098179,-0.1372178834325328,-0.054269734417933216,0.07661493881043191,-0.07061451106242235,-0.8999688535773165,-0.10170718784488438,-0.8999688535773165,-0.13766351039495284,0.0004168377104056946,0.06613319969211567,-0.705548323206989,-0.8998437510250041,0.02607426882971699,-0.11030012509825794,-0.0006966657316138739,-0.705548323206989,-0.8999688535773165,0.039400145779062506,-0.8998437510250041,0.0744532944538773,0.007446519575329931,0.1762705605573791,-0.8999688535773165,-0.06894678311941706,-0.07829648077437941,-0.03254272561766015,-0.06820463526160235,-0.8998437510250041,-0.19473502833026973,-0.09215590279255675,-0.8999688535773165,-0.033537731641232006,-0.8998437510250041,0.07308325805466025,-0.8999688535773165,-0.8999688535773165,-0.08819235578791945,-0.8998437510250041,0.04236496373291224,-0.705548323206989,-0.8999688535773165,0.01946307017715125,0.05899913842747526,-0.8999688535773165,-0.09158170534124138,-0.07213385274332017,-0.8998437510250041,-0.08137304001139989,-0.08579033777899127,-0.08831458894775841,-0.06575305177830149,-0.705548323206989,0.17890953457795675,-0.8999688535773165,-0.05728282389141257,-0.07865149743177682,-0.8999688535773165,-0.061440329318184154,0.007919952568530694,0.018893664835619686,-0.8838257112718284,-0.8999688535773165,-0.03608592614559295,-0.705548323206989,-0.06219931269592625,-0.8998437510250041,-0.13520749708733878,-0.05126073675298604,-0.08853148164245749,0.19733241534554477,0.0460712141231958,-0.0802561789031905,0.18471390526841808,-0.07837759017845795,-0.040567244988324085,0.10736348764739045,-0.08872282215748314,-0.8999688535773165,-0.08353396293876977,-0.1111497579149358,-0.705548323206989,0.1946540193138147,0.01876060019610512,-0.09845866513992264,-0.705548323206989,-0.0782455437248099,-0.07091734097290404,0.038299243970168935,-0.705548323206989,-0.0865079897606631,-0.019102373989545052,-0.09584251113558932,-0.06719962123161177,-0.09955685914187669,-0.8999688535773165,-0.8999688535773165,-0.07505019324048881,0.08255462440102912,-0.8999688535773165,0.005531326279238824,0.038321094404751524,-0.006864986420887996,-0.705548323206989,0.003819981517378803,-0.8999688535773165,-0.8999688535773165,0.07228194072030861,0.17863917154345288,-0.8999688535773165,-0.08947946482692015,-0.8999688535773165,0.1710514383220203,-0.8999688535773165,0.0242881358035001,-0.007282904098730353,0.028810966880197537,-0.0936580083758096,-0.07841625616675442,1.0,-0.8999688535773166,-0.03752323463184419,-0.8999688535773166,-0.8999688535773166,0.06248004446554056,0.07250490175152367,-0.8999688535773166,-0.8999688535773166,-0.07809796028281696,-0.1817868503979853,-0.12571454100980203,-0.08163705096008332,-0.1175853693276823,-0.12059846241000487,-0.07817674864056265,-0.705548323206989,-0.8998437510250041,-0.8999688535773166,-0.705548323206989,-0.06708161117404919,-0.09396544054500428,0.07599570701035517,-0.0576070852105712,-0.07462827366382598,-0.8999688535773166,-0.02870623243644956,-0.0733247256973755,-0.09728593767455476,-0.8999688535773166,-0.705548323206989,-0.8998437510250041,0.037386484036208166,0.09961441173613807,-0.8999688535773166,-0.8999688535773166,0.12996323053162914,-0.007919918980648274,0.1356687742804793
T_Amp_II_count,0.09225889000708774,0.0811384091573505,0.13805513304594894,0.05061646672401522,-0.07347182783233144,0.07462706781364958,1.0,0.10812326851166051,1.0,0.13983353307465315,-0.0027952218534831267,-0.07266659859821599,0.7904285224513437,0.9998631395220794,-0.03026255774970611,0.10890521812481126,0.0064263080931702835,0.7904285224513437,1.0,-0.03814740950535641,0.9998631395220794,-0.07280769202276784,-0.008332288302197085,-0.18105500151107978,1.0,0.07124778792589087,0.08367197006065688,0.030443544276885406,0.07099133654759573,0.9998631395220794,0.20027571200042515,0.09786833627528904,1.0,0.03132056458930073,0.9998631395220794,-0.0732737932059546,1.0,1.0,0.09461559318844953,0.9998631395220794,-0.044431211222848266,0.7904285224513437,1.0,-0.021881591399580593,-0.06083329940742301,1.0,0.09908331700198185,0.07893775971918174,0.9998631395220794,0.08685018884901723,0.0836095365051139,0.09340480937276176,0.07084588168111203,0.7904285224513437,-0.18331388855081693,1.0,0.06360460876835958,0.08522273558207892,1.0,0.06607363075615759,-0.008540198085799314,-0.025000307430738156,0.9870742722502791,1.0,0.03288958198779447,0.7904285224513437,0.06736015673410424,0.9998631395220794,0.13660572374903127,0.05427361390793818,0.09276669060786319,-0.2058868796774257,-0.04800984418556759,0.07661383201615517,-0.18781372381538375,0.08518039643002075,0.039383543539852316,-0.10682932789406178,0.09369763329965,1.0,0.08882522291799093,0.11776894398678853,0.7904285224513437,-0.20306433364837473,-0.013544303008777226,0.10435517699818614,0.7904285224513437,0.0846075423482226,0.07620734039691134,-0.0354474897679339,0.7904285224513437,0.09223025090623174,0.025069768503659853,0.10339486718829109,0.07138422960563863,0.10642376558653302,1.0,1.0,0.08127021680507342,-0.08499337959482024,1.0,-0.0005538322546483856,-0.03998974405081656,0.006001130942919352,0.7904285224513437,-0.0030045839111853966,1.0,1.0,-0.07772441902000934,-0.18378457668392426,1.0,0.09700376946515875,1.0,-0.1769557865849292,1.0,-0.025718473718976922,0.004321050880991544,-0.030171394886381143,0.0974780692448326,0.08309647974160522,-0.8999688535773166,1.0,0.03828088158774032,1.0,1.0,-0.06507142221338419,-0.0756148718768401,1.0,1.0,0.08638912536450107,0.18248956933196353,0.12631269452102856,0.08902636760910229,0.12245579251797557,0.12017618169935507,0.08454866056159195,0.7904285224513438,0.9998631395220793,1.0,0.7904285224513438,0.06531286245120502,0.09837093439708264,-0.07824757603347128,0.056394977852655924,0.07772733700943997,1.0,0.02633079341515808,0.07778682868844511,0.1040421692494278,1.0,0.7904285224513438,0.9998631395220793,-0.0408555830932044,-0.09752976019453018,1.0,1.0,-0.1335061930246607,0.0077472477820141996,-0.1498226208824431
Q_Amp_aVL,0.010321307144025224,0.012887263102047058,0.0005071025823062311,-0.07914620611679689,-0.01926634501764792,0.03856668205790281,0.03828088158774032,-0.04446818202801898,0.03828088158774032,-0.0064951022116222145,0.013984154099995013,-0.010395026794885966,0.02959407520062623,0.03833029628931065,-0.39779615151410136,0.0021129062498564566,0.009834753481956013,0.02959407520062623,0.03828088158774032,-0.10698538834103485,0.03833029628931065,-0.011491524764022253,0.4428343929524786,-0.037964544256456796,0.03828088158774032,0.029284763596887385,0.02393415468050986,-0.01753447416415756,0.046190716982139675,0.03833029628931065,0.03784950123290571,-0.026957147389504606,0.03828088158774032,-0.013721358495923373,0.03833029628931065,-0.0494518237438727,0.03828088158774032,0.03828088158774032,-0.0026176749438689127,0.03833029628931065,-0.08455239613038577,0.02959407520062623,0.03828088158774032,0.045228269677191305,-0.07175234355460605,0.03828088158774032,-0.006569117758822831,0.008629197851166656,0.03833029628931065,-0.00010112391660405823,0.046064428200196315,0.011498114396004617,0.009257481198205362,0.02959407520062623,0.047884054777503404,0.03828088158774032,0.04654416010239369,0.0053904646651340695,0.03828088158774032,-0.08348495899369883,0.08414983017272444,-0.23751989648372873,0.0369572704219867,0.03828088158774032,-0.023818051217204986,0.02959407520062623,-0.062349435234646776,0.03833029628931065,-0.013046987260816932,-0.028631291616718072,0.008925239380428503,0.04579201479598453,0.21390660489934474,-0.03583522069247959,-0.07625585545655292,0.026800520697939995,0.5277639013130505,-0.05337823583039149,-0.008324231104271692,0.03828088158774032,0.014809340664244278,0.018191801219873505,0.02959407520062623,0.02703376917700298,0.01342688952894296,-0.02775496795731645,0.02959407520062623,0.07660157667357692,-0.004811211647421768,0.011089911256278185,0.02959407520062623,-0.0018489535651262056,-0.006419595246512681,-0.004316765325453999,0.01245494459682777,0.007590476531552299,0.03828088158774032,0.03828088158774032,0.025910229022805518,-0.009293475381948201,0.03828088158774032,-0.05179012777251541,-0.33895784191977274,0.040261287948284964,0.02959407520062623,-0.4914924445685464,0.03828088158774032,0.03828088158774032,0.029372226207544386,-0.048367479523371414,0.03828088158774032,-0.0046323330288184986,0.03828088158774032,-0.0015947306641306196,0.03828088158774032,0.36166293382851417,0.04570369956594384,-0.13272622434101228,0.04716317616970853,-0.03920164760643017,-0.03752323463184419,0.03828088158774032,1.0,0.03828088158774031,0.03828088158774031,0.051680523540532326,0.005834712214896142,0.03828088158774031,0.03828088158774031,-0.01695323171911174,0.03091786638933708,0.014038752203560923,0.04031471670648219,0.012952967567001684,-0.02555323875332528,0.007332776930441796,0.02959407520062623,0.03833029628931065,0.03828088158774031,0.02959407520062623,-0.00979810877124046,0.02379843045488851,0.09346688986931354,0.08357008131060481,0.02017263262316365,0.03828088158774031,-0.008215311586349552,0.008674264962337405,0.010488999369484015,0.03828088158774031,0.02959407520062623,0.03833029628931065,-0.5716599161292145,-0.023001466192897717,0.03828088158774031,0.03828088158774031,-0.08840020893199882,-0.01508428306559612,0.05338557361702947
R_Amp_V2_count,0.09225889000708774,0.0811384091573505,0.13805513304594894,0.05061646672401522,-0.07347182783233144,0.07462706781364958,1.0,0.10812326851166051,1.0,0.13983353307465315,-0.0027952218534831267,-0.07266659859821599,0.7904285224513437,0.9998631395220794,-0.03026255774970611,0.10890521812481126,0.0064263080931702835,0.7904285224513437,1.0,-0.03814740950535641,0.9998631395220794,-0.07280769202276784,-0.008332288302197085,-0.18105500151107978,1.0,0.07124778792589087,0.08367197006065688,0.030443544276885406,0.07099133654759573,0.9998631395220794,0.20027571200042515,0.09786833627528904,1.0,0.03132056458930073,0.9998631395220794,-0.0732737932059546,1.0,1.0,0.09461559318844953,0.9998631395220794,-0.044431211222848266,0.7904285224513437,1.0,-0.021881591399580593,-0.06083329940742301,1.0,0.09908331700198185,0.07893775971918174,0.9998631395220794,0.08685018884901723,0.0836095365051139,0.09340480937276176,0.07084588168111203,0.7904285224513437,-0.18331388855081693,1.0,0.06360460876835958,0.08522273558207892,1.0,0.06607363075615759,-0.008540198085799314,-0.025000307430738156,0.9870742722502791,1.0,0.03288958198779447,0.7904285224513437,0.06736015673410424,0.9998631395220794,0.13660572374903127,0.05427361390793818,0.09276669060786319,-0.2058868796774257,-0.04800984418556759,0.07661383201615517,-0.18781372381538375,0.08518039643002075,0.039383543539852316,-0.10682932789406178,0.09369763329965,1.0,0.08882522291799093,0.11776894398678853,0.7904285224513437,-0.20306433364837473,-0.013544303008777226,0.10435517699818614,0.7904285224513437,0.0846075423482226,0.07620734039691134,-0.0354474897679339,0.7904285224513437,0.09223025090623174,0.025069768503659853,0.10339486718829109,0.07138422960563863,0.10642376558653302,1.0,1.0,0.08127021680507342,-0.08499337959482024,1.0,-0.0005538322546483856,-0.03998974405081656,0.006001130942919352,0.7904285224513437,-0.0030045839111853966,1.0,1.0,-0.07772441902000934,-0.18378457668392426,1.0,0.09700376946515875,1.0,-0.1769557865849292,1.0,-0.025718473718976922,0.004321050880991544,-0.030171394886381143,0.0974780692448326,0.08309647974160522,-0.8999688535773166,1.0,0.03828088158774031,1.0,1.0,-0.06507142221338419,-0.0756148718768401,1.0,1.0,0.08638912536450107,0.18248956933196353,0.12631269452102856,0.08902636760910229,0.12245579251797557,0.12017618169935507,0.08454866056159195,0.7904285224513438,0.9998631395220793,1.0,0.7904285224513438,0.06531286245120502,0.09837093439708264,-0.07824757603347128,0.056394977852655924,0.07772733700943997,1.0,0.02633079341515808,0.07778682868844511,0.1040421692494278,1.0,0.7904285224513438,0.9998631395220793,-0.0408555830932044,-0.09752976019453018,1.0,1.0,-0.1335061930246607,0.0077472477820141996,-0.1498226208824431
Q_Amp_aVL_count,0.09225889000708774,0.0811384091573505,0.13805513304594894,0.05061646672401522,-0.07347182783233144,0.07462706781364958,1.0,0.10812326851166051,1.0,0.13983353307465315,-0.0027952218534831267,-0.07266659859821599,0.7904285224513437,0.9998631395220794,-0.03026255774970611,0.10890521812481126,0.0064263080931702835,0.7904285224513437,1.0,-0.03814740950535641,0.9998631395220794,-0.07280769202276784,-0.008332288302197085,-0.18105500151107978,1.0,0.07124778792589087,0.08367197006065688,0.030443544276885406,0.07099133654759573,0.9998631395220794,0.20027571200042515,0.09786833627528904,1.0,0.03132056458930073,0.9998631395220794,-0.0732737932059546,1.0,1.0,0.09461559318844953,0.9998631395220794,-0.044431211222848266,0.7904285224513437,1.0,-0.021881591399580593,-0.06083329940742301,1.0,0.09908331700198185,0.07893775971918174,0.9998631395220794,0.08685018884901723,0.0836095365051139,0.09340480937276176,0.07084588168111203,0.7904285224513437,-0.18331388855081693,1.0,0.06360460876835958,0.08522273558207892,1.0,0.06607363075615759,-0.008540198085799314,-0.025000307430738156,0.9870742722502791,1.0,0.03288958198779447,0.7904285224513437,0.06736015673410424,0.9998631395220794,0.13660572374903127,0.05427361390793818,0.09276669060786319,-0.2058868796774257,-0.04800984418556759,0.07661383201615517,-0.18781372381538375,0.08518039643002075,0.039383543539852316,-0.10682932789406178,0.09369763329965,1.0,0.08882522291799093,0.11776894398678853,0.7904285224513437,-0.20306433364837473,-0.013544303008777226,0.10435517699818614,0.7904285224513437,0.0846075423482226,0.07620734039691134,-0.0354474897679339,0.7904285224513437,0.09223025090623174,0.025069768503659853,0.10339486718829109,0.07138422960563863,0.10642376558653302,1.0,1.0,0.08127021680507342,-0.08499337959482024,1.0,-0.0005538322546483856,-0.03998974405081656,0.006001130942919352,0.7904285224513437,-0.0030045839111853966,1.0,1.0,-0.07772441902000934,-0.18378457668392426,1.0,0.09700376946515875,1.0,-0.1769557865849292,1.0,-0.025718473718976922,0.004321050880991544,-0.030171394886381143,0.0974780692448326,0.08309647974160522,-0.8999688535773166,1.0,0.03828088158774031,1.0,1.0,-0.06507142221338419,-0.0756148718768401,1.0,1.0,0.08638912536450107,0.18248956933196353,0.12631269452102856,0.08902636760910229,0.12245579251797557,0.12017618169935507,0.08454866056159195,0.7904285224513438,0.9998631395220793,1.0,0.7904285224513438,0.06531286245120502,0.09837093439708264,-0.07824757603347128,0.056394977852655924,0.07772733700943997,1.0,0.02633079341515808,0.07778682868844511,0.1040421692494278,1.0,0.7904285224513438,0.9998631395220793,-0.0408555830932044,-0.09752976019453018,1.0,1.0,-0.1335061930246607,0.0077472477820141996,-0.1498226208824431
R_Amp_V6,0.012374580744365806,0.05650514094872709,-0.08750630110217725,-0.045220016045317106,0.00018857186172289682,0.04107847041342349,-0.06507142221338419,0.1291943476556075,-0.06507142221338419,-0.10537206982092415,-0.20149598621156004,-0.10064381078381188,-0.04914355960861011,-0.06507142221338419,-0.16494195334661285,-0.08811130714019484,0.11348152141776278,-0.04914355960861011,-0.06507142221338419,0.13142551045093712,-0.06507142221338419,0.05589860272921343,0.17195809114955674,-0.05147627252840338,-0.06507142221338419,0.06094050831233173,0.025367448033406695,0.010568055273023711,-0.46410576714518903,-0.06507142221338419,-0.04585056134555491,0.12498463627490093,-0.06507142221338419,-0.29037725644999257,-0.06507142221338419,0.05122234950891049,-0.06507142221338419,-0.06507142221338419,0.017387450325044965,-0.06507142221338419,-0.09018780308426275,-0.04914355960861011,-0.06507142221338419,0.07458883441050311,0.038417294533838686,-0.06507142221338419,0.03736629265105081,0.029076567745547503,-0.06507142221338419,0.013509775991806505,-0.06196066920074243,0.028217919959024916,0.03643161876255823,-0.04914355960861011,0.021213023938090807,-0.06507142221338419,-0.038638460553337174,0.04238752972643612,-0.06507142221338419,0.11364779712248875,0.06255280420671462,-0.20271320679790542,-0.06476702651927975,-0.06507142221338419,-0.3054359065325092,-0.04914355960861011,0.10865431381103038,-0.06507142221338419,-0.13233054001191544,0.14687532514821305,0.03740935118631181,0.07510253158759185,0.4272998793685135,-0.06931882393968516,-0.06854951379829057,0.0388637613120074,-0.046219256425259266,0.04481693575208334,0.005816407173229704,-0.06507142221338419,0.05056456030211175,0.060841136958668204,-0.04914355960861011,0.047242668300342065,-0.022419504660954926,0.09018871698698061,-0.04914355960861011,0.04157984178802665,0.016281852271112153,0.08899298427072445,-0.04914355960861011,0.10056334860924654,0.08637919016310848,0.005370083506134289,0.032790987560344764,0.02699677617703524,-0.06507142221338419,-0.06507142221338419,0.04057707980981064,0.08162873491587726,-0.06507142221338419,0.1549643609939726,0.20662389722095487,-0.05219900385684691,-0.04914355960861011,-0.03644357575230159,-0.06507142221338419,-0.06507142221338419,0.661534565648992,-0.06295637321624044,-0.06507142221338419,-0.009857777565047214,-0.06507142221338419,-0.0036659811520848434,-0.06507142221338419,0.2846696051858283,-0.03629668248528248,-0.08335809235028394,0.05140215562193962,0.11040555840824429,0.06248004446554056,-0.06507142221338419,0.051680523540532326,-0.06507142221338419,-0.06507142221338419,1.0,0.32068495497438854,-0.06507142221338419,-0.06507142221338419,0.017149432062846637,0.03926312453876144,-0.057752333620564734,0.055548324655618896,0.0512027984903199,-0.15418754180799749,0.01800126356296701,-0.04914355960861011,-0.06507142221338419,-0.06507142221338419,-0.04914355960861011,-0.016931220396740245,0.051635732555147584,0.07495173468018385,-0.007320740917026171,0.03787174161620811,-0.06507142221338419,-0.21556892979590686,0.0314515893537467,0.003685050234523354,-0.06507142221338419,-0.04914355960861011,-0.06507142221338419,-0.10672035574501347,0.049387060127886406,-0.06507142221338419,-0.06507142221338419,-0.08132640314010506,-0.030513207576261445,0.05668995573804902
R_Amp_V4,-0.04297342929784655,-3.896547799507252e-05,-0.10125433311800161,-0.056241144395113046,0.055485230009743716,0.02477733356260424,-0.0756148718768401,0.017868673968948253,-0.0756148718768401,-0.11801533164765028,-0.038115070809880844,-0.1705702732158407,-0.06308189985573766,-0.0756148718768401,-0.169160229063918,-0.09583557001540673,0.08052826327242767,-0.06308189985573766,-0.0756148718768401,0.17406345071193757,-0.0756148718768401,0.09065704677395323,0.18442164550807555,-0.011303856527936022,-0.0756148718768401,0.01540096532063767,-0.02071823825006662,0.014121418873306991,-0.3077268689080593,-0.0756148718768401,-0.09876943150341784,0.1351340430633386,-0.0756148718768401,-0.3582272765239783,-0.0756148718768401,0.09791779563288741,-0.0756148718768401,-0.0756148718768401,-0.05769011397813494,-0.0756148718768401,-0.10205168706823221,-0.06308189985573766,-0.0756148718768401,0.09323927141855178,0.39948571444482056,-0.0756148718768401,0.0013698590414880614,-0.027352802500688785,-0.0756148718768401,-0.04213476961866932,-0.06631138691413939,-0.01686461808584526,-0.017284240741029754,-0.06308189985573766,0.08569949352785387,-0.0756148718768401,-0.04738877498537293,0.032760468880748066,-0.0756148718768401,0.02173025581456481,-0.09570510744371306,-0.22115587555997748,-0.07457697825517336,-0.0756148718768401,-0.28179829495853104,-0.06308189985573766,0.027462256566175878,-0.0756148718768401,-0.1133101368319771,0.023059303818177616,0.026316453418055035,-0.04334251018941583,0.33198433308480196,-0.08753337416721751,-0.010968875155478494,-0.009111436408075655,-0.10664105822081943,0.11042403627523363,-0.1368258828687049,-0.0756148718768401,-0.019016606140046438,0.005051442350297317,-0.06308189985573766,-0.08036923660763544,0.0008298040165463132,-0.025738488522248436,-0.06308189985573766,-0.023891664584449742,-0.025924783961308737,0.05996526396637116,-0.06308189985573766,0.02163426131615005,0.0919473865919369,-0.037171681297420364,-0.030677967203544095,-0.03526056075607025,-0.0756148718768401,-0.0756148718768401,-0.009471726698042787,-0.0019000337807112359,-0.0756148718768401,0.20149921843774976,0.0993760334403568,-0.2978605311425159,-0.06308189985573766,-0.08489117293734526,-0.0756148718768401,-0.0756148718768401,0.5256061403504801,0.03148653276474771,-0.0756148718768401,-0.04525522730950773,-0.0756148718768401,-0.09647235720627671,-0.0756148718768401,0.257485662254559,-0.19646532552201834,0.11279809307171895,-0.020243626842569282,0.020304764596065377,0.07250490175152367,-0.0756148718768401,0.005834712214896142,-0.0756148718768401,-0.0756148718768401,0.32068495497438854,1.0,-0.07561487187684009,-0.07561487187684009,-0.03698305449391752,-0.0482593458205471,-0.0990554408035788,-0.015230204548623295,0.02416130567364394,-0.0896817783412732,-0.02075571920377269,-0.06308189985573766,-0.07561487187684009,-0.07561487187684009,-0.06308189985573766,-0.014098899854125104,-0.008222882636198673,0.11184950699201897,0.007576520018632383,-0.0069573199316396795,-0.07561487187684009,-0.5228359201688761,-0.02362631250310083,0.005238250923133066,-0.07561487187684009,-0.06308189985573766,-0.07561487187684009,-0.08671199491211568,0.09691126046842566,-0.07561487187684009,-0.07561487187684009,-0.055140189093294836,-0.05748470356879342,0.034675550391183065
R_Amp_aVR_count,0.09225889000708774,0.0811384091573505,0.13805513304594894,0.05061646672401522,-0.07347182783233144,0.07462706781364958,1.0,0.10812326851166051,1.0,0.13983353307465315,-0.0027952218534831267,-0.07266659859821599,0.7904285224513437,0.9998631395220794,-0.03026255774970611,0.10890521812481126,0.0064263080931702835,0.7904285224513437,1.0,-0.03814740950535641,0.9998631395220794,-0.07280769202276784,-0.008332288302197085,-0.18105500151107978,1.0,0.07124778792589087,0.08367197006065688,0.030443544276885406,0.07099133654759573,0.9998631395220794,0.20027571200042515,0.09786833627528904,1.0,0.03132056458930073,0.9998631395220794,-0.0732737932059546,1.0,1.0,0.09461559318844953,0.9998631395220794,-0.044431211222848266,0.7904285224513437,1.0,-0.021881591399580593,-0.06083329940742301,1.0,0.09908331700198185,0.07893775971918174,0.9998631395220794,0.08685018884901723,0.0836095365051139,0.09340480937276176,0.07084588168111203,0.7904285224513437,-0.18331388855081693,1.0,0.06360460876835958,0.08522273558207892,1.0,0.06607363075615759,-0.008540198085799314,-0.025000307430738156,0.9870742722502791,1.0,0.03288958198779447,0.7904285224513437,0.06736015673410424,0.9998631395220794,0.13660572374903127,0.05427361390793818,0.09276669060786319,-0.2058868796774257,-0.04800984418556759,0.07661383201615517,-0.18781372381538375,0.08518039643002075,0.039383543539852316,-0.10682932789406178,0.09369763329965,1.0,0.08882522291799093,0.11776894398678853,0.7904285224513437,-0.20306433364837473,-0.013544303008777226,0.10435517699818614,0.7904285224513437,0.0846075423482226,0.07620734039691134,-0.0354474897679339,0.7904285224513437,0.09223025090623174,0.025069768503659853,0.10339486718829109,0.07138422960563863,0.10642376558653302,1.0,1.0,0.08127021680507342,-0.08499337959482024,1.0,-0.0005538322546483856,-0.03998974405081656,0.006001130942919352,0.7904285224513437,-0.0030045839111853966,1.0,1.0,-0.07772441902000934,-0.18378457668392426,1.0,0.09700376946515875,1.0,-0.1769557865849292,1.0,-0.025718473718976922,0.004321050880991544,-0.030171394886381143,0.0974780692448326,0.08309647974160522,-0.8999688535773166,1.0,0.03828088158774031,1.0,1.0,-0.06507142221338419,-0.07561487187684009,1.0,1.0,0.08638912536450107,0.18248956933196353,0.12631269452102856,0.08902636760910229,0.12245579251797557,0.12017618169935507,0.08454866056159195,0.7904285224513438,0.9998631395220793,1.0,0.7904285224513438,0.06531286245120502,0.09837093439708264,-0.07824757603347128,0.056394977852655924,0.07772733700943997,1.0,0.02633079341515808,0.07778682868844511,0.1040421692494278,1.0,0.7904285224513438,0.9998631395220793,-0.0408555830932044,-0.09752976019453018,1.0,1.0,-0.1335061930246607,0.0077472477820141996,-0.1498226208824431
Q_Amp_III_count,0.09225889000708774,0.0811384091573505,0.13805513304594894,0.05061646672401522,-0.07347182783233144,0.07462706781364958,1.0,0.10812326851166051,1.0,0.13983353307465315,-0.0027952218534831267,-0.07266659859821599,0.7904285224513437,0.9998631395220794,-0.03026255774970611,0.10890521812481126,0.0064263080931702835,0.7904285224513437,1.0,-0.03814740950535641,0.9998631395220794,-0.07280769202276784,-0.008332288302197085,-0.18105500151107978,1.0,0.07124778792589087,0.08367197006065688,0.030443544276885406,0.07099133654759573,0.9998631395220794,0.20027571200042515,0.09786833627528904,1.0,0.03132056458930073,0.9998631395220794,-0.0732737932059546,1.0,1.0,0.09461559318844953,0.9998631395220794,-0.044431211222848266,0.7904285224513437,1.0,-0.021881591399580593,-0.06083329940742301,1.0,0.09908331700198185,0.07893775971918174,0.9998631395220794,0.08685018884901723,0.0836095365051139,0.09340480937276176,0.07084588168111203,0.7904285224513437,-0.18331388855081693,1.0,0.06360460876835958,0.08522273558207892,1.0,0.06607363075615759,-0.008540198085799314,-0.025000307430738156,0.9870742722502791,1.0,0.03288958198779447,0.7904285224513437,0.06736015673410424,0.9998631395220794,0.13660572374903127,0.05427361390793818,0.09276669060786319,-0.2058868796774257,-0.04800984418556759,0.07661383201615517,-0.18781372381538375,0.08518039643002075,0.039383543539852316,-0.10682932789406178,0.09369763329965,1.0,0.08882522291799093,0.11776894398678853,0.7904285224513437,-0.20306433364837473,-0.013544303008777226,0.10435517699818614,0.7904285224513437,0.0846075423482226,0.07620734039691134,-0.0354474897679339,0.7904285224513437,0.09223025090623174,0.025069768503659853,0.10339486718829109,0.07138422960563863,0.10642376558653302,1.0,1.0,0.08127021680507342,-0.08499337959482024,1.0,-0.0005538322546483856,-0.03998974405081656,0.006001130942919352,0.7904285224513437,-0.0030045839111853966,1.0,1.0,-0.07772441902000934,-0.18378457668392426,1.0,0.09700376946515875,1.0,-0.1769557865849292,1.0,-0.025718473718976922,0.004321050880991544,-0.030171394886381143,0.0974780692448326,0.08309647974160522,-0.8999688535773166,1.0,0.03828088158774031,1.0,1.0,-0.06507142221338419,-0.07561487187684009,1.0,1.0,0.08638912536450107,0.18248956933196353,0.12631269452102856,0.08902636760910229,0.12245579251797557,0.12017618169935507,0.08454866056159195,0.7904285224513438,0.9998631395220793,1.0,0.7904285224513438,0.06531286245120502,0.09837093439708264,-0.07824757603347128,0.056394977852655924,0.07772733700943997,1.0,0.02633079341515808,0.07778682868844511,0.1040421692494278,1.0,0.7904285224513438,0.9998631395220793,-0.0408555830932044,-0.09752976019453018,1.0,1.0,-0.1335061930246607,0.0077472477820141996,-0.1498226208824431
Q_Amp_aVF_iqr,0.30477228782426763,0.3029683630219039,0.10638510423136255,0.11302632764661794,0.03631481217774812,0.176868919950117,0.08638912536450107,0.20339539976523954,0.08638912536450107,0.09947641704222221,0.008555978717936594,-0.015112114137463512,0.08107262146272197,0.08634992048971823,0.08913372409940881,0.055453972887055954,0.013488324683301418,0.08107262146272197,0.08638912536450107,-0.010852957253532877,0.08634992048971823,0.02446593860979917,-0.053895370199968345,0.014587377855027308,0.08638912536450107,0.25406946553077087,0.4743089316067584,0.08273569761813733,-0.0026112429635822155,0.08634992048971823,-0.010769035939065474,0.18344928040057676,0.08638912536450107,0.04583039270910234,0.08634992048971823,-0.023209836037041864,0.08638912536450107,0.08638912536450107,0.3154509824034126,0.08634992048971823,0.041785829018923464,0.08107262146272197,0.08638912536450107,-0.020512326032307734,-0.014305598351767793,0.08638912536450107,0.3481803419636525,0.2983384788497899,0.08634992048971823,0.3171583795469645,0.013955034080129913,0.30859694234672935,0.40204250015248966,0.08107262146272197,-0.010209770266856636,0.08638912536450107,0.04674840642175003,0.2749856853842527,0.08638912536450107,0.25571338050625037,0.000648258342426036,0.05711812332692821,0.08543636065987761,0.08638912536450107,0.034992332995663365,0.08107262146272197,0.2115578883189951,0.08634992048971823,0.09698274964491106,0.02291196970865042,0.2520257529954641,-0.020008875218914528,-0.031103308760446924,0.09649575369946445,0.02620825796679615,0.5212540616501916,0.006345525899720196,0.0013501857735715244,0.28951340981191637,0.08638912536450107,0.3134641337403479,0.39956813132883734,0.08107262146272197,-0.015314688560348046,0.04898492902773614,0.24405876674307242,0.08107262146272197,0.3962721563805589,0.28998293250849394,0.019891004235667916,0.08107262146272197,0.3523027206498451,0.0008288544398543931,0.41221254873310764,0.290378905285015,0.25602424769156007,0.08638912536450107,0.08638912536450107,0.4725862043154597,-0.04000901001153065,0.08638912536450107,-0.03675788596833017,0.013064666921954949,-0.007046927880514584,0.08107262146272197,0.03555181152990483,0.08638912536450107,0.08638912536450107,-0.028936874584140966,0.019782113675015464,0.08638912536450107,0.5207094086312029,0.08638912536450107,0.0022837446622169734,0.08638912536450107,-0.06946315088194777,0.004010148738443463,0.008302731595599055,0.16822543408174098,0.30447854688443776,-0.07809796028281696,0.08638912536450107,-0.01695323171911174,0.08638912536450107,0.08638912536450107,0.017149432062846637,-0.03698305449391752,0.08638912536450107,0.08638912536450107,1.0,-0.013461236535961565,0.11249986941975648,0.489550541954163,0.19413972532861762,0.07274711019233912,0.3908590951649971,0.08107262146272198,0.08634992048971823,0.08638912536450105,0.08107262146272198,0.08094091929048404,0.287907228875831,-0.033900878748691084,0.039762359588344724,0.29854287401047014,0.08638912536450105,0.030960061641426163,0.3086243237568563,-0.005922803966946549,0.08638912536450105,0.08107262146272198,0.08634992048971823,0.044185493663588676,0.02922466353395504,0.08638912536450105,0.08638912536450105,0.041149663250792924,0.04674636120019632,0.020821047760461786
ST_Elev_aVR,0.006367715899763409,-0.0029762538013435435,0.14263030766825868,0.10578860416907597,-0.28018651700080177,0.01710363735090409,0.18248956933196353,0.056657580814120014,0.18248956933196353,0.18206645248220585,-0.15778940979845404,0.11449710187553541,0.18248956933196353,0.18248956933196353,0.04685093544331833,0.2018497078852704,-0.0987184055910686,0.18248956933196353,0.18248956933196353,-0.05431227197713999,0.18248956933196353,-0.2931469611206111,-0.09015349558663358,-0.5078702244881714,0.18248956933196353,-0.011783428420554819,-0.017203657909319867,0.03339244636001873,-0.04107205747922119,0.18248956933196353,0.38307029723752434,0.049300877301346274,0.18248956933196353,0.1391444733152222,0.18248956933196353,-0.19158149529409682,0.18248956933196353,0.18248956933196353,0.00032501890210534485,0.18248956933196353,-0.02857518167401566,0.18248956933196353,0.18248956933196353,-0.025793417662878994,-0.08581875993275623,0.18248956933196353,-0.004955465268378761,0.008727658085816922,0.18248956933196353,0.000724101141764476,0.17075010670600896,-0.00933129564624574,-0.01470693429147398,0.18248956933196353,-0.5324244507407085,0.18248956933196353,0.02552460626637964,0.00874116009259211,0.18248956933196353,0.03834877121269938,-0.061307537657903595,0.06876895377179963,0.18016501198499452,0.18248956933196353,0.12817815653298598,0.18248956933196353,0.034258612611018535,0.18248956933196353,0.1679944942575251,0.025952360028480368,0.010529723251776587,-0.10981961845437505,-0.012333468696868941,0.18617941492580553,-0.5626012867502256,-0.02696412267860302,0.09854050898252456,-0.3064791219634789,0.005777908898338242,0.18248956933196353,-0.005959738929611225,0.01942439729238627,0.18248956933196353,-0.19194345919242037,-0.1613862298938306,0.03213481181865361,0.18248956933196353,-0.00558411191632261,0.011585851335820876,-0.1992647857714289,0.18248956933196353,0.023908861080294358,-0.02834623256041991,-0.0021721037687661444,0.009972914658615845,0.01571079442173682,0.18248956933196353,0.18248956933196353,-0.018841399177108607,0.13927539226579155,0.18248956933196353,-0.111856909458522,0.1067308314409426,-0.006639935588324054,0.18248956933196353,0.11004162575548916,0.18248956933196353,0.18248956933196353,0.021995836058901506,-0.5379140402781606,0.18248956933196353,-0.009857184443541734,0.18248956933196353,-0.3444929345938251,0.18248956933196353,-0.05575441775264875,0.05351999269977717,-0.07529600924788245,0.022547166597038416,0.029488424538431524,-0.1817868503979853,0.18248956933196353,0.03091786638933708,0.18248956933196353,0.18248956933196353,0.03926312453876144,-0.0482593458205471,0.18248956933196353,0.18248956933196353,-0.013461236535961565,1.0,0.09236992647611694,-0.0012644120498539549,0.05838261436722053,0.1507819510175352,-0.0027067047870117083,0.18248956933196353,0.18248956933196353,0.18248956933196353,0.18248956933196353,-0.025275304859678577,-0.0004057568663142764,-0.24479953318051662,0.08098505265477594,-0.0003867313819074779,0.18248956933196353,0.13233344261607002,-0.007048938233138523,0.19636709456119483,0.18248956933196353,0.18248956933196353,0.18248956933196353,0.013624697814318859,-0.32054904678237517,0.18248956933196353,0.18248956933196353,-0.2986551812535285,0.08261455065835044,-0.062305817008674325
ST_Elev_V2_iqr,0.1323786229360176,0.13250061696256582,0.4591590292938233,0.16363694666472114,-0.09169740861660708,0.07599435267839452,0.12631269452102856,0.10702710278067706,0.12631269452102856,0.3237241426058925,0.16582434477258892,-0.005230267627721234,0.12631269452102856,0.12631269452102856,0.03968381688367077,0.19005506996306432,-0.29427152770299403,0.12631269452102856,0.12631269452102856,-0.06755231962420034,0.12631269452102856,-0.10861632000070225,-0.021548857038566443,-0.11205763140641206,0.12631269452102856,0.14686936141803045,0.1316153130064926,0.11883374595406465,0.09508028772152781,0.12631269452102856,0.1340913687770561,0.06741311831655457,0.12631269452102856,0.12404895759508351,0.12631269452102856,-0.06454294090030584,0.12631269452102856,0.12631269452102856,0.13162963941041844,0.12631269452102856,0.012132286759219313,0.12631269452102856,0.12631269452102856,-0.02897587964683952,-0.0035125159935174353,0.12631269452102856,0.11416852822408642,0.2070178107895274,0.12631269452102856,0.12754448780743075,0.17470320894772612,0.1495281648816333,0.13294404311265562,0.12631269452102856,-0.09354854774080328,0.12631269452102856,-0.0019661007036536195,0.1291871895525832,0.12631269452102856,0.07444063755730758,0.0602127771180096,0.07812115263461633,0.12433420005338565,0.12631269452102856,0.0860045560471399,0.12631269452102856,0.07981276669247099,0.12631269452102856,0.2321212123803704,0.028306223232180697,0.16262096505280355,-0.1405349913540478,-0.0829724467597412,0.1829602306220351,-0.08689416286908205,0.1304961163842597,0.08156939499274353,-0.09045580454339115,0.12708134313342626,0.12631269452102856,0.1459469705360659,0.11540577479258822,0.12631269452102856,-0.15874169857420642,-0.06650412822357779,0.1333437312915927,0.12631269452102856,0.11579027130631821,0.14056370292046752,-0.20145149084482877,0.12631269452102856,0.10871480043473988,-0.3772602031147173,0.13780268584065364,0.130161484221836,0.12533661181032743,0.12631269452102856,0.12631269452102856,0.12290359250192874,-0.18437794119690695,0.12631269452102856,-0.1075097898813627,-0.0542843092107801,0.09094251318922011,0.12631269452102856,-0.0056567206556303274,0.12631269452102856,0.12631269452102856,-0.08344411379438889,-0.08180731157769143,0.12631269452102856,0.12725029532895984,0.12631269452102856,-0.1649596563389729,0.12631269452102856,-0.04926352887726632,0.06726968495900576,0.14754051258060732,0.11293145807670936,0.08925646187043002,-0.12571454100980203,0.12631269452102856,0.014038752203560923,0.12631269452102856,0.12631269452102856,-0.057752333620564734,-0.0990554408035788,0.12631269452102856,0.12631269452102856,0.11249986941975648,0.09236992647611694,1.0,0.10146395240083654,0.09537986796388684,0.19023414698801136,0.14602336032880547,0.12631269452102856,0.12631269452102856,0.12631269452102856,0.12631269452102856,0.19652242710405676,0.1437097875375487,-0.06995845153729424,0.1439446789938243,0.1217736372416841,0.12631269452102856,0.14452356724571,0.14222764231092336,-0.1898072728200164,0.12631269452102856,0.12631269452102856,0.12631269452102856,0.01644722434114266,-0.06535347652983275,0.12631269452102856,0.12631269452102856,-0.0513490068463393,0.0862976171528633,0.056852262587247716
Q_Amp_III_iqr,0.31949080802417884,0.2949778131721948,0.09662673575644475,0.09235932937962564,0.03384804282003895,0.18074367326059002,0.08902636760910229,0.19418890950569254,0.08902636760910229,0.09346982630318831,-0.014958166844305947,-0.012293887260723184,0.08200141533427666,0.08900363610135884,0.007075014769527996,0.037868385843677875,0.02396907339939447,0.08200141533427666,0.08902636760910229,-0.008962320901444356,0.08900363610135884,0.025535441218206154,0.01771162518443276,0.003185593694536454,0.08902636760910229,0.2523810962752588,0.3954135649989616,0.0899150757760863,-0.035122186769249636,0.08900363610135884,-0.00631950433810359,0.17696039078762135,0.08902636760910229,0.02154521511516964,0.08900363610135884,-0.02521599943602724,0.08902636760910229,0.08902636760910229,0.30179828342854625,0.08900363610135884,0.01667727316422104,0.08200141533427666,0.08902636760910229,-0.006697383636155323,-0.013670717303381548,0.08902636760910229,0.3086315073166268,0.2831947875979298,0.08900363610135884,0.302020803736057,0.01239008221367038,0.29695971952182243,0.43154794343417796,0.08200141533427666,-0.0058572339245914025,0.08902636760910229,0.04983778999726587,0.26507630157856527,0.08902636760910229,0.275077287983074,0.00621349277122251,0.00914345743987421,0.08832777088737367,0.08902636760910229,0.009386530003836475,0.08200141533427666,0.22302554797664972,0.08900363610135884,0.08318401721244435,0.025074253781904858,0.2432401318612008,-0.008663164416391098,0.0371724348007475,0.06883947011735715,0.0036142818919109535,0.471191484896775,0.038142049826300324,-0.0007978922127674528,0.2662500850121108,0.08902636760910229,0.30302171706806413,0.3421030044385711,0.08200141533427666,-0.011814170834442913,0.043712423243339564,0.22972838204048476,0.08200141533427666,0.4754909733308039,0.29673210541962125,0.025889510069864004,0.08200141533427666,0.34458801383396637,0.014285521009891397,0.3585653402869582,0.28073364653249505,0.2375568985192795,0.08902636760910229,0.08902636760910229,0.49431305740747933,-0.027590741178355544,0.08902636760910229,-0.02010133229110563,0.0036699693246605766,-0.017805406293267705,0.08200141533427666,-0.01146057318148858,0.08902636760910229,0.08902636760910229,0.0011979644708279154,0.006582995436044159,0.08902636760910229,0.39509276272824095,0.08902636760910229,0.0013948844591189394,0.08902636760910229,0.018885358680506503,-0.0019979621012776025,-0.01765237474442967,0.16403625971208702,0.3105258758878716,-0.08163705096008332,0.08902636760910229,0.04031471670648219,0.08902636760910229,0.08902636760910229,0.055548324655618896,-0.015230204548623295,0.08902636760910229,0.08902636760910229,0.489550541954163,-0.0012644120498539549,0.10146395240083654,1.0,0.18168373853122058,0.057916370186734074,0.3482332696614813,0.08200141533427667,0.08900363610135882,0.08902636760910229,0.08200141533427667,0.07188024236167367,0.28031186368245553,-0.019691719401631023,0.05148483133704553,0.28229503969110087,0.08902636760910229,0.011777365381075286,0.2995759878512825,0.003739848447431418,0.08902636760910229,0.08200141533427667,0.08900363610135882,-0.019808071220453333,0.024388745625753612,0.08902636760910229,0.08902636760910229,0.013461048575293122,0.048931585868238564,0.030149652991785517
R_Amp_V3_iqr,0.16833680960662914,0.280400272938517,0.15664731056521974,0.05661605482857195,-0.025334530296888313,0.23642897741590774,0.12245579251797557,0.2360229167944095,0.12245579251797557,0.11154073062781997,-0.05502228788638252,0.009844697503291788,0.10809210341265138,0.12233427186816474,0.021351534710616276,0.0712720273411265,0.029646540231132553,0.10809210341265138,0.12245579251797557,-0.02208255079824048,0.12233427186816474,-0.033970820636494356,-0.028881872300030222,-0.04961547180860647,0.12245579251797557,0.26743456372125646,0.19474626121697977,0.029792364733889045,-0.026446235351986366,0.12233427186816474,0.07561313395147944,0.2925765263484375,0.12245579251797557,0.028564205034751305,0.12233427186816474,-0.07259791300034696,0.12245579251797557,0.12245579251797557,0.24642252466316597,0.12233427186816474,0.04719213865665796,0.10809210341265138,0.12245579251797557,-0.028924788429346742,-0.009176745951574385,0.12245579251797557,0.1979031347658193,0.2549220742775425,0.12233427186816474,0.223161315945776,0.050875462203544566,0.24426844192891417,0.1885505374610347,0.10809210341265138,-0.07439772506412955,0.12245579251797557,0.0530812367210975,0.3995873325743789,0.12245579251797557,0.16460999798618398,-0.023451669618285712,0.02835238638054294,0.12124189119964814,0.12245579251797557,0.03126287685159778,0.10809210341265138,0.16708198597640583,0.12233427186816474,0.11432276191692035,0.010317618837146785,0.2609055104634859,-0.041640358900251806,0.005693481226920218,0.07190093965257364,-0.03876791725441544,0.20018472201863968,0.03911628864571683,-0.0707850888279189,0.2581429079274611,0.12245579251797557,0.24980069927838455,0.2096508650209505,0.10809210341265138,-0.03344895090571468,0.012221590567833694,0.22987073865999394,0.10809210341265138,0.1850266862997348,0.16725316154015768,0.0016925428568903252,0.10809210341265138,0.1876662311536093,0.037172752407731775,0.18805862411126031,0.23672297955258437,0.3670918540018854,0.12245579251797557,0.12245579251797557,0.19405767793623982,0.002142565348402658,0.12245579251797557,-0.04032623389018042,0.027872972865046374,-0.031342500081709274,0.10809210341265138,0.03175276167199665,0.12245579251797557,0.12245579251797557,0.04262049564660138,-0.05567103792589772,0.12245579251797557,0.19528410903424,0.12245579251797557,-0.029018514077874858,0.12245579251797557,-0.015295600871954022,-0.03497922242486682,-0.03166585826518346,0.2871724363446434,0.1809816028491043,-0.1175853693276823,0.12245579251797557,0.012952967567001684,0.12245579251797557,0.12245579251797557,0.0512027984903199,0.02416130567364394,0.12245579251797557,0.12245579251797557,0.19413972532861762,0.05838261436722053,0.09537986796388684,0.18168373853122058,1.0,0.09524667313774514,0.1913347337490439,0.10809210341265138,0.12233427186816474,0.12245579251797557,0.10809210341265138,0.05870270199519336,0.40172516307689976,-0.0673334820655467,0.04278921790335721,0.2485758347221284,0.12245579251797557,0.010284743464912826,0.22760779616120802,0.07288906326816862,0.12245579251797557,0.10809210341265138,0.12233427186816474,0.0102489417695836,-0.047926384851231726,0.12245579251797557,0.12245579251797557,0.0031034629918620265,0.05357907393959389,0.0626332290102184
ST_Elev_V6_iqr,0.09490552895827835,0.11408617090614666,0.26272996794764014,0.2286500361886382,-0.278030936426207,0.0925073696246197,0.12017618169935507,0.11280394898023781,0.12017618169935507,0.35529476375883523,-0.004310064322016297,0.08390482845855124,0.12017618169935507,0.12017618169935507,0.09846014104177579,0.36635212415233437,-0.17814379806570083,0.12017618169935507,0.12017618169935507,-0.08233496907878808,0.12017618169935507,-0.3171588553721986,-0.10967480310879678,-0.1411410032169931,0.12017618169935507,0.07254781923456735,0.09079833526403863,0.10158492991640568,0.08423995196883402,0.12017618169935507,0.3512776353092551,0.08351975858410067,0.12017618169935507,0.18699695102864308,0.12017618169935507,-0.14144809813612708,0.12017618169935507,0.12017618169935507,0.14124078831308742,0.12017618169935507,0.028372346181153734,0.12017618169935507,0.12017618169935507,-0.04541286453630493,-0.0366268147922212,0.12017618169935507,0.08004951691029019,0.10856992752171848,0.12017618169935507,0.20998440627615267,0.30794334109269994,0.11121232511588548,0.08190840840455862,0.12017618169935507,-0.1472889232268581,0.12017618169935507,-0.031086456363094577,0.10227196292102349,0.12017618169935507,0.07122652632568367,-0.0036314216669173626,0.12889021921209318,0.11778402906934038,0.12017618169935507,0.17844324647448304,0.12017618169935507,0.06476783379210091,0.12017618169935507,0.4845968312168728,-0.013051862439030011,0.10449848400397051,-0.05244019875574369,-0.12954728054995976,0.3367529124516064,-0.12564057079358262,0.08349876383833071,0.07455523806173031,-0.2654222975999654,0.12920291323399263,0.12017618169935507,0.13943097494495968,0.07665698668295018,0.12017618169935507,-0.05909633481514174,-0.18308833772371355,0.19437643679911037,0.12017618169935507,0.06077558812568513,0.10843507271867561,-0.2628235246148744,0.12017618169935507,0.0645187038065253,-0.10103369555525515,0.09502904779704487,0.11431548655398317,0.11474418294908972,0.12017618169935507,0.12017618169935507,0.07842806301455255,0.03132859318417627,0.12017618169935507,-0.14242327992334644,0.022451387262343536,0.0650933131184967,0.12017618169935507,0.08705862548199204,0.12017618169935507,0.12017618169935507,-0.1257813949077526,-0.15875772757429074,0.12017618169935507,0.08915630977720489,0.12017618169935507,-0.09583353987649222,0.12017618169935507,-0.12149015882056614,0.04476745001021977,0.013432182152927519,0.07342789559546521,0.058800432334360726,-0.12059846241000487,0.12017618169935507,-0.02555323875332528,0.12017618169935507,0.12017618169935507,-0.15418754180799749,-0.0896817783412732,0.12017618169935507,0.12017618169935507,0.07274711019233912,0.1507819510175352,0.19023414698801136,0.057916370186734074,0.09524667313774514,1.0,0.11011464044060398,0.12017618169935508,0.12017618169935508,0.12017618169935508,0.12017618169935508,0.12879127592196968,0.09976268137666754,-0.11907940487148667,0.1584404647807726,0.10819352385178266,0.12017618169935508,0.15842301802647035,0.22421062885152288,0.117544631816961,0.12017618169935508,0.12017618169935508,0.12017618169935508,0.06694417181863861,-0.3420588257659576,0.12017618169935508,0.12017618169935508,-0.07164579012476383,0.0941477834482782,-0.017906033863036845
T_Amp_aVR_iqr,0.3967547758684583,0.31430893451568115,0.14996743491258382,0.12749716890687562,0.0006318250240269334,0.18169661386680952,0.08454866056159195,0.1870616497154325,0.08454866056159195,0.14260445254283938,0.016725110498205808,-0.011694605088185482,0.08373765948600617,0.08447784948419712,0.02099717891919741,0.1320651061548051,-0.0195660711917696,0.08373765948600617,0.08454866056159195,-0.02174868688055248,0.08447784948419712,0.003563796584930837,-0.0015224738552375272,-0.0024413783977230716,0.08454866056159195,0.2605979946367862,0.5426301931913597,0.08149669640583737,-0.004231509256105871,0.08447784948419712,0.013415891998701083,0.16850572349143836,0.08454866056159195,0.03969338211547186,0.08447784948419712,-0.019548147908746313,0.08454866056159195,0.08454866056159195,0.30261512622087083,0.08447784948419712,0.023220696563769908,0.08373765948600617,0.08454866056159195,-0.018687735429495048,0.0008353953895837868,0.08454866056159195,0.4305511225278076,0.29801636261903347,0.08447784948419712,0.3014283958236794,0.08121289932481447,0.3176384308504592,0.4178840550140313,0.08373765948600617,-0.007944382087551093,0.08454866056159195,0.01644746865651145,0.2786431102131302,0.08454866056159195,0.22891270128408855,0.013089892243727022,0.02289596883620124,0.08214794328158152,0.08454866056159195,0.025521697491816264,0.08373765948600617,0.2545195099714187,0.08447784948419712,0.13410904343187877,0.037718507848963696,0.252669382921816,-0.028713039942813195,0.002138369450332115,0.14061478606357017,0.0033833594700519434,0.4575577410197668,0.025033021490386324,-0.011178727144178328,0.276745075042097,0.08454866056159195,0.3235075909754236,0.37221876176807056,0.08373765948600617,-0.035591315500755165,0.00802317599771121,0.2311433703641002,0.08373765948600617,0.3705872953800118,0.46404682163025845,-0.015149977262084184,0.08373765948600617,0.2887989602149334,-0.026505493312228078,0.5071018707324532,0.2955223323457043,0.25425145824760453,0.08454866056159195,0.08454866056159195,0.3984258865074439,-0.04991922352698744,0.08454866056159195,-0.026750000880674234,-0.006567430876459705,0.004386123509911578,0.08373765948600617,2.8301739032723397e-05,0.08454866056159195,0.08454866056159195,-0.021377821664113863,0.005144940538196579,0.08454866056159195,0.45262645455430395,0.08454866056159195,-0.017735719182407673,0.08454866056159195,-0.0039867530470595255,0.004510042414096216,0.017376789609608503,0.15800284950145993,0.23957968621752,-0.07817674864056265,0.08454866056159195,0.007332776930441796,0.08454866056159195,0.08454866056159195,0.01800126356296701,-0.02075571920377269,0.08454866056159195,0.08454866056159195,0.3908590951649971,-0.0027067047870117083,0.14602336032880547,0.3482332696614813,0.1913347337490439,0.11011464044060398,1.0,0.08373765948600617,0.0844778494841971,0.08454866056159195,0.08373765948600617,0.10124281092205754,0.29694764685182995,-0.02118515320601704,0.07465917755457062,0.3107633455613666,0.08454866056159195,0.029176949441620297,0.32007197573656376,-0.021685469535749926,0.08454866056159195,0.08373765948600617,0.0844778494841971,0.006268630746344884,0.0090109873222582,0.08454866056159195,0.08454866056159195,0.016851662949732234,0.061209754837872055,0.04137790860059802
ST_Elev_aVL_count,0.09067551891320634,0.07436164239989208,0.13805513304594894,0.05061646672401522,-0.0631427276758813,0.06564149405802629,0.7904285224513438,0.09609432862760002,0.7904285224513438,0.13983353307465315,-0.009764118222405617,-0.043921270662471236,1.0,0.7905391923461392,-0.0193376629152945,0.10890521812481126,0.010703386529943713,1.0,0.7904285224513438,-0.03426063325073105,0.7905391923461392,-0.060812792491177714,-0.016211866156094434,-0.18105500151107978,0.7904285224513438,0.062649645498929,0.07711883019374224,0.030443544276885406,0.05878575432196816,0.7905391923461392,0.16426726804206543,0.08542399875781696,0.7904285224513438,0.02725770678751996,0.7905391923461392,-0.07140532192675647,0.7904285224513438,0.7904285224513438,0.08660855853515216,0.7905391923461392,-0.044431211222848266,1.0,0.7904285224513438,-0.017179000001370785,-0.05466791652650778,0.7904285224513438,0.09149651212608913,0.07769709758338726,0.7905391923461392,0.07784797806989294,0.0836095365051139,0.08480301000775797,0.07111945049524179,1.0,-0.18331388855081693,0.7904285224513438,0.05582443594150009,0.08430278173556568,0.7904285224513438,0.06164899994914557,-0.00908556462027605,-0.015483883924972616,0.780473803678407,0.7904285224513438,0.028270105529464587,1.0,0.0648602913195838,0.7905391923461392,0.13660572374903127,0.04734840973974471,0.08476892774323472,-0.2058868796774257,-0.04450848808227836,0.07661383201615517,-0.18781372381538375,0.08023863220643025,0.03183681294331013,-0.09480853284251047,0.08603957277332111,0.7904285224513438,0.0803793107389145,0.10474430011301357,1.0,-0.20306433364837473,-0.01006600161583545,0.09173189992124295,1.0,0.08606686222548031,0.08001579164959509,-0.023857362254009893,1.0,0.0810164603160926,0.024475750797487567,0.09914434416441846,0.06840213700288837,0.0973999257222388,0.7904285224513438,0.7904285224513438,0.07945082639917549,-0.08499337959482024,0.7904285224513438,-0.002066398238684071,-0.0275146451148884,0.0029366542811671546,1.0,0.005785475579306738,0.7904285224513438,0.7904285224513438,-0.05745427563252061,-0.18378457668392426,0.7904285224513438,0.0895093928523948,0.7904285224513438,-0.1769557865849292,0.7904285224513438,-0.03023964644246384,0.006724529218598609,-0.031408629613938005,0.08520196099404607,0.0739037831427735,-0.705548323206989,0.7904285224513438,0.02959407520062623,0.7904285224513438,0.7904285224513438,-0.04914355960861011,-0.06308189985573766,0.7904285224513438,0.7904285224513438,0.08107262146272198,0.18248956933196353,0.12631269452102856,0.08200141533427667,0.10809210341265138,0.12017618169935508,0.08373765948600617,1.0,0.7905391923461392,0.7904285224513437,1.0,0.06531286245120502,0.08858702531664664,-0.07824757603347128,0.056394977852655924,0.07351032611890343,0.7904285224513437,0.02608777125966033,0.06937368163988841,0.09076729466611823,0.7904285224513437,1.0,0.7905391923461392,-0.029174719638432232,-0.08186842697662541,0.7904285224513437,0.7904285224513437,-0.1335061930246607,0.01810697284432198,-0.1262399473467558
Q_Amp_V6_count,0.09221268205112247,0.0811384091573505,0.13805513304594894,0.05061646672401522,-0.07352188081725718,0.07457688795557471,0.9998631395220793,0.10812326851166051,0.9998631395220793,0.13983353307465315,-0.0028990061985135662,-0.07273213935668994,0.7905391923461392,1.0,-0.0302305829972608,0.10890521812481126,0.006545708113600336,0.7905391923461392,0.9998631395220793,-0.03816841232500636,1.0,-0.07280769202276784,-0.00836480636552359,-0.18105500151107978,0.9998631395220793,0.07115629313271295,0.0835970466587137,0.030443544276885406,0.07091560045667428,1.0,0.20033917104046783,0.09786833627528904,0.9998631395220793,0.03132056458930073,1.0,-0.07334987115361262,0.9998631395220793,0.9998631395220793,0.09461559318844953,1.0,-0.044431211222848266,0.7905391923461392,0.9998631395220793,-0.021882838706791204,-0.060859792032287266,0.9998631395220793,0.09905537991804333,0.07885511618287838,1.0,0.08685018884901723,0.0836095365051139,0.0933252593967519,0.07076405989317085,0.7905391923461392,-0.18331388855081693,0.9998631395220793,0.0636635136712677,0.08510884365374258,0.9998631395220793,0.06609213760267824,-0.008529256616998509,-0.024980289798677873,0.9869369299706925,0.9998631395220793,0.03288958198779447,0.7905391923461392,0.06747095337445012,1.0,0.13660572374903127,0.05421139447996437,0.09271244429079073,-0.2058868796774257,-0.04795096292404273,0.07661383201615517,-0.18781372381538375,0.08515416727660412,0.03942515300217248,-0.1069141640205141,0.09369763329965,0.9998631395220793,0.08882522291799093,0.11770006151711983,0.7905391923461392,-0.20306433364837473,-0.013579460173274029,0.10435517699818614,0.7905391923461392,0.08453326370054565,0.07617825312592073,-0.0354474897679339,0.7905391923461392,0.09233169493158776,0.025091584473967598,0.10334074432388159,0.0712974446976259,0.10631664285031868,0.9998631395220793,0.9998631395220793,0.08123576288569055,-0.08499337959482024,0.9998631395220793,-0.0006071760220786969,-0.039937629786190074,0.005905972733228227,0.7905391923461392,-0.00297652991459727,0.9998631395220793,0.9998631395220793,-0.07772441902000934,-0.18378457668392426,0.9998631395220793,0.09693959742511098,0.9998631395220793,-0.1769557865849292,0.9998631395220793,-0.025705637894365214,0.004330447704378246,-0.030242679856146367,0.09738316560588944,0.08307457166503675,-0.8998437510250041,0.9998631395220793,0.03833029628931065,0.9998631395220793,0.9998631395220793,-0.06507142221338419,-0.07561487187684009,0.9998631395220793,0.9998631395220793,0.08634992048971823,0.18248956933196353,0.12631269452102856,0.08900363610135882,0.12233427186816474,0.12017618169935508,0.0844778494841971,0.7905391923461392,1.0,0.9998631395220794,0.7905391923461392,0.06531286245120502,0.09823644598313569,-0.07824757603347128,0.056394977852655924,0.07764294957354585,0.9998631395220794,0.02633079341515808,0.07778682868844511,0.10411458604827013,0.9998631395220794,0.7905391923461392,1.0,-0.04081679162557358,-0.09752976019453018,0.9998631395220794,0.9998631395220794,-0.1335061930246607,0.007633171380337465,-0.1498949133226048
T_Amp_aVL_count,0.09225889000708774,0.0811384091573505,0.13805513304594894,0.05061646672401522,-0.07347182783233144,0.07462706781364958,1.0,0.10812326851166051,1.0,0.13983353307465315,-0.0027952218534831267,-0.07266659859821599,0.7904285224513437,0.9998631395220794,-0.03026255774970611,0.10890521812481126,0.0064263080931702835,0.7904285224513437,1.0,-0.03814740950535641,0.9998631395220794,-0.07280769202276784,-0.008332288302197085,-0.18105500151107978,1.0,0.07124778792589087,0.08367197006065688,0.030443544276885406,0.07099133654759573,0.9998631395220794,0.20027571200042515,0.09786833627528904,1.0,0.03132056458930073,0.9998631395220794,-0.0732737932059546,1.0,1.0,0.09461559318844953,0.9998631395220794,-0.044431211222848266,0.7904285224513437,1.0,-0.021881591399580593,-0.06083329940742301,1.0,0.09908331700198185,0.07893775971918174,0.9998631395220794,0.08685018884901723,0.0836095365051139,0.09340480937276176,0.07084588168111203,0.7904285224513437,-0.18331388855081693,1.0,0.06360460876835958,0.08522273558207892,1.0,0.06607363075615759,-0.008540198085799314,-0.025000307430738156,0.9870742722502791,1.0,0.03288958198779447,0.7904285224513437,0.06736015673410424,0.9998631395220794,0.13660572374903127,0.05427361390793818,0.09276669060786319,-0.2058868796774257,-0.04800984418556759,0.07661383201615517,-0.18781372381538375,0.08518039643002075,0.039383543539852316,-0.10682932789406178,0.09369763329965,1.0,0.08882522291799093,0.11776894398678853,0.7904285224513437,-0.20306433364837473,-0.013544303008777226,0.10435517699818614,0.7904285224513437,0.0846075423482226,0.07620734039691134,-0.0354474897679339,0.7904285224513437,0.09223025090623174,0.025069768503659853,0.10339486718829109,0.07138422960563863,0.10642376558653302,1.0,1.0,0.08127021680507342,-0.08499337959482024,1.0,-0.0005538322546483856,-0.03998974405081656,0.006001130942919352,0.7904285224513437,-0.0030045839111853966,1.0,1.0,-0.07772441902000934,-0.18378457668392426,1.0,0.09700376946515875,1.0,-0.1769557865849292,1.0,-0.025718473718976922,0.004321050880991544,-0.030171394886381143,0.0974780692448326,0.08309647974160522,-0.8999688535773166,1.0,0.03828088158774031,1.0,1.0,-0.06507142221338419,-0.07561487187684009,1.0,1.0,0.08638912536450105,0.18248956933196353,0.12631269452102856,0.08902636760910229,0.12245579251797557,0.12017618169935508,0.08454866056159195,0.7904285224513437,0.9998631395220794,1.0,0.7904285224513438,0.06531286245120502,0.09837093439708264,-0.07824757603347128,0.056394977852655924,0.07772733700943997,1.0,0.02633079341515808,0.07778682868844511,0.1040421692494278,1.0,0.7904285224513438,0.9998631395220793,-0.0408555830932044,-0.09752976019453018,1.0,1.0,-0.1335061930246607,0.0077472477820141996,-0.1498226208824431
ST_Elev_V6_count,0.09067551891320634,0.07436164239989208,0.13805513304594894,0.05061646672401522,-0.0631427276758813,0.06564149405802629,0.7904285224513438,0.09609432862760002,0.7904285224513438,0.13983353307465315,-0.009764118222405617,-0.043921270662471236,1.0,0.7905391923461392,-0.0193376629152945,0.10890521812481126,0.010703386529943713,1.0,0.7904285224513438,-0.03426063325073105,0.7905391923461392,-0.060812792491177714,-0.016211866156094434,-0.18105500151107978,0.7904285224513438,0.062649645498929,0.07711883019374224,0.030443544276885406,0.05878575432196816,0.7905391923461392,0.16426726804206543,0.08542399875781696,0.7904285224513438,0.02725770678751996,0.7905391923461392,-0.07140532192675647,0.7904285224513438,0.7904285224513438,0.08660855853515216,0.7905391923461392,-0.044431211222848266,1.0,0.7904285224513438,-0.017179000001370785,-0.05466791652650778,0.7904285224513438,0.09149651212608913,0.07769709758338726,0.7905391923461392,0.07784797806989294,0.0836095365051139,0.08480301000775797,0.07111945049524179,1.0,-0.18331388855081693,0.7904285224513438,0.05582443594150009,0.08430278173556568,0.7904285224513438,0.06164899994914557,-0.00908556462027605,-0.015483883924972616,0.780473803678407,0.7904285224513438,0.028270105529464587,1.0,0.0648602913195838,0.7905391923461392,0.13660572374903127,0.04734840973974471,0.08476892774323472,-0.2058868796774257,-0.04450848808227836,0.07661383201615517,-0.18781372381538375,0.08023863220643025,0.03183681294331013,-0.09480853284251047,0.08603957277332111,0.7904285224513438,0.0803793107389145,0.10474430011301357,1.0,-0.20306433364837473,-0.01006600161583545,0.09173189992124295,1.0,0.08606686222548031,0.08001579164959509,-0.023857362254009893,1.0,0.0810164603160926,0.024475750797487567,0.09914434416441846,0.06840213700288837,0.0973999257222388,0.7904285224513438,0.7904285224513438,0.07945082639917549,-0.08499337959482024,0.7904285224513438,-0.002066398238684071,-0.0275146451148884,0.0029366542811671546,1.0,0.005785475579306738,0.7904285224513438,0.7904285224513438,-0.05745427563252061,-0.18378457668392426,0.7904285224513438,0.0895093928523948,0.7904285224513438,-0.1769557865849292,0.7904285224513438,-0.03023964644246384,0.006724529218598609,-0.031408629613938005,0.08520196099404607,0.0739037831427735,-0.705548323206989,0.7904285224513438,0.02959407520062623,0.7904285224513438,0.7904285224513438,-0.04914355960861011,-0.06308189985573766,0.7904285224513438,0.7904285224513438,0.08107262146272198,0.18248956933196353,0.12631269452102856,0.08200141533427667,0.10809210341265138,0.12017618169935508,0.08373765948600617,1.0,0.7905391923461392,0.7904285224513438,1.0,0.06531286245120502,0.08858702531664664,-0.07824757603347128,0.056394977852655924,0.07351032611890343,0.7904285224513437,0.02608777125966033,0.06937368163988841,0.09076729466611823,0.7904285224513437,1.0,0.7905391923461392,-0.029174719638432232,-0.08186842697662541,0.7904285224513437,0.7904285224513437,-0.1335061930246607,0.01810697284432198,-0.1262399473467558
ST_Elev_V1_iqr,0.07829983898568012,0.09740448984263293,0.16538760323486668,0.1260626039538616,-0.0381714270195585,0.12368097246138689,0.06531286245120502,0.07935014096431198,0.06531286245120502,0.1294518293170844,0.13440095880084307,-0.06224432362996517,0.06531286245120502,0.06531286245120502,0.011084445463757135,0.1146089239257847,-0.07745927438370281,0.06531286245120502,0.06531286245120502,-0.019997558809024422,0.06531286245120502,-0.0071392068772900925,0.013288989513709947,0.013947940428636072,0.06531286245120502,0.0953530985904477,0.09798358129541923,0.12392186521989787,0.03799608191427026,0.06531286245120502,0.026501409929938217,0.05894993065902116,0.06531286245120502,0.02595087741201893,0.06531286245120502,0.01721312997799892,0.06531286245120502,0.06531286245120502,0.09002886040194293,0.06531286245120502,-0.027365396539657843,0.06531286245120502,0.06531286245120502,0.025158818047629566,0.01682877293014552,0.06531286245120502,0.08865428205813387,0.09300497396797754,0.06531286245120502,0.07922108961964353,0.12042458082830841,0.17133826808938107,0.09158116926467702,0.06531286245120502,0.031061799229133512,0.06531286245120502,-0.04724971875602642,0.08055288917882289,0.06531286245120502,0.07097383866378681,0.01191743387638162,0.02740466472682368,0.06392813190082888,0.06531286245120502,0.013313139694400788,0.06531286245120502,0.0634248849612244,0.06531286245120502,0.12547993286066494,0.0106075639838662,0.10215210187782076,-0.05882226868342212,-0.032161113830868,0.11247499052290168,0.010859461249950469,0.10192682583335738,0.015035019598765565,-0.00217778350143467,0.08916338385838322,0.06531286245120502,0.10561691718165,0.08456789617789919,0.06531286245120502,-0.06912490415438988,-0.04913384081772274,0.08911270723319381,0.06531286245120502,0.07090465829375688,0.08775717798241973,-0.04291699300705393,0.06531286245120502,0.08453856192317954,-0.09103403500493518,0.08816315491233136,0.16018040514730617,0.09870666107769806,0.06531286245120502,0.06531286245120502,0.08811810526072911,-0.03792051642009851,0.06531286245120502,-0.03361467824494317,-0.03148377582452576,0.019494369097623407,0.06531286245120502,-0.025157615859221154,0.06531286245120502,0.06531286245120502,-0.014485676427405728,0.02661558239098598,0.06531286245120502,0.08755786886240534,0.06531286245120502,-0.03780747741721139,0.06531286245120502,-0.0073917284121820075,0.033416236333367016,0.06648152768380386,0.05371579605233841,0.0695120627498552,-0.06708161117404919,0.06531286245120502,-0.00979810877124046,0.06531286245120502,0.06531286245120502,-0.016931220396740245,-0.014098899854125104,0.06531286245120502,0.06531286245120502,0.08094091929048404,-0.025275304859678577,0.19652242710405676,0.07188024236167367,0.05870270199519336,0.12879127592196968,0.10124281092205754,0.06531286245120502,0.06531286245120502,0.06531286245120502,0.06531286245120502,1.0,0.1038697295888208,0.03202382190992468,0.1258000821473691,0.17486036631081228,0.06531286245120502,0.03199141168140733,0.09713632397511714,-0.028940418206146956,0.06531286245120502,0.06531286245120502,0.06531286245120502,0.011971940793290331,-0.005646445212648809,0.06531286245120502,0.06531286245120502,-0.010537069465031707,0.04244678769158529,0.06220187827229641
T_Amp_V3_iqr,0.2506999263298253,0.4316890574752141,0.20779677748961023,0.06621407420963625,0.021464889003564785,0.2453551158492226,0.09837093439708264,0.24881084994561362,0.09837093439708264,0.12724591612400402,-0.0035148150644496784,-0.01638393030743377,0.08858702531664664,0.09823644598313569,0.012535097878104836,0.04687052687775501,0.045019339193547565,0.08858702531664664,0.09837093439708264,-0.03379052025853329,0.09823644598313569,0.030246906071928575,0.005832266427383038,0.0007121216148993481,0.09837093439708264,0.39637434950454326,0.31630023972090665,0.048445019375764196,-0.00940323877004541,0.09823644598313569,0.00828304547415646,0.2524303093300893,0.09837093439708264,0.03038639455686914,0.09823644598313569,-0.016651899932535352,0.09837093439708264,0.09837093439708264,0.3547188781241022,0.09823644598313569,0.017069037774381277,0.08858702531664664,0.09837093439708264,-0.023716226801597233,-0.015267746858304669,0.09837093439708264,0.26485454649977164,0.34697211860792876,0.09823644598313569,0.34451570481924965,0.020737357538545217,0.3460409820549572,0.2996500621243667,0.08858702531664664,-0.015185240270249761,0.09837093439708264,0.03035452186089803,0.502901491885763,0.09837093439708264,0.18063907042760588,0.0078240582185215,0.027678060057851946,0.09739635136424366,0.09837093439708264,0.024164325083110554,0.08858702531664664,0.17752535147760196,0.09823644598313569,0.12719341123354783,0.0218513605307357,0.31388656305438634,-0.039267771242124966,0.011557132221425247,0.06212422223678657,-0.002368395008356607,0.32910670965944183,0.0505507051615232,-0.0024016417872975058,0.3471214649830553,0.09837093439708264,0.3889682923691196,0.2657419606380532,0.08858702531664664,-0.03700679264266559,0.031540763736797595,0.283881797114765,0.08858702531664664,0.2786003243348111,0.26200865856142724,0.04008258301435596,0.08858702531664664,0.2346731368299084,0.02761586951529689,0.28914763785339914,0.329494391845412,0.47461100207803497,0.09837093439708264,0.09837093439708264,0.31480995334200196,-0.03613419775764331,0.09837093439708264,-0.04432603671642109,-0.010278835981670625,-0.0030752641669300404,0.08858702531664664,-0.008243150374374411,0.09837093439708264,0.09837093439708264,0.012420667656850607,-0.0011992679850302496,0.09837093439708264,0.29640592010534994,0.09837093439708264,-0.0070360509643812566,0.09837093439708264,0.006561856511720735,-0.005075554716248575,-0.006447782025641493,0.24695677946404448,0.20770713765558083,-0.09396544054500428,0.09837093439708264,0.02379843045488851,0.09837093439708264,0.09837093439708264,0.051635732555147584,-0.008222882636198673,0.09837093439708264,0.09837093439708264,0.287907228875831,-0.0004057568663142764,0.1437097875375487,0.28031186368245553,0.40172516307689976,0.09976268137666754,0.29694764685182995,0.08858702531664664,0.09823644598313569,0.09837093439708264,0.08858702531664664,0.1038697295888208,1.0,-0.017917781207430993,0.04106760351877122,0.3624978611638027,0.09837093439708264,0.016017708899411124,0.36175888872367695,0.006942947521053722,0.09837093439708264,0.08858702531664663,0.09823644598313569,-0.004335484931830582,0.02323334251483932,0.09837093439708264,0.09837093439708264,0.011732803397668403,0.040173323136008354,0.08080116087768745
ST_Elev_aVL,-0.033683839070596654,-0.025870993307162492,-0.09506010094078009,-0.04067848658121607,0.07824319347090271,-0.0091043293726112,-0.07824757603347128,-0.05985586472070064,-0.07824757603347128,-0.12306694325217978,0.10837877195918515,-0.1578086669372805,-0.07824757603347128,-0.07824757603347128,-0.18532376004693596,-0.15666520371609108,0.03841918958977071,-0.07824757603347128,-0.07824757603347128,0.08475766403355917,-0.07824757603347128,0.16144668386267294,0.2943195772164288,0.2170836957685055,-0.07824757603347128,-0.0043915632020440475,-0.004767765407653621,0.025991912000029684,-0.04657684794769539,-0.07824757603347128,-0.2352774673480013,-0.047080732330769016,-0.07824757603347128,-0.18285809363546363,-0.07824757603347128,0.21421554225229425,-0.07824757603347128,-0.07824757603347128,-0.029477030468829254,-0.07824757603347128,-0.4139265532621135,-0.07824757603347128,-0.07824757603347128,0.09047887409977978,0.07478747097174014,-0.07824757603347128,-0.022202775568088997,-0.036467518525500196,-0.07824757603347128,-0.02989699092187967,-0.12220112303118028,-0.016499836016320504,-0.013621221225993702,-0.07824757603347128,0.47802899490134987,-0.07824757603347128,-0.18509603607271458,-0.029104176183296592,-0.07824757603347128,-0.05085677210271856,0.06781126195489005,-0.1777413246939084,-0.07863330103192218,-0.07824757603347128,-0.1875373696779453,-0.07824757603347128,-0.04965012932204548,-0.07824757603347128,-0.12415510591543788,-0.001099982359397349,-0.016417221883137028,0.09214064184349427,0.18677675917918693,-0.11824112534793292,0.057725843047141734,0.007065445400267195,-0.019532576019117297,0.23255869409340976,-0.044790821882961636,-0.07824757603347128,-0.021338839123922967,-0.021812025126618867,-0.07824757603347128,0.08528401947118837,-0.04917014262769521,-0.05349872828898222,-0.07824757603347128,-0.00651035096431181,-0.03793327955087704,0.10099466446446606,-0.07824757603347128,-0.012595786271666513,0.00859373977580051,-0.02824898188483659,-0.03144304558532066,-0.032123088929764884,-0.07824757603347128,-0.07824757603347128,-0.00620960631831426,-0.12061120977196274,-0.07824757603347128,0.13713791708180567,-0.1653644399487398,-0.004547967971455837,-0.07824757603347128,-0.2801115733252828,-0.07824757603347128,-0.07824757603347128,0.08234873635347394,0.2286379837346982,-0.07824757603347128,-0.025869092431209394,-0.07824757603347128,0.13002410506541937,-0.07824757603347128,0.264033242684609,-0.010719382480604627,0.018236191275896256,-0.025253340523252312,-0.03091990020445394,0.07599570701035517,-0.07824757603347128,0.09346688986931354,-0.07824757603347128,-0.07824757603347128,0.07495173468018385,0.11184950699201897,-0.07824757603347128,-0.07824757603347128,-0.033900878748691084,-0.24479953318051662,-0.06995845153729424,-0.019691719401631023,-0.0673334820655467,-0.11907940487148667,-0.02118515320601704,-0.07824757603347128,-0.07824757603347128,-0.07824757603347128,-0.07824757603347128,0.03202382190992468,-0.017917781207430993,1.0,-0.0006072997866421227,-0.021757672322280697,-0.07824757603347127,-0.15308582455000475,-0.0161909972790898,-0.16961746812558903,-0.07824757603347127,-0.07824757603347127,-0.07824757603347127,-0.15044449105393307,0.1787392240037297,-0.07824757603347127,-0.07824757603347127,-0.1625466861149998,-0.09216990792808462,0.0647959616944221
ST_Elev_aVL_iqr,0.06076357862284595,0.03603365676827659,0.13732452432529657,0.15317254197744132,-0.1013974783185462,0.05351169599406984,0.056394977852655924,0.02691389580890999,0.056394977852655924,0.15375014555383057,0.011069429195245688,-0.01471057170753693,0.056394977852655924,0.056394977852655924,-0.02453838766832352,0.22381831140104577,-0.07832553283512851,0.056394977852655924,0.056394977852655924,-0.03287842136201688,0.056394977852655924,-0.10678759359337163,0.07253483178479561,-0.06228065918213005,0.056394977852655924,0.035990940493964264,0.06050719710086207,0.26933881064825654,0.0515227381575153,0.056394977852655924,0.15225924965385706,0.03201035848265131,0.056394977852655924,0.03490433381767118,0.056394977852655924,-0.20156897918538633,0.056394977852655924,0.056394977852655924,0.02418095559324048,0.056394977852655924,-0.005387644529128659,0.056394977852655924,0.056394977852655924,-0.005769503802206838,-0.012525251331093439,0.056394977852655924,0.05641891512370753,0.030386448118209092,0.056394977852655924,0.02304692998211095,0.37617445252777026,0.04631888841285376,0.0939768288561623,0.056394977852655924,-0.04564852232434381,0.056394977852655924,0.07207480752153772,0.03854151074230826,0.056394977852655924,0.04924344531787047,0.033691427404207795,0.016797162733331476,0.054621972506962255,0.056394977852655924,0.038817494158705154,0.056394977852655924,0.03592262771998068,0.056394977852655924,0.1623730105906479,0.005485195496078701,0.04651419702736911,-0.001217438290831166,0.009621912549076227,0.15953313594074814,-0.08445820040639655,0.06677326172403203,0.11123719371264863,-0.18465800186573,0.03958083013186305,0.056394977852655924,0.03568747676497251,0.06598199688006573,0.056394977852655924,-0.017698536374038266,-0.03700959715617586,0.02643474744963344,0.056394977852655924,0.0668068229551996,0.07851864734470358,-0.09942678026910431,0.056394977852655924,0.05612538567871039,-0.07930288947569042,0.06770463106489827,0.04009492968765204,0.04847838625473299,0.056394977852655924,0.056394977852655924,0.06753668283379875,0.02912826474912261,0.056394977852655924,-0.07400438265904337,-0.09709222723348454,0.026289055864176236,0.056394977852655924,-0.09984430838050053,0.056394977852655924,0.056394977852655924,0.009657839507255178,-0.06817798814805184,0.056394977852655924,0.049048106330030136,0.056394977852655924,-0.04615865692008528,0.056394977852655924,0.04841069085646395,0.02384195774060297,0.0026795248485795217,0.036633256434159114,0.05252653106497883,-0.0576070852105712,0.056394977852655924,0.08357008131060481,0.056394977852655924,0.056394977852655924,-0.007320740917026171,0.007576520018632383,0.056394977852655924,0.056394977852655924,0.039762359588344724,0.08098505265477594,0.1439446789938243,0.05148483133704553,0.04278921790335721,0.1584404647807726,0.07465917755457062,0.056394977852655924,0.056394977852655924,0.056394977852655924,0.056394977852655924,0.1258000821473691,0.04106760351877122,-0.0006072997866421227,1.0,0.046216725957043056,0.056394977852655924,0.03374090831189583,0.036602133546290674,0.04186001342509724,0.056394977852655924,0.056394977852655924,0.056394977852655924,-0.04156702518014537,-0.1074249476821616,0.056394977852655924,0.056394977852655924,-0.05330066937736182,0.05737053550501243,0.048954047510817375
T_Amp_V1_iqr,0.2585853206700441,0.3483784322770776,0.12387827556929747,0.07025850320577072,0.020106810251365622,0.38696474785253954,0.07772733700943997,0.21672937054162422,0.07772733700943997,0.11471935776888761,-0.018653464716322322,-0.01375369811712419,0.07351032611890343,0.07764294957354585,0.010634965778383777,0.053618383564854766,0.0325299707052886,0.07351032611890343,0.07772733700943997,-0.02003503211673692,0.07764294957354585,0.0197718236768878,0.004828987268856675,0.00948416846776055,0.07772733700943997,0.36689795457450597,0.3277961845116112,0.05158869099539358,-0.015150411277056365,0.07764294957354585,0.001458756570320443,0.20342507175010102,0.07772733700943997,0.02958073499852578,0.07764294957354585,-0.027514718472591633,0.07772733700943997,0.07772733700943997,0.335912324441462,0.07764294957354585,0.02532093728572193,0.07351032611890343,0.07772733700943997,-0.018188487222942314,-0.0022448958869760553,0.07772733700943997,0.2703710966507574,0.3559015302994013,0.07764294957354585,0.33294194990810344,0.03583732363643687,0.5625465712484428,0.3127911662967403,0.07351032611890343,-0.009733750164885575,0.07772733700943997,0.03506261706887533,0.3257003265068575,0.07772733700943997,0.17856002320383557,-0.006373324794487145,0.019487965925411754,0.07622060765412857,0.07772733700943997,0.023853760546170923,0.07351032611890343,0.17503161734667186,0.07764294957354585,0.12400393543008979,0.0056634959531495725,0.3264047009428195,-0.022661480503095695,0.013590663148653872,0.06359932875172401,0.001615655427262524,0.3427521874404808,0.03379059897242886,-0.009777213213686577,0.308462004510313,0.07772733700943997,0.35429889874814097,0.2676887224533953,0.07351032611890343,-0.015692241373631163,0.03219394908981263,0.2624775756915154,0.07351032611890343,0.289111028239339,0.272683343629585,0.022713566410380255,0.07351032611890343,0.22392377087937726,0.03640677759921746,0.30611703368298804,0.541032206775748,0.30202025159011814,0.07772733700943997,0.07772733700943997,0.32642305704600644,-0.027785408836329774,0.07772733700943997,-0.029330735103231354,-0.0013468634642482358,-0.014506517335560397,0.07351032611890343,-0.005836825960390382,0.07772733700943997,0.07772733700943997,0.0001126708341654183,0.010804857155106554,0.07772733700943997,0.3101110581422881,0.07772733700943997,0.0015774995864650042,0.07772733700943997,0.0067425397975004195,-0.00602855654828903,-0.006340052531472794,0.227461427830497,0.2003657801031426,-0.07462827366382598,0.07772733700943997,0.02017263262316365,0.07772733700943997,0.07772733700943997,0.03787174161620811,-0.0069573199316396795,0.07772733700943997,0.07772733700943997,0.29854287401047014,-0.0003867313819074779,0.1217736372416841,0.28229503969110087,0.2485758347221284,0.10819352385178266,0.3107633455613666,0.07351032611890343,0.07764294957354585,0.07772733700943997,0.07351032611890343,0.17486036631081228,0.3624978611638027,-0.021757672322280697,0.046216725957043056,1.0,0.07772733700943997,0.011789761144625457,0.35062609744177614,0.04763944144609496,0.07772733700943997,0.07351032611890344,0.07764294957354585,-0.0020585350015786042,0.014140642794209497,0.07772733700943997,0.07772733700943997,0.0216665610326236,0.034609376954613656,0.05736366119583568
Q_Amp_II_count,0.09225889000708774,0.0811384091573505,0.13805513304594894,0.05061646672401522,-0.07347182783233144,0.07462706781364958,1.0,0.10812326851166051,1.0,0.13983353307465315,-0.0027952218534831267,-0.07266659859821599,0.7904285224513437,0.9998631395220794,-0.03026255774970611,0.10890521812481126,0.0064263080931702835,0.7904285224513437,1.0,-0.03814740950535641,0.9998631395220794,-0.07280769202276784,-0.008332288302197085,-0.18105500151107978,1.0,0.07124778792589087,0.08367197006065688,0.030443544276885406,0.07099133654759573,0.9998631395220794,0.20027571200042515,0.09786833627528904,1.0,0.03132056458930073,0.9998631395220794,-0.0732737932059546,1.0,1.0,0.09461559318844953,0.9998631395220794,-0.044431211222848266,0.7904285224513437,1.0,-0.021881591399580593,-0.06083329940742301,1.0,0.09908331700198185,0.07893775971918174,0.9998631395220794,0.08685018884901723,0.0836095365051139,0.09340480937276176,0.07084588168111203,0.7904285224513437,-0.18331388855081693,1.0,0.06360460876835958,0.08522273558207892,1.0,0.06607363075615759,-0.008540198085799314,-0.025000307430738156,0.9870742722502791,1.0,0.03288958198779447,0.7904285224513437,0.06736015673410424,0.9998631395220794,0.13660572374903127,0.05427361390793818,0.09276669060786319,-0.2058868796774257,-0.04800984418556759,0.07661383201615517,-0.18781372381538375,0.08518039643002075,0.039383543539852316,-0.10682932789406178,0.09369763329965,1.0,0.08882522291799093,0.11776894398678853,0.7904285224513437,-0.20306433364837473,-0.013544303008777226,0.10435517699818614,0.7904285224513437,0.0846075423482226,0.07620734039691134,-0.0354474897679339,0.7904285224513437,0.09223025090623174,0.025069768503659853,0.10339486718829109,0.07138422960563863,0.10642376558653302,1.0,1.0,0.08127021680507342,-0.08499337959482024,1.0,-0.0005538322546483856,-0.03998974405081656,0.006001130942919352,0.7904285224513437,-0.0030045839111853966,1.0,1.0,-0.07772441902000934,-0.18378457668392426,1.0,0.09700376946515875,1.0,-0.1769557865849292,1.0,-0.025718473718976922,0.004321050880991544,-0.030171394886381143,0.0974780692448326,0.08309647974160522,-0.8999688535773166,1.0,0.03828088158774031,1.0,1.0,-0.06507142221338419,-0.07561487187684009,1.0,1.0,0.08638912536450105,0.18248956933196353,0.12631269452102856,0.08902636760910229,0.12245579251797557,0.12017618169935508,0.08454866056159195,0.7904285224513437,0.9998631395220794,1.0,0.7904285224513437,0.06531286245120502,0.09837093439708264,-0.07824757603347127,0.056394977852655924,0.07772733700943997,1.0,0.02633079341515808,0.07778682868844511,0.1040421692494278,1.0,0.7904285224513438,0.9998631395220793,-0.0408555830932044,-0.09752976019453018,1.0,1.0,-0.1335061930246607,0.0077472477820141996,-0.1498226208824431
Q_Amp_V4,0.04003577385526156,0.019462118514415608,0.17213542295910894,0.1185139854601139,-0.1908723397458002,-0.012442006952473283,0.02633079341515808,0.02070235858707855,0.02633079341515808,0.19605254775410522,0.041876627974592844,0.19839118753262602,0.02608777125966033,0.02633079341515808,0.2394094911161545,0.17368181205465572,-0.18544093313775775,0.02608777125966033,0.02633079341515808,-0.18804293937779765,0.02633079341515808,-0.23099302693373472,-0.2003857071687855,-0.09722408401182221,0.02633079341515808,-0.01749320719073195,0.019980758991490162,0.01574571490826836,0.23773396465652058,0.02633079341515808,0.22841764724310218,-0.07977699946770819,0.02633079341515808,0.5438127820500759,0.02633079341515808,-0.15042872030925084,0.02633079341515808,0.02633079341515808,0.05655108597786284,0.02633079341515808,0.09263480666088987,0.02608777125966033,0.02633079341515808,-0.02553287264188111,-0.3151280886935433,0.02633079341515808,0.0015546292463588579,0.0395784161336567,0.02633079341515808,0.04098862151642081,0.13323890901587424,0.023734570239205843,0.016744859180057158,0.02608777125966033,-0.15160125557350765,0.02633079341515808,0.007469291520216352,-0.009819516050668916,0.02633079341515808,-0.002058605989804281,0.07940254806622657,0.3470400576302953,0.02589136987024286,0.02633079341515808,0.41787347263227737,0.02608777125966033,-0.010234598874936702,0.02633079341515808,0.1782351846892937,-0.017348666470049307,0.007960757502431214,0.011574555136441575,-0.30075239202514537,0.17184102479662752,-0.07194505310524478,0.00438117524672721,0.19886370158202207,-0.21707209077404352,0.1466547910822078,0.02633079341515808,0.03536912248433926,0.0006935498308912779,0.02608777125966033,0.02197011448928612,-0.1085227455042341,0.04223550699696112,0.02608777125966033,0.016298595729644698,0.03731092883572929,-0.2097139729038185,0.02608777125966033,-0.00906471025873537,-0.14757957823652756,0.03565700563864402,0.04041549506495564,0.05783184178063766,0.02633079341515808,0.02633079341515808,0.009293941347484487,0.019127529569861516,0.02633079341515808,-0.36123482343829705,-0.0298456694960398,0.23626718851597242,0.02608777125966033,0.12145913873288311,0.02633079341515808,0.02633079341515808,-0.3120112070272613,-0.12163787070489777,0.02633079341515808,0.037766129912924905,0.02633079341515808,-0.019001597075795674,0.02633079341515808,-0.2558178248900481,0.29227899450795813,-0.10349776460714132,0.038168627987747464,-0.0071824724667219255,-0.02870623243644956,0.02633079341515808,-0.008215311586349552,0.02633079341515808,0.02633079341515808,-0.21556892979590686,-0.5228359201688761,0.02633079341515808,0.02633079341515808,0.030960061641426163,0.13233344261607002,0.14452356724571,0.011777365381075286,0.010284743464912826,0.15842301802647035,0.029176949441620297,0.02608777125966033,0.02633079341515808,0.02633079341515808,0.02608777125966033,0.03199141168140733,0.016017708899411124,-0.15308582455000475,0.03374090831189583,0.011789761144625457,0.02633079341515808,1.0,0.03538791155835028,0.034601539689493616,0.02633079341515808,0.02608777125966033,0.02633079341515808,0.1256476940066636,-0.21808958447334542,0.02633079341515808,0.02633079341515808,-0.003230547094292203,0.08042080622483382,-0.010086659352294865
T_Amp_V6_iqr,0.27557684898788687,0.41044242378185686,0.14567037660142293,0.06306330941696893,0.020923897721408336,0.2140260606781654,0.07778682868844511,0.2791201041497596,0.07778682868844511,0.14232960153824262,0.01530498881733186,-0.02659399112654093,0.06937368163988841,0.07778682868844511,0.029821649402123698,0.03794961370648816,-0.009041231149255032,0.06937368163988841,0.07778682868844511,-0.03342646776643678,0.07778682868844511,0.017066235909546052,-0.011224392555666934,0.008901373456397164,0.07778682868844511,0.304130116853892,0.3434618246720258,0.044320863600540196,-0.003429575540577793,0.07778682868844511,0.0006775152841516084,0.2199887972807538,0.07778682868844511,0.053430629850636145,0.07778682868844511,-0.02223913502772233,0.07778682868844511,0.07778682868844511,0.4577140883631049,0.07778682868844511,0.022136550146123313,0.06937368163988841,0.07778682868844511,-0.035880971928221726,0.0074381247948665415,0.07778682868844511,0.25812985522431975,0.3455960499196387,0.07778682868844511,0.6627318420269382,0.021175735770113523,0.3563305564977818,0.326034297683231,0.06937368163988841,-0.008696575570165557,0.07778682868844511,0.034296272865046454,0.3403777082386383,0.07778682868844511,0.1744126272461176,0.010630376416016291,0.037789925138385104,0.07656494234694909,0.07778682868844511,0.0294066181554373,0.06937368163988841,0.16577060119879825,0.07778682868844511,0.16497060045522968,0.027946740053077804,0.29201821261053307,-0.023117716196194012,-0.0022145528416859126,0.053115726567324016,0.005263660290120583,0.3625370032716385,0.038269833271461814,-0.006276148570700804,0.3690492734344533,0.07778682868844511,0.49921866826448474,0.2565795669443463,0.06937368163988841,-0.024318222000364525,0.032373423369472916,0.5105420408827621,0.06937368163988841,0.29865063987903145,0.277574489253821,-0.000785632560080456,0.06937368163988841,0.21851533487785288,-0.02638344673282242,0.3126769001068046,0.327608244544754,0.3053899752228503,0.07778682868844511,0.07778682868844511,0.3482638967558482,-0.03133068656159307,0.07778682868844511,-0.04785361180820053,-0.0038863307537371082,-0.003080258218452251,0.06937368163988841,0.00611540972655645,0.07778682868844511,0.07778682868844511,-0.01915574308613908,0.019355481922264942,0.07778682868844511,0.31784111627774514,0.07778682868844511,-0.010235433492381592,0.07778682868844511,-0.011639370439891227,-0.006791778203478708,0.03079321050377911,0.1859418009090249,0.19723093645914577,-0.0733247256973755,0.07778682868844511,0.008674264962337405,0.07778682868844511,0.07778682868844511,0.0314515893537467,-0.02362631250310083,0.07778682868844511,0.07778682868844511,0.3086243237568563,-0.007048938233138523,0.14222764231092336,0.2995759878512825,0.22760779616120802,0.22421062885152288,0.32007197573656376,0.06937368163988841,0.07778682868844511,0.07778682868844511,0.06937368163988841,0.09713632397511714,0.36175888872367695,-0.0161909972790898,0.036602133546290674,0.35062609744177614,0.07778682868844511,0.03538791155835028,1.0,-0.020177836758916018,0.07778682868844511,0.0693736816398884,0.07778682868844511,0.015994609315980925,0.013781929618939922,0.07778682868844511,0.07778682868844511,0.017807844660721023,0.03757386487745768,0.0230610172147712
T_Amp_V1,-0.005369549464162339,0.0007657035952806907,-0.08828255318803103,0.014581548349112157,-0.1686218267582992,0.0718275044528011,0.1040421692494278,0.022869188260360485,0.1040421692494278,0.016730589354562266,-0.3272858535128661,0.12894895190324268,0.09076729466611823,0.10411458604827013,0.040368198111031935,0.1512566497796474,0.18850349529368007,0.09076729466611823,0.1040421692494278,-0.0006386029027843069,0.10411458604827013,-0.18516891796131366,-0.10613058438065247,-0.14890581704166064,0.1040421692494278,0.03190669702382597,-0.023350389817095595,-0.022272471714499968,-0.03246525451172311,0.10411458604827013,0.3069619538632457,0.05341943587972248,0.1040421692494278,0.07707046177581808,0.10411458604827013,-0.22854118039488563,0.1040421692494278,0.1040421692494278,-0.014540517289667045,0.10411458604827013,0.07980601413102018,0.09076729466611823,0.1040421692494278,-0.014385094276346164,-0.10242861946058604,0.1040421692494278,-0.0044308854519707445,-0.002445436309020656,0.10411458604827013,-0.009388104326154676,0.12142209415807327,-0.005609230282842966,-0.017339833250859336,0.09076729466611823,-0.20901792366852234,0.1040421692494278,0.11588416180321741,0.014190407834255578,0.1040421692494278,0.01903580181106415,-0.06686035532312407,0.05026305332755284,0.10383619569656521,0.1040421692494278,0.11377642446327425,0.09076729466611823,0.017185298231441947,0.10411458604827013,0.08923798430857814,-0.037477465674360444,0.022668623930471414,0.04567683829799534,-0.022907218262569633,0.10237050123940314,-0.1341328106159669,-0.028341837571777627,0.06038284582248193,-0.2786220984815537,0.001784078602233331,0.1040421692494278,-0.01745452998112904,0.005657222940674406,0.09076729466611823,0.049706722508275236,-0.03669200993458602,-0.008880602745716287,0.09076729466611823,-0.010574248006607877,-0.005320419284544919,0.0004847562934815288,0.09076729466611823,-0.004747430058267451,0.3426080946289297,-0.014060327772302615,0.030341502658455734,0.025594710880144703,0.1040421692494278,0.1040421692494278,-0.02303746682966006,0.260530894065637,0.1040421692494278,-0.06916164201785932,0.10616418732972888,-0.04933800249671455,0.09076729466611823,0.12409789254779338,0.1040421692494278,0.1040421692494278,0.026414487006563517,-0.19933308665681268,0.1040421692494278,-0.010247633442680617,0.1040421692494278,-0.0078191709796657,0.1040421692494278,-0.07165155459649096,-0.007947307425155554,-0.21865943894029052,0.043311883261508824,0.006435400978016887,-0.09728593767455476,0.1040421692494278,0.010488999369484015,0.1040421692494278,0.1040421692494278,0.003685050234523354,0.005238250923133066,0.1040421692494278,0.1040421692494278,-0.005922803966946549,0.19636709456119483,-0.1898072728200164,0.003739848447431418,0.07288906326816862,0.117544631816961,-0.021685469535749926,0.09076729466611823,0.10411458604827013,0.1040421692494278,0.09076729466611823,-0.028940418206146956,0.006942947521053722,-0.16961746812558903,0.04186001342509724,0.04763944144609496,0.1040421692494278,0.034601539689493616,-0.020177836758916018,1.0,0.10404216924942779,0.09076729466611824,0.10411458604827013,0.017262629880752917,-0.26428277152591273,0.10404216924942779,0.10404216924942779,-0.03488099635449106,0.06370299037715962,-0.06716153618026052
R_Amp_II_count,0.09225889000708774,0.0811384091573505,0.13805513304594894,0.05061646672401522,-0.07347182783233144,0.07462706781364958,1.0,0.10812326851166051,1.0,0.13983353307465315,-0.0027952218534831267,-0.07266659859821599,0.7904285224513437,0.9998631395220794,-0.03026255774970611,0.10890521812481126,0.0064263080931702835,0.7904285224513437,1.0,-0.03814740950535641,0.9998631395220794,-0.07280769202276784,-0.008332288302197085,-0.18105500151107978,1.0,0.07124778792589087,0.08367197006065688,0.030443544276885406,0.07099133654759573,0.9998631395220794,0.20027571200042515,0.09786833627528904,1.0,0.03132056458930073,0.9998631395220794,-0.0732737932059546,1.0,1.0,0.09461559318844953,0.9998631395220794,-0.044431211222848266,0.7904285224513437,1.0,-0.021881591399580593,-0.06083329940742301,1.0,0.09908331700198185,0.07893775971918174,0.9998631395220794,0.08685018884901723,0.0836095365051139,0.09340480937276176,0.07084588168111203,0.7904285224513437,-0.18331388855081693,1.0,0.06360460876835958,0.08522273558207892,1.0,0.06607363075615759,-0.008540198085799314,-0.025000307430738156,0.9870742722502791,1.0,0.03288958198779447,0.7904285224513437,0.06736015673410424,0.9998631395220794,0.13660572374903127,0.05427361390793818,0.09276669060786319,-0.2058868796774257,-0.04800984418556759,0.07661383201615517,-0.18781372381538375,0.08518039643002075,0.039383543539852316,-0.10682932789406178,0.09369763329965,1.0,0.08882522291799093,0.11776894398678853,0.7904285224513437,-0.20306433364837473,-0.013544303008777226,0.10435517699818614,0.7904285224513437,0.0846075423482226,0.07620734039691134,-0.0354474897679339,0.7904285224513437,0.09223025090623174,0.025069768503659853,0.10339486718829109,0.07138422960563863,0.10642376558653302,1.0,1.0,0.08127021680507342,-0.08499337959482024,1.0,-0.0005538322546483856,-0.03998974405081656,0.006001130942919352,0.7904285224513437,-0.0030045839111853966,1.0,1.0,-0.07772441902000934,-0.18378457668392426,1.0,0.09700376946515875,1.0,-0.1769557865849292,1.0,-0.025718473718976922,0.004321050880991544,-0.030171394886381143,0.0974780692448326,0.08309647974160522,-0.8999688535773166,1.0,0.03828088158774031,1.0,1.0,-0.06507142221338419,-0.07561487187684009,1.0,1.0,0.08638912536450105,0.18248956933196353,0.12631269452102856,0.08902636760910229,0.12245579251797557,0.12017618169935508,0.08454866056159195,0.7904285224513437,0.9998631395220794,1.0,0.7904285224513437,0.06531286245120502,0.09837093439708264,-0.07824757603347127,0.056394977852655924,0.07772733700943997,1.0,0.02633079341515808,0.07778682868844511,0.10404216924942779,1.0,0.7904285224513438,0.9998631395220793,-0.0408555830932044,-0.09752976019453018,1.0,1.0,-0.1335061930246607,0.0077472477820141996,-0.1498226208824431
ST_Elev_V5_count,0.09067551891320634,0.07436164239989208,0.13805513304594894,0.05061646672401522,-0.0631427276758813,0.06564149405802629,0.7904285224513438,0.09609432862760002,0.7904285224513438,0.13983353307465315,-0.009764118222405617,-0.043921270662471236,1.0,0.7905391923461392,-0.0193376629152945,0.10890521812481126,0.010703386529943713,1.0,0.7904285224513438,-0.03426063325073105,0.7905391923461392,-0.060812792491177714,-0.016211866156094434,-0.18105500151107978,0.7904285224513438,0.062649645498929,0.07711883019374224,0.030443544276885406,0.05878575432196816,0.7905391923461392,0.16426726804206543,0.08542399875781696,0.7904285224513438,0.02725770678751996,0.7905391923461392,-0.07140532192675647,0.7904285224513438,0.7904285224513438,0.08660855853515216,0.7905391923461392,-0.044431211222848266,1.0,0.7904285224513438,-0.017179000001370785,-0.05466791652650778,0.7904285224513438,0.09149651212608913,0.07769709758338726,0.7905391923461392,0.07784797806989294,0.0836095365051139,0.08480301000775797,0.07111945049524179,1.0,-0.18331388855081693,0.7904285224513438,0.05582443594150009,0.08430278173556568,0.7904285224513438,0.06164899994914557,-0.00908556462027605,-0.015483883924972616,0.780473803678407,0.7904285224513438,0.028270105529464587,1.0,0.0648602913195838,0.7905391923461392,0.13660572374903127,0.04734840973974471,0.08476892774323472,-0.2058868796774257,-0.04450848808227836,0.07661383201615517,-0.18781372381538375,0.08023863220643025,0.03183681294331013,-0.09480853284251047,0.08603957277332111,0.7904285224513438,0.0803793107389145,0.10474430011301357,1.0,-0.20306433364837473,-0.01006600161583545,0.09173189992124295,1.0,0.08606686222548031,0.08001579164959509,-0.023857362254009893,1.0,0.0810164603160926,0.024475750797487567,0.09914434416441846,0.06840213700288837,0.0973999257222388,0.7904285224513438,0.7904285224513438,0.07945082639917549,-0.08499337959482024,0.7904285224513438,-0.002066398238684071,-0.0275146451148884,0.0029366542811671546,1.0,0.005785475579306738,0.7904285224513438,0.7904285224513438,-0.05745427563252061,-0.18378457668392426,0.7904285224513438,0.0895093928523948,0.7904285224513438,-0.1769557865849292,0.7904285224513438,-0.03023964644246384,0.006724529218598609,-0.031408629613938005,0.08520196099404607,0.0739037831427735,-0.705548323206989,0.7904285224513438,0.02959407520062623,0.7904285224513438,0.7904285224513438,-0.04914355960861011,-0.06308189985573766,0.7904285224513438,0.7904285224513438,0.08107262146272198,0.18248956933196353,0.12631269452102856,0.08200141533427667,0.10809210341265138,0.12017618169935508,0.08373765948600617,1.0,0.7905391923461392,0.7904285224513438,1.0,0.06531286245120502,0.08858702531664663,-0.07824757603347127,0.056394977852655924,0.07351032611890344,0.7904285224513438,0.02608777125966033,0.0693736816398884,0.09076729466611824,0.7904285224513438,1.0,0.7905391923461392,-0.029174719638432232,-0.08186842697662541,0.7904285224513437,0.7904285224513437,-0.1335061930246607,0.01810697284432198,-0.1262399473467558
R_Amp_V4_count,0.09221268205112247,0.0811384091573505,0.13805513304594894,0.05061646672401522,-0.07352188081725718,0.07457688795557471,0.9998631395220793,0.10812326851166051,0.9998631395220793,0.13983353307465315,-0.0028990061985135662,-0.07273213935668994,0.7905391923461392,1.0,-0.0302305829972608,0.10890521812481126,0.006545708113600336,0.7905391923461392,0.9998631395220793,-0.03816841232500636,1.0,-0.07280769202276784,-0.00836480636552359,-0.18105500151107978,0.9998631395220793,0.07115629313271295,0.0835970466587137,0.030443544276885406,0.07091560045667428,1.0,0.20033917104046783,0.09786833627528904,0.9998631395220793,0.03132056458930073,1.0,-0.07334987115361262,0.9998631395220793,0.9998631395220793,0.09461559318844953,1.0,-0.044431211222848266,0.7905391923461392,0.9998631395220793,-0.021882838706791204,-0.060859792032287266,0.9998631395220793,0.09905537991804333,0.07885511618287838,1.0,0.08685018884901723,0.0836095365051139,0.0933252593967519,0.07076405989317085,0.7905391923461392,-0.18331388855081693,0.9998631395220793,0.0636635136712677,0.08510884365374258,0.9998631395220793,0.06609213760267824,-0.008529256616998509,-0.024980289798677873,0.9869369299706925,0.9998631395220793,0.03288958198779447,0.7905391923461392,0.06747095337445012,1.0,0.13660572374903127,0.05421139447996437,0.09271244429079073,-0.2058868796774257,-0.04795096292404273,0.07661383201615517,-0.18781372381538375,0.08515416727660412,0.03942515300217248,-0.1069141640205141,0.09369763329965,0.9998631395220793,0.08882522291799093,0.11770006151711983,0.7905391923461392,-0.20306433364837473,-0.013579460173274029,0.10435517699818614,0.7905391923461392,0.08453326370054565,0.07617825312592073,-0.0354474897679339,0.7905391923461392,0.09233169493158776,0.025091584473967598,0.10334074432388159,0.0712974446976259,0.10631664285031868,0.9998631395220793,0.9998631395220793,0.08123576288569055,-0.08499337959482024,0.9998631395220793,-0.0006071760220786969,-0.039937629786190074,0.005905972733228227,0.7905391923461392,-0.00297652991459727,0.9998631395220793,0.9998631395220793,-0.07772441902000934,-0.18378457668392426,0.9998631395220793,0.09693959742511098,0.9998631395220793,-0.1769557865849292,0.9998631395220793,-0.025705637894365214,0.004330447704378246,-0.030242679856146367,0.09738316560588944,0.08307457166503675,-0.8998437510250041,0.9998631395220793,0.03833029628931065,0.9998631395220793,0.9998631395220793,-0.06507142221338419,-0.07561487187684009,0.9998631395220793,0.9998631395220793,0.08634992048971823,0.18248956933196353,0.12631269452102856,0.08900363610135882,0.12233427186816474,0.12017618169935508,0.0844778494841971,0.7905391923461392,1.0,0.9998631395220793,0.7905391923461392,0.06531286245120502,0.09823644598313569,-0.07824757603347127,0.056394977852655924,0.07764294957354585,0.9998631395220793,0.02633079341515808,0.07778682868844511,0.10411458604827013,0.9998631395220793,0.7905391923461392,1.0,-0.04081679162557358,-0.09752976019453018,0.9998631395220794,0.9998631395220794,-0.1335061930246607,0.007633171380337465,-0.1498949133226048
Q_Amp_III,0.0021664251617629178,0.014449959269944985,0.02666380657326716,0.10216987213594332,-0.03339679830996405,-0.03076517552371225,-0.0408555830932044,0.0545545062518364,-0.0408555830932044,0.046903953045331195,0.0059387871305640735,0.08376620723854657,-0.029174719638432232,-0.04081679162557358,0.5464580340448406,0.06057576021951339,-0.034422620913290916,-0.029174719638432232,-0.0408555830932044,-0.012915308202606213,-0.04081679162557358,-0.057687578293236286,-0.5451420926163157,0.001612687531340183,-0.0408555830932044,-0.015022899936385864,-0.0057295656929139205,0.02695160234908037,0.06831738515903775,-0.04081679162557358,0.04394874134020386,0.03747627149797263,-0.0408555830932044,0.1590260792433213,-0.04081679162557358,-0.04648926584356928,-0.0408555830932044,-0.0408555830932044,0.02949024727626662,-0.04081679162557358,0.1353864111187565,-0.029174719638432232,-0.0408555830932044,-0.0943173863743617,-0.011626175155144258,-0.0408555830932044,0.01633445615542338,0.014859401205177593,-0.04081679162557358,0.023864397137090397,0.010555287380769435,0.008430535055417158,0.0012786017056525688,-0.029174719638432232,-0.0928357819171151,-0.0408555830932044,0.0036831977091608347,0.01294253783066074,-0.0408555830932044,0.06586611318794824,-0.06692703640918818,0.38463042578870976,-0.04002077662949105,-0.0408555830932044,0.17498215692934593,-0.029174719638432232,0.044131549266673765,-0.04081679162557358,0.054681988447869555,0.0032987358839620244,0.001821375336645691,-0.03661661165116387,-0.3103853799930146,0.08857818043222067,0.05673174600859777,-0.011187726030793895,-0.28236190055262284,-0.045600934901691315,0.04178169836698335,-0.0408555830932044,0.015452138817952567,-0.004532892997064905,-0.029174719638432232,-0.004160859409825867,-0.01754160789417145,0.039783339952437116,-0.029174719638432232,-0.04267602912932381,0.015139343469072263,-0.0524269958094218,-0.029174719638432232,-0.007833463240314082,-0.02509887571093771,0.01947028096988024,0.011337032457613182,0.015514175395777157,-0.0408555830932044,-0.0408555830932044,-0.009747648352710366,0.02110610071502525,-0.0408555830932044,-0.1366377436818281,0.23637480753937626,0.011399507995466,-0.029174719638432232,0.42845545291835796,-0.0408555830932044,-0.0408555830932044,-0.08970860199980939,0.006044216565357466,-0.0408555830932044,0.028964982405411368,-0.0408555830932044,0.0051924685190296565,-0.0408555830932044,-0.45530569834089163,0.011085269635429522,0.1094877934491779,-0.021585836947992293,0.025366565282039243,0.037386484036208166,-0.0408555830932044,-0.5716599161292145,-0.0408555830932044,-0.0408555830932044,-0.10672035574501347,-0.08671199491211568,-0.0408555830932044,-0.0408555830932044,0.044185493663588676,0.013624697814318859,0.01644722434114266,-0.019808071220453333,0.0102489417695836,0.06694417181863861,0.006268630746344884,-0.029174719638432232,-0.04081679162557358,-0.0408555830932044,-0.029174719638432232,0.011971940793290331,-0.004335484931830582,-0.15044449105393307,-0.04156702518014537,-0.0020585350015786042,-0.0408555830932044,0.1256476940066636,0.015994609315980925,0.017262629880752917,-0.0408555830932044,-0.029174719638432232,-0.04081679162557358,1.0,-0.05393101441134991,-0.0408555830932044,-0.0408555830932044,0.10415649588134396,0.055608358453737884,-0.029385967412637198
T_Amp_V6,0.004722425573673237,0.016276526071949793,-0.15180197474266954,-0.20244081871018682,0.570206385410654,-0.01208714516695986,-0.09752976019453018,-0.03297811636449119,-0.09752976019453018,-0.2571110356678583,0.14931230744582744,-0.16905510687220832,-0.08186842697662541,-0.09752976019453018,-0.10485106015513339,-0.3404066944604751,0.2608550180106774,-0.08186842697662541,-0.09752976019453018,0.09831346266871974,-0.09752976019453018,0.6971604381140105,0.1341609735476191,0.27144036876859906,-0.09752976019453018,0.048960952080543005,0.02818873757269898,-0.058740273695902435,-0.013941426824678253,-0.09752976019453018,-0.6027088143003794,-0.03163536446913084,-0.09752976019453018,-0.2324433915524402,-0.09752976019453018,0.29256761486034993,-0.09752976019453018,-0.09752976019453018,0.011828935544883233,-0.09752976019453018,-0.049738567930478456,-0.08186842697662541,-0.09752976019453018,0.03751741069364714,0.11591993312256445,-0.09752976019453018,0.024960130355162105,-0.0004154730719214262,-0.09752976019453018,0.005547030937200721,-0.27472488972831116,0.020341893457054668,0.03634692147047861,-0.08186842697662541,0.2557418503233591,-0.09752976019453018,0.05969187432293535,0.004812268230864729,-0.09752976019453018,-0.0163723962657282,0.013383384556098454,-0.15802678185879657,-0.09409417489118037,-0.09752976019453018,-0.2084469551401457,-0.08186842697662541,-0.015408994329288333,-0.09752976019453018,-0.31040035155481394,0.032929061084219,0.007985392368638492,-0.03866949603296001,0.08352145736669132,-0.3289655419147156,0.2328833819306733,0.04677094799141486,-0.1477053300988073,0.5404868209168435,-0.01302491263009399,-0.09752976019453018,0.017809202406432707,0.01240480292154065,-0.08186842697662541,-0.006636741862230951,0.3507935533891043,-0.017414466437371937,-0.08186842697662541,0.0223808719898209,-0.0006557765845454004,0.4646851982472776,-0.08186842697662541,0.007175996734771055,0.11313529835914077,0.018840079698786715,-0.010033593652364984,-0.016381122004835037,-0.09752976019453018,-0.09752976019453018,0.04245190220744919,-0.14135523891265184,-0.09752976019453018,0.20034727999552623,-0.09614684162616871,-0.06740863129692513,-0.08186842697662541,-0.13393264895213447,-0.09752976019453018,-0.09752976019453018,0.04224070910188622,0.2956481632254308,-0.09752976019453018,0.026742839874553618,-0.09752976019453018,0.11444389530630025,-0.09752976019453018,0.11106243596866738,-0.08087078535028831,0.10375690162758198,-0.026057729675082048,0.0007279945584201955,0.09961441173613807,-0.09752976019453018,-0.023001466192897717,-0.09752976019453018,-0.09752976019453018,0.049387060127886406,0.09691126046842566,-0.09752976019453018,-0.09752976019453018,0.02922466353395504,-0.32054904678237517,-0.06535347652983275,0.024388745625753612,-0.047926384851231726,-0.3420588257659576,0.0090109873222582,-0.08186842697662541,-0.09752976019453018,-0.09752976019453018,-0.08186842697662541,-0.005646445212648809,0.02323334251483932,0.1787392240037297,-0.1074249476821616,0.014140642794209497,-0.09752976019453018,-0.21808958447334542,0.013781929618939922,-0.26428277152591273,-0.09752976019453018,-0.08186842697662541,-0.09752976019453018,-0.05393101441134991,1.0,-0.09752976019453018,-0.09752976019453018,0.11623872041318976,-0.09727945533911812,0.04999312365007145
R_Amp_aVF_count,0.09225889000708774,0.0811384091573505,0.13805513304594894,0.05061646672401522,-0.07347182783233144,0.07462706781364958,1.0,0.10812326851166051,1.0,0.13983353307465315,-0.0027952218534831267,-0.07266659859821599,0.7904285224513437,0.9998631395220794,-0.03026255774970611,0.10890521812481126,0.0064263080931702835,0.7904285224513437,1.0,-0.03814740950535641,0.9998631395220794,-0.07280769202276784,-0.008332288302197085,-0.18105500151107978,1.0,0.07124778792589087,0.08367197006065688,0.030443544276885406,0.07099133654759573,0.9998631395220794,0.20027571200042515,0.09786833627528904,1.0,0.03132056458930073,0.9998631395220794,-0.0732737932059546,1.0,1.0,0.09461559318844953,0.9998631395220794,-0.044431211222848266,0.7904285224513437,1.0,-0.021881591399580593,-0.06083329940742301,1.0,0.09908331700198185,0.07893775971918174,0.9998631395220794,0.08685018884901723,0.0836095365051139,0.09340480937276176,0.07084588168111203,0.7904285224513437,-0.18331388855081693,1.0,0.06360460876835958,0.08522273558207892,1.0,0.06607363075615759,-0.008540198085799314,-0.025000307430738156,0.9870742722502791,1.0,0.03288958198779447,0.7904285224513437,0.06736015673410424,0.9998631395220794,0.13660572374903127,0.05427361390793818,0.09276669060786319,-0.2058868796774257,-0.04800984418556759,0.07661383201615517,-0.18781372381538375,0.08518039643002075,0.039383543539852316,-0.10682932789406178,0.09369763329965,1.0,0.08882522291799093,0.11776894398678853,0.7904285224513437,-0.20306433364837473,-0.013544303008777226,0.10435517699818614,0.7904285224513437,0.0846075423482226,0.07620734039691134,-0.0354474897679339,0.7904285224513437,0.09223025090623174,0.025069768503659853,0.10339486718829109,0.07138422960563863,0.10642376558653302,1.0,1.0,0.08127021680507342,-0.08499337959482024,1.0,-0.0005538322546483856,-0.03998974405081656,0.006001130942919352,0.7904285224513437,-0.0030045839111853966,1.0,1.0,-0.07772441902000934,-0.18378457668392426,1.0,0.09700376946515875,1.0,-0.1769557865849292,1.0,-0.025718473718976922,0.004321050880991544,-0.030171394886381143,0.0974780692448326,0.08309647974160522,-0.8999688535773166,1.0,0.03828088158774031,1.0,1.0,-0.06507142221338419,-0.07561487187684009,1.0,1.0,0.08638912536450105,0.18248956933196353,0.12631269452102856,0.08902636760910229,0.12245579251797557,0.12017618169935508,0.08454866056159195,0.7904285224513437,0.9998631395220794,1.0,0.7904285224513437,0.06531286245120502,0.09837093439708264,-0.07824757603347127,0.056394977852655924,0.07772733700943997,1.0,0.02633079341515808,0.07778682868844511,0.10404216924942779,1.0,0.7904285224513437,0.9998631395220794,-0.0408555830932044,-0.09752976019453018,1.0,1.0,-0.1335061930246607,0.0077472477820141996,-0.1498226208824431
T_Amp_III_count,0.09225889000708774,0.0811384091573505,0.13805513304594894,0.05061646672401522,-0.07347182783233144,0.07462706781364958,1.0,0.10812326851166051,1.0,0.13983353307465315,-0.0027952218534831267,-0.07266659859821599,0.7904285224513437,0.9998631395220794,-0.03026255774970611,0.10890521812481126,0.0064263080931702835,0.7904285224513437,1.0,-0.03814740950535641,0.9998631395220794,-0.07280769202276784,-0.008332288302197085,-0.18105500151107978,1.0,0.07124778792589087,0.08367197006065688,0.030443544276885406,0.07099133654759573,0.9998631395220794,0.20027571200042515,0.09786833627528904,1.0,0.03132056458930073,0.9998631395220794,-0.0732737932059546,1.0,1.0,0.09461559318844953,0.9998631395220794,-0.044431211222848266,0.7904285224513437,1.0,-0.021881591399580593,-0.06083329940742301,1.0,0.09908331700198185,0.07893775971918174,0.9998631395220794,0.08685018884901723,0.0836095365051139,0.09340480937276176,0.07084588168111203,0.7904285224513437,-0.18331388855081693,1.0,0.06360460876835958,0.08522273558207892,1.0,0.06607363075615759,-0.008540198085799314,-0.025000307430738156,0.9870742722502791,1.0,0.03288958198779447,0.7904285224513437,0.06736015673410424,0.9998631395220794,0.13660572374903127,0.05427361390793818,0.09276669060786319,-0.2058868796774257,-0.04800984418556759,0.07661383201615517,-0.18781372381538375,0.08518039643002075,0.039383543539852316,-0.10682932789406178,0.09369763329965,1.0,0.08882522291799093,0.11776894398678853,0.7904285224513437,-0.20306433364837473,-0.013544303008777226,0.10435517699818614,0.7904285224513437,0.0846075423482226,0.07620734039691134,-0.0354474897679339,0.7904285224513437,0.09223025090623174,0.025069768503659853,0.10339486718829109,0.07138422960563863,0.10642376558653302,1.0,1.0,0.08127021680507342,-0.08499337959482024,1.0,-0.0005538322546483856,-0.03998974405081656,0.006001130942919352,0.7904285224513437,-0.0030045839111853966,1.0,1.0,-0.07772441902000934,-0.18378457668392426,1.0,0.09700376946515875,1.0,-0.1769557865849292,1.0,-0.025718473718976922,0.004321050880991544,-0.030171394886381143,0.0974780692448326,0.08309647974160522,-0.8999688535773166,1.0,0.03828088158774031,1.0,1.0,-0.06507142221338419,-0.07561487187684009,1.0,1.0,0.08638912536450105,0.18248956933196353,0.12631269452102856,0.08902636760910229,0.12245579251797557,0.12017618169935508,0.08454866056159195,0.7904285224513437,0.9998631395220794,1.0,0.7904285224513437,0.06531286245120502,0.09837093439708264,-0.07824757603347127,0.056394977852655924,0.07772733700943997,1.0,0.02633079341515808,0.07778682868844511,0.10404216924942779,1.0,0.7904285224513437,0.9998631395220794,-0.0408555830932044,-0.09752976019453018,1.0,1.0,-0.1335061930246607,0.0077472477820141996,-0.1498226208824431
ST_Elev_aVF,0.022467445240193725,0.0194143104733865,-0.09169191308193442,-0.08829241819780956,0.1922455136235602,-0.0007833174176548846,-0.1335061930246607,-0.011159177329186667,-0.1335061930246607,-0.10272514242829162,0.026638030619702293,0.023405510711093636,-0.1335061930246607,-0.1335061930246607,0.10633780550061278,-0.07775141487798144,0.05171612497734311,-0.1335061930246607,-0.1335061930246607,-0.007066037350741759,-0.1335061930246607,0.11148495568957265,-0.1499432080340368,0.2877030884177007,-0.1335061930246607,0.024123063655490325,0.019828705757712943,-0.04738227866963137,0.07339557263758041,-0.1335061930246607,-0.1709094366811766,-0.011374676951523008,-0.1335061930246607,0.007617575662787842,-0.1335061930246607,-0.09121008495500424,-0.1335061930246607,-0.1335061930246607,0.03262262624275779,-0.1335061930246607,0.4417653549638468,-0.1335061930246607,-0.1335061930246607,-0.041756523832808964,0.0008067875244697954,-0.1335061930246607,0.019366372254579444,0.02691148465912668,-0.1335061930246607,0.026468465202185723,-0.07594427693265922,0.025094591319159136,0.026224097988565797,-0.1335061930246607,0.09557808548153023,-0.1335061930246607,0.17834687940620134,0.020082715823042184,-0.1335061930246607,-0.000469670149791211,-0.011060227316781315,0.08455895095763814,-0.13262747236150954,-0.1335061930246607,0.02417132767959344,-0.1335061930246607,-0.0005197199373920219,-0.1335061930246607,-0.07821680702359819,-0.024076005919682352,0.0016821197380176424,0.08058634594331252,-0.13774110476173504,-0.0980275828087612,0.5278778256305743,0.02674435020388425,-0.07042046290743664,0.03145378615645402,0.036706721459725075,-0.1335061930246607,0.01868565966200257,-0.003383629202386115,-0.1335061930246607,0.16615829543486427,0.20765971769473934,0.0038511846640102154,-0.1335061930246607,0.014854761772508187,0.014773236752534134,0.09564413669608236,-0.1335061930246607,-0.017358841737752873,0.005477172869961326,0.022741480060690652,0.024321051806343186,0.015493792966947122,-0.1335061930246607,-0.1335061930246607,0.023875862717223695,-0.007541603238613967,-0.1335061930246607,-0.008223063100685121,0.024337368817208403,0.005692761238448768,-0.1335061930246607,0.10604233178285599,-0.1335061930246607,-0.1335061930246607,-0.07829969358731684,0.29150666949137616,-0.1335061930246607,0.037439176144384,-0.1335061930246607,0.24790090682451224,-0.1335061930246607,-0.16417909870017347,-0.032197682684590084,0.031698260936842054,0.004675453097139249,-0.0020176569537382703,0.12996323053162914,-0.1335061930246607,-0.08840020893199882,-0.1335061930246607,-0.1335061930246607,-0.08132640314010506,-0.055140189093294836,-0.1335061930246607,-0.1335061930246607,0.041149663250792924,-0.2986551812535285,-0.0513490068463393,0.013461048575293122,0.0031034629918620265,-0.07164579012476383,0.016851662949732234,-0.1335061930246607,-0.1335061930246607,-0.1335061930246607,-0.1335061930246607,-0.010537069465031707,0.011732803397668403,-0.1625466861149998,-0.05330066937736182,0.0216665610326236,-0.1335061930246607,-0.003230547094292203,0.017807844660721023,-0.03488099635449106,-0.1335061930246607,-0.1335061930246607,-0.1335061930246607,0.10415649588134396,0.11623872041318976,-0.1335061930246607,-0.1335061930246607,1.0,-0.00887107319734997,0.025720556159939803
QRS_Dur_Global_iqr,0.07275955872861518,0.05241618190553942,0.0925568055781716,0.08828356550890337,-0.09086354007628343,0.03515625296281138,0.0077472477820141996,0.048225517697563315,0.0077472477820141996,0.10198168050001916,-0.06288954478656582,0.22667384228890453,0.01810697284432198,0.007633171380337465,0.079133969266221,0.12196606699471137,-0.040088665432936044,0.01810697284432198,0.0077472477820141996,-0.08483126265891731,0.007633171380337465,-0.09259889359288509,-0.07933036046626958,-0.07323284831724787,0.0077472477820141996,0.031498753873308305,0.04524200944869478,0.03590411688329879,0.051894619796506385,0.007633171380337465,0.12101922548751547,0.043962054507462,0.0077472477820141996,0.11056843788023449,0.007633171380337465,-0.07938312103026167,0.0077472477820141996,0.0077472477820141996,0.040221329843451975,0.007633171380337465,0.04433950309563186,0.01810697284432198,0.0077472477820141996,-0.08174927233891195,-0.038944670489574215,0.0077472477820141996,0.048409999158325744,0.0646166944306504,0.007633171380337465,0.04244873273381078,0.10338407530246366,0.03385230731856806,0.05994541248522863,0.01810697284432198,-0.09542023869544414,0.0077472477820141996,0.01905976120501291,0.05345593745979224,0.0077472477820141996,0.06239572545133002,0.015497682073335881,0.10250427625638771,0.008036750576040383,0.0077472477820141996,0.12920605339558022,0.01810697284432198,0.059847351274894885,0.007633171380337465,0.10217404478072407,0.0194436427989167,0.021790163755187147,0.0013834318872205863,-0.07380003182627405,0.11091521269849465,-0.054325501571886044,0.04161221387780689,0.06500858250692665,-0.11153155620922418,0.04141982062545154,0.0077472477820141996,0.0442106709478821,0.04872452961743895,0.01810697284432198,-0.009529354705860959,-0.051156115380974726,0.0442737528802588,0.01810697284432198,0.05805041951932687,0.07451845377781553,-0.06474003669901444,0.01810697284432198,0.04849004800092269,-0.019582755155260992,0.06367275923540947,0.046708924052764715,0.030908808902696514,0.0077472477820141996,0.0077472477820141996,0.041286250406860625,0.03764591912631508,0.0077472477820141996,-0.12219790036340784,0.015407891442416288,0.039355923942570294,0.01810697284432198,0.05896782096600662,0.0077472477820141996,0.0077472477820141996,-0.038524833523470796,-0.08633888502565161,0.0077472477820141996,0.04719904438717107,0.0077472477820141996,-0.03328685151371726,0.0077472477820141996,-0.08317067141080828,-0.01582000198647285,-0.014600577067279649,0.02641691610629129,0.05768793489291642,-0.007919918980648274,0.0077472477820141996,-0.01508428306559612,0.0077472477820141996,0.0077472477820141996,-0.030513207576261445,-0.05748470356879342,0.0077472477820141996,0.0077472477820141996,0.04674636120019632,0.08261455065835044,0.0862976171528633,0.048931585868238564,0.05357907393959389,0.0941477834482782,0.061209754837872055,0.01810697284432198,0.007633171380337465,0.0077472477820141996,0.01810697284432198,0.04244678769158529,0.040173323136008354,-0.09216990792808462,0.05737053550501243,0.034609376954613656,0.0077472477820141996,0.08042080622483382,0.03757386487745768,0.06370299037715962,0.0077472477820141996,0.01810697284432198,0.007633171380337465,0.055608358453737884,-0.09727945533911812,0.0077472477820141996,0.0077472477820141996,-0.00887107319734997,1.0,0.04497266505870532
RR_Mean_Global_iqr,0.023734027380753843,0.07083065641045173,0.04248751492136582,0.05040122454519454,0.029188385126421433,0.07164054577830518,-0.1498226208824431,0.02672293248869004,-0.1498226208824431,0.018119347810575358,0.016442638628275278,-0.009849025779880411,-0.1262399473467558,-0.1498949133226048,-0.02123082554682005,0.00019199974043710924,0.020095482773627518,-0.1262399473467558,-0.1498226208824431,0.008034615832812387,-0.1498949133226048,0.04945211791437654,0.10185398908244116,0.0322577932952394,-0.1498226208824431,0.09471888509772601,0.043347547649361946,0.060346291775084965,-0.012239355875853487,-0.1498949133226048,-0.07677074904569345,0.05348911805729157,-0.1498226208824431,-0.008844584340727482,-0.1498949133226048,0.054654400256927985,-0.1498226208824431,-0.1498226208824431,0.01837832438017032,-0.1498949133226048,-0.01795513508008438,-0.1262399473467558,-0.1498226208824431,0.021514333522530352,0.0049656546778266385,-0.1498226208824431,0.04858351564135774,0.03447748875313738,-0.1498949133226048,0.0029051049605799337,0.0024476035923197497,0.04736296766407631,0.04571470421789187,-0.1262399473467558,0.07421905476817049,-0.1498226208824431,-0.03630099929795346,0.03246573265909383,-0.1498226208824431,0.04458112729024177,0.03183638472612914,0.015243285132280536,-0.14922042066799485,-0.1498226208824431,-0.008923828562535107,-0.1262399473467558,0.04088687051171559,-0.1498949133226048,-0.0067885438789377466,-0.01978989482459078,0.04743124616389396,0.014169499513313793,0.07378220236110795,0.028422584270877987,0.043558648742894925,0.04339668461589657,0.06769585557585388,0.061025314210434445,0.026646342696766502,-0.1498226208824431,0.04371510513530054,0.0462896868641056,-0.1262399473467558,0.020060460868977826,-0.0024910687500972113,0.017092404318032925,-0.1262399473467558,0.037413048264423425,0.03860721714820805,0.039029221417547035,-0.1262399473467558,0.04880578202845457,0.01048289059872784,0.0275036516637482,0.04915899118847312,0.0326981338981308,-0.1498226208824431,-0.1498226208824431,0.04221664979927514,-0.06427478236078693,-0.1498226208824431,-0.054032540937227785,-0.0765568377143478,0.012316337445997019,-0.1262399473467558,-0.10795479297965617,-0.1498226208824431,-0.1498226208824431,0.055878928051058804,0.039429842744854816,-0.1498226208824431,0.023281258734926782,-0.1498226208824431,0.025295523747311626,-0.1498226208824431,0.09330472678366795,-0.002041178055545905,-0.02889653763304647,0.08307056865021123,0.05349664411019757,0.1356687742804793,-0.1498226208824431,0.05338557361702947,-0.1498226208824431,-0.1498226208824431,0.05668995573804902,0.034675550391183065,-0.1498226208824431,-0.1498226208824431,0.020821047760461786,-0.062305817008674325,0.056852262587247716,0.030149652991785517,0.0626332290102184,-0.017906033863036845,0.04137790860059802,-0.1262399473467558,-0.1498949133226048,-0.1498226208824431,-0.1262399473467558,0.06220187827229641,0.08080116087768745,0.0647959616944221,0.048954047510817375,0.05736366119583568,-0.1498226208824431,-0.010086659352294865,0.0230610172147712,-0.06716153618026052,-0.1498226208824431,-0.1262399473467558,-0.1498949133226048,-0.029385967412637198,0.04999312365007145,-0.1498226208824431,-0.1498226208824431,0.025720556159939803,0.04497266505870532,1.0
