,Q_Amp_I_iqr,T_Amp_V4_iqr,ST_Elev_V3_iqr,ST_Elev_aVF_iqr,T_Amp_II,R_Amp_V1_iqr,Q_Amp_aVF_count,R_Amp_V5_iqr,R_Amp_III_count,ST_Elev_V4_iqr,R_Amp_V1,QRS_Dur_Global,ST_Elev_V1_count,T_Amp_V4_count,Q_Amp_aVF,ST_Elev_aVR_iqr,T_Amp_V3,ST_Elev_I_count,T_Amp_aVF_count,Q_Amp_V1,Q_Amp_V5_count,T_Amp_V5,R_Amp_III,ST_Elev_V5,Q_Amp_aVR_count,T_Amp_V2_iqr,T_Amp_II_iqr,ST_Elev_III_iqr,R_Amp_aVR,R_Amp_V5_count,T_Amp_aVR,R_Amp_V4_iqr,T_Amp_V1_count,Q_Amp_V5,T_Amp_V6_count,T_Amp_aVL,Q_Amp_I_count,R_Amp_V1_count,Q_Amp_V5_iqr,Q_Amp_V4_count,ST_Elev_III,ST_Elev_aVR_count,RR_Mean_Global_count,Q_Amp_V2,R_Amp_V3,R_Amp_V3_count,R_Amp_aVR_iqr,S_Amp_V2_iqr,R_Amp_V6_count,Q_Amp_V6_iqr,ST_Elev_I_iqr,Q_Amp_V1_iqr,T_Amp_aVL_iqr,ST_Elev_V3_count,ST_Elev_I,R_Amp_aVL_count,T_Amp_III,S_Amp_V3_iqr,Q_Amp_V3_count,R_Amp_aVL_iqr,S_Amp_V2,Q_Amp_II,QRS_Dur_Global_count,Q_Amp_V2_count,Q_Amp_V6,ST_Elev_III_count,R_Amp_I_iqr,T_Amp_V5_count,ST_Elev_V5_iqr,S_Amp_V1,Q_Amp_V2_iqr,ST_Elev_V2,R_Amp_II,ST_Elev_II_iqr,ST_Elev_II,T_Amp_aVF_iqr,Q_Amp_I,T_Amp_I,Q_Amp_V4_iqr,S_Amp_V2_count,T_Amp_V5_iqr,R_Amp_II_iqr,ST_Elev_V4_count,ST_Elev_V3,T_Amp_aVF,R_Amp_V6_iqr,ST_Elev_aVF_count,Q_Amp_aVL_iqr,T_Amp_I_iqr,T_Amp_V4,ST_Elev_V2_count,R_Amp_aVF_iqr,T_Amp_V2,Q_Amp_aVR_iqr,S_Amp_V1_iqr,Q_Amp_V3_iqr,Q_Amp_V1_count,T_Amp_I_count,T_Amp_III_iqr,ST_Elev_V1,S_Amp_V3_count,Q_Amp_aVR,R_Amp_I,S_Amp_V3,ST_Elev_II_count,R_Amp_aVL,T_Amp_aVR_count,T_Amp_V2_count,R_Amp_V5,ST_Elev_V6,S_Amp_V1_count,Q_Amp_II_iqr,R_Amp_I_count,ST_Elev_V4,T_Amp_V3_count,R_Amp_aVF,Q_Amp_V3,R_Amp_V2,R_Amp_V2_iqr,R_Amp_III_iqr,RR_Mean_Global,T_Amp_II_count,Q_Amp_aVL,R_Amp_V2_count,Q_Amp_aVL_count,R_Amp_V6,R_Amp_V4,R_Amp_aVR_count,Q_Amp_III_count,Q_Amp_aVF_iqr,ST_Elev_aVR,ST_Elev_V2_iqr,Q_Amp_III_iqr,R_Amp_V3_iqr,ST_Elev_V6_iqr,T_Amp_aVR_iqr,ST_Elev_aVL_count,Q_Amp_V6_count,T_Amp_aVL_count,ST_Elev_V6_count,ST_Elev_V1_iqr,T_Amp_V3_iqr,ST_Elev_aVL,ST_Elev_aVL_iqr,T_Amp_V1_iqr,Q_Amp_II_count,Q_Amp_V4,T_Amp_V6_iqr,T_Amp_V1,R_Amp_II_count,ST_Elev_V5_count,R_Amp_V4_count,Q_Amp_III,T_Amp_V6,R_Amp_aVF_count,T_Amp_III_count,ST_Elev_aVF,QRS_Dur_Global_iqr,RR_Mean_Global_iqr
Q_Amp_I_iqr,1.0,0.3714686053667184,0.19740336465914377,0.1277544157516263,0.009053146714898779,0.21881444217650795,0.13001534003225348,0.2558769198180226,0.13001534003225348,0.18362681378475776,0.006997636533738525,0.01148316223288953,0.12814642346507774,0.12995257293939316,0.03423731218549645,0.14613107138442843,-0.010504598839897449,0.12814642346507774,0.13001534003225348,-0.03700687770676268,0.12995257293939316,0.008645464720313481,-0.035303721052961874,-0.001224561964130733,0.13001534003225348,0.3296241174553976,0.44727219449767674,0.0875353912008643,0.012287481741734317,0.12995257293939316,0.01684041632728816,0.22661783663227592,0.13001534003225348,0.07430995808393141,0.12995257293939316,-0.03739512860366762,0.13001534003225348,0.13001534003225348,0.40684427787883937,0.12995257293939316,0.037785750835308864,0.12814642346507774,0.13001534003225348,-0.03474518348224411,-0.016658121489066292,0.13001534003225348,0.46231617407679493,0.3879468458567789,0.12995257293939316,0.40912794144509546,0.11452953660707046,0.3882218385860851,0.5702450695876277,0.12814642346507774,-0.03495649347943824,0.13001534003225348,0.03995987669886219,0.3505604792460197,0.13001534003225348,0.33449785994973114,-0.008421737439187851,0.04088585394517165,0.12668112151944028,0.13001534003225348,0.05610781307122894,0.12814642346507774,0.4159410117555645,0.12995257293939316,0.16879583901085554,0.04077238081442511,0.3223044611398863,-0.03328411703674554,-0.027306091272302775,0.1374417533306575,0.005735749443049097,0.4659179786778898,0.039925387046352095,-0.028236673721047535,0.3480940267693347,0.13001534003225348,0.39896079504828397,0.369216582062628,0.12814642346507774,-0.04059204531597218,0.026000852893832565,0.3099540953739406,0.12814642346507774,0.6117422272528291,0.6256589456495092,-0.0014548667406503988,0.12814642346507774,0.31177631573134057,-0.014337441815824567,0.6172836040653271,0.3658864190722751,0.31651203808123174,0.13001534003225348,0.13001534003225348,0.47357683520318816,-0.05832543581354076,0.13001534003225348,-0.031933189787521805,0.0035889953087198576,-0.01374459521016951,0.12814642346507774,0.028569140960987206,0.13001534003225348,0.13001534003225348,-0.05460006502627693,0.0003026102359176144,0.13001534003225348,0.45075903381085786,0.13001534003225348,-0.011065884487666027,0.13001534003225348,-0.03872812857300252,0.0017153085663059921,0.012316585779294236,0.2103420233073995,0.29683907071564525,-0.12638462428780015,0.13001534003225348,0.015479451898011098,0.13001534003225348,0.13001534003225348,0.018256744285620675,-0.06324316074843832,0.13001534003225348,0.13001534003225348,0.4305194982683797,0.009085778209307258,0.19334918785812238,0.449715867279848,0.24538553118131398,0.13943036912839823,0.547670690179907,0.12814642346507774,0.12995257293939316,0.13001534003225348,0.12814642346507774,0.11480044384602468,0.3606977125758347,-0.049020044738317274,0.08901204608389164,0.3707764735989624,0.13001534003225348,0.05854885453992233,0.3962386794359882,-0.007463509941008652,0.13001534003225348,0.12814642346507774,0.12995257293939316,0.0030804488522509104,0.006533170787413941,0.13001534003225348,0.13001534003225348,0.032936209441839545,0.10573732154376418,0.03512526112374577
T_Amp_V4_iqr,0.3714686053667184,1.0,0.20892225728659766,0.09950941847005648,0.022561846813180145,0.32818856520735373,0.11464232648521333,0.42277978608058636,0.11464232648521333,0.2823263063516857,0.0014914996283204752,-0.01931982693784257,0.10554994947605083,0.11464232648521333,0.04865596854903641,0.07086719206511018,0.03240397433702543,0.10554994947605083,0.11464232648521333,-0.051178585376620546,0.11464232648521333,0.02839805630985788,-0.017567757536407488,0.0024752927199776105,0.11464232648521333,0.4798525070438539,0.47398001576241217,0.06851697185983836,-0.009965673211821504,0.11464232648521333,0.017666528255989675,0.5096404440843358,0.11464232648521333,0.056848462671180156,0.11464232648521333,-0.03287206653142204,0.11464232648521333,0.11464232648521333,0.5738508533686124,0.11464232648521333,0.036244927137774594,0.10554994947605083,0.11464232648521333,-0.04922100948591516,-0.014628522822303059,0.11464232648521333,0.38218052748506054,0.48273496209411587,0.11464232648521333,0.5400226313064944,0.03572705655647666,0.4880430510811264,0.4512846478764262,0.10554994947605083,-0.025313334080808363,0.11464232648521333,0.04849855383964046,0.504879468124078,0.11464232648521333,0.2697734076760186,0.007583813761350892,0.05799621965483177,0.11323491792335191,0.11464232648521333,0.0469314412334794,0.10554994947605083,0.2658955987664859,0.11464232648521333,0.21214868441100657,0.03433415415628704,0.43139019557335684,-0.04200462032797711,0.00507962153525057,0.0972658982294242,0.006929899187723898,0.4952750340114832,0.06276271680563512,-0.01452869128662927,0.6859023913266827,0.11464232648521333,0.6467928621450845,0.38319857128880197,0.10554994947605083,-0.03224957448798398,0.037016618397780976,0.4514317708861621,0.10554994947605083,0.4178438955065911,0.39161710191114996,0.03255880117124693,0.10554994947605083,0.34002532624467274,0.010925830035274286,0.4273403796546357,0.4607516194707077,0.47480543783448426,0.11464232648521333,0.11464232648521333,0.4778508007832842,-0.040777518473285264,0.11464232648521333,-0.07741287987397781,-0.006192092152347255,-0.005138503301523492,0.10554994947605083,0.008787849949998667,0.11464232648521333,0.11464232648521333,0.024583942331305158,0.003316560435259123,0.11464232648521333,0.4439350687974831,0.11464232648521333,-0.011684088657667355,0.11464232648521333,-0.015042543000347049,-0.00411077475426627,0.009901453270506962,0.32326635447547775,0.3040133983052343,-0.11497501832113448,0.11464232648521333,0.019144736023999385,0.11464232648521333,0.11464232648521333,0.08294291023916547,-0.000493323045958652,0.11464232648521333,0.11464232648521333,0.432469113074178,-0.004341044586432736,0.19509055217775823,0.4229850396150381,0.40326118030934216,0.16918203494175654,0.4479179473930551,0.10554994947605083,0.11464232648521333,0.11464232648521333,0.10554994947605083,0.14357412554650492,0.5967071865098265,-0.03806758456494931,0.05347329506479768,0.4934698601906387,0.11464232648521333,0.028554879224595826,0.5751984666661362,0.001422537027918,0.11464232648521333,0.10554994947605083,0.11464232648521333,0.021518203904103143,0.02298039885521865,0.11464232648521333,0.11464232648521333,0.028594816635092314,0.07670676219671226,0.10390187228419226
ST_Elev_V3_iqr,0.19740336465914377,0.20892225728659766,1.0,0.29509163755961476,-0.24044763862782698,0.1316881204505325,0.192292052712731,0.16026919114854885,0.192292052712731,0.6281642952654645,0.1564968622015314,0.032289484683499924,0.192292052712731,0.192292052712731,0.07935294935009013,0.34754639686963773,-0.4873601286042849,0.192292052712731,0.192292052712731,-0.08796405293458415,0.192292052712731,-0.29693553561397246,-0.06973306604927462,-0.24077360772464032,0.192292052712731,0.12886205978284354,0.1969014719639267,0.165706724059887,0.0899832046020959,0.192292052712731,0.3142759348737035,0.11539824318575176,0.192292052712731,0.23974701745499852,0.192292052712731,-0.1131124711816459,0.192292052712731,0.192292052712731,0.19873756458596692,0.192292052712731,-0.0011807554182092525,0.192292052712731,0.192292052712731,-0.005393745177104149,0.03107068376035374,0.192292052712731,0.17785680383917732,0.21572632512014295,0.192292052712731,0.19632759417143084,0.2957412870103244,0.21097818541567157,0.19620980664477428,0.192292052712731,-0.20001606921452358,0.192292052712731,-0.04707144634278454,0.28376204103765706,0.192292052712731,0.12893270128924414,0.027821751181197243,0.12829863884458212,0.1903301025288602,0.192292052712731,0.1801744612275071,0.192292052712731,0.1350120072535475,0.192292052712731,0.4634656687214962,-0.015429001437614017,0.18399228965647174,-0.16920759737293575,-0.11384279181399862,0.3486422218629546,-0.20007148004402647,0.19028877299354557,0.10504239295602993,-0.20871322980452217,0.20419962502519726,0.192292052712731,0.2172240570179686,0.17129414930514147,0.192292052712731,-0.2595504034645507,-0.18323766833651625,0.19216758566241712,0.192292052712731,0.1633130456341788,0.2198771474600811,-0.434089855643889,0.192292052712731,0.1601163603248294,-0.3913197379655599,0.20539149037709856,0.19538307268168953,0.2809108185925132,0.192292052712731,0.192292052712731,0.18330558059213733,-0.18395893625600312,0.192292052712731,-0.1643152757549979,-9.744307079276055e-05,0.09993325231856556,0.192292052712731,0.0513272471925757,0.192292052712731,0.192292052712731,-0.16611124985866801,-0.1995943624570296,0.192292052712731,0.18124741834916427,0.192292052712731,-0.2914785042399552,0.192292052712731,-0.08895894560470989,0.08572229667812802,0.13435687547304,0.11017475193252162,0.13748230810267395,-0.20116532536307727,0.192292052712731,0.0006455386036569268,0.192292052712731,0.192292052712731,-0.12926544552999764,-0.1479316947754079,0.192292052712731,0.192292052712731,0.15622811384540475,0.20723992265454674,0.6298885854144292,0.14215539725689097,0.22951326754768672,0.37802907210477693,0.21969610688190935,0.192292052712731,0.192292052712731,0.192292052712731,0.192292052712731,0.24211907885767575,0.3027439093916914,-0.13931195228284465,0.20164380302323717,0.1819239895557193,0.192292052712731,0.24705895231740374,0.21454106334237671,-0.13004418930001432,0.192292052712731,0.192292052712731,0.192292052712731,0.039344712475094835,-0.217484576282797,0.192292052712731,0.192292052712731,-0.13406948416539757,0.13546227149468187,0.06449264590921652
ST_Elev_aVF_iqr,0.1277544157516263,0.09950941847005648,0.29509163755961476,1.0,-0.4159149115869233,0.05246364896552824,0.0704557606189327,0.11670542814576274,0.0704557606189327,0.34215664537876794,0.05515470210870634,0.08946329617006012,0.0704557606189327,0.0704557606189327,0.1859557586384711,0.4323894683068912,-0.2091902781750772,0.0704557606189327,0.0704557606189327,-0.09901338491019313,0.0704557606189327,-0.2944307070449428,-0.1632613214662719,-0.13046481122403797,0.0704557606189327,0.07212017641265367,0.17808901806230243,0.43674365102924906,0.073198730099843,0.0704557606189327,0.31849872766720894,0.09151861395138594,0.0704557606189327,0.192460362338424,0.0704557606189327,0.026161422161796382,0.0704557606189327,0.0704557606189327,0.08814362216174579,0.0704557606189327,-0.06866672121923308,0.0704557606189327,0.0704557606189327,-0.03293870489725043,-0.03849912657573817,0.0704557606189327,0.13595690305523042,0.10705694081328794,0.0704557606189327,0.07696291825452709,0.2971386367102125,0.11166877600952535,0.16330397407703284,0.0704557606189327,-0.11380680975703597,0.0704557606189327,-0.2858519891287707,0.08943718735821936,0.0704557606189327,0.1553651814944464,-0.030415947003239692,0.22198044373931203,0.0668949114698479,0.0704557606189327,0.17999160703940895,0.0704557606189327,0.12594169548208597,0.0704557606189327,0.3479726285651456,-0.02450085434105411,0.10955715522087199,-0.04467094260278899,-0.1740906717272875,0.6095661776254175,-0.1457510637961245,0.18510962314085933,0.005537376041200569,-0.17179222274407807,0.10073939054968967,0.0704557606189327,0.10123212199959487,0.14047458713913005,0.0704557606189327,-0.0509660086599904,-0.46107526504382396,0.09156475171815086,0.0704557606189327,0.12645353733585027,0.16059195260307768,-0.27355527901942667,0.0704557606189327,0.15603201376325299,-0.13329606493042584,0.161376820778182,0.12202319363078755,0.10512657146677366,0.0704557606189327,0.0704557606189327,0.165130505052484,-0.03371479215905788,0.0704557606189327,-0.17624351079033543,0.09164121340306486,0.05530883808950662,0.0704557606189327,0.1489187134685359,0.0704557606189327,0.0704557606189327,-0.06151356145800024,-0.14062536062654463,0.0704557606189327,0.16504065360438971,0.0704557606189327,-0.08972831705881831,0.0704557606189327,-0.17432872571152513,0.06811257775837487,0.05344472401835385,0.059744010930957256,0.14552891333491758,-0.07959883786768994,0.0704557606189327,-0.11683205050067358,0.0704557606189327,0.0704557606189327,-0.06674688228660373,-0.08305757920722709,0.0704557606189327,0.0704557606189327,0.16534876034092458,0.15422027025495716,0.23963912181745545,0.1353823212620275,0.08386456863365042,0.33133530326483496,0.18582369409309926,0.0704557606189327,0.0704557606189327,0.0704557606189327,0.0704557606189327,0.18501665321667846,0.09756226674429903,-0.05876193542522229,0.22464691301059286,0.10357428883521091,0.0704557606189327,0.17303027615984043,0.09305296412215194,0.021681771060070344,0.0704557606189327,0.0704557606189327,0.0704557606189327,0.1511012011230036,-0.29198374014952566,0.0704557606189327,0.0704557606189327,-0.12491320451419477,0.12954938091395507,0.07524327803144137
T_Amp_II,0.009053146714898779,0.022561846813180145,-0.24044763862782698,-0.4159149115869233,1.0,0.008579232578502767,-0.09738955887776468,-0.04898586851435036,-0.09738955887776468,-0.34719299835831235,0.0995667369008568,-0.18368405789886033,-0.08524393828272972,-0.09746632767644207,-0.10223223865778512,-0.4697700369036573,0.3848934571501609,-0.08524393828272972,-0.09738955887776468,0.12638627103955613,-0.09746632767644207,0.7102787463158537,0.1019422777468682,0.32541944913099563,-0.09738955887776468,0.07757409236637731,0.035506274769005856,-0.15904305007368263,-0.014158087141806865,-0.09746632767644207,-0.7276742262147256,-0.031088564701495725,-0.09738955887776468,-0.26941786807829426,-0.09746632767644207,0.1609986301185594,-0.09738955887776468,-0.09738955887776468,0.03647088810041202,-0.09746632767644207,0.0709175053964182,-0.08524393828272972,-0.09738955887776468,0.025433352028898962,0.09690039379264463,-0.09738955887776468,0.04084541234800812,0.010168564219076416,-0.09746632767644207,0.03421440622687788,-0.3497444081799684,0.03176572383410037,0.04385795446010471,-0.08524393828272972,0.24495710193820855,-0.09738955887776468,0.3776914736948686,0.01678024409572648,-0.09738955887776468,-0.02294963285585394,0.026352817056699215,-0.1758584059948945,-0.09252821393098935,-0.09738955887776468,-0.24844334870417967,-0.08524393828272972,-0.021518978035929073,-0.09746632767644207,-0.3816365462428274,0.039946115699773584,0.0026535482569938983,-0.020436291633804737,0.07579635217350648,-0.5424478267874248,0.3060462901350209,0.06489449006351768,-0.17303995687084225,0.5505461855487126,-0.004989363060373831,-0.09738955887776468,0.029252776715896083,0.02382769584774684,-0.08524393828272972,0.028171409393052523,0.7669516435614808,-0.01167026399220943,-0.08524393828272972,0.04167712570191916,-0.00953061424628887,0.5789299481946428,-0.08524393828272972,0.013151420855284262,0.20988226409947655,0.028369121284689106,-0.0033700598456602882,-0.012079926012460216,-0.09738955887776468,-0.09738955887776468,0.05683974455762522,-0.11561914146798902,-0.09738955887776468,0.23528615408696996,-0.10300318643176912,-0.09561578878934666,-0.08524393828272972,-0.11124489531992661,-0.09738955887776468,-0.09738955887776468,-0.003356140802321247,0.3615795579062403,-0.09738955887776468,0.050645031682637044,-0.09738955887776468,0.1691765936767192,-0.09738955887776468,0.07821946558226121,-0.11746649320760909,0.06204760493936094,-0.005096572410957857,-0.001216424245775043,0.10742493628321723,-0.09738955887776468,-0.026452069447542855,-0.09738955887776468,-0.09738955887776468,-0.0017305086653584183,0.07899666340205665,-0.09738955887776468,-0.09738955887776468,0.05311577624004054,-0.3864411441462398,-0.13207927277071993,0.0492804277680591,-0.03772811809919393,-0.3915166070953171,0.0007018009637670099,-0.08524393828272972,-0.09746632767644207,-0.09738955887776468,-0.08524393828272972,-0.05335551863957948,0.03116033485050347,0.11344979066699029,-0.1475253810329152,0.029246547876158494,-0.09738955887776468,-0.27198484258278277,0.03075062499330485,-0.24130624294537473,-0.09738955887776468,-0.08524393828272972,-0.09746632767644207,-0.04980240794675687,0.7324668511275757,-0.09738955887776468,-0.09738955887776468,0.264995074335503,-0.13265276279580634,0.03987511341708537
R_Amp_V1_iqr,0.21881444217650795,0.32818856520735373,0.1316881204505325,0.05246364896552824,0.008579232578502767,1.0,0.10562471071978288,0.26215593607804366,0.10562471071978288,0.1330594360224696,-0.17949355677553566,-0.025109127022042613,0.09327988233182097,0.10555542992347802,-0.04294243652444772,0.06362295504923159,0.03961565891012418,0.09327988233182097,0.10562471071978288,0.058300661855340975,0.10555542992347802,-0.0031710644253974307,0.06438814310363725,-0.010004636824827958,0.10562471071978288,0.3802098366164106,0.2758732725827125,0.06118713974895009,-0.08167262896851177,0.10555542992347802,0.033023876995166825,0.278233247595105,0.10562471071978288,0.0007952655410198039,0.10555542992347802,-0.05630172691993605,0.10562471071978288,0.10562471071978288,0.3005955663898821,0.10555542992347802,0.009754589441385514,0.09327988233182097,0.10562471071978288,0.037646801096609894,-0.030007141422200227,0.10562471071978288,0.3190315069151459,0.32558680528912487,0.10555542992347802,0.2934235830197785,0.057575164217290975,0.5304501140071803,0.273145042681366,0.09327988233182097,-0.02875568504867136,0.10562471071978288,0.05858105162739917,0.3313254140112087,0.10562471071978288,0.238198963183775,0.03643668942865923,-0.037898657430571685,0.10489772736944243,0.10562471071978288,0.0045841228682544305,0.09327988233182097,0.2546171714370111,0.10555542992347802,0.1384991900682171,0.028585932263736583,0.3624231463408028,0.005889124692103996,0.1019998955167552,0.05564340009918611,-0.023843517264734902,0.2942075374065991,0.05459465243335581,-0.04203434626490047,0.29308739516799887,0.10562471071978288,0.3165638697040564,0.29164888676365947,0.09327988233182097,-4.527856422776157e-05,0.035909436365771825,0.2833243274063771,0.09327988233182097,0.26550558951333936,0.2298354427118392,0.009945902459282736,0.09327988233182097,0.26266167839459303,0.06327217854224004,0.2564826847044037,0.48146667568584167,0.3332566122270623,0.10562471071978288,0.10562471071978288,0.28387621228322607,0.034495678669475005,0.10562471071978288,-0.001626157175891832,-0.0026495845242261074,-0.014042618925439773,0.09327988233182097,-0.04642650303962755,0.10562471071978288,0.10562471071978288,0.03637478090435905,-0.018219309215456583,0.10562471071978288,0.26072376948359594,0.10562471071978288,-0.004646143490615226,0.10562471071978288,0.0837560042288326,0.0015352168950259672,-0.12426947840641439,0.39022373732482546,0.25208740999462914,-0.10522667631791327,0.10562471071978288,0.0567749566141598,0.10562471071978288,0.10562471071978288,0.060684227201401944,0.03631888502108546,0.10562471071978288,0.10562471071978288,0.25838744051782053,0.02539080004407718,0.11239454686109167,0.26444490780571817,0.34258729882583383,0.1366928940940803,0.26497198252888354,0.09327988233182097,0.10555542992347802,0.10562471071978288,0.09327988233182097,0.18183914475959204,0.354588191591177,-0.013542080060064614,0.07937347401135951,0.5355099867990951,0.10562471071978288,-0.017971331319495566,0.3112765938432224,0.10539268014370752,0.10562471071978288,0.09327988233182097,0.10555542992347802,-0.04532337758335933,-0.018077577981127926,0.10562471071978288,0.10562471071978288,-0.0012432720823678223,0.05167320046757314,0.10564530892924325
Q_Amp_aVF_count,0.13001534003225348,0.11464232648521333,0.192292052712731,0.0704557606189327,-0.09738955887776468,0.10562471071978288,1.0,0.15232291908546677,1.0,0.19474405859149949,-0.004079108389680102,-0.1010795432733466,0.8162416589242263,0.9998676111299506,-0.042044025894865514,0.15288267260892408,0.012514740503856344,0.8162416589242263,1.0,-0.0536195047768743,0.9998676111299506,-0.09618773336230006,-0.01195991408952987,-0.24960516438267727,1.0,0.10043427004334168,0.11827861546595629,0.04290128049362426,0.10091886512501962,0.9998676111299506,0.27619701014574816,0.13788145781552436,1.0,0.04390776387885272,0.9998676111299506,-0.10172218032146402,1.0,1.0,0.13361466488107532,0.9998676111299506,-0.06304440170218713,0.8162416589242263,1.0,-0.031081310772127984,-0.0867220624473799,1.0,0.14007670350736617,0.11152108086813146,0.9998676111299506,0.12276782954419246,0.11653202802305034,0.1318071923898046,0.10032491700053033,0.8162416589242263,-0.25358245463854895,1.0,0.08884407449836429,0.12029666621863966,1.0,0.09316818293243911,-0.011145375161925238,-0.03330246363179656,0.9953264315900904,1.0,0.04615314341494943,0.8162416589242263,0.09520697281080748,0.9998676111299506,0.18967196074544482,0.0746269831584526,0.1307988459011755,-0.2837381488125199,-0.06850770861792824,0.10613053885538631,-0.25876511676569974,0.12040067249825367,0.054599404862743776,-0.1434550464453895,0.13194289943624904,1.0,0.12553818366169545,0.16571761536067905,0.8162416589242263,-0.2804065569668011,-0.01720161256557165,0.1471435074965606,0.8162416589242263,0.11960854425673513,0.10760311816772491,-0.045067337047620566,0.8162416589242263,0.1298133598312867,0.03776410377000593,0.14568305357028172,0.10079178640760923,0.14991578310400233,1.0,1.0,0.11477411181962201,-0.11861151595964568,1.0,-0.0025137544857759407,-0.056544557019696066,0.008709385049436838,0.8162416589242263,-0.0042493839657625,1.0,1.0,-0.10876487679626276,-0.2534397814795543,1.0,0.13673594421753205,1.0,-0.2443545763477994,1.0,-0.036732952831792384,0.005761531833560238,-0.04314647471060189,0.1375173834129979,0.11718604355219234,-0.9736027364885587,1.0,0.053373727936301185,1.0,1.0,-0.09134846664313583,-0.1062813027324451,1.0,1.0,0.12205598888745056,0.25359018325397326,0.17646686270576492,0.12575801217621446,0.1722498620754868,0.16666605678758878,0.11949323212356747,0.8162416589242263,0.9998676111299506,1.0,0.8162416589242263,0.09171347942233256,0.1385706579985287,-0.10990624785399787,0.07950300954617058,0.10977412207539503,1.0,0.03712437869653792,0.11006878488331456,0.14627146173606997,1.0,0.8162416589242263,0.9998676111299506,-0.05766361423223464,-0.1316082108454076,1.0,1.0,-0.1862219772039931,0.010944198656912643,-0.20305917979626326
R_Amp_V5_iqr,0.2558769198180226,0.42277978608058636,0.16026919114854885,0.11670542814576274,-0.04898586851435036,0.26215593607804366,0.15232291908546677,1.0,0.15232291908546677,0.18289985713789633,-0.05633729581004664,0.0013359940822485579,0.13608991630457998,0.15232291908546677,0.07317820336682868,0.09946841605364154,0.021309414641848178,0.13608991630457998,0.15232291908546677,-0.018185591527691704,0.15232291908546677,-0.042703444586195,-0.12440739012886559,-0.07896582141445645,0.15232291908546677,0.32426885627169016,0.27977009804472697,0.0659303935028028,-0.12038469980450378,0.15232291908546677,0.08695327113744852,0.5155197438936429,0.15232291908546677,-0.002680556685566203,0.15232291908546677,-0.048063877489753576,0.15232291908546677,0.15232291908546677,0.5262948291624201,0.15232291908546677,0.042108950375899304,0.13608991630457998,0.15232291908546677,-0.01873509303488232,-0.045343794115885135,0.15232291908546677,0.29139029549614825,0.318883338991611,0.15232291908546677,0.39016606039101515,0.058291145045862976,0.3225587507882057,0.2791007329401662,0.13608991630457998,-0.10003829388556867,0.15232291908546677,0.012509071397481662,0.33491600414667166,0.15232291908546677,0.3271473513932207,-0.020160187533070115,0.04914835928952204,0.15204744275341345,0.15232291908546677,-0.010936524789407855,0.13608991630457998,0.3130780206490577,0.15232291908546677,0.25210122725028605,0.06674208990080421,0.3188654008663168,-0.06830026565386041,0.00031811119106399513,0.11627568212003656,-0.059862986337203286,0.29930661895127625,-0.027815496378461157,-0.05443543364872308,0.3983134414101315,0.15232291908546677,0.5558561951489791,0.3267835396543157,0.13608991630457998,-0.04935789601437847,-0.029129310213903737,0.5765388514710686,0.13608991630457998,0.26653054295346756,0.2516012077828632,-0.007856252381700606,0.13608991630457998,0.32327683227064474,0.007130953712589871,0.2645520894845051,0.3059512888693976,0.34207137468278587,0.15232291908546677,0.15232291908546677,0.28912759392383325,0.01028993370134707,0.15232291908546677,-0.02120937266100186,0.1837297042694139,-0.008208950794135089,0.13608991630457998,0.16921309256617467,0.15232291908546677,0.15232291908546677,0.15356354999179472,-0.08196736304004171,0.15232291908546677,0.2746682672757522,0.15232291908546677,-0.05735719754165373,0.15232291908546677,-0.07575205708102813,0.029402395303269192,-0.0003087488214767331,0.2913205198725831,0.32766865093635605,-0.15105318242757745,0.15232291908546677,-0.06565313195077525,0.15232291908546677,0.15232291908546677,0.18937516834297072,0.025760203119447,0.15232291908546677,0.15232291908546677,0.296989388895238,0.08399519336499338,0.15840309882084835,0.2845070433559265,0.34281665156213453,0.16665998310088884,0.27306682562142437,0.13608991630457998,0.15232291908546677,0.15232291908546677,0.13608991630457998,0.11783833014157542,0.36021298638642263,-0.08877607790644311,0.04003693915638377,0.31526179504098856,0.15232291908546677,0.031027013698932186,0.4022428281627817,0.03385729984396425,0.15232291908546677,0.13608991630457998,0.15232291908546677,0.0807759074181947,-0.04920927580628832,0.15232291908546677,0.15232291908546677,-0.01656688524080246,0.07083662721516336,0.039804322162357464
R_Amp_III_count,0.13001534003225348,0.11464232648521333,0.192292052712731,0.0704557606189327,-0.09738955887776468,0.10562471071978288,1.0,0.15232291908546677,1.0,0.19474405859149949,-0.004079108389680102,-0.1010795432733466,0.8162416589242263,0.9998676111299506,-0.042044025894865514,0.15288267260892408,0.012514740503856344,0.8162416589242263,1.0,-0.0536195047768743,0.9998676111299506,-0.09618773336230006,-0.01195991408952987,-0.24960516438267727,1.0,0.10043427004334168,0.11827861546595629,0.04290128049362426,0.10091886512501962,0.9998676111299506,0.27619701014574816,0.13788145781552436,1.0,0.04390776387885272,0.9998676111299506,-0.10172218032146402,1.0,1.0,0.13361466488107532,0.9998676111299506,-0.06304440170218713,0.8162416589242263,1.0,-0.031081310772127984,-0.0867220624473799,1.0,0.14007670350736617,0.11152108086813146,0.9998676111299506,0.12276782954419246,0.11653202802305034,0.1318071923898046,0.10032491700053033,0.8162416589242263,-0.25358245463854895,1.0,0.08884407449836429,0.12029666621863966,1.0,0.09316818293243911,-0.011145375161925238,-0.03330246363179656,0.9953264315900904,1.0,0.04615314341494943,0.8162416589242263,0.09520697281080748,0.9998676111299506,0.18967196074544482,0.0746269831584526,0.1307988459011755,-0.2837381488125199,-0.06850770861792824,0.10613053885538631,-0.25876511676569974,0.12040067249825367,0.054599404862743776,-0.1434550464453895,0.13194289943624904,1.0,0.12553818366169545,0.16571761536067905,0.8162416589242263,-0.2804065569668011,-0.01720161256557165,0.1471435074965606,0.8162416589242263,0.11960854425673513,0.10760311816772491,-0.045067337047620566,0.8162416589242263,0.1298133598312867,0.03776410377000593,0.14568305357028172,0.10079178640760923,0.14991578310400233,1.0,1.0,0.11477411181962201,-0.11861151595964568,1.0,-0.0025137544857759407,-0.056544557019696066,0.008709385049436838,0.8162416589242263,-0.0042493839657625,1.0,1.0,-0.10876487679626276,-0.2534397814795543,1.0,0.13673594421753205,1.0,-0.2443545763477994,1.0,-0.036732952831792384,0.005761531833560238,-0.04314647471060189,0.1375173834129979,0.11718604355219234,-0.9736027364885587,1.0,0.053373727936301185,1.0,1.0,-0.09134846664313583,-0.1062813027324451,1.0,1.0,0.12205598888745056,0.25359018325397326,0.17646686270576492,0.12575801217621446,0.1722498620754868,0.16666605678758878,0.11949323212356747,0.8162416589242263,0.9998676111299506,1.0,0.8162416589242263,0.09171347942233256,0.1385706579985287,-0.10990624785399787,0.07950300954617058,0.10977412207539503,1.0,0.03712437869653792,0.11006878488331456,0.14627146173606997,1.0,0.8162416589242263,0.9998676111299506,-0.05766361423223464,-0.1316082108454076,1.0,1.0,-0.1862219772039931,0.010944198656912643,-0.20305917979626326
ST_Elev_V4_iqr,0.18362681378475776,0.2823263063516857,0.6281642952654645,0.34215664537876794,-0.34719299835831235,0.1330594360224696,0.19474405859149949,0.18289985713789633,0.19474405859149949,1.0,0.05565346454992734,0.09138843232273883,0.19474405859149949,0.19474405859149949,0.1207338697361997,0.4459212203850991,-0.40537110741301174,0.19474405859149949,0.19474405859149949,-0.12364542997298907,0.19474405859149949,-0.4397651077007574,-0.1251045511289794,-0.281049097412179,0.19474405859149949,0.11918652104069527,0.1795553484693465,0.17181903057868736,0.08636903854974823,0.19474405859149949,0.44194025336563514,0.18173397333804456,0.19474405859149949,0.2997059009433492,0.19474405859149949,-0.17283976272520332,0.19474405859149949,0.19474405859149949,0.21635530734415084,0.19474405859149949,0.01608046054734955,0.19474405859149949,0.19474405859149949,-0.029666824891938736,-0.026140157147869204,0.19474405859149949,0.1596211307539683,0.19140640865154307,0.19474405859149949,0.19381770527855838,0.3693463170050724,0.1881640632889069,0.17442725879189017,0.19474405859149949,-0.2490636418956741,0.19474405859149949,-0.053329285507630116,0.18916664019602178,0.19474405859149949,0.13305794893996867,0.010493583708260574,0.1753773563945371,0.19178997283471919,0.19474405859149949,0.2520138190070818,0.19474405859149949,0.13832260851509282,0.19474405859149949,0.6332813663777437,-0.023030063159451553,0.17044855328055766,-0.1085942816143734,-0.15006607770207658,0.43371241734565724,-0.23344092746521924,0.17161529969964462,0.11993760181321038,-0.31340865287619635,0.2869659361877974,0.19474405859149949,0.22758644471300232,0.15492537704202933,0.19474405859149949,-0.1467072574532532,-0.25310039568567877,0.1920811967586127,0.19474405859149949,0.1492243105267279,0.20221574905011191,-0.5040510614016833,0.19474405859149949,0.14250497159018352,-0.2635742599637577,0.19004918307370214,0.18329465485457785,0.19330542208073775,0.19474405859149949,0.19474405859149949,0.1694064937212451,-0.07003372427304004,0.19474405859149949,-0.20904029087742124,0.047848440940728265,0.10479408149022994,0.19474405859149949,0.11142452782079446,0.19474405859149949,0.19474405859149949,-0.19047496630433455,-0.2597411819384365,0.19474405859149949,0.17081190902714652,0.19474405859149949,-0.2600634924936742,0.19474405859149949,-0.1372545269727513,0.08908081151984973,0.047657388244099465,0.11788046674577439,0.12960795653921228,-0.20181508075655064,0.19474405859149949,-0.009521056059114533,0.19474405859149949,0.19474405859149949,-0.15516474466905986,-0.17171819060664398,0.19474405859149949,0.19474405859149949,0.14669335175518156,0.26381476337124715,0.460475312155791,0.1379658024521191,0.16486701678509796,0.5010817398128352,0.20918706047188074,0.19474405859149949,0.19474405859149949,0.19474405859149949,0.19474405859149949,0.19059463389423462,0.18731767446017591,-0.1797260567974727,0.22593604823044014,0.16865728332782265,0.19474405859149949,0.27933928341684866,0.20963374364237206,0.024815713887593325,0.19474405859149949,0.19474405859149949,0.19474405859149949,0.06941679645841622,-0.36235064509565235,0.19474405859149949,0.19474405859149949,-0.14984040519520878,0.14927870655495076,0.028493917507629182
R_Amp_V1,0.006997636533738525,0.0014914996283204752,0.1564968622015314,0.05515470210870634,0.0995667369008568,-0.17949355677553566,-0.004079108389680102,-0.05633729581004664,-0.004079108389680102,0.05565346454992734,1.0,-0.1110880832691091,-0.013852249368270805,-0.004222352985228691,0.057557216649466815,-0.005551184680737537,-0.20795930107167032,-0.013852249368270805,-0.004079108389680102,-0.214084516683396,-0.004222352985228691,0.15458704874681217,0.052758128700650095,0.15902953217313467,-0.004079108389680102,-0.027537369255839828,0.024052924501683216,0.04989754643019535,0.4160192149824018,-0.004222352985228691,-0.18049783606028433,-0.09285764102819753,-0.004079108389680102,0.07875197593227098,-0.004222352985228691,0.20444050964958543,-0.004079108389680102,-0.004079108389680102,0.011437533793069868,-0.004222352985228691,-0.07423813029665254,-0.013852249368270805,-0.004079108389680102,-0.04164376395654258,0.2244282523472212,-0.004079108389680102,-0.020698568260843934,0.024879172211613346,-0.004222352985228691,0.0044663066391911095,0.00753186827381201,0.028530092932600483,0.01205225383594323,-0.013852249368270805,0.21895346604678032,-0.004079108389680102,-0.13007174341258584,-0.005098277808059856,-0.004079108389680102,-0.11743461697346519,-0.13845768797572158,0.12183136013162435,-0.0024750513642803557,-0.004079108389680102,0.06493519180486076,-0.013852249368270805,-0.10631729922791679,-0.004222352985228691,0.006190857131143878,-0.21460906156235116,-0.0013914030985972493,-0.2548439294207164,-0.2931405576529656,0.012054089959557979,0.15342731358591022,0.022710944771457808,0.06474986239185375,0.218626955760827,-0.007368404304938562,-0.004079108389680102,0.021630400691576478,-0.0369195840199418,-0.013852249368270805,-0.184710941285977,-0.016031300536371917,-0.018760610043480334,-0.013852249368270805,-0.005086092951445306,0.013653354025239628,-0.018710215730098075,-0.013852249368270805,-0.060197700064408444,-0.3313917901242041,0.020457363644811113,-0.0006541934763579576,-0.026202826764274025,-0.004079108389680102,-0.004079108389680102,0.010613900327129179,-0.39459161256667113,-0.004079108389680102,-0.12491993388569049,-0.3290903839163183,-0.03941787472029139,-0.013852249368270805,-0.17637231159118358,-0.004079108389680102,-0.004079108389680102,-0.2086942523671069,0.22636800402097101,-0.004079108389680102,0.03215997318499299,-0.004079108389680102,-0.04009278152177016,-0.004079108389680102,-0.10053059635374634,-0.00561636817627944,0.554732050460703,-0.09941786178037568,-0.1024646218284151,0.0006445408691001198,-0.004079108389680102,0.020482756495044524,-0.004079108389680102,-0.004079108389680102,-0.29213521871670567,-0.05286086910864238,-0.004079108389680102,-0.004079108389680102,0.012421157768210463,-0.2304937142391672,0.24393195915980745,-0.022280894030679604,-0.08153220756422863,-0.0063221730798734286,0.024605064042025546,-0.013852249368270805,-0.004222352985228691,-0.004079108389680102,-0.013852249368270805,0.19719858045453492,-0.005453759054247138,0.16084368886127948,0.01636367648333239,-0.027458613403136677,-0.004079108389680102,0.05956671025679035,0.022570519039533103,-0.45932878680838596,-0.004079108389680102,-0.013852249368270805,-0.004222352985228691,0.008497548557547398,0.2195284169981225,-0.004079108389680102,-0.004079108389680102,0.03922629974170075,-0.09211463441535282,0.02428554895102287
QRS_Dur_Global,0.01148316223288953,-0.01931982693784257,0.032289484683499924,0.08946329617006012,-0.18368405789886033,-0.025109127022042613,-0.1010795432733466,0.0013359940822485579,-0.1010795432733466,0.09138843232273883,-0.1110880832691091,1.0,-0.06170190246194097,-0.1011709004149248,0.2223656484763602,0.20362329068140014,-0.01849120795594093,-0.06170190246194097,-0.1010795432733466,-0.24577732965103366,-0.1011709004149248,-0.20535180995869334,-0.27197390354746814,-0.1314341486900325,-0.1010795432733466,-0.013138120178998776,-0.04138764333810724,-0.049187227836731164,0.2109163275571268,-0.1011709004149248,0.2529940744318474,-0.018190503394398327,-0.1010795432733466,0.3239624487296281,-0.1011709004149248,-0.18781794986966177,-0.1010795432733466,-0.1010795432733466,-0.017382143979054618,-0.1011709004149248,0.15438561752366942,-0.06170190246194097,-0.1010795432733466,-0.1138411622570743,-0.23951471373127606,-0.1010795432733466,-0.05819810608927049,0.041746935587370256,-0.1011709004149248,-0.015960128232378964,0.1314790111300857,-0.02249157772712479,-0.02016506098893065,-0.06170190246194097,-0.20258610897832374,-0.1010795432733466,0.03416162513184078,-0.00011059171206928856,-0.1010795432733466,-0.0275660630551475,-0.028378184144168938,0.29107858952620186,-0.10054298893206641,-0.1010795432733466,0.34595296749396626,-0.06170190246194097,-0.00442889793913305,-0.1011709004149248,0.12155675385688433,-0.10167915413823245,-0.01376103785793739,0.04617297648665062,-0.29958324766271766,0.18443565099941647,-0.07411816215328305,-0.06094370974789124,0.16805665865839453,-0.24570275743601858,0.009312975433866942,-0.1010795432733466,-0.038471585342708864,-0.05665001095908909,-0.06170190246194097,0.08071958681688798,-0.09474751476228087,-0.023409293981411304,-0.06170190246194097,-0.010431054907918577,0.009202597627693853,-0.09266389626031157,-0.06170190246194097,-0.08063594862345295,0.027371215629104564,-0.010044629873493126,0.017314789988021176,-0.0012644836883871522,-0.1010795432733466,-0.1010795432733466,-0.045677913924057525,0.11120220007486266,-0.1010795432733466,-0.2955948060734057,0.03028163745247377,0.12364713031497218,-0.06170190246194097,0.20298432983506492,-0.1010795432733466,-0.1010795432733466,-0.1625347463242233,-0.17696510108022043,-0.1010795432733466,-0.012689743250589773,-0.1010795432733466,0.019657053331980697,-0.1010795432733466,-0.29966734080961327,0.1024465189971395,-0.13387437941720873,0.010987466911619417,-0.06892478870599422,0.09687833818177538,-0.1010795432733466,-0.012989620711936944,-0.1010795432733466,-0.1010795432733466,-0.14708136475764727,-0.24990014661741478,-0.1010795432733466,-0.1010795432733466,-0.02135372076437317,0.16709822489955029,-0.0077466678139278995,-0.016998027625447214,0.015315528976812839,0.12345683273666974,-0.01682561527935908,-0.06170190246194097,-0.1011709004149248,-0.1010795432733466,-0.06170190246194097,-0.09292623400067798,-0.023192328817880112,-0.2310379344964,-0.02236400431825543,-0.019924184340903643,-0.1010795432733466,0.2893962599667101,-0.0387847802801996,0.18413034008384657,-0.1010795432733466,-0.06170190246194097,-0.1011709004149248,0.12082627290857643,-0.2439431071622368,-0.1010795432733466,-0.1010795432733466,0.03549997985821877,0.32267233010694313,-0.014034775012714643
ST_Elev_V1_count,0.12814642346507774,0.10554994947605083,0.192292052712731,0.0704557606189327,-0.08524393828272972,0.09327988233182097,0.8162416589242263,0.13608991630457998,0.8162416589242263,0.19474405859149949,-0.013852249368270805,-0.06170190246194097,1.0,0.8163531926373286,-0.027043497768961713,0.15288267260892408,0.01786349852660369,1.0,0.8162416589242263,-0.048457504779620214,0.8163531926373286,-0.08176343404840906,-0.023122865370006886,-0.24960516438267727,0.8162416589242263,0.08889829590598936,0.10952876817120823,0.04290128049362426,0.08407429946472755,0.8163531926373286,0.2288153921112465,0.1210744951019413,0.8162416589242263,0.03848718069496327,0.8163531926373286,-0.10028617807636117,0.8162416589242263,0.8162416589242263,0.12260899877278765,0.8163531926373286,-0.06304440170218713,1.0,0.8162416589242263,-0.02451429462305746,-0.07836996684112897,0.8162416589242263,0.12996298332215545,0.11005196824995508,0.8163531926373286,0.11028413325874484,0.11653202802305034,0.12008647242401325,0.10079571108620357,1.0,-0.25358245463854895,0.8162416589242263,0.07886471919830995,0.11933863062475396,0.8162416589242263,0.08733784552807461,-0.012122733238447697,-0.020612635863391713,0.8121287169954822,0.8162416589242263,0.03990426860452024,1.0,0.09201076342604572,0.8163531926373286,0.18967196074544482,0.0658283578738903,0.12007144344236996,-0.2837381488125199,-0.06375218447900936,0.10613053885538631,-0.25876511676569974,0.1136084073930602,0.044507881788299855,-0.12977808021316706,0.1216564315268615,0.8162416589242263,0.1140796359253894,0.14828316595314642,1.0,-0.2804065569668011,-0.012899589328973761,0.12991631876681964,1.0,0.12190557040500812,0.11328618624341319,-0.030234901354675086,1.0,0.11462667944622205,0.03665154491431462,0.14021767814832722,0.0969601860145233,0.1381374359602978,0.8162416589242263,0.8162416589242263,0.11242043403603665,-0.11861151595964568,0.8162416589242263,-0.004360388675636503,-0.03925666539109328,0.004363506116147152,1.0,0.008252920234789336,0.8162416589242263,0.8162416589242263,-0.08106357549644287,-0.2534397814795543,0.8162416589242263,0.12668942252896853,0.8162416589242263,-0.2443545763477994,0.8162416589242263,-0.04320522331729734,0.009414769979632037,-0.04498343097548076,0.12076043090415182,0.10471315524842559,-0.786943258879698,0.8162416589242263,0.04159993432099546,0.8162416589242263,0.8162416589242263,-0.06961467003902422,-0.08942349906544854,0.8162416589242263,0.8162416589242263,0.11492387319023462,0.25359018325397326,0.17646686270576492,0.11629940685022952,0.15286879414944599,0.16666605678758878,0.11871723981935647,1.0,0.8163531926373286,0.8162416589242263,1.0,0.09171347942233256,0.12557821475693853,-0.10990624785399787,0.07950300954617058,0.10432376520308477,0.8162416589242263,0.03720157709406879,0.09833562950118685,0.12876644141202553,0.8162416589242263,1.0,0.8163531926373286,-0.04142689078362505,-0.11192754709640036,0.8162416589242263,0.8162416589242263,-0.1862219772039931,0.025570269842546935,-0.172039276874469
T_Amp_V4_count,0.12995257293939316,0.11464232648521333,0.192292052712731,0.0704557606189327,-0.09746632767644207,0.10555542992347802,0.9998676111299506,0.15232291908546677,0.9998676111299506,0.19474405859149949,-0.004222352985228691,-0.1011709004149248,0.8163531926373286,1.0,-0.04200117770925004,0.15288267260892408,0.012684863242225114,0.8163531926373286,0.9998676111299506,-0.053650988638020786,1.0,-0.09618773336230006,-0.012004294957706631,-0.24960516438267727,0.9998676111299506,0.10030464301615434,0.11817365677665256,0.04290128049362426,0.10081553735721455,1.0,0.2762890602566783,0.13788145781552436,0.9998676111299506,0.04390776387885272,1.0,-0.10183191218901336,0.9998676111299506,0.9998676111299506,0.13361466488107532,1.0,-0.06304440170218713,0.8163531926373286,0.9998676111299506,-0.031085221406883867,-0.08676065309769959,0.9998676111299506,0.1400408067939236,0.11140561759569731,1.0,0.12276782954419246,0.11653202802305034,0.13169457829721334,0.10021149809123296,0.8163531926373286,-0.25358245463854895,0.9998676111299506,0.0889269581114625,0.12013361978716819,0.9998676111299506,0.09319663478239738,-0.011132763340674146,-0.033277585539769,0.995192226949599,0.9998676111299506,0.04615314341494943,0.8163531926373286,0.09536201495747987,1.0,0.18967196074544482,0.07454639863890686,0.13072523989833248,-0.2837381488125199,-0.06842690697462828,0.10613053885538631,-0.25876511676569974,0.12036654521754395,0.054658471800831936,-0.14357626380090682,0.13194289943624904,0.9998676111299506,0.12553818366169545,0.16562314790436738,0.8163531926373286,-0.2804065569668011,-0.01725491297171733,0.1471435074965606,0.8163531926373286,0.1195054168684212,0.10756563562690405,-0.045067337047620566,0.8163531926373286,0.12995507016431854,0.037795712380987584,0.1456097058935201,0.10066970715967344,0.14976241733290743,0.9998676111299506,0.9998676111299506,0.11472823453191673,-0.11861151595964568,0.9998676111299506,-0.0025846752624133144,-0.056472530252374774,0.008576879964916427,0.8163531926373286,-0.004209413415419973,0.9998676111299506,0.9998676111299506,-0.10876487679626276,-0.2534397814795543,0.9998676111299506,0.1366471823451923,0.9998676111299506,-0.2443545763477994,0.9998676111299506,-0.03671483041614583,0.005777190525293817,-0.043245395202741385,0.13738256156288547,0.11715824150423394,-0.9734757973359599,0.9998676111299506,0.05344532926121231,0.9998676111299506,0.9998676111299506,-0.09134846664313583,-0.1062813027324451,0.9998676111299506,0.9998676111299506,0.12200380699642198,0.25359018325397326,0.17646686270576492,0.12572992577287453,0.172070680222411,0.16666605678758878,0.11939501204245645,0.8163531926373286,1.0,0.9998676111299506,0.8163531926373286,0.09171347942233256,0.13837385805479416,-0.10990624785399787,0.07950300954617058,0.10965519731757603,0.9998676111299506,0.03712437869653792,0.11006878488331456,0.14637324782545533,0.9998676111299506,0.8163531926373286,1.0,-0.057610194010571915,-0.1316082108454076,0.9998676111299506,0.9998676111299506,-0.1862219772039931,0.01078217797580747,-0.203151124065728
Q_Amp_aVF,0.03423731218549645,0.04865596854903641,0.07935294935009013,0.1859557586384711,-0.10223223865778512,-0.04294243652444772,-0.042044025894865514,0.07317820336682868,-0.042044025894865514,0.1207338697361997,0.057557216649466815,0.2223656484763602,-0.027043497768961713,-0.04200117770925004,1.0,0.16147713094149496,-0.07536324749451304,-0.027043497768961713,-0.042044025894865514,-0.18354483427259938,-0.04200117770925004,-0.15126295884633065,-0.6725545484975615,-0.04296178510920633,-0.042044025894865514,-0.012118384388159337,0.014065195904512594,0.04768003246472625,0.2481521154864338,-0.04200117770925004,0.1557556054369087,0.04233407375730931,-0.042044025894865514,0.4059785353008454,-0.04200117770925004,-0.14145254415780611,-0.042044025894865514,-0.042044025894865514,0.06894176555892569,-0.04200117770925004,0.23395491801873594,-0.027043497768961713,-0.042044025894865514,-0.17998673346106342,-0.12113508732353083,-0.042044025894865514,0.02588229324343581,0.05602264756879072,-0.04200117770925004,0.06438536832835201,0.07564123975080382,0.02876802374461287,0.011667744486727836,-0.027043497768961713,-0.18203416165607836,-0.042044025894865514,0.042744700789472984,0.034893598155184426,-0.042044025894865514,0.06580617698866228,-0.09074935767731575,0.7189612079288579,-0.041948568733440716,-0.042044025894865514,0.43042719174059896,-0.027043497768961713,0.04873288202002867,-0.04200117770925004,0.14346192611388767,-0.04940980509968855,0.015780711787911048,-0.04768093778299842,-0.5686526413102382,0.19467861942343534,0.048987919314897266,-0.002493110985099082,-0.17395784394432487,-0.1543836529229207,0.09449603583912397,-0.042044025894865514,0.04912073922787987,-0.01096237792784271,-0.027043497768961713,-0.0018155416014963817,-0.038720175771182044,0.06672577778880068,-0.027043497768961713,-0.026797089652817588,0.0410887237269793,-0.11706765761585523,-0.027043497768961713,-0.039303971735258396,-0.05707252799751633,0.04987934315078339,0.0522210834055548,0.04849774502942977,-0.042044025894865514,-0.042044025894865514,-0.0015165387945567956,0.032069853521997614,-0.042044025894865514,-0.41329834695454437,0.2253373882429449,0.06590675994888388,-0.027043497768961713,0.5276040957182658,-0.042044025894865514,-0.042044025894865514,-0.22953499192327467,-0.04752993842632606,-0.042044025894865514,0.07070179378505899,-0.042044025894865514,0.002415031779421639,-0.042044025894865514,-0.7634193119966268,0.08707078096240238,0.1093804709838791,-0.0006887193640341501,0.02018282251390069,0.03811251380448143,-0.042044025894865514,-0.5450648262372148,-0.042044025894865514,-0.042044025894865514,-0.23983109054649748,-0.24500153530092403,-0.042044025894865514,-0.042044025894865514,0.13098782256066116,0.06940015018928035,0.058680667301963634,0.010374818581879601,0.03209001296384325,0.14533940051543456,0.030955239053550927,-0.027043497768961713,-0.04200117770925004,-0.042044025894865514,-0.027043497768961713,0.015652647130437212,0.018879054350637723,-0.26854105940052075,-0.03708328518775268,0.01599560358275812,-0.042044025894865514,0.3366508660286463,0.04406799353718069,0.05858743929878836,-0.042044025894865514,-0.027043497768961713,-0.04200117770925004,0.70510956674292,-0.1522770975228203,-0.042044025894865514,-0.042044025894865514,0.15642690644690205,0.11619584982542279,-0.03205243850071065
ST_Elev_aVR_iqr,0.14613107138442843,0.07086719206511018,0.34754639686963773,0.4323894683068912,-0.4697700369036573,0.06362295504923159,0.15288267260892408,0.09946841605364154,0.15288267260892408,0.4459212203850991,-0.005551184680737537,0.20362329068140014,0.15288267260892408,0.15288267260892408,0.16147713094149496,1.0,-0.21939123141694217,0.15288267260892408,0.15288267260892408,-0.18222427586575443,0.15288267260892408,-0.45947976332618545,-0.17738206768043638,-0.26166436695830475,0.15288267260892408,0.04998591682843089,0.1209192502204548,0.18828249383257784,0.20397556953232318,0.15288267260892408,0.6132366829486587,0.07820955753770524,0.15288267260892408,0.2835220777176231,0.15288267260892408,-0.2836628174126913,0.15288267260892408,0.15288267260892408,0.06425876263940854,0.15288267260892408,0.0648341389038097,0.15288267260892408,0.15288267260892408,-0.08939954396732219,-0.13556833448315517,0.15288267260892408,0.1227455622238223,0.09260074899745117,0.15288267260892408,0.04888824190042284,0.6610754212336858,0.09091794990751068,0.11993619973686252,0.15288267260892408,-0.2868606923037592,0.15288267260892408,-0.029559693078027565,0.06418446077408431,0.15288267260892408,0.08560018026475065,-0.004127656588243733,0.23967963621920274,0.15064667668088028,0.15288267260892408,0.27715957644752376,0.15288267260892408,0.10085267626697915,0.15288267260892408,0.5209818317686485,-0.043341287277944195,0.0870787563507393,-0.0642937359898308,-0.24265925169997368,0.6881665007758685,-0.22467130685244965,0.08903874179160949,0.1906729023692319,-0.4786960450604913,0.0840764974235677,0.15288267260892408,0.06990021768105475,0.10749087022029853,0.15288267260892408,-0.06280367138093515,-0.30030503451928947,0.07924900952841893,0.15288267260892408,0.08807780629186106,0.18349373805249541,-0.3562035768624194,0.15288267260892408,0.07709735391154332,-0.1311269913995216,0.15884121824972564,0.1055890212977635,0.09174705172131643,0.15288267260892408,0.15288267260892408,0.07799977971505341,0.06423455919488913,0.15288267260892408,-0.28696628376979444,-0.013758359255931886,0.1121599094441319,0.15288267260892408,0.12466486353655364,0.15288267260892408,0.15288267260892408,-0.10628773124391046,-0.2935712416142593,0.15288267260892408,0.12140700365955981,0.15288267260892408,-0.14215878046846922,0.15288267260892408,-0.21222872804380727,0.0889380903516867,-0.022584609106687942,0.08026342968106195,0.06622739364608392,-0.1630311681477281,0.15288267260892408,0.0026922873701794693,0.15288267260892408,0.15288267260892408,-0.1300551622377557,-0.14176973155258193,0.15288267260892408,0.15288267260892408,0.08142431658914896,0.28556565134978956,0.27824656135416964,0.05576469553011245,0.10549709415190234,0.5210471799959877,0.1943710875495951,0.15288267260892408,0.15288267260892408,0.15288267260892408,0.15288267260892408,0.16857079667677402,0.06962211627097999,-0.23059677662601988,0.3254312838427798,0.07931377084876415,0.15288267260892408,0.2544849290984471,0.05647214187537929,0.22178478761311715,0.15288267260892408,0.15288267260892408,0.15288267260892408,0.08986871925384757,-0.48074783361306184,0.15288267260892408,0.15288267260892408,-0.11341907529290725,0.17853794060545275,0.002552333130418115
T_Amp_V3,-0.010504598839897449,0.03240397433702543,-0.4873601286042849,-0.2091902781750772,0.3848934571501609,0.03961565891012418,0.012514740503856344,0.021309414641848178,0.012514740503856344,-0.40537110741301174,-0.20795930107167032,-0.01849120795594093,0.01786349852660369,0.012684863242225114,-0.07536324749451304,-0.21939123141694217,1.0,0.01786349852660369,0.012514740503856344,0.0643974751093357,0.012684863242225114,0.49996271713338736,0.05937269133732453,0.12996072374193066,0.012514740503856344,0.16864212181030488,0.0025550646714204315,-0.11209786475675504,-0.055393952778679055,0.012684863242225114,-0.29007106706807906,0.06467211097158536,0.012514740503856344,-0.23314632132337232,0.012684863242225114,0.15817043882775586,0.012514740503856344,0.012514740503856344,-0.014135155817146914,0.012684863242225114,-0.007681509648196106,0.01786349852660369,0.012514740503856344,-0.0029405311032992495,-0.16651306023733628,0.012514740503856344,0.009995582924260248,-0.004327413878687755,0.012684863242225114,-0.0056583004644686,-0.2094566751049548,-0.006456433556387996,0.01090590305594036,0.01786349852660369,0.07490470424395072,0.012514740503856344,0.13326152536583297,-0.004854657858429369,0.012514740503856344,0.004642455170177329,-0.03951042944571049,-0.11740935008252894,0.018199932447114344,0.012514740503856344,-0.16297532307543508,0.01786349852660369,0.001652924027936083,0.012684863242225114,-0.2915033631208601,0.04021936800257353,0.015731318359105392,0.029388105822067995,0.09856574893064092,-0.24619204326362865,0.09697969436356745,0.013533172611313884,-0.07055154436111127,0.3190477679104094,-0.013291612027158718,0.012514740503856344,-0.006699426124821874,0.020448250571211746,0.01786349852660369,0.086006462428416,0.31936655985367157,-0.009563522280107158,0.01786349852660369,0.0234239143511943,-0.02705138775997166,0.7518301308018908,0.01786349852660369,0.008289089685059274,0.7339882530211735,-0.0011192217655561594,0.0210450177496956,0.00971300743060545,0.012514740503856344,0.012514740503856344,0.01209023765614787,0.14661683095098926,0.012514740503856344,0.13106906740391217,-0.025530677253441148,-0.09565320353491533,0.01786349852660369,-0.050307648297478545,0.012514740503856344,0.012514740503856344,0.18878167109320593,0.07647522134709424,0.012514740503856344,0.004348319517689595,0.012514740503856344,0.20846273570408588,0.012514740503856344,0.07580776729325218,-0.056089256558695504,-0.2436944098726854,0.09143161670126734,0.010303314515100484,-0.004432560808805498,0.012514740503856344,0.014473965377451955,0.012514740503856344,0.012514740503856344,0.16524039311946295,0.10995939629406143,0.012514740503856344,0.012514740503856344,0.019965691758986596,-0.13970918448053873,-0.41046819996025496,0.03539792526221176,0.04364841221291258,-0.257000535835635,-0.02858911284700207,0.01786349852660369,0.012684863242225114,0.012514740503856344,0.01786349852660369,-0.11323403211596068,0.0662402600153876,0.05394004349405173,-0.11368389416972674,0.04796196025309484,0.012514740503856344,-0.2547540298448684,-0.013143957687249146,0.2692427588583554,0.012514740503856344,0.01786349852660369,0.012684863242225114,-0.050298975160220596,0.3569446444896948,0.012514740503856344,0.012514740503856344,0.07069681520657965,-0.0586789515988704,0.02925982349042041
ST_Elev_I_count,0.12814642346507774,0.10554994947605083,0.192292052712731,0.0704557606189327,-0.08524393828272972,0.09327988233182097,0.8162416589242263,0.13608991630457998,0.8162416589242263,0.19474405859149949,-0.013852249368270805,-0.06170190246194097,1.0,0.8163531926373286,-0.027043497768961713,0.15288267260892408,0.01786349852660369,1.0,0.8162416589242263,-0.048457504779620214,0.8163531926373286,-0.08176343404840906,-0.023122865370006886,-0.24960516438267727,0.8162416589242263,0.08889829590598936,0.10952876817120823,0.04290128049362426,0.08407429946472755,0.8163531926373286,0.2288153921112465,0.1210744951019413,0.8162416589242263,0.03848718069496327,0.8163531926373286,-0.10028617807636117,0.8162416589242263,0.8162416589242263,0.12260899877278765,0.8163531926373286,-0.06304440170218713,1.0,0.8162416589242263,-0.02451429462305746,-0.07836996684112897,0.8162416589242263,0.12996298332215545,0.11005196824995508,0.8163531926373286,0.11028413325874484,0.11653202802305034,0.12008647242401325,0.10079571108620357,1.0,-0.25358245463854895,0.8162416589242263,0.07886471919830995,0.11933863062475396,0.8162416589242263,0.08733784552807461,-0.012122733238447697,-0.020612635863391713,0.8121287169954822,0.8162416589242263,0.03990426860452024,1.0,0.09201076342604572,0.8163531926373286,0.18967196074544482,0.0658283578738903,0.12007144344236996,-0.2837381488125199,-0.06375218447900936,0.10613053885538631,-0.25876511676569974,0.1136084073930602,0.044507881788299855,-0.12977808021316706,0.1216564315268615,0.8162416589242263,0.1140796359253894,0.14828316595314642,1.0,-0.2804065569668011,-0.012899589328973761,0.12991631876681964,1.0,0.12190557040500812,0.11328618624341319,-0.030234901354675086,1.0,0.11462667944622205,0.03665154491431462,0.14021767814832722,0.0969601860145233,0.1381374359602978,0.8162416589242263,0.8162416589242263,0.11242043403603665,-0.11861151595964568,0.8162416589242263,-0.004360388675636503,-0.03925666539109328,0.004363506116147152,1.0,0.008252920234789336,0.8162416589242263,0.8162416589242263,-0.08106357549644287,-0.2534397814795543,0.8162416589242263,0.12668942252896853,0.8162416589242263,-0.2443545763477994,0.8162416589242263,-0.04320522331729734,0.009414769979632037,-0.04498343097548076,0.12076043090415182,0.10471315524842559,-0.786943258879698,0.8162416589242263,0.04159993432099546,0.8162416589242263,0.8162416589242263,-0.06961467003902422,-0.08942349906544854,0.8162416589242263,0.8162416589242263,0.11492387319023462,0.25359018325397326,0.17646686270576492,0.11629940685022952,0.15286879414944599,0.16666605678758878,0.11871723981935647,1.0,0.8163531926373286,0.8162416589242263,1.0,0.09171347942233256,0.12557821475693853,-0.10990624785399787,0.07950300954617058,0.10432376520308477,0.8162416589242263,0.03720157709406879,0.09833562950118685,0.12876644141202553,0.8162416589242263,1.0,0.8163531926373286,-0.04142689078362505,-0.11192754709640036,0.8162416589242263,0.8162416589242263,-0.1862219772039931,0.025570269842546935,-0.172039276874469
T_Amp_aVF_count,0.13001534003225348,0.11464232648521333,0.192292052712731,0.0704557606189327,-0.09738955887776468,0.10562471071978288,1.0,0.15232291908546677,1.0,0.19474405859149949,-0.004079108389680102,-0.1010795432733466,0.8162416589242263,0.9998676111299506,-0.042044025894865514,0.15288267260892408,0.012514740503856344,0.8162416589242263,1.0,-0.0536195047768743,0.9998676111299506,-0.09618773336230006,-0.01195991408952987,-0.24960516438267727,1.0,0.10043427004334168,0.11827861546595629,0.04290128049362426,0.10091886512501962,0.9998676111299506,0.27619701014574816,0.13788145781552436,1.0,0.04390776387885272,0.9998676111299506,-0.10172218032146402,1.0,1.0,0.13361466488107532,0.9998676111299506,-0.06304440170218713,0.8162416589242263,1.0,-0.031081310772127984,-0.0867220624473799,1.0,0.14007670350736617,0.11152108086813146,0.9998676111299506,0.12276782954419246,0.11653202802305034,0.1318071923898046,0.10032491700053033,0.8162416589242263,-0.25358245463854895,1.0,0.08884407449836429,0.12029666621863966,1.0,0.09316818293243911,-0.011145375161925238,-0.03330246363179656,0.9953264315900904,1.0,0.04615314341494943,0.8162416589242263,0.09520697281080748,0.9998676111299506,0.18967196074544482,0.0746269831584526,0.1307988459011755,-0.2837381488125199,-0.06850770861792824,0.10613053885538631,-0.25876511676569974,0.12040067249825367,0.054599404862743776,-0.1434550464453895,0.13194289943624904,1.0,0.12553818366169545,0.16571761536067905,0.8162416589242263,-0.2804065569668011,-0.01720161256557165,0.1471435074965606,0.8162416589242263,0.11960854425673513,0.10760311816772491,-0.045067337047620566,0.8162416589242263,0.1298133598312867,0.03776410377000593,0.14568305357028172,0.10079178640760923,0.14991578310400233,1.0,1.0,0.11477411181962201,-0.11861151595964568,1.0,-0.0025137544857759407,-0.056544557019696066,0.008709385049436838,0.8162416589242263,-0.0042493839657625,1.0,1.0,-0.10876487679626276,-0.2534397814795543,1.0,0.13673594421753205,1.0,-0.2443545763477994,1.0,-0.036732952831792384,0.005761531833560238,-0.04314647471060189,0.1375173834129979,0.11718604355219234,-0.9736027364885587,1.0,0.053373727936301185,1.0,1.0,-0.09134846664313583,-0.1062813027324451,1.0,1.0,0.12205598888745056,0.25359018325397326,0.17646686270576492,0.12575801217621446,0.1722498620754868,0.16666605678758878,0.11949323212356747,0.8162416589242263,0.9998676111299506,1.0,0.8162416589242263,0.09171347942233256,0.1385706579985287,-0.10990624785399787,0.07950300954617058,0.10977412207539503,1.0,0.03712437869653792,0.11006878488331456,0.14627146173606997,1.0,0.8162416589242263,0.9998676111299506,-0.05766361423223464,-0.1316082108454076,1.0,1.0,-0.1862219772039931,0.010944198656912643,-0.20305917979626326
Q_Amp_V1,-0.03700687770676268,-0.051178585376620546,-0.08796405293458415,-0.09901338491019313,0.12638627103955613,0.058300661855340975,-0.0536195047768743,-0.018185591527691704,-0.0536195047768743,-0.12364542997298907,-0.214084516683396,-0.24577732965103366,-0.048457504779620214,-0.053650988638020786,-0.18354483427259938,-0.18222427586575443,0.0643974751093357,-0.048457504779620214,-0.0536195047768743,1.0,-0.053650988638020786,0.14048392227317472,0.1475331805498862,0.07503139499935094,-0.0536195047768743,-0.020647546958764144,-0.020584130539004142,-0.01297388812589355,-0.32948855404046157,-0.053650988638020786,-0.20485524305201908,0.0012811170396509698,-0.0536195047768743,-0.40320744973600076,-0.053650988638020786,0.14570508430718102,-0.0536195047768743,-0.0536195047768743,-0.049620142550478155,-0.053650988638020786,-0.0884299229552328,-0.048457504779620214,-0.0536195047768743,0.44248480110528593,0.14376171504313565,-0.0536195047768743,0.022415899132533553,-0.07781970818582432,-0.053650988638020786,-0.04151648770570512,-0.14735251562274243,-0.01855860288515887,-0.021885487393488785,-0.048457504779620214,0.1047024956816431,-0.0536195047768743,-0.05523164616084691,-0.03869676889721926,-0.0536195047768743,0.04126178300669641,-0.06003123001755059,-0.33957124112683934,-0.052608331241514615,-0.0536195047768743,-0.46442462240540106,-0.048457504779620214,0.034422209779752445,-0.053650988638020786,-0.1398626691184268,0.06811982101052375,-0.0002426231669544169,0.03419711697178908,0.3132796320026977,-0.1568822773138719,0.044514760814224695,-0.0129448788109711,-0.3917096391612941,0.17705337329372048,-0.0674206252368876,-0.0536195047768743,-0.060220333372067725,0.009320081716288264,-0.048457504779620214,-0.00638470749247098,0.051133281260900394,-0.03212097307162813,-0.048457504779620214,-0.015046197998960394,-0.038750733688978696,0.09583960739627348,-0.048457504779620214,0.03797078736903976,0.08130121665583277,-0.027700760213881726,-0.05776939433053798,-0.04756402095409749,-0.0536195047768743,-0.0536195047768743,-0.019919775227646003,0.001238299555580452,-0.0536195047768743,0.47563299615456067,0.13768906959520533,-0.17202272089678503,-0.048457504779620214,-0.044852209533236626,-0.0536195047768743,-0.0536195047768743,0.2207328543559256,0.0915664339794498,-0.0536195047768743,-0.03313483073897217,-0.0536195047768743,0.009635603840165114,-0.0536195047768743,0.23012629754196998,0.0009121258744967236,-0.09446597536790403,-0.011044474301348292,0.04125624290088658,0.058426744556810295,-0.0536195047768743,-0.1512851053025281,-0.0536195047768743,-0.0536195047768743,0.19057639619677375,0.25152531337004636,-0.0536195047768743,-0.0536195047768743,-0.016019171343189312,-0.07929386226827716,-0.09978727448652133,-0.013234457830309805,-0.03302675414547322,-0.12109523262939008,-0.03184176679996464,-0.048457504779620214,-0.053650988638020786,-0.0536195047768743,-0.048457504779620214,-0.027551628127981023,-0.049842240405445985,0.12392359465402729,-0.04809713222754982,-0.029532333854304864,-0.0536195047768743,-0.2705658396872088,-0.049246441682507996,0.0018200637260497767,-0.0536195047768743,-0.048457504779620214,-0.053650988638020786,-0.019669157763934426,0.14220302863962048,-0.0536195047768743,-0.0536195047768743,-0.010431704792207796,-0.12275547114956462,0.01194208964338958
Q_Amp_V5_count,0.12995257293939316,0.11464232648521333,0.192292052712731,0.0704557606189327,-0.09746632767644207,0.10555542992347802,0.9998676111299506,0.15232291908546677,0.9998676111299506,0.19474405859149949,-0.004222352985228691,-0.1011709004149248,0.8163531926373286,1.0,-0.04200117770925004,0.15288267260892408,0.012684863242225114,0.8163531926373286,0.9998676111299506,-0.053650988638020786,1.0,-0.09618773336230006,-0.012004294957706631,-0.24960516438267727,0.9998676111299506,0.10030464301615434,0.11817365677665256,0.04290128049362426,0.10081553735721455,1.0,0.2762890602566783,0.13788145781552436,0.9998676111299506,0.04390776387885272,1.0,-0.10183191218901336,0.9998676111299506,0.9998676111299506,0.13361466488107532,1.0,-0.06304440170218713,0.8163531926373286,0.9998676111299506,-0.031085221406883867,-0.08676065309769959,0.9998676111299506,0.1400408067939236,0.11140561759569731,1.0,0.12276782954419246,0.11653202802305034,0.13169457829721334,0.10021149809123296,0.8163531926373286,-0.25358245463854895,0.9998676111299506,0.0889269581114625,0.12013361978716819,0.9998676111299506,0.09319663478239738,-0.011132763340674146,-0.033277585539769,0.995192226949599,0.9998676111299506,0.04615314341494943,0.8163531926373286,0.09536201495747987,1.0,0.18967196074544482,0.07454639863890686,0.13072523989833248,-0.2837381488125199,-0.06842690697462828,0.10613053885538631,-0.25876511676569974,0.12036654521754395,0.054658471800831936,-0.14357626380090682,0.13194289943624904,0.9998676111299506,0.12553818366169545,0.16562314790436738,0.8163531926373286,-0.2804065569668011,-0.01725491297171733,0.1471435074965606,0.8163531926373286,0.1195054168684212,0.10756563562690405,-0.045067337047620566,0.8163531926373286,0.12995507016431854,0.037795712380987584,0.1456097058935201,0.10066970715967344,0.14976241733290743,0.9998676111299506,0.9998676111299506,0.11472823453191673,-0.11861151595964568,0.9998676111299506,-0.0025846752624133144,-0.056472530252374774,0.008576879964916427,0.8163531926373286,-0.004209413415419973,0.9998676111299506,0.9998676111299506,-0.10876487679626276,-0.2534397814795543,0.9998676111299506,0.1366471823451923,0.9998676111299506,-0.2443545763477994,0.9998676111299506,-0.03671483041614583,0.005777190525293817,-0.043245395202741385,0.13738256156288547,0.11715824150423394,-0.9734757973359599,0.9998676111299506,0.05344532926121231,0.9998676111299506,0.9998676111299506,-0.09134846664313583,-0.1062813027324451,0.9998676111299506,0.9998676111299506,0.12200380699642198,0.25359018325397326,0.17646686270576492,0.12572992577287453,0.172070680222411,0.16666605678758878,0.11939501204245645,0.8163531926373286,1.0,0.9998676111299506,0.8163531926373286,0.09171347942233256,0.13837385805479416,-0.10990624785399787,0.07950300954617058,0.10965519731757603,0.9998676111299506,0.03712437869653792,0.11006878488331456,0.14637324782545533,0.9998676111299506,0.8163531926373286,1.0,-0.057610194010571915,-0.1316082108454076,0.9998676111299506,0.9998676111299506,-0.1862219772039931,0.01078217797580747,-0.203151124065728
T_Amp_V5,0.008645464720313481,0.02839805630985788,-0.29693553561397246,-0.2944307070449428,0.7102787463158537,-0.0031710644253974307,-0.09618773336230006,-0.042703444586195,-0.09618773336230006,-0.4397651077007574,0.15458704874681217,-0.20535180995869334,-0.08176343404840906,-0.09618773336230006,-0.15126295884633065,-0.45947976332618545,0.49996271713338736,-0.08176343404840906,-0.09618773336230006,0.14048392227317472,-0.09618773336230006,1.0,0.18165743557024783,0.33497940693701483,-0.09618773336230006,0.09625288539101094,0.03849835821040111,-0.0937706188008343,-0.01844153845798114,-0.09618773336230006,-0.7183740606128531,-0.026794797382046882,-0.09618773336230006,-0.32332741134573867,-0.09618773336230006,0.3942957505773177,-0.09618773336230006,-0.09618773336230006,0.012070694633849723,-0.09618773336230006,-0.06717000050231237,-0.08176343404840906,-0.09618773336230006,0.047732314489054996,0.10600612024774035,-0.09618773336230006,0.03460683629050107,-0.003896160357246369,-0.09618773336230006,0.02063642131610898,-0.37720312357926244,0.028436512651454256,0.0458142557185859,-0.08176343404840906,0.3199251134265678,-0.09618773336230006,0.09030710175362006,0.008133211637596722,-0.09618773336230006,-0.019604922170618162,-0.00898046610800828,-0.22444541698055684,-0.09186583192929845,-0.09618773336230006,-0.31816407155011567,-0.08176343404840906,-0.01631829580416415,-0.09618773336230006,-0.4754685527524802,0.035417296420444756,0.011190042820212088,-0.05554511755315455,0.1198581251091636,-0.4519384922630973,0.294874970146669,0.0611341225974559,-0.1917575300020233,0.6821579825455545,-0.021939349532137064,-0.09618773336230006,0.015386721423372248,0.027364081589480897,-0.08176343404840906,0.003644153176623878,0.4736976954917117,-0.010553224850231392,-0.08176343404840906,0.03762678709910078,-0.00835149091190774,0.7574977670320568,-0.08176343404840906,0.01726565080655173,0.273638402209102,0.024435456453586007,-0.0071155274069794,-0.018852291350512498,-0.09618773336230006,-0.09618773336230006,0.052195497152273895,-0.1569034313671373,-0.09618773336230006,0.27278161424372177,-0.13775282419420165,-0.1153220787216466,-0.08176343404840906,-0.18442437679208445,-0.09618773336230006,-0.09618773336230006,0.08465650893413156,0.3849735308673611,-0.09618773336230006,0.031807406305052854,-0.09618773336230006,0.18728313918105655,-0.09618773336230006,0.1537037976401683,-0.1042044865905115,0.0893195097450149,-0.014930208707082686,0.006265166011860834,0.10415803102617634,-0.09618773336230006,-0.015659499561777535,-0.09618773336230006,-0.09618773336230006,0.07672229742154882,0.1266519252084978,-0.09618773336230006,-0.09618773336230006,0.03606534426721415,-0.4079880994313682,-0.15662624678919015,0.03735145828425822,-0.05060231624957085,-0.43843511618445835,0.005200771861514549,-0.08176343404840906,-0.09618773336230006,-0.09618773336230006,-0.08176343404840906,-0.007225140869258075,0.04375454845597232,0.2344079930355908,-0.15441948394272467,0.028812308784712866,-0.09618773336230006,-0.3248989868931438,0.025039562442683096,-0.266314097812724,-0.09618773336230006,-0.08176343404840906,-0.09618773336230006,-0.08509006805120929,0.8396938538196603,-0.09618773336230006,-0.09618773336230006,0.1560864284982487,-0.1352062114281109,0.07074669145860572
R_Amp_III,-0.035303721052961874,-0.017567757536407488,-0.06973306604927462,-0.1632613214662719,0.1019422777468682,0.06438814310363725,-0.01195991408952987,-0.12440739012886559,-0.01195991408952987,-0.1251045511289794,0.052758128700650095,-0.27197390354746814,-0.023122865370006886,-0.012004294957706631,-0.6725545484975615,-0.17738206768043638,0.05937269133732453,-0.023122865370006886,-0.01195991408952987,0.1475331805498862,-0.012004294957706631,0.18165743557024783,1.0,0.07736146132286903,-0.01195991408952987,0.026533909864876398,0.028807318814357313,0.015407223310052552,-0.16415868367575173,-0.012004294957706631,-0.20819981543114063,-0.07295348122990095,-0.01195991408952987,-0.3395252853657574,-0.012004294957706631,0.21936363380243062,-0.01195991408952987,-0.01195991408952987,-0.0625417862539688,-0.012004294957706631,-0.36165148831177235,-0.023122865370006886,-0.01195991408952987,0.19688018686679604,0.11046203473441013,-0.01195991408952987,-0.007711719974884059,-0.05122048085783852,-0.012004294957706631,-0.050138997386067204,-0.0630899896187355,-0.006842575088898679,-0.00046137524574143385,-0.023122865370006886,0.3064284048573789,-0.01195991408952987,-0.11279089131534507,-0.02639861284736576,-0.01195991408952987,-0.11709575430312949,0.16788572005204672,-0.5464806699873658,-0.0124910337285433,-0.01195991408952987,-0.3571336983353278,-0.023122865370006886,-0.09999638476767315,-0.012004294957706631,-0.1574456151718546,0.04153861368110448,-0.007188917500050735,0.05981409774877128,0.6610614356886773,-0.20396103876446772,-0.05588690169248487,0.04439308183807947,0.2986969454391441,0.21698664410948917,-0.08703651891103435,-0.01195991408952987,-0.018473538514294098,0.024393958325943495,-0.023122865370006886,0.009303081428090242,-0.005746311676174475,-0.09785367559444419,-0.023122865370006886,0.05121056608997808,-0.03981091272813157,0.11334647468039127,-0.023122865370006886,0.01859326694287624,0.023809150760233478,-0.03324658332312408,-0.025428527601618886,-0.040179548386539754,-0.01195991408952987,-0.01195991408952987,0.025217141920763648,-0.10680930164204705,-0.01195991408952987,0.21853469715103335,-0.5113084940128242,-0.018128616314308628,-0.023122865370006886,-0.8676565141264605,-0.01195991408952987,-0.01195991408952987,0.2390281770813012,0.09506132493366926,-0.01195991408952987,-0.05055978898767988,-0.01195991408952987,0.006241056460675592,-0.01195991408952987,0.8802695440627186,-0.03924796697168769,-0.128718309617416,0.022195643658007295,-0.050400580082990636,0.01129130936991813,-0.01195991408952987,0.5947452113788156,-0.01195991408952987,-0.01195991408952987,0.24615198059332682,0.2667992620982618,-0.01195991408952987,-0.01195991408952987,-0.07990516109542006,-0.132453784095589,-0.03196217645000244,0.02646929417964888,-0.043553252885415714,-0.16336833903446854,-0.00222784090196399,-0.023122865370006886,-0.012004294957706631,-0.01195991408952987,-0.023122865370006886,0.020796817725876698,0.008071913785268489,0.42207967134234775,0.10854583761143188,0.006668142094319393,-0.01195991408952987,-0.2902201858500757,-0.017029810693131815,-0.15478042033916461,-0.01195991408952987,-0.023122865370006886,-0.012004294957706631,-0.7253791737001636,0.19545373619636094,-0.01195991408952987,-0.01195991408952987,-0.2197075636193855,-0.11657515802741429,0.14954828918095256
ST_Elev_V5,-0.001224561964130733,0.0024752927199776105,-0.24077360772464032,-0.13046481122403797,0.32541944913099563,-0.010004636824827958,-0.24960516438267727,-0.07896582141445645,-0.24960516438267727,-0.281049097412179,0.15902953217313467,-0.1314341486900325,-0.24960516438267727,-0.24960516438267727,-0.04296178510920633,-0.26166436695830475,0.12996072374193066,-0.24960516438267727,-0.24960516438267727,0.07503139499935094,-0.24960516438267727,0.33497940693701483,0.07736146132286903,1.0,-0.24960516438267727,0.01565998774699282,0.023905896130521936,-0.037465404291989635,0.045018407178033924,-0.24960516438267727,-0.4918466760888558,-0.07708485525063977,-0.24960516438267727,-0.17102036974827756,-0.24960516438267727,0.19437929189658304,-0.24960516438267727,-0.24960516438267727,0.015541738095541808,-0.24960516438267727,0.06102442097933313,-0.24960516438267727,-0.24960516438267727,0.03536372291192399,0.05684108139990082,-0.24960516438267727,0.011012656792983922,-0.004587713278739467,-0.24960516438267727,0.009906259478662216,-0.2035750287148961,0.015441543415089779,0.023535337141199486,-0.24960516438267727,0.5790656744333073,-0.24960516438267727,-0.019483680881819326,-0.008101548997793787,-0.24960516438267727,-0.03463304112222786,0.09146407743081988,-0.08624889928089649,-0.24863116661635343,-0.24960516438267727,-0.16260559644075726,-0.24960516438267727,-0.03785498986648302,-0.24960516438267727,-0.24347624192075193,-0.007065405173017951,-0.008059896899125995,0.26565489043848317,-0.009412146155585279,-0.23004939999380414,0.6146228647017096,0.034094520411347806,-0.16233247419762895,0.3239136184220392,0.013312516730306532,-0.24960516438267727,0.008554259991839813,-0.015191028194954631,-0.24960516438267727,0.4061556006815104,0.2008496272320244,-0.03547631443336222,-0.24960516438267727,0.010491021031757823,-0.01891529703525246,0.2729795143418477,-0.24960516438267727,-0.025344215044296896,0.029590771362003415,0.0028386679120351145,-0.008508390784099465,-0.0065940711063544235,-0.24960516438267727,-0.24960516438267727,0.021259872292954972,-0.07507097168329936,-0.24960516438267727,0.16925764577536664,-0.10494917416060247,0.03712230611726542,-0.24960516438267727,-0.1068231109729145,-0.24960516438267727,-0.24960516438267727,-0.09773750592213541,0.7591106276458088,-0.24960516438267727,0.02378493570835827,-0.24960516438267727,0.6392206599170568,-0.24960516438267727,0.036245772079060684,-0.04011242071755829,0.07589989475695949,-0.0383500166112797,-0.03158717954956512,0.25616845512542563,-0.24960516438267727,-0.055602636599350254,-0.24960516438267727,-0.24960516438267727,-0.0761826937566341,-0.01647313664801798,-0.24960516438267727,-0.24960516438267727,0.02168141758095709,-0.6550961794330133,-0.1627195668535567,0.004831058024303367,-0.07380111316327459,-0.20165504309371393,-0.003551988554389879,-0.24960516438267727,-0.24960516438267727,-0.24960516438267727,-0.24960516438267727,0.021337861860467083,0.0009831184111110374,0.30779122881896986,-0.09052493031105642,0.013915400691739695,-0.24960516438267727,-0.13804156552700572,0.013175420955434102,-0.2187434069322194,-0.24960516438267727,-0.24960516438267727,-0.24960516438267727,0.002555755735374109,0.3726025377340611,-0.24960516438267727,-0.24960516438267727,0.3945680270432621,-0.10723017254090678,0.04672286949389211
Q_Amp_aVR_count,0.13001534003225348,0.11464232648521333,0.192292052712731,0.0704557606189327,-0.09738955887776468,0.10562471071978288,1.0,0.15232291908546677,1.0,0.19474405859149949,-0.004079108389680102,-0.1010795432733466,0.8162416589242263,0.9998676111299506,-0.042044025894865514,0.15288267260892408,0.012514740503856344,0.8162416589242263,1.0,-0.0536195047768743,0.9998676111299506,-0.09618773336230006,-0.01195991408952987,-0.24960516438267727,1.0,0.10043427004334168,0.11827861546595629,0.04290128049362426,0.10091886512501962,0.9998676111299506,0.27619701014574816,0.13788145781552436,1.0,0.04390776387885272,0.9998676111299506,-0.10172218032146402,1.0,1.0,0.13361466488107532,0.9998676111299506,-0.06304440170218713,0.8162416589242263,1.0,-0.031081310772127984,-0.0867220624473799,1.0,0.14007670350736617,0.11152108086813146,0.9998676111299506,0.12276782954419246,0.11653202802305034,0.1318071923898046,0.10032491700053033,0.8162416589242263,-0.25358245463854895,1.0,0.08884407449836429,0.12029666621863966,1.0,0.09316818293243911,-0.011145375161925238,-0.03330246363179656,0.9953264315900904,1.0,0.04615314341494943,0.8162416589242263,0.09520697281080748,0.9998676111299506,0.18967196074544482,0.0746269831584526,0.1307988459011755,-0.2837381488125199,-0.06850770861792824,0.10613053885538631,-0.25876511676569974,0.12040067249825367,0.054599404862743776,-0.1434550464453895,0.13194289943624904,1.0,0.12553818366169545,0.16571761536067905,0.8162416589242263,-0.2804065569668011,-0.01720161256557165,0.1471435074965606,0.8162416589242263,0.11960854425673513,0.10760311816772491,-0.045067337047620566,0.8162416589242263,0.1298133598312867,0.03776410377000593,0.14568305357028172,0.10079178640760923,0.14991578310400233,1.0,1.0,0.11477411181962201,-0.11861151595964568,1.0,-0.0025137544857759407,-0.056544557019696066,0.008709385049436838,0.8162416589242263,-0.0042493839657625,1.0,1.0,-0.10876487679626276,-0.2534397814795543,1.0,0.13673594421753205,1.0,-0.2443545763477994,1.0,-0.036732952831792384,0.005761531833560238,-0.04314647471060189,0.1375173834129979,0.11718604355219234,-0.9736027364885587,1.0,0.053373727936301185,1.0,1.0,-0.09134846664313583,-0.1062813027324451,1.0,1.0,0.12205598888745056,0.25359018325397326,0.17646686270576492,0.12575801217621446,0.1722498620754868,0.16666605678758878,0.11949323212356747,0.8162416589242263,0.9998676111299506,1.0,0.8162416589242263,0.09171347942233256,0.1385706579985287,-0.10990624785399787,0.07950300954617058,0.10977412207539503,1.0,0.03712437869653792,0.11006878488331456,0.14627146173606997,1.0,0.8162416589242263,0.9998676111299506,-0.05766361423223464,-0.1316082108454076,1.0,1.0,-0.1862219772039931,0.010944198656912643,-0.20305917979626326
T_Amp_V2_iqr,0.3296241174553976,0.4798525070438539,0.12886205978284354,0.07212017641265367,0.07757409236637731,0.3802098366164106,0.10043427004334168,0.32426885627169016,0.10043427004334168,0.11918652104069527,-0.027537369255839828,-0.013138120178998776,0.08889829590598936,0.10030464301615434,-0.012118384388159337,0.04998591682843089,0.16864212181030488,0.08889829590598936,0.10043427004334168,-0.020647546958764144,0.10030464301615434,0.09625288539101094,0.026533909864876398,0.01565998774699282,0.10043427004334168,1.0,0.3967077270316991,0.061920815116506406,-0.024592176890696704,0.10030464301615434,-0.03120442304472793,0.318351755063635,0.10043427004334168,0.0031859430044615155,0.10030464301615434,0.000135762299761917,0.10043427004334168,0.10043427004334168,0.43195563806049486,0.10030464301615434,0.03227497416200321,0.08889829590598936,0.10043427004334168,-0.006484663053132296,-0.04034619082869847,0.10043427004334168,0.3467146046189984,0.6231429417945572,0.10030464301615434,0.4191508804046602,0.015918914788512647,0.4722883371364832,0.39311204432245234,0.08889829590598936,-0.005423786122755601,0.10043427004334168,0.052917510494288146,0.43732882172931276,0.10043427004334168,0.25988398373595895,-0.0024107080425841755,0.004079592779655448,0.09994221832458659,0.10043427004334168,0.008159833713738964,0.08889829590598936,0.2514807532692363,0.10030464301615434,0.13060111040394126,0.017867811953444945,0.600100964204897,-0.0916449133310497,0.039877466489187274,0.06483816820673352,0.01858860273411639,0.4196417739873405,0.0510817154578444,0.04025906072333823,0.40492233066514166,0.10043427004334168,0.4610922286128174,0.34708637618294247,0.08889829590598936,-0.03685526315012606,0.07617455021555695,0.35670894509221124,0.08889829590598936,0.36481438962975854,0.33994696074109,0.13236556491814333,0.08889829590598936,0.3145211904643958,0.16922731101592597,0.37284607790042473,0.4562083285322061,0.4202977230218611,0.10043427004334168,0.10043427004334168,0.4035498665137748,-0.03886427633591878,0.10043427004334168,-0.03003592101983991,-0.017338616361659714,-0.025032458066620532,0.08889829590598936,-0.025703160857653475,0.10043427004334168,0.10043427004334168,0.050006878805439546,0.01407490028027639,0.10043427004334168,0.37489123961273946,0.10043427004334168,0.008061926242654678,0.10043427004334168,0.03240398227788802,-0.006049279518020765,-0.0639794716663517,0.5223059761947282,0.28936166164761723,-0.10231966559993934,0.10043427004334168,0.04323534051630715,0.10043427004334168,0.10043427004334168,0.0899186254432998,0.02229661684736161,0.10043427004334168,0.10043427004334168,0.36628125972565617,-0.017239080924776627,0.21462221166258272,0.36421457885757674,0.3841298830404005,0.10728701972855655,0.3750163652418787,0.08889829590598936,0.10030464301615434,0.10043427004334168,0.08889829590598936,0.1405164474466514,0.5516155689516415,-0.00659455262184587,0.05314157104030253,0.514353573887531,0.10043427004334168,-0.024820689570268124,0.43673053325632843,0.046931412606460096,0.10043427004334168,0.08889829590598936,0.10030464301615434,-0.02196739170928826,0.0703260885867401,0.10043427004334168,0.10043427004334168,0.03555123876657312,0.04614170526445093,0.1391322995168752
T_Amp_II_iqr,0.44727219449767674,0.47398001576241217,0.1969014719639267,0.17808901806230243,0.035506274769005856,0.2758732725827125,0.11827861546595629,0.27977009804472697,0.11827861546595629,0.1795553484693465,0.024052924501683216,-0.04138764333810724,0.10952876817120823,0.11817365677665256,0.014065195904512594,0.1209192502204548,0.0025550646714204315,0.10952876817120823,0.11827861546595629,-0.020584130539004142,0.11817365677665256,0.03849835821040111,0.028807318814357313,0.023905896130521936,0.11827861546595629,0.3967077270316991,1.0,0.11868569924784604,-0.009166618307325389,0.11817365677665256,-0.023020436419617433,0.25224813007985786,0.11827861546595629,0.04837929953926579,0.11817365677665256,-0.014393866365108077,0.11827861546595629,0.11827861546595629,0.4668936805067753,0.11817365677665256,0.022374265087937988,0.10952876817120823,0.11827861546595629,-0.024474831945484343,-0.0018751146156395135,0.11827861546595629,0.5520679486858675,0.43837805576808037,0.11817365677665256,0.4683904334148486,0.05644207223640799,0.4712892273396258,0.5582286120803351,0.10952876817120823,0.008134271869478928,0.11827861546595629,0.0439207952181972,0.4175527725825579,0.11827861546595629,0.29936683905502615,0.03446152653204304,0.02607929831773675,0.11593680007005651,0.11827861546595629,0.02391447328859845,0.10952876817120823,0.284744828385108,0.11817365677665256,0.1725505030730695,0.050828096387857846,0.3763682439309499,-0.02922669140098713,0.030530268659566824,0.1955755148812836,0.03029574203116772,0.7864794523096998,0.05366771044061524,0.019256670574928258,0.423737212446678,0.11827861546595629,0.4915564960843783,0.6009723344340706,0.10952876817120823,-0.03332471064755787,0.04960446172557538,0.35402686132489947,0.10952876817120823,0.5082404265155287,0.47157183886607973,0.012101376859217807,0.10952876817120823,0.47006771239821366,-0.019944665006957147,0.6353386008408385,0.43980487724011513,0.3841316425741768,0.11827861546595629,0.11827861546595629,0.6375951732220763,-0.0738917246023989,0.11827861546595629,-0.03897115032086249,-0.038455410609625845,0.0065206951532388625,0.10952876817120823,-0.0367032376496428,0.11827861546595629,0.11827861546595629,-0.027943983062246283,0.037282732673028764,0.11827861546595629,0.7137300322847726,0.11827861546595629,-0.002737768252218421,0.11827861546595629,0.024832269784874548,0.004946818600296295,0.013819591191113664,0.24907220872284816,0.3697712806984622,-0.11665053594349266,0.11827861546595629,0.035143692377200206,0.11827861546595629,0.11827861546595629,0.037468296077959706,-0.030628886686853814,0.11827861546595629,0.11827861546595629,0.6367125824352075,-0.025598635861863818,0.19377672722497463,0.5455225268034328,0.28434095916856317,0.13449336636654324,0.7159971679964611,0.10952876817120823,0.11817365677665256,0.11827861546595629,0.10952876817120823,0.14440958222251493,0.45277990007162067,-0.0068250444130948445,0.08914795992309707,0.4661782855243242,0.11827861546595629,0.029302734349001703,0.48971577112890413,-0.03432493625367676,0.11827861546595629,0.10952876817120823,0.11817365677665256,-0.008242202425483292,0.04147066128429082,0.11827861546595629,0.11827861546595629,0.029332772874188267,0.0660706543528687,0.06391146321875038
ST_Elev_III_iqr,0.0875353912008643,0.06851697185983836,0.165706724059887,0.43674365102924906,-0.15904305007368263,0.06118713974895009,0.04290128049362426,0.0659303935028028,0.04290128049362426,0.17181903057868736,0.04989754643019535,-0.049187227836731164,0.04290128049362426,0.04290128049362426,0.04768003246472625,0.18828249383257784,-0.11209786475675504,0.04290128049362426,0.04290128049362426,-0.01297388812589355,0.04290128049362426,-0.0937706188008343,0.015407223310052552,-0.037465404291989635,0.04290128049362426,0.061920815116506406,0.11868569924784604,1.0,0.00502507440475643,0.04290128049362426,0.10122024381012153,0.06578216825082554,0.04290128049362426,0.026216709424868305,0.04290128049362426,0.028297322463354514,0.04290128049362426,0.04290128049362426,0.04984564977619771,0.04290128049362426,-0.0901325677959172,0.04290128049362426,0.04290128049362426,0.006910837155417512,0.02539010557102484,0.04290128049362426,0.09019270663142924,0.06092790790357096,0.04290128049362426,0.047366591359447006,0.2219248286223797,0.07721688979287819,0.13881018809117546,0.04290128049362426,-0.008502261400643816,0.04290128049362426,-0.164345078246099,0.054830739636279775,0.04290128049362426,0.11562105380486899,-0.00017797978750011594,0.059511650978498316,0.038558548829698246,0.04290128049362426,0.02482434273586165,0.04290128049362426,0.07928355021409955,0.04290128049362426,0.148073701323822,0.010963276820997323,0.08398942012198424,-0.0191132425621518,-0.009932919114790786,0.23657971710405185,-0.06945813257806961,0.14040061596527736,-0.0018705472737641211,-0.05184046189583264,0.0649789150476986,0.04290128049362426,0.0667947509879009,0.10662771582553181,0.04290128049362426,-0.04154074779210782,-0.19179542217882467,0.04620691427517493,0.04290128049362426,0.1057187850276798,0.11079170945248033,-0.11947037278318028,0.04290128049362426,0.12457722928045536,-0.09996915212010124,0.11077679147543865,0.0721158282288147,0.0663704287645311,0.04290128049362426,0.04290128049362426,0.1538969840838961,-0.02662708189082018,0.04290128049362426,-0.05688736947550108,0.0013931072811438653,0.010910839423949353,0.04290128049362426,-0.022642690071834604,0.04290128049362426,0.04290128049362426,0.029041079769559452,-0.03317204178874837,0.04290128049362426,0.10309155143714989,0.04290128049362426,-0.049187457434098115,0.04290128049362426,0.0010256524029721016,0.029712290365479635,0.05430373498064728,0.04219042367147883,0.12666851606570942,-0.0483456571974253,0.04290128049362426,-0.02596122255209225,0.04290128049362426,0.04290128049362426,0.015949646852921297,0.021362270078852243,0.04290128049362426,0.04290128049362426,0.12119536618379824,0.04905155389814571,0.17528184091716423,0.13175567119565715,0.044407723370768974,0.14990252756548164,0.11947586325845977,0.04290128049362426,0.04290128049362426,0.04290128049362426,0.04290128049362426,0.18243157755448006,0.07157461119020575,0.03898182586478249,0.38523054679149366,0.0759987373128164,0.04290128049362426,0.02222792952671746,0.0654984073846635,-0.03332559083014186,0.04290128049362426,0.04290128049362426,0.04290128049362426,0.039146505472386406,-0.08486873917839367,0.04290128049362426,0.04290128049362426,-0.06853318094624279,0.05279370518916946,0.08920954039548483
R_Amp_aVR,0.012287481741734317,-0.009965673211821504,0.0899832046020959,0.073198730099843,-0.014158087141806865,-0.08167262896851177,0.10091886512501962,-0.12038469980450378,0.10091886512501962,0.08636903854974823,0.4160192149824018,0.2109163275571268,0.08407429946472755,0.10081553735721455,0.2481521154864338,0.20397556953232318,-0.055393952778679055,0.08407429946472755,0.10091886512501962,-0.32948855404046157,0.10081553735721455,-0.01844153845798114,-0.16415868367575173,0.045018407178033924,0.10091886512501962,-0.024592176890696704,-0.009166618307325389,0.00502507440475643,1.0,0.10081553735721455,0.10738999670696646,-0.1355150136275738,0.10091886512501962,0.37400631148287544,0.10081553735721455,-0.1319458706225148,0.10091886512501962,0.10091886512501962,0.01902918519206801,0.10081553735721455,0.11245338632301874,0.08407429946472755,0.10091886512501962,-0.18131657927599337,-0.24584439982550774,0.10091886512501962,-0.0866120716668926,0.021758903289459817,0.10081553735721455,0.013224853111381364,0.1787803460497318,0.0009501677049680981,-0.03202314302891667,0.08407429946472755,-0.02063912925040892,0.10091886512501962,0.09875049375974908,-0.036066743325915515,0.10091886512501962,-0.20713134926884325,0.01704745482558342,0.4001147702112764,0.1005132577182074,0.10091886512501962,0.377607675396251,0.08407429946472755,-0.2141579824144322,0.10081553735721455,0.11017398155369719,-0.18988275338004426,-0.03559157187074645,-0.07141554523214577,-0.7343903468491079,0.14985120888898104,0.09047380843400728,-0.026940332539559606,0.3013690768369274,-0.12885336556820515,0.0507841707359269,0.10091886512501962,-0.009125668781557256,-0.09993135891478279,0.08407429946472755,0.008229808179885882,0.04881903159391942,-0.08050056051389272,0.08407429946472755,-0.022698264909901962,-0.012773053476186442,-0.01244235539385278,0.08407429946472755,-0.1755279573667538,-0.12556096769098152,0.03167251913118735,0.006305318347621367,0.011322630825503815,0.10091886512501962,0.10091886512501962,-0.02974821354998162,-0.13713593693430395,0.10091886512501962,-0.430799362323765,-0.6347854625175237,0.20304025959752287,0.08407429946472755,-0.14434968673246565,0.10091886512501962,0.10091886512501962,-0.5578345083886976,0.03558370873942075,0.10091886512501962,0.04900414359961595,0.10091886512501962,0.05270697328469964,0.10091886512501962,-0.416347784234281,0.14085836867007448,0.06753806036250623,-0.013965449263566092,-0.19164216504662965,-0.10234445439491906,0.10091886512501962,0.06742934149433996,0.10091886512501962,0.10091886512501962,-0.631220358004607,-0.4382530179602687,0.10091886512501962,0.10091886512501962,-0.0037771839511329974,-0.06037888031763564,0.14090269033873207,-0.05172661969279618,-0.03889458311117473,0.1250538482625524,-0.006160713129200911,0.08407429946472755,0.10081553735721455,0.10091886512501962,0.08407429946472755,0.05585490181812667,-0.0137656621013078,-0.06854929342770283,0.07597112182625483,-0.02223598201453932,0.10091886512501962,0.343306395060512,-0.004981817429754971,-0.04752158838036445,0.10091886512501962,0.08407429946472755,0.10081553735721455,0.09925248586530341,-0.019583744308467547,0.10091886512501962,0.10091886512501962,0.10753940969240675,0.07607118085155781,-0.0183858186843826
R_Amp_V5_count,0.12995257293939316,0.11464232648521333,0.192292052712731,0.0704557606189327,-0.09746632767644207,0.10555542992347802,0.9998676111299506,0.15232291908546677,0.9998676111299506,0.19474405859149949,-0.004222352985228691,-0.1011709004149248,0.8163531926373286,1.0,-0.04200117770925004,0.15288267260892408,0.012684863242225114,0.8163531926373286,0.9998676111299506,-0.053650988638020786,1.0,-0.09618773336230006,-0.012004294957706631,-0.24960516438267727,0.9998676111299506,0.10030464301615434,0.11817365677665256,0.04290128049362426,0.10081553735721455,1.0,0.2762890602566783,0.13788145781552436,0.9998676111299506,0.04390776387885272,1.0,-0.10183191218901336,0.9998676111299506,0.9998676111299506,0.13361466488107532,1.0,-0.06304440170218713,0.8163531926373286,0.9998676111299506,-0.031085221406883867,-0.08676065309769959,0.9998676111299506,0.1400408067939236,0.11140561759569731,1.0,0.12276782954419246,0.11653202802305034,0.13169457829721334,0.10021149809123296,0.8163531926373286,-0.25358245463854895,0.9998676111299506,0.0889269581114625,0.12013361978716819,0.9998676111299506,0.09319663478239738,-0.011132763340674146,-0.033277585539769,0.995192226949599,0.9998676111299506,0.04615314341494943,0.8163531926373286,0.09536201495747987,1.0,0.18967196074544482,0.07454639863890686,0.13072523989833248,-0.2837381488125199,-0.06842690697462828,0.10613053885538631,-0.25876511676569974,0.12036654521754395,0.054658471800831936,-0.14357626380090682,0.13194289943624904,0.9998676111299506,0.12553818366169545,0.16562314790436738,0.8163531926373286,-0.2804065569668011,-0.01725491297171733,0.1471435074965606,0.8163531926373286,0.1195054168684212,0.10756563562690405,-0.045067337047620566,0.8163531926373286,0.12995507016431854,0.037795712380987584,0.1456097058935201,0.10066970715967344,0.14976241733290743,0.9998676111299506,0.9998676111299506,0.11472823453191673,-0.11861151595964568,0.9998676111299506,-0.0025846752624133144,-0.056472530252374774,0.008576879964916427,0.8163531926373286,-0.004209413415419973,0.9998676111299506,0.9998676111299506,-0.10876487679626276,-0.2534397814795543,0.9998676111299506,0.1366471823451923,0.9998676111299506,-0.2443545763477994,0.9998676111299506,-0.03671483041614583,0.005777190525293817,-0.043245395202741385,0.13738256156288547,0.11715824150423394,-0.9734757973359599,0.9998676111299506,0.05344532926121231,0.9998676111299506,0.9998676111299506,-0.09134846664313583,-0.1062813027324451,0.9998676111299506,0.9998676111299506,0.12200380699642198,0.25359018325397326,0.17646686270576492,0.12572992577287453,0.172070680222411,0.16666605678758878,0.11939501204245645,0.8163531926373286,1.0,0.9998676111299506,0.8163531926373286,0.09171347942233256,0.13837385805479416,-0.10990624785399787,0.07950300954617058,0.10965519731757603,0.9998676111299506,0.03712437869653792,0.11006878488331456,0.14637324782545533,0.9998676111299506,0.8163531926373286,1.0,-0.057610194010571915,-0.1316082108454076,0.9998676111299506,0.9998676111299506,-0.1862219772039931,0.01078217797580747,-0.203151124065728
T_Amp_aVR,0.01684041632728816,0.017666528255989675,0.3142759348737035,0.31849872766720894,-0.7276742262147256,0.033023876995166825,0.27619701014574816,0.08695327113744852,0.27619701014574816,0.44194025336563514,-0.18049783606028433,0.2529940744318474,0.2288153921112465,0.2762890602566783,0.1557556054369087,0.6132366829486587,-0.29007106706807906,0.2288153921112465,0.27619701014574816,-0.20485524305201908,0.2762890602566783,-0.7183740606128531,-0.20819981543114063,-0.4918466760888558,0.27619701014574816,-0.03120442304472793,-0.023020436419617433,0.10122024381012153,0.10738999670696646,0.2762890602566783,1.0,0.07831570580058332,0.27619701014574816,0.3694035121589641,0.2762890602566783,-0.448896376771311,0.27619701014574816,0.27619701014574816,0.010620438279608024,0.2762890602566783,0.06438628624853851,0.2288153921112465,0.27619701014574816,-0.10774883936447154,-0.1780462520709931,0.27619701014574816,-0.007477363798187423,0.03278243648254668,0.2762890602566783,0.007656990321451214,0.48551519668084303,-0.0017846085574634205,-0.02262716686567599,0.2288153921112465,-0.48511815573652173,0.27619701014574816,0.003976307915497715,0.03069013372054291,0.27619701014574816,0.026015903975732387,-0.022508529236695208,0.25960060251320666,0.2739079939322083,0.27619701014574816,0.36324117650224447,0.2288153921112465,0.029099959630670056,0.2762890602566783,0.49839230499789916,-0.046636280756913215,0.019044736887743323,-0.0662088591668754,-0.1806416198072815,0.5344662396654749,-0.43914995088924735,-0.042168568504361584,0.2716500237965856,-0.7429219555465475,0.03839228370382626,0.27619701014574816,0.01356727800225806,0.014625955836859732,0.2288153921112465,-0.1104482434088973,-0.4371461259593558,0.05347065726265275,0.2288153921112465,-0.017442223852532652,0.030960360753706923,-0.5254865782699161,0.2288153921112465,0.0027843890666720277,-0.11588625443283762,0.00808004849927528,0.038029359696080414,0.04526827054101551,0.27619701014574816,0.27619701014574816,-0.030683772071941093,0.18996465680114236,0.27619701014574816,-0.35045706619916606,0.08857514551894845,0.10577435023807197,0.2288153921112465,0.1887430449922596,0.27619701014574816,0.27619701014574816,-0.06572361947898496,-0.5419788955470973,0.27619701014574816,-0.010967356050175873,0.27619701014574816,-0.27506852950182464,0.27619701014574816,-0.1938697190606272,0.09739193036518917,-0.10939310307228771,0.058561864837892476,0.012250894920555547,-0.2828677218999347,0.27619701014574816,0.0535083899632931,0.27619701014574816,0.27619701014574816,-0.06437492471124458,-0.14324967196123778,0.27619701014574816,0.27619701014574816,-0.015504574252320538,0.5084360599576045,0.19519816532918596,-0.008562562550527347,0.11199299407715523,0.49242398025883616,0.019913221185898285,0.2288153921112465,0.2762890602566783,0.27619701014574816,0.2288153921112465,0.0340120423256684,0.013040223753366926,-0.34241047440407035,0.21924649141919877,0.0024739421601033223,0.27619701014574816,0.32627919024464297,0.001412773011183709,0.43115838442524296,0.27619701014574816,0.2288153921112465,0.2762890602566783,0.06452022779726177,-0.7532217613813409,0.27619701014574816,0.27619701014574816,-0.24427302468358225,0.1761011658666253,-0.10805708842018194
R_Amp_V4_iqr,0.22661783663227592,0.5096404440843358,0.11539824318575176,0.09151861395138594,-0.031088564701495725,0.278233247595105,0.13788145781552436,0.5155197438936429,0.13788145781552436,0.18173397333804456,-0.09285764102819753,-0.018190503394398327,0.1210744951019413,0.13788145781552436,0.04233407375730931,0.07820955753770524,0.06467211097158536,0.1210744951019413,0.13788145781552436,0.0012811170396509698,0.13788145781552436,-0.026794797382046882,-0.07295348122990095,-0.07708485525063977,0.13788145781552436,0.318351755063635,0.25224813007985786,0.06578216825082554,-0.1355150136275738,0.13788145781552436,0.07831570580058332,1.0,0.13788145781552436,-0.04966265618574451,0.13788145781552436,-0.04295937976498581,0.13788145781552436,0.13788145781552436,0.34165069848271856,0.13788145781552436,0.022068234567915512,0.1210744951019413,0.13788145781552436,-0.017641861871195968,0.031183051005262852,0.13788145781552436,0.26604071630341647,0.30136950229504256,0.13788145781552436,0.31333433552248285,0.0521100435008199,0.2979788292549189,0.2528169547381572,0.1210744951019413,-0.08661451912227155,0.13788145781552436,0.024474513030550107,0.3496515306009363,0.13788145781552436,0.2841839900769811,-0.05290639225928322,0.01655675952785474,0.13815174122264773,0.13788145781552436,-0.02748762735705538,0.1210744951019413,0.28312043572150286,0.13788145781552436,0.14303625003207743,0.03897093893457497,0.32003149135455056,-0.05582515392502223,0.05431162937280053,0.09242948057780315,-0.061791620929419006,0.26508932118477685,-0.011574554182732918,-0.054756585341127886,0.41906158044070413,0.13788145781552436,0.3679773752931926,0.29513516250490424,0.1210744951019413,-0.05303974143077939,-0.012043162954620143,0.39249321361072914,0.1210744951019413,0.2477269080999787,0.22530644534952193,0.015964349688660028,0.1210744951019413,0.2946958423367752,0.07249445747388461,0.2417609587909054,0.2796665438468968,0.3394033772848228,0.13788145781552436,0.13788145781552436,0.2616323532118179,0.018910194254653956,0.13788145781552436,-0.011682736654428455,0.1427927857112156,-0.0999563917910818,0.1210744951019413,0.11219824575536293,0.13788145781552436,0.13788145781552436,0.20414499192187044,-0.07245043924204256,0.13788145781552436,0.24953893985243664,0.13788145781552436,-0.06931712759944288,0.13788145781552436,-0.022963132761942458,-0.041705337990338404,-0.01175150989374518,0.30214186434798124,0.28902043040712244,-0.13683558058829604,0.13788145781552436,-0.03973786770093861,0.13788145781552436,0.13788145781552436,0.18374245281903226,0.1970325648110449,0.13788145781552436,0.13788145781552436,0.26781098438777406,0.07317223326555394,0.09997694464367067,0.2592412810724052,0.4189785460291687,0.12348144079127077,0.24654326652641192,0.1210744951019413,0.13788145781552436,0.13788145781552436,0.1210744951019413,0.08763349119848252,0.3644996553956539,-0.06964347830849793,0.04757230124750348,0.2959631996063212,0.13788145781552436,-0.11739731258336514,0.32014228034360365,0.07893224257905997,0.13788145781552436,0.1210744951019413,0.13788145781552436,0.05563391030506421,-0.04731898622852398,0.13788145781552436,0.13788145781552436,-0.016876295162667823,0.06457909771934604,0.07931332276256858
T_Amp_V1_count,0.13001534003225348,0.11464232648521333,0.192292052712731,0.0704557606189327,-0.09738955887776468,0.10562471071978288,1.0,0.15232291908546677,1.0,0.19474405859149949,-0.004079108389680102,-0.1010795432733466,0.8162416589242263,0.9998676111299506,-0.042044025894865514,0.15288267260892408,0.012514740503856344,0.8162416589242263,1.0,-0.0536195047768743,0.9998676111299506,-0.09618773336230006,-0.01195991408952987,-0.24960516438267727,1.0,0.10043427004334168,0.11827861546595629,0.04290128049362426,0.10091886512501962,0.9998676111299506,0.27619701014574816,0.13788145781552436,1.0,0.04390776387885272,0.9998676111299506,-0.10172218032146402,1.0,1.0,0.13361466488107532,0.9998676111299506,-0.06304440170218713,0.8162416589242263,1.0,-0.031081310772127984,-0.0867220624473799,1.0,0.14007670350736617,0.11152108086813146,0.9998676111299506,0.12276782954419246,0.11653202802305034,0.1318071923898046,0.10032491700053033,0.8162416589242263,-0.25358245463854895,1.0,0.08884407449836429,0.12029666621863966,1.0,0.09316818293243911,-0.011145375161925238,-0.03330246363179656,0.9953264315900904,1.0,0.04615314341494943,0.8162416589242263,0.09520697281080748,0.9998676111299506,0.18967196074544482,0.0746269831584526,0.1307988459011755,-0.2837381488125199,-0.06850770861792824,0.10613053885538631,-0.25876511676569974,0.12040067249825367,0.054599404862743776,-0.1434550464453895,0.13194289943624904,1.0,0.12553818366169545,0.16571761536067905,0.8162416589242263,-0.2804065569668011,-0.01720161256557165,0.1471435074965606,0.8162416589242263,0.11960854425673513,0.10760311816772491,-0.045067337047620566,0.8162416589242263,0.1298133598312867,0.03776410377000593,0.14568305357028172,0.10079178640760923,0.14991578310400233,1.0,1.0,0.11477411181962201,-0.11861151595964568,1.0,-0.0025137544857759407,-0.056544557019696066,0.008709385049436838,0.8162416589242263,-0.0042493839657625,1.0,1.0,-0.10876487679626276,-0.2534397814795543,1.0,0.13673594421753205,1.0,-0.2443545763477994,1.0,-0.036732952831792384,0.005761531833560238,-0.04314647471060189,0.1375173834129979,0.11718604355219234,-0.9736027364885587,1.0,0.053373727936301185,1.0,1.0,-0.09134846664313583,-0.1062813027324451,1.0,1.0,0.12205598888745056,0.25359018325397326,0.17646686270576492,0.12575801217621446,0.1722498620754868,0.16666605678758878,0.11949323212356747,0.8162416589242263,0.9998676111299506,1.0,0.8162416589242263,0.09171347942233256,0.1385706579985287,-0.10990624785399787,0.07950300954617058,0.10977412207539503,1.0,0.03712437869653792,0.11006878488331456,0.14627146173606997,1.0,0.8162416589242263,0.9998676111299506,-0.05766361423223464,-0.1316082108454076,1.0,1.0,-0.1862219772039931,0.010944198656912643,-0.20305917979626326
Q_Amp_V5,0.07430995808393141,0.056848462671180156,0.23974701745499852,0.192460362338424,-0.26941786807829426,0.0007952655410198039,0.04390776387885272,-0.002680556685566203,0.04390776387885272,0.2997059009433492,0.07875197593227098,0.3239624487296281,0.03848718069496327,0.04390776387885272,0.4059785353008454,0.2835220777176231,-0.23314632132337232,0.03848718069496327,0.04390776387885272,-0.40320744973600076,0.04390776387885272,-0.32332741134573867,-0.3395252853657574,-0.17102036974827756,0.04390776387885272,0.0031859430044615155,0.04837929953926579,0.026216709424868305,0.37400631148287544,0.04390776387885272,0.3694035121589641,-0.04966265618574451,0.04390776387885272,1.0,0.04390776387885272,-0.24003541759394267,0.04390776387885272,0.04390776387885272,0.11846966837722486,0.04390776387885272,0.16549916041992785,0.03848718069496327,0.04390776387885272,-0.1405113598227004,-0.2836605892222876,0.04390776387885272,0.015291184733735716,0.08570964256018883,0.04390776387885272,0.09358845782282743,0.19924282658763612,0.05680893909538522,0.03979680540730693,0.03848718069496327,-0.2536016411848972,0.04390776387885272,0.043990409174066304,0.03922838406334333,0.04390776387885272,-0.01586927983474195,0.013821384520547347,0.5925888031510667,0.04343027526249424,0.04390776387885272,0.8086856187691907,0.03848718069496327,-0.014137486302091619,0.04390776387885272,0.2939582988404948,-0.0770095016510696,0.030488707309206886,-0.03278816757032663,-0.4669478731973815,0.27623927981078505,-0.10649304591700454,0.02919271012384849,0.3692875874701562,-0.3277051309268589,0.12764697576235748,0.04390776387885272,0.07328908238590158,0.0013874107208261103,0.03848718069496327,-0.023783218597022246,-0.13987264395954244,0.053839256619913047,0.03848718069496327,0.031541126687847275,0.06818362676416911,-0.30143871290714125,0.03848718069496327,-0.02469028255462288,-0.15891922370640313,0.07835992842065877,0.0854033560270456,0.0684155062152747,0.04390776387885272,0.04390776387885272,0.03586205541988938,0.0329086886655712,0.04390776387885272,-0.6642548033619191,-0.04643843355784583,0.20646066463289436,0.03848718069496327,0.21530569808438918,0.04390776387885272,0.04390776387885272,-0.5058697618857434,-0.18997067552676133,0.04390776387885272,0.0825981063310152,0.04390776387885272,-0.0824752504915207,0.04390776387885272,-0.41451845998582615,0.22772027057594307,-0.0528486817421407,0.040411011411682934,-0.028664800105700366,-0.04963777809695077,0.04390776387885272,-0.0199160671850784,0.04390776387885272,0.04390776387885272,-0.40417593340001884,-0.49645337664085093,0.04390776387885272,0.04390776387885272,0.06710339296805724,0.20113505729819386,0.1810147789438109,0.03177902138185463,0.0426681017586901,0.2711502080038496,0.05800866911157826,0.03848718069496327,0.04390776387885272,0.04390776387885272,0.03848718069496327,0.03722578484322673,0.04510657825079193,-0.26516141472872007,0.05032892364136163,0.043613739958806026,0.04390776387885272,0.6903621274837264,0.07828056543739248,0.11100877398028614,0.04390776387885272,0.03848718069496327,0.04390776387885272,0.22691086399118482,-0.3279238943551435,0.04390776387885272,0.04390776387885272,0.013007199943893648,0.16038935235916443,-0.012125510543588479
T_Amp_V6_count,0.12995257293939316,0.11464232648521333,0.192292052712731,0.0704557606189327,-0.09746632767644207,0.10555542992347802,0.9998676111299506,0.15232291908546677,0.9998676111299506,0.19474405859149949,-0.004222352985228691,-0.1011709004149248,0.8163531926373286,1.0,-0.04200117770925004,0.15288267260892408,0.012684863242225114,0.8163531926373286,0.9998676111299506,-0.053650988638020786,1.0,-0.09618773336230006,-0.012004294957706631,-0.24960516438267727,0.9998676111299506,0.10030464301615434,0.11817365677665256,0.04290128049362426,0.10081553735721455,1.0,0.2762890602566783,0.13788145781552436,0.9998676111299506,0.04390776387885272,1.0,-0.10183191218901336,0.9998676111299506,0.9998676111299506,0.13361466488107532,1.0,-0.06304440170218713,0.8163531926373286,0.9998676111299506,-0.031085221406883867,-0.08676065309769959,0.9998676111299506,0.1400408067939236,0.11140561759569731,1.0,0.12276782954419246,0.11653202802305034,0.13169457829721334,0.10021149809123296,0.8163531926373286,-0.25358245463854895,0.9998676111299506,0.0889269581114625,0.12013361978716819,0.9998676111299506,0.09319663478239738,-0.011132763340674146,-0.033277585539769,0.995192226949599,0.9998676111299506,0.04615314341494943,0.8163531926373286,0.09536201495747987,1.0,0.18967196074544482,0.07454639863890686,0.13072523989833248,-0.2837381488125199,-0.06842690697462828,0.10613053885538631,-0.25876511676569974,0.12036654521754395,0.054658471800831936,-0.14357626380090682,0.13194289943624904,0.9998676111299506,0.12553818366169545,0.16562314790436738,0.8163531926373286,-0.2804065569668011,-0.01725491297171733,0.1471435074965606,0.8163531926373286,0.1195054168684212,0.10756563562690405,-0.045067337047620566,0.8163531926373286,0.12995507016431854,0.037795712380987584,0.1456097058935201,0.10066970715967344,0.14976241733290743,0.9998676111299506,0.9998676111299506,0.11472823453191673,-0.11861151595964568,0.9998676111299506,-0.0025846752624133144,-0.056472530252374774,0.008576879964916427,0.8163531926373286,-0.004209413415419973,0.9998676111299506,0.9998676111299506,-0.10876487679626276,-0.2534397814795543,0.9998676111299506,0.1366471823451923,0.9998676111299506,-0.2443545763477994,0.9998676111299506,-0.03671483041614583,0.005777190525293817,-0.043245395202741385,0.13738256156288547,0.11715824150423394,-0.9734757973359599,0.9998676111299506,0.05344532926121231,0.9998676111299506,0.9998676111299506,-0.09134846664313583,-0.1062813027324451,0.9998676111299506,0.9998676111299506,0.12200380699642198,0.25359018325397326,0.17646686270576492,0.12572992577287453,0.172070680222411,0.16666605678758878,0.11939501204245645,0.8163531926373286,1.0,0.9998676111299506,0.8163531926373286,0.09171347942233256,0.13837385805479416,-0.10990624785399787,0.07950300954617058,0.10965519731757603,0.9998676111299506,0.03712437869653792,0.11006878488331456,0.14637324782545533,0.9998676111299506,0.8163531926373286,1.0,-0.057610194010571915,-0.1316082108454076,0.9998676111299506,0.9998676111299506,-0.1862219772039931,0.01078217797580747,-0.203151124065728
T_Amp_aVL,-0.03739512860366762,-0.03287206653142204,-0.1131124711816459,0.026161422161796382,0.1609986301185594,-0.05630172691993605,-0.10172218032146402,-0.048063877489753576,-0.10172218032146402,-0.17283976272520332,0.20444050964958543,-0.18781794986966177,-0.10028617807636117,-0.10183191218901336,-0.14145254415780611,-0.2836628174126913,0.15817043882775586,-0.10028617807636117,-0.10172218032146402,0.14570508430718102,-0.10183191218901336,0.3942957505773177,0.21936363380243062,0.19437929189658304,-0.10172218032146402,0.000135762299761917,-0.014393866365108077,0.028297322463354514,-0.1319458706225148,-0.10183191218901336,-0.448896376771311,-0.04295937976498581,-0.10172218032146402,-0.24003541759394267,-0.10183191218901336,1.0,-0.10172218032146402,-0.10172218032146402,-0.061574606556072914,-0.10183191218901336,-0.3510910165709254,-0.10028617807636117,-0.10172218032146402,0.12074152613713998,0.1838361649977211,-0.10172218032146402,-0.014288346624344849,-0.05702396941499943,-0.10183191218901336,-0.051210782508024855,-0.3494505497637881,-0.027536532725354557,-0.006978249071777493,-0.10028617807636117,0.32515255951840627,-0.10172218032146402,-0.6013095570523003,-0.04887277082283063,-0.10172218032146402,-0.001761520915488842,-0.04138187607683982,-0.20403194843508032,-0.0976442213636338,-0.10172218032146402,-0.25498204175594713,-0.10028617807636117,-0.0024241070058108392,-0.10183191218901336,-0.2146883395902514,0.012182476788036141,-0.027421400330167423,-0.08987390902400128,0.16910400626797004,-0.15748101512957516,0.08377988683300563,-0.005581225166989008,-0.23613119730451781,0.7315514754729453,-0.08351801935418257,-0.10172218032146402,-0.037367421897307615,-0.0306239682667094,-0.10028617807636117,-0.07777914847258503,-0.21069754343571664,-0.049619392444742,-0.10028617807636117,-0.025912576413203905,-0.029706068187631034,0.26824781975927575,-0.10028617807636117,0.0011205950468069737,0.13466793998015575,-0.03395635159688106,-0.04987439313719858,-0.0673589112250837,-0.10172218032146402,-0.10172218032146402,-0.016181065171676657,-0.22166179376393455,-0.10172218032146402,0.26108561214334536,0.006380423524252716,-0.09219302831527637,-0.10028617807636117,-0.15023194756016942,-0.10172218032146402,-0.10172218032146402,0.08735488108502006,0.23375353956246497,-0.10172218032146402,-0.03564124377132928,-0.10172218032146402,0.031528916142085105,-0.10172218032146402,0.21240870232376172,-0.0640457917818814,0.1165053316726294,-0.07043792974245487,-0.008349868315647681,0.10706968250181369,-0.10172218032146402,-0.07103858804323988,-0.10172218032146402,-0.10172218032146402,0.07468004269845405,0.1461453826825133,-0.10172218032146402,-0.10172218032146402,-0.03414552889515336,-0.2747898737290081,-0.09430606379940254,-0.03707348393093724,-0.10696962492099082,-0.20593455035818617,-0.028434695306035436,-0.10028617807636117,-0.10183191218901336,-0.10172218032146402,-0.10028617807636117,0.02823330989202941,-0.02479808752062363,0.31523941632219465,-0.27075930976018836,-0.0403416299480642,-0.10172218032146402,-0.2187896504408549,-0.032774394337009655,-0.3227758320323049,-0.10172218032146402,-0.10028617807636117,-0.10183191218901336,-0.06691700796885666,0.40923188532906374,-0.10172218032146402,-0.10172218032146402,-0.1344950908342451,-0.11512569796510061,0.08023043004081222
Q_Amp_I_count,0.13001534003225348,0.11464232648521333,0.192292052712731,0.0704557606189327,-0.09738955887776468,0.10562471071978288,1.0,0.15232291908546677,1.0,0.19474405859149949,-0.004079108389680102,-0.1010795432733466,0.8162416589242263,0.9998676111299506,-0.042044025894865514,0.15288267260892408,0.012514740503856344,0.8162416589242263,1.0,-0.0536195047768743,0.9998676111299506,-0.09618773336230006,-0.01195991408952987,-0.24960516438267727,1.0,0.10043427004334168,0.11827861546595629,0.04290128049362426,0.10091886512501962,0.9998676111299506,0.27619701014574816,0.13788145781552436,1.0,0.04390776387885272,0.9998676111299506,-0.10172218032146402,1.0,1.0,0.13361466488107532,0.9998676111299506,-0.06304440170218713,0.8162416589242263,1.0,-0.031081310772127984,-0.0867220624473799,1.0,0.14007670350736617,0.11152108086813146,0.9998676111299506,0.12276782954419246,0.11653202802305034,0.1318071923898046,0.10032491700053033,0.8162416589242263,-0.25358245463854895,1.0,0.08884407449836429,0.12029666621863966,1.0,0.09316818293243911,-0.011145375161925238,-0.03330246363179656,0.9953264315900904,1.0,0.04615314341494943,0.8162416589242263,0.09520697281080748,0.9998676111299506,0.18967196074544482,0.0746269831584526,0.1307988459011755,-0.2837381488125199,-0.06850770861792824,0.10613053885538631,-0.25876511676569974,0.12040067249825367,0.054599404862743776,-0.1434550464453895,0.13194289943624904,1.0,0.12553818366169545,0.16571761536067905,0.8162416589242263,-0.2804065569668011,-0.01720161256557165,0.1471435074965606,0.8162416589242263,0.11960854425673513,0.10760311816772491,-0.045067337047620566,0.8162416589242263,0.1298133598312867,0.03776410377000593,0.14568305357028172,0.10079178640760923,0.14991578310400233,1.0,1.0,0.11477411181962201,-0.11861151595964568,1.0,-0.0025137544857759407,-0.056544557019696066,0.008709385049436838,0.8162416589242263,-0.0042493839657625,1.0,1.0,-0.10876487679626276,-0.2534397814795543,1.0,0.13673594421753205,1.0,-0.2443545763477994,1.0,-0.036732952831792384,0.005761531833560238,-0.04314647471060189,0.1375173834129979,0.11718604355219234,-0.9736027364885587,1.0,0.053373727936301185,1.0,1.0,-0.09134846664313583,-0.1062813027324451,1.0,1.0,0.12205598888745056,0.25359018325397326,0.17646686270576492,0.12575801217621446,0.1722498620754868,0.16666605678758878,0.11949323212356747,0.8162416589242263,0.9998676111299506,1.0,0.8162416589242263,0.09171347942233256,0.1385706579985287,-0.10990624785399787,0.07950300954617058,0.10977412207539503,1.0,0.03712437869653792,0.11006878488331456,0.14627146173606997,1.0,0.8162416589242263,0.9998676111299506,-0.05766361423223464,-0.1316082108454076,1.0,1.0,-0.1862219772039931,0.010944198656912643,-0.20305917979626326
R_Amp_V1_count,0.13001534003225348,0.11464232648521333,0.192292052712731,0.0704557606189327,-0.09738955887776468,0.10562471071978288,1.0,0.15232291908546677,1.0,0.19474405859149949,-0.004079108389680102,-0.1010795432733466,0.8162416589242263,0.9998676111299506,-0.042044025894865514,0.15288267260892408,0.012514740503856344,0.8162416589242263,1.0,-0.0536195047768743,0.9998676111299506,-0.09618773336230006,-0.01195991408952987,-0.24960516438267727,1.0,0.10043427004334168,0.11827861546595629,0.04290128049362426,0.10091886512501962,0.9998676111299506,0.27619701014574816,0.13788145781552436,1.0,0.04390776387885272,0.9998676111299506,-0.10172218032146402,1.0,1.0,0.13361466488107532,0.9998676111299506,-0.06304440170218713,0.8162416589242263,1.0,-0.031081310772127984,-0.0867220624473799,1.0,0.14007670350736617,0.11152108086813146,0.9998676111299506,0.12276782954419246,0.11653202802305034,0.1318071923898046,0.10032491700053033,0.8162416589242263,-0.25358245463854895,1.0,0.08884407449836429,0.12029666621863966,1.0,0.09316818293243911,-0.011145375161925238,-0.03330246363179656,0.9953264315900904,1.0,0.04615314341494943,0.8162416589242263,0.09520697281080748,0.9998676111299506,0.18967196074544482,0.0746269831584526,0.1307988459011755,-0.2837381488125199,-0.06850770861792824,0.10613053885538631,-0.25876511676569974,0.12040067249825367,0.054599404862743776,-0.1434550464453895,0.13194289943624904,1.0,0.12553818366169545,0.16571761536067905,0.8162416589242263,-0.2804065569668011,-0.01720161256557165,0.1471435074965606,0.8162416589242263,0.11960854425673513,0.10760311816772491,-0.045067337047620566,0.8162416589242263,0.1298133598312867,0.03776410377000593,0.14568305357028172,0.10079178640760923,0.14991578310400233,1.0,1.0,0.11477411181962201,-0.11861151595964568,1.0,-0.0025137544857759407,-0.056544557019696066,0.008709385049436838,0.8162416589242263,-0.0042493839657625,1.0,1.0,-0.10876487679626276,-0.2534397814795543,1.0,0.13673594421753205,1.0,-0.2443545763477994,1.0,-0.036732952831792384,0.005761531833560238,-0.04314647471060189,0.1375173834129979,0.11718604355219234,-0.9736027364885587,1.0,0.053373727936301185,1.0,1.0,-0.09134846664313583,-0.1062813027324451,1.0,1.0,0.12205598888745056,0.25359018325397326,0.17646686270576492,0.12575801217621446,0.1722498620754868,0.16666605678758878,0.11949323212356747,0.8162416589242263,0.9998676111299506,1.0,0.8162416589242263,0.09171347942233256,0.1385706579985287,-0.10990624785399787,0.07950300954617058,0.10977412207539503,1.0,0.03712437869653792,0.11006878488331456,0.14627146173606997,1.0,0.8162416589242263,0.9998676111299506,-0.05766361423223464,-0.1316082108454076,1.0,1.0,-0.1862219772039931,0.010944198656912643,-0.20305917979626326
Q_Amp_V5_iqr,0.40684427787883937,0.5738508533686124,0.19873756458596692,0.08814362216174579,0.03647088810041202,0.3005955663898821,0.13361466488107532,0.5262948291624201,0.13361466488107532,0.21635530734415084,0.011437533793069868,-0.017382143979054618,0.12260899877278765,0.13361466488107532,0.06894176555892569,0.06425876263940854,-0.014135155817146914,0.12260899877278765,0.13361466488107532,-0.049620142550478155,0.13361466488107532,0.012070694633849723,-0.0625417862539688,0.015541738095541808,0.13361466488107532,0.43195563806049486,0.4668936805067753,0.04984564977619771,0.01902918519206801,0.13361466488107532,0.010620438279608024,0.34165069848271856,0.13361466488107532,0.11846966837722486,0.13361466488107532,-0.061574606556072914,0.13361466488107532,0.13361466488107532,1.0,0.13361466488107532,0.058302671909266725,0.12260899877278765,0.13361466488107532,-0.055159777572576674,-0.037557079818924935,0.13361466488107532,0.3728948848795162,0.49334043415917955,0.13361466488107532,0.6632812175944,0.023731223245526716,0.5000025943468427,0.44638039134330065,0.12260899877278765,-0.02331046543652512,0.13361466488107532,0.07669429408754132,0.48979545561715043,0.13361466488107532,0.2622717972806469,0.002740383547616205,0.08737671686944692,0.13180161539800492,0.13361466488107532,0.06627684914770227,0.12260899877278765,0.2564190967771924,0.13361466488107532,0.3129763938299183,0.03928247812247859,0.42229151025247824,-0.025113251348666984,-0.047024086895613645,0.08280382231467921,0.020290816926414112,0.4935328832524913,0.04259747589384371,-0.032918520312238964,0.5840087750801277,0.13361466488107532,0.7862495431102399,0.3706755235671592,0.12260899877278765,-0.013790912586828637,0.06207374233622313,0.5109736187572245,0.12260899877278765,0.4357798239843068,0.38624014907023385,-0.0005099985523354814,0.12260899877278765,0.31953851564402347,-0.030863164533218402,0.4494449540752548,0.4665462295641292,0.4521422779644217,0.13361466488107532,0.13361466488107532,0.47837936914851525,-0.03252527187965935,0.13361466488107532,-0.07536089354491618,0.004716809060674555,0.010074866332588972,0.12260899877278765,0.04273631790438995,0.13361466488107532,0.13361466488107532,-0.08573012051594803,0.023198077618906854,0.13361466488107532,0.47166367958876104,0.13361466488107532,0.012052548940885456,0.13361466488107532,-0.06512589896556867,0.005355999258990812,0.014625440879615807,0.2992121044497016,0.2939947623541225,-0.1312109780535748,0.13361466488107532,-0.003408147256208126,0.13361466488107532,0.13361466488107532,0.02495942299543954,-0.08592465068099964,0.13361466488107532,0.13361466488107532,0.44932902691796806,0.0002856360546388321,0.19332120408335626,0.4316684491123249,0.35684139057685577,0.20819963008896125,0.43200239853544364,0.12260899877278765,0.13361466488107532,0.13361466488107532,0.12260899877278765,0.13279812493147575,0.5032665322457464,-0.043402320947995676,0.03570520408427575,0.47805592075743014,0.13361466488107532,0.08347941270206871,0.6317670450877454,-0.02104399729248036,0.13361466488107532,0.12260899877278765,0.13361466488107532,0.04359804808942514,0.016490652541671584,0.13361466488107532,0.13361466488107532,0.048004851013877435,0.05893814691632384,0.02684703019901798
Q_Amp_V4_count,0.12995257293939316,0.11464232648521333,0.192292052712731,0.0704557606189327,-0.09746632767644207,0.10555542992347802,0.9998676111299506,0.15232291908546677,0.9998676111299506,0.19474405859149949,-0.004222352985228691,-0.1011709004149248,0.8163531926373286,1.0,-0.04200117770925004,0.15288267260892408,0.012684863242225114,0.8163531926373286,0.9998676111299506,-0.053650988638020786,1.0,-0.09618773336230006,-0.012004294957706631,-0.24960516438267727,0.9998676111299506,0.10030464301615434,0.11817365677665256,0.04290128049362426,0.10081553735721455,1.0,0.2762890602566783,0.13788145781552436,0.9998676111299506,0.04390776387885272,1.0,-0.10183191218901336,0.9998676111299506,0.9998676111299506,0.13361466488107532,1.0,-0.06304440170218713,0.8163531926373286,0.9998676111299506,-0.031085221406883867,-0.08676065309769959,0.9998676111299506,0.1400408067939236,0.11140561759569731,1.0,0.12276782954419246,0.11653202802305034,0.13169457829721334,0.10021149809123296,0.8163531926373286,-0.25358245463854895,0.9998676111299506,0.0889269581114625,0.12013361978716819,0.9998676111299506,0.09319663478239738,-0.011132763340674146,-0.033277585539769,0.995192226949599,0.9998676111299506,0.04615314341494943,0.8163531926373286,0.09536201495747987,1.0,0.18967196074544482,0.07454639863890686,0.13072523989833248,-0.2837381488125199,-0.06842690697462828,0.10613053885538631,-0.25876511676569974,0.12036654521754395,0.054658471800831936,-0.14357626380090682,0.13194289943624904,0.9998676111299506,0.12553818366169545,0.16562314790436738,0.8163531926373286,-0.2804065569668011,-0.01725491297171733,0.1471435074965606,0.8163531926373286,0.1195054168684212,0.10756563562690405,-0.045067337047620566,0.8163531926373286,0.12995507016431854,0.037795712380987584,0.1456097058935201,0.10066970715967344,0.14976241733290743,0.9998676111299506,0.9998676111299506,0.11472823453191673,-0.11861151595964568,0.9998676111299506,-0.0025846752624133144,-0.056472530252374774,0.008576879964916427,0.8163531926373286,-0.004209413415419973,0.9998676111299506,0.9998676111299506,-0.10876487679626276,-0.2534397814795543,0.9998676111299506,0.1366471823451923,0.9998676111299506,-0.2443545763477994,0.9998676111299506,-0.03671483041614583,0.005777190525293817,-0.043245395202741385,0.13738256156288547,0.11715824150423394,-0.9734757973359599,0.9998676111299506,0.05344532926121231,0.9998676111299506,0.9998676111299506,-0.09134846664313583,-0.1062813027324451,0.9998676111299506,0.9998676111299506,0.12200380699642198,0.25359018325397326,0.17646686270576492,0.12572992577287453,0.172070680222411,0.16666605678758878,0.11939501204245645,0.8163531926373286,1.0,0.9998676111299506,0.8163531926373286,0.09171347942233256,0.13837385805479416,-0.10990624785399787,0.07950300954617058,0.10965519731757603,0.9998676111299506,0.03712437869653792,0.11006878488331456,0.14637324782545533,0.9998676111299506,0.8163531926373286,1.0,-0.057610194010571915,-0.1316082108454076,0.9998676111299506,0.9998676111299506,-0.1862219772039931,0.01078217797580747,-0.203151124065728
ST_Elev_III,0.037785750835308864,0.036244927137774594,-0.0011807554182092525,-0.06866672121923308,0.0709175053964182,0.009754589441385514,-0.06304440170218713,0.042108950375899304,-0.06304440170218713,0.01608046054734955,-0.07423813029665254,0.15438561752366942,-0.06304440170218713,-0.06304440170218713,0.23395491801873594,0.0648341389038097,-0.007681509648196106,-0.06304440170218713,-0.06304440170218713,-0.0884299229552328,-0.06304440170218713,-0.06717000050231237,-0.36165148831177235,0.06102442097933313,-0.06304440170218713,0.03227497416200321,0.022374265087937988,-0.0901325677959172,0.11245338632301874,-0.06304440170218713,0.06438628624853851,0.022068234567915512,-0.06304440170218713,0.16549916041992785,-0.06304440170218713,-0.3510910165709254,-0.06304440170218713,-0.06304440170218713,0.058302671909266725,-0.06304440170218713,1.0,-0.06304440170218713,-0.06304440170218713,-0.11092875631632214,-0.08126710888985834,-0.06304440170218713,0.028468359282355762,0.056104106724471414,-0.06304440170218713,0.05436738979458246,0.051266157348033366,0.03217581998526328,0.03223200335758948,-0.06304440170218713,-0.240659953724488,-0.06304440170218713,0.3004488091606479,0.04356399274873666,-0.06304440170218713,0.028418867351943464,-0.050525189794781405,0.21920906863445744,-0.06327676552093062,-0.06304440170218713,0.18330982331387155,-0.06304440170218713,0.018933915682938805,-0.06304440170218713,0.03717563862398518,-0.0277888743723301,0.01881615935153311,0.022729488914213072,-0.26609640622280567,0.01668115051961513,0.32109186502853987,0.01498943569139941,-0.012420431365191094,-0.21549984158319757,0.07016751109708261,-0.06304440170218713,0.040638734538777095,0.011137107895535608,-0.06304440170218713,0.09352945273983172,0.23781730924483613,0.05214253352431115,-0.06304440170218713,0.013662654531215103,0.043170995694368164,-0.02104308627670346,-0.06304440170218713,-0.0072408956870620815,-0.028395060819589736,0.039030181472540566,0.04355376714680269,0.04053078787340513,-0.06304440170218713,-0.06304440170218713,0.02674130334260961,0.1002054806328172,-0.06304440170218713,-0.13513253542704445,0.133287244807996,0.030824479416921707,-0.06304440170218713,0.3025080862204788,-0.06304440170218713,-0.06304440170218713,-0.14066984111829214,0.048886609703663715,-0.06304440170218713,0.05330101996139216,-0.06304440170218713,0.10666123532254453,-0.06304440170218713,-0.34641583178839036,-0.003907636170487357,-0.0036441109466785557,0.02961272628457633,0.01669625697079723,0.063343964325241,-0.06304440170218713,-0.12286744378190004,-0.06304440170218713,-0.06304440170218713,-0.13252871421427176,-0.1509774048243807,-0.06304440170218713,-0.06304440170218713,0.06134587444344434,-0.03871365143165802,0.0179296166621523,0.02431272359958718,0.07001199457111096,0.042037605281512444,0.03414126690826996,-0.06304440170218713,-0.06304440170218713,-0.06304440170218713,-0.06304440170218713,-0.0408458407841304,0.025116385141410298,-0.5655429663407017,-0.008165409076628797,0.03716065426166016,-0.06304440170218713,0.13778043838092388,0.03262775483283098,0.11788379022880045,-0.06304440170218713,-0.06304440170218713,-0.06304440170218713,0.1973675417837281,-0.07593072916675772,-0.06304440170218713,-0.06304440170218713,0.5955038379657505,0.06487744024874748,-0.026803971180751434
ST_Elev_aVR_count,0.12814642346507774,0.10554994947605083,0.192292052712731,0.0704557606189327,-0.08524393828272972,0.09327988233182097,0.8162416589242263,0.13608991630457998,0.8162416589242263,0.19474405859149949,-0.013852249368270805,-0.06170190246194097,1.0,0.8163531926373286,-0.027043497768961713,0.15288267260892408,0.01786349852660369,1.0,0.8162416589242263,-0.048457504779620214,0.8163531926373286,-0.08176343404840906,-0.023122865370006886,-0.24960516438267727,0.8162416589242263,0.08889829590598936,0.10952876817120823,0.04290128049362426,0.08407429946472755,0.8163531926373286,0.2288153921112465,0.1210744951019413,0.8162416589242263,0.03848718069496327,0.8163531926373286,-0.10028617807636117,0.8162416589242263,0.8162416589242263,0.12260899877278765,0.8163531926373286,-0.06304440170218713,1.0,0.8162416589242263,-0.02451429462305746,-0.07836996684112897,0.8162416589242263,0.12996298332215545,0.11005196824995508,0.8163531926373286,0.11028413325874484,0.11653202802305034,0.12008647242401325,0.10079571108620357,1.0,-0.25358245463854895,0.8162416589242263,0.07886471919830995,0.11933863062475396,0.8162416589242263,0.08733784552807461,-0.012122733238447697,-0.020612635863391713,0.8121287169954822,0.8162416589242263,0.03990426860452024,1.0,0.09201076342604572,0.8163531926373286,0.18967196074544482,0.0658283578738903,0.12007144344236996,-0.2837381488125199,-0.06375218447900936,0.10613053885538631,-0.25876511676569974,0.1136084073930602,0.044507881788299855,-0.12977808021316706,0.1216564315268615,0.8162416589242263,0.1140796359253894,0.14828316595314642,1.0,-0.2804065569668011,-0.012899589328973761,0.12991631876681964,1.0,0.12190557040500812,0.11328618624341319,-0.030234901354675086,1.0,0.11462667944622205,0.03665154491431462,0.14021767814832722,0.0969601860145233,0.1381374359602978,0.8162416589242263,0.8162416589242263,0.11242043403603665,-0.11861151595964568,0.8162416589242263,-0.004360388675636503,-0.03925666539109328,0.004363506116147152,1.0,0.008252920234789336,0.8162416589242263,0.8162416589242263,-0.08106357549644287,-0.2534397814795543,0.8162416589242263,0.12668942252896853,0.8162416589242263,-0.2443545763477994,0.8162416589242263,-0.04320522331729734,0.009414769979632037,-0.04498343097548076,0.12076043090415182,0.10471315524842559,-0.786943258879698,0.8162416589242263,0.04159993432099546,0.8162416589242263,0.8162416589242263,-0.06961467003902422,-0.08942349906544854,0.8162416589242263,0.8162416589242263,0.11492387319023462,0.25359018325397326,0.17646686270576492,0.11629940685022952,0.15286879414944599,0.16666605678758878,0.11871723981935647,1.0,0.8163531926373286,0.8162416589242263,1.0,0.09171347942233256,0.12557821475693853,-0.10990624785399787,0.07950300954617058,0.10432376520308477,0.8162416589242263,0.03720157709406879,0.09833562950118685,0.12876644141202553,0.8162416589242263,1.0,0.8163531926373286,-0.04142689078362505,-0.11192754709640036,0.8162416589242263,0.8162416589242263,-0.1862219772039931,0.025570269842546935,-0.172039276874469
RR_Mean_Global_count,0.13001534003225348,0.11464232648521333,0.192292052712731,0.0704557606189327,-0.09738955887776468,0.10562471071978288,1.0,0.15232291908546677,1.0,0.19474405859149949,-0.004079108389680102,-0.1010795432733466,0.8162416589242263,0.9998676111299506,-0.042044025894865514,0.15288267260892408,0.012514740503856344,0.8162416589242263,1.0,-0.0536195047768743,0.9998676111299506,-0.09618773336230006,-0.01195991408952987,-0.24960516438267727,1.0,0.10043427004334168,0.11827861546595629,0.04290128049362426,0.10091886512501962,0.9998676111299506,0.27619701014574816,0.13788145781552436,1.0,0.04390776387885272,0.9998676111299506,-0.10172218032146402,1.0,1.0,0.13361466488107532,0.9998676111299506,-0.06304440170218713,0.8162416589242263,1.0,-0.031081310772127984,-0.0867220624473799,1.0,0.14007670350736617,0.11152108086813146,0.9998676111299506,0.12276782954419246,0.11653202802305034,0.1318071923898046,0.10032491700053033,0.8162416589242263,-0.25358245463854895,1.0,0.08884407449836429,0.12029666621863966,1.0,0.09316818293243911,-0.011145375161925238,-0.03330246363179656,0.9953264315900904,1.0,0.04615314341494943,0.8162416589242263,0.09520697281080748,0.9998676111299506,0.18967196074544482,0.0746269831584526,0.1307988459011755,-0.2837381488125199,-0.06850770861792824,0.10613053885538631,-0.25876511676569974,0.12040067249825367,0.054599404862743776,-0.1434550464453895,0.13194289943624904,1.0,0.12553818366169545,0.16571761536067905,0.8162416589242263,-0.2804065569668011,-0.01720161256557165,0.1471435074965606,0.8162416589242263,0.11960854425673513,0.10760311816772491,-0.045067337047620566,0.8162416589242263,0.1298133598312867,0.03776410377000593,0.14568305357028172,0.10079178640760923,0.14991578310400233,1.0,1.0,0.11477411181962201,-0.11861151595964568,1.0,-0.0025137544857759407,-0.056544557019696066,0.008709385049436838,0.8162416589242263,-0.0042493839657625,1.0,1.0,-0.10876487679626276,-0.2534397814795543,1.0,0.13673594421753205,1.0,-0.2443545763477994,1.0,-0.036732952831792384,0.005761531833560238,-0.04314647471060189,0.1375173834129979,0.11718604355219234,-0.9736027364885587,1.0,0.053373727936301185,1.0,1.0,-0.09134846664313583,-0.1062813027324451,1.0,1.0,0.12205598888745056,0.25359018325397326,0.17646686270576492,0.12575801217621446,0.1722498620754868,0.16666605678758878,0.11949323212356747,0.8162416589242263,0.9998676111299506,1.0,0.8162416589242263,0.09171347942233256,0.1385706579985287,-0.10990624785399787,0.07950300954617058,0.10977412207539503,1.0,0.03712437869653792,0.11006878488331456,0.14627146173606997,1.0,0.8162416589242263,0.9998676111299506,-0.05766361423223464,-0.1316082108454076,1.0,1.0,-0.1862219772039931,0.010944198656912643,-0.20305917979626326
Q_Amp_V2,-0.03474518348224411,-0.04922100948591516,-0.005393745177104149,-0.03293870489725043,0.025433352028898962,0.037646801096609894,-0.031081310772127984,-0.01873509303488232,-0.031081310772127984,-0.029666824891938736,-0.04164376395654258,-0.1138411622570743,-0.02451429462305746,-0.031085221406883867,-0.17998673346106342,-0.08939954396732219,-0.0029405311032992495,-0.02451429462305746,-0.031081310772127984,0.44248480110528593,-0.031085221406883867,0.047732314489054996,0.19688018686679604,0.03536372291192399,-0.031081310772127984,-0.006484663053132296,-0.024474831945484343,0.006910837155417512,-0.18131657927599337,-0.031085221406883867,-0.10774883936447154,-0.017641861871195968,-0.031081310772127984,-0.1405113598227004,-0.031085221406883867,0.12074152613713998,-0.031081310772127984,-0.031081310772127984,-0.055159777572576674,-0.031085221406883867,-0.11092875631632214,-0.02451429462305746,-0.031081310772127984,1.0,-0.033405779835222,-0.031081310772127984,-0.010147747469263628,-0.1455611458332889,-0.031085221406883867,-0.05333624833436926,-0.07305731614849673,-0.02294824244437695,-0.01954135733921804,-0.02451429462305746,0.10087740280505639,-0.031081310772127984,-0.09756964419663613,-0.033045727502281255,-0.031081310772127984,-0.005712559651562268,0.11771548801511293,-0.19245346906378227,-0.030223716636314124,-0.031081310772127984,-0.20172820108242645,-0.02451429462305746,-0.0022247528072763248,-0.031085221406883867,-0.07064555438675123,-0.027107568860493616,0.15277887213106234,0.050467189233995624,0.2068428519379257,-0.06506617827797108,-0.004291135348573081,-0.023997757153743905,-0.06701097485332132,0.10916455975833908,-0.04841144287263918,-0.031081310772127984,-0.050074591924583696,-0.007011050176994868,-0.02451429462305746,-0.00015893298291294708,-0.03441266633546957,-0.03920819070200048,-0.02451429462305746,-0.010603609543597972,-0.027754047543453477,0.012745142499574322,-0.02451429462305746,0.020878895292947255,0.06829884961038321,-0.041712451169152925,-0.032239214268365304,0.009849780044779575,-0.031081310772127984,-0.031081310772127984,-0.023978615044747794,-0.010201276160328782,-0.031081310772127984,0.1847751701396601,0.028912396183228356,-0.13350116075079696,-0.02451429462305746,-0.12282674157049008,-0.031081310772127984,-0.031081310772127984,0.13476464039683686,0.04656174600685177,-0.031081310772127984,-0.04398802757692263,-0.031081310772127984,-0.002100931901677915,-0.031081310772127984,0.21433431270110573,0.2679715955066916,-0.3678651887982321,0.025341578581144174,0.0028365947552083286,0.02925376289326328,-0.031081310772127984,0.06486512691772511,-0.031081310772127984,-0.031081310772127984,0.10971365843663097,0.13103454002203072,-0.031081310772127984,-0.031081310772127984,-0.030249248109452613,-0.03838796574175589,-0.043440203970526024,-0.00981382243573446,-0.04370707947785264,-0.06753983832783461,-0.027528759448071437,-0.02451429462305746,-0.031085221406883867,-0.031081310772127984,-0.02451429462305746,0.03769733532911447,-0.03519400531800402,0.13483732863864434,-0.008505687925039791,-0.02707794656595099,-0.031081310772127984,-0.03954563224303583,-0.05308732497525119,-0.021527407585219364,-0.031081310772127984,-0.02451429462305746,-0.031085221406883867,-0.1366702581060365,0.05587979995152692,-0.031081310772127984,-0.031081310772127984,-0.062061797079051045,-0.1191666800730585,0.03286238019462083
R_Amp_V3,-0.016658121489066292,-0.014628522822303059,0.03107068376035374,-0.03849912657573817,0.09690039379264463,-0.030007141422200227,-0.0867220624473799,-0.045343794115885135,-0.0867220624473799,-0.026140157147869204,0.2244282523472212,-0.23951471373127606,-0.07836996684112897,-0.08676065309769959,-0.12113508732353083,-0.13556833448315517,-0.16651306023733628,-0.07836996684112897,-0.0867220624473799,0.14376171504313565,-0.08676065309769959,0.10600612024774035,0.11046203473441013,0.05684108139990082,-0.0867220624473799,-0.04034619082869847,-0.0018751146156395135,0.02539010557102484,-0.24584439982550774,-0.08676065309769959,-0.1780462520709931,0.031183051005262852,-0.0867220624473799,-0.2836605892222876,-0.08676065309769959,0.1838361649977211,-0.0867220624473799,-0.0867220624473799,-0.037557079818924935,-0.08676065309769959,-0.08126710888985834,-0.07836996684112897,-0.0867220624473799,-0.033405779835222,1.0,-0.0867220624473799,0.016105039390060128,0.01403946675142467,-0.08676065309769959,-0.01558618337633003,-0.10773648841759288,0.009510884219633978,0.011240626783218705,-0.07836996684112897,0.13524016740591988,-0.0867220624473799,-0.10063035439517956,0.1390793597307691,-0.0867220624473799,0.01061293782133997,-0.3217724591709093,-0.20005687833014077,-0.08609542984882308,-0.0867220624473799,-0.21683685147784804,-0.07836996684112897,0.021277146983560504,-0.08676065309769959,-0.056577175619632866,-0.1088505973738658,0.017363699711751057,-0.20742184359002225,0.22116337616630963,-0.10807210238431912,0.07179119032139761,0.01764472303376816,-0.22507042228367516,0.20849924190872052,-0.11550067043203224,-0.0867220624473799,-0.0065103640431159095,-0.011148995056206975,-0.07836996684112897,-0.2845618222600514,-0.007561146068747653,-0.03302055708880814,-0.07836996684112897,-0.02333375803078461,0.0016970997652148109,-0.06148274072458522,-0.07836996684112897,-0.0029450484220838167,-0.10421829311277285,-0.011897050986926064,-0.022271331575321716,-0.17981067165354664,-0.0867220624473799,-0.0867220624473799,0.011546632417596068,-0.16341754766488262,-0.0867220624473799,0.24519239195025433,0.13194245791380071,-0.6428020786639411,-0.07836996684112897,-0.013592517852617133,-0.0867220624473799,-0.0867220624473799,0.17759551075326513,0.14822082738143985,-0.0867220624473799,-0.02370820599446478,-0.0867220624473799,-0.16621147482749946,-0.0867220624473799,0.1661810811970741,-0.7094011037564031,0.5680198797380399,-0.16470603900278613,-0.00298089069716802,0.08868555294671429,-0.0867220624473799,-0.1050392179057949,-0.0867220624473799,-0.0867220624473799,0.053649064707345116,0.5287274091837646,-0.0867220624473799,-0.0867220624473799,-0.021377569016589732,-0.1274591681413176,-0.004190827300787386,-0.02059141000507963,-0.013198834670118065,-0.054679883863773975,0.0011947517705314537,-0.07836996684112897,-0.08676065309769959,-0.0867220624473799,-0.07836996684112897,0.0258310980418972,-0.022997912845204808,0.1122790042323141,-0.01866225669579992,-0.003555799480591612,-0.0867220624473799,-0.4509165779358976,0.010814940039970371,-0.14779232012450744,-0.0867220624473799,-0.07836996684112897,-0.08676065309769959,-0.016576245401989754,0.16951761093908174,-0.0867220624473799,-0.0867220624473799,0.0010934371826472153,-0.057209892018140876,0.0072148026566465325
R_Amp_V3_count,0.13001534003225348,0.11464232648521333,0.192292052712731,0.0704557606189327,-0.09738955887776468,0.10562471071978288,1.0,0.15232291908546677,1.0,0.19474405859149949,-0.004079108389680102,-0.1010795432733466,0.8162416589242263,0.9998676111299506,-0.042044025894865514,0.15288267260892408,0.012514740503856344,0.8162416589242263,1.0,-0.0536195047768743,0.9998676111299506,-0.09618773336230006,-0.01195991408952987,-0.24960516438267727,1.0,0.10043427004334168,0.11827861546595629,0.04290128049362426,0.10091886512501962,0.9998676111299506,0.27619701014574816,0.13788145781552436,1.0,0.04390776387885272,0.9998676111299506,-0.10172218032146402,1.0,1.0,0.13361466488107532,0.9998676111299506,-0.06304440170218713,0.8162416589242263,1.0,-0.031081310772127984,-0.0867220624473799,1.0,0.14007670350736617,0.11152108086813146,0.9998676111299506,0.12276782954419246,0.11653202802305034,0.1318071923898046,0.10032491700053033,0.8162416589242263,-0.25358245463854895,1.0,0.08884407449836429,0.12029666621863966,1.0,0.09316818293243911,-0.011145375161925238,-0.03330246363179656,0.9953264315900904,1.0,0.04615314341494943,0.8162416589242263,0.09520697281080748,0.9998676111299506,0.18967196074544482,0.0746269831584526,0.1307988459011755,-0.2837381488125199,-0.06850770861792824,0.10613053885538631,-0.25876511676569974,0.12040067249825367,0.054599404862743776,-0.1434550464453895,0.13194289943624904,1.0,0.12553818366169545,0.16571761536067905,0.8162416589242263,-0.2804065569668011,-0.01720161256557165,0.1471435074965606,0.8162416589242263,0.11960854425673513,0.10760311816772491,-0.045067337047620566,0.8162416589242263,0.1298133598312867,0.03776410377000593,0.14568305357028172,0.10079178640760923,0.14991578310400233,1.0,1.0,0.11477411181962201,-0.11861151595964568,1.0,-0.0025137544857759407,-0.056544557019696066,0.008709385049436838,0.8162416589242263,-0.0042493839657625,1.0,1.0,-0.10876487679626276,-0.2534397814795543,1.0,0.13673594421753205,1.0,-0.2443545763477994,1.0,-0.036732952831792384,0.005761531833560238,-0.04314647471060189,0.1375173834129979,0.11718604355219234,-0.9736027364885587,1.0,0.053373727936301185,1.0,1.0,-0.09134846664313583,-0.1062813027324451,1.0,1.0,0.12205598888745056,0.25359018325397326,0.17646686270576492,0.12575801217621446,0.1722498620754868,0.16666605678758878,0.11949323212356747,0.8162416589242263,0.9998676111299506,1.0,0.8162416589242263,0.09171347942233256,0.1385706579985287,-0.10990624785399787,0.07950300954617058,0.10977412207539503,1.0,0.03712437869653792,0.11006878488331456,0.14627146173606997,1.0,0.8162416589242263,0.9998676111299506,-0.05766361423223464,-0.1316082108454076,1.0,1.0,-0.1862219772039931,0.010944198656912643,-0.20305917979626326
R_Amp_aVR_iqr,0.46231617407679493,0.38218052748506054,0.17785680383917732,0.13595690305523042,0.04084541234800812,0.3190315069151459,0.14007670350736617,0.29139029549614825,0.14007670350736617,0.1596211307539683,-0.020698568260843934,-0.05819810608927049,0.12996298332215545,0.1400408067939236,0.02588229324343581,0.1227455622238223,0.009995582924260248,0.12996298332215545,0.14007670350736617,0.022415899132533553,0.1400408067939236,0.03460683629050107,-0.007711719974884059,0.011012656792983922,0.14007670350736617,0.3467146046189984,0.5520679486858675,0.09019270663142924,-0.0866120716668926,0.1400408067939236,-0.007477363798187423,0.26604071630341647,0.14007670350736617,0.015291184733735716,0.1400408067939236,-0.014288346624344849,0.14007670350736617,0.14007670350736617,0.3728948848795162,0.1400408067939236,0.028468359282355762,0.12996298332215545,0.14007670350736617,-0.010147747469263628,0.016105039390060128,0.14007670350736617,1.0,0.3593493617528802,0.1400408067939236,0.36614777221133393,0.06581932420867687,0.39251841997301556,0.4759468294009954,0.12996298332215545,-0.012482627707566718,0.14007670350736617,0.04408223959854044,0.35697851855956997,0.14007670350736617,0.370151754238027,0.003521942154569074,0.00598432497188635,0.1386182832311426,0.14007670350736617,0.005179753038784993,0.12996298332215545,0.4865907957070018,0.1400408067939236,0.1489394102618665,0.06335234026140465,0.33512230460843606,-0.054988855755873256,0.05696068775907394,0.13420231411501674,0.015509012444284,0.5208649876692086,-0.009070716929672573,0.014301409464762575,0.35007087748672916,0.14007670350736617,0.38411005990447095,0.5555072572202222,0.12996298332215545,-0.05654582664801705,0.04938548377104638,0.33362902322996224,0.12996298332215545,0.448390692857681,0.470358256814933,0.02100151801306496,0.12996298332215545,0.4183707063123518,-3.472149895465548e-05,0.5832697404236251,0.3516524321462694,0.33510255953405194,0.14007670350736617,0.14007670350736617,0.4640293112705695,-0.049733010671958004,0.14007670350736617,0.009332471290040568,0.044009263220629466,-0.01956620446877619,0.12996298332215545,0.018842732507751495,0.14007670350736617,0.14007670350736617,0.0017585385298766326,0.01976437179718797,0.14007670350736617,0.5469171691250089,0.14007670350736617,-0.02649869189851331,0.14007670350736617,0.012729997248817227,-0.010062269992943396,0.020755522170579327,0.2542889746959472,0.35056713390724636,-0.13623289469462138,0.14007670350736617,-0.009217595465072247,0.14007670350736617,0.14007670350736617,0.054972194800664204,0.0019847388945658205,0.14007670350736617,0.14007670350736617,0.4888225364852906,-0.007471663778864702,0.1673475334226171,0.4370887398853793,0.2882104319315271,0.11774680700096866,0.5874049586425593,0.12996298332215545,0.1400408067939236,0.14007670350736617,0.12996298332215545,0.13049244860016196,0.3805779865260997,-0.03256416812135024,0.0827992351518128,0.38675949114167135,0.14007670350736617,0.00244585726500172,0.3720919760421315,-0.006493738899628804,0.14007670350736617,0.12996298332215545,0.1400408067939236,0.024123560338281568,0.036525216131913445,0.14007670350736617,0.14007670350736617,0.02851155624492193,0.07056612256497093,0.07141759881660738
S_Amp_V2_iqr,0.3879468458567789,0.48273496209411587,0.21572632512014295,0.10705694081328794,0.010168564219076416,0.32558680528912487,0.11152108086813146,0.318883338991611,0.11152108086813146,0.19140640865154307,0.024879172211613346,0.041746935587370256,0.11005196824995508,0.11140561759569731,0.05602264756879072,0.09260074899745117,-0.004327413878687755,0.11005196824995508,0.11152108086813146,-0.07781970818582432,0.11140561759569731,-0.003896160357246369,-0.05122048085783852,-0.004587713278739467,0.11152108086813146,0.6231429417945572,0.43837805576808037,0.06092790790357096,0.021758903289459817,0.11140561759569731,0.03278243648254668,0.30136950229504256,0.11152108086813146,0.08570964256018883,0.11140561759569731,-0.05702396941499943,0.11152108086813146,0.11152108086813146,0.49334043415917955,0.11140561759569731,0.056104106724471414,0.11005196824995508,0.11152108086813146,-0.1455611458332889,0.01403946675142467,0.11152108086813146,0.3593493617528802,1.0,0.11140561759569731,0.4909400338353627,0.05285866674845327,0.5200275816980889,0.4322148404392878,0.11005196824995508,-0.034010265963864764,0.11152108086813146,0.05299519423478309,0.5213815837384977,0.11152108086813146,0.24064609744076204,-0.07898790604173744,0.07655654201421883,0.10963188388090873,0.11152108086813146,0.07591123390505962,0.11005196824995508,0.23999961137644651,0.11140561759569731,0.1941646911115614,-0.011910124953969014,0.5704691109817582,-0.056518806112111665,-0.03783500753926474,0.1124201587707105,0.002872732591007896,0.4629147714611955,0.05895481689181509,-0.04285753662696286,0.4523074698492398,0.11152108086813146,0.4936472623250364,0.3481009639874098,0.11005196824995508,-0.033436028002387326,0.03305804886377959,0.38119638817763396,0.11005196824995508,0.41108684856752775,0.3796050214156723,-0.005400879202111303,0.11005196824995508,0.288464160161455,-0.024205485077905757,0.43126987422621516,0.5186626795694808,0.4199736468168807,0.11152108086813146,0.11152108086813146,0.4434951651382798,-0.059233224338100035,0.11152108086813146,-0.08301178820715283,-0.0002833263268759517,-0.04530989187508778,0.11005196824995508,0.03561763728048957,0.11152108086813146,0.11152108086813146,-0.025637549693692217,0.0009647550940111301,0.11152108086813146,0.4345290489982165,0.11152108086813146,-0.004351185110898794,0.11152108086813146,-0.05454286049247022,-0.043743994128934746,0.07715172725854967,0.4464471385683655,0.2621947736368735,-0.10725343144341451,0.11152108086813146,0.012860092303382212,0.11152108086813146,0.11152108086813146,0.04275661450024295,-0.04021248592419584,0.11152108086813146,0.11152108086813146,0.4259629375071123,0.01293823613161779,0.30028176874541407,0.4047542047509625,0.3672903989636509,0.1602125831069953,0.42450463978747116,0.11005196824995508,0.11140561759569731,0.11152108086813146,0.11005196824995508,0.136761493649098,0.490481588601517,-0.05376021651235323,0.045020598050989444,0.5007868331594483,0.11152108086813146,0.05785927767159083,0.49118004448440306,-0.002961690083149143,0.11152108086813146,0.11005196824995508,0.11140561759569731,0.02200921457390703,-0.001167762868139905,0.11152108086813146,0.11152108086813146,0.039834179861259394,0.09417718620298908,0.0505977611257074
R_Amp_V6_count,0.12995257293939316,0.11464232648521333,0.192292052712731,0.0704557606189327,-0.09746632767644207,0.10555542992347802,0.9998676111299506,0.15232291908546677,0.9998676111299506,0.19474405859149949,-0.004222352985228691,-0.1011709004149248,0.8163531926373286,1.0,-0.04200117770925004,0.15288267260892408,0.012684863242225114,0.8163531926373286,0.9998676111299506,-0.053650988638020786,1.0,-0.09618773336230006,-0.012004294957706631,-0.24960516438267727,0.9998676111299506,0.10030464301615434,0.11817365677665256,0.04290128049362426,0.10081553735721455,1.0,0.2762890602566783,0.13788145781552436,0.9998676111299506,0.04390776387885272,1.0,-0.10183191218901336,0.9998676111299506,0.9998676111299506,0.13361466488107532,1.0,-0.06304440170218713,0.8163531926373286,0.9998676111299506,-0.031085221406883867,-0.08676065309769959,0.9998676111299506,0.1400408067939236,0.11140561759569731,1.0,0.12276782954419246,0.11653202802305034,0.13169457829721334,0.10021149809123296,0.8163531926373286,-0.25358245463854895,0.9998676111299506,0.0889269581114625,0.12013361978716819,0.9998676111299506,0.09319663478239738,-0.011132763340674146,-0.033277585539769,0.995192226949599,0.9998676111299506,0.04615314341494943,0.8163531926373286,0.09536201495747987,1.0,0.18967196074544482,0.07454639863890686,0.13072523989833248,-0.2837381488125199,-0.06842690697462828,0.10613053885538631,-0.25876511676569974,0.12036654521754395,0.054658471800831936,-0.14357626380090682,0.13194289943624904,0.9998676111299506,0.12553818366169545,0.16562314790436738,0.8163531926373286,-0.2804065569668011,-0.01725491297171733,0.1471435074965606,0.8163531926373286,0.1195054168684212,0.10756563562690405,-0.045067337047620566,0.8163531926373286,0.12995507016431854,0.037795712380987584,0.1456097058935201,0.10066970715967344,0.14976241733290743,0.9998676111299506,0.9998676111299506,0.11472823453191673,-0.11861151595964568,0.9998676111299506,-0.0025846752624133144,-0.056472530252374774,0.008576879964916427,0.8163531926373286,-0.004209413415419973,0.9998676111299506,0.9998676111299506,-0.10876487679626276,-0.2534397814795543,0.9998676111299506,0.1366471823451923,0.9998676111299506,-0.2443545763477994,0.9998676111299506,-0.03671483041614583,0.005777190525293817,-0.043245395202741385,0.13738256156288547,0.11715824150423394,-0.9734757973359599,0.9998676111299506,0.05344532926121231,0.9998676111299506,0.9998676111299506,-0.09134846664313583,-0.1062813027324451,0.9998676111299506,0.9998676111299506,0.12200380699642198,0.25359018325397326,0.17646686270576492,0.12572992577287453,0.172070680222411,0.16666605678758878,0.11939501204245645,0.8163531926373286,1.0,0.9998676111299506,0.8163531926373286,0.09171347942233256,0.13837385805479416,-0.10990624785399787,0.07950300954617058,0.10965519731757603,0.9998676111299506,0.03712437869653792,0.11006878488331456,0.14637324782545533,0.9998676111299506,0.8163531926373286,1.0,-0.057610194010571915,-0.1316082108454076,0.9998676111299506,0.9998676111299506,-0.1862219772039931,0.01078217797580747,-0.203151124065728
Q_Amp_V6_iqr,0.40912794144509546,0.5400226313064944,0.19632759417143084,0.07696291825452709,0.03421440622687788,0.2934235830197785,0.12276782954419246,0.39016606039101515,0.12276782954419246,0.19381770527855838,0.0044663066391911095,-0.015960128232378964,0.11028413325874484,0.12276782954419246,0.06438536832835201,0.04888824190042284,-0.0056583004644686,0.11028413325874484,0.12276782954419246,-0.04151648770570512,0.12276782954419246,0.02063642131610898,-0.050138997386067204,0.009906259478662216,0.12276782954419246,0.4191508804046602,0.4683904334148486,0.047366591359447006,0.013224853111381364,0.12276782954419246,0.007656990321451214,0.31333433552248285,0.12276782954419246,0.09358845782282743,0.12276782954419246,-0.051210782508024855,0.12276782954419246,0.12276782954419246,0.6632812175944,0.12276782954419246,0.05436738979458246,0.11028413325874484,0.12276782954419246,-0.05333624833436926,-0.01558618337633003,0.12276782954419246,0.36614777221133393,0.4909400338353627,0.12276782954419246,1.0,0.01756406827797764,0.49882194001194846,0.4459185675998265,0.11028413325874484,-0.03473270128578419,0.12276782954419246,0.07199142555796216,0.47818035095976924,0.12276782954419246,0.2493659274882784,-0.002229747028666897,0.07359688040832299,0.12039261788756864,0.12276782954419246,0.06203370653871122,0.11028413325874484,0.24371262106835664,0.12276782954419246,0.2304676168667021,0.02446450194559634,0.40996007816747637,-0.019338389839176524,-0.03236113047945237,0.06811014651952295,0.01120587603526002,0.4903558930324277,0.04776402083601701,-0.028024096692721368,0.5287651961074878,0.12276782954419246,0.6274214912118785,0.36348969682757454,0.11028413325874484,-0.023231011429959016,0.06044401119816651,0.6740230262282473,0.11028413325874484,0.4311392339686927,0.38151364684873024,0.006810871931318025,0.11028413325874484,0.3108185397200264,-0.028856640644870788,0.45682431470263696,0.4598117913094986,0.4357851908364212,0.12276782954419246,0.12276782954419246,0.4797187731080058,-0.025971444713853497,0.12276782954419246,-0.06988121629866964,0.0005581576226670893,-0.0069408460224894344,0.11028413325874484,0.03392818797370203,0.12276782954419246,0.12276782954419246,-0.06259081706187951,0.013356170276195957,0.12276782954419246,0.46646519288069455,0.12276782954419246,-0.0038341817080932527,0.12276782954419246,-0.05472441450382618,-0.0033894656626920344,0.026155755039542813,0.270036490053736,0.28604528154892517,-0.1211500147003982,0.12276782954419246,0.00010276721485823647,0.12276782954419246,0.12276782954419246,0.018962140838573706,-0.062414915374112444,0.12276782954419246,0.12276782954419246,0.4528507625704179,0.0011732763862243754,0.18742271002757052,0.43271706001518895,0.32445066040142584,0.30388072473888555,0.4319019264856083,0.11028413325874484,0.12276782954419246,0.12276782954419246,0.11028413325874484,0.11671126788859525,0.491259336458775,-0.04385141935707512,0.03403496277982748,0.47505572945123353,0.12276782954419246,0.06067104987410678,0.8307330432670653,-0.013485159186805018,0.12276782954419246,0.11028413325874484,0.12276782954419246,0.035457504195765245,0.007074440776895965,0.12276782954419246,0.12276782954419246,0.03900254037565258,0.06230483805617695,0.00401867045144654
ST_Elev_I_iqr,0.11452953660707046,0.03572705655647666,0.2957412870103244,0.2971386367102125,-0.3497444081799684,0.057575164217290975,0.11653202802305034,0.058291145045862976,0.11653202802305034,0.3693463170050724,0.00753186827381201,0.1314790111300857,0.11653202802305034,0.11653202802305034,0.07564123975080382,0.6610754212336858,-0.2094566751049548,0.11653202802305034,0.11653202802305034,-0.14735251562274243,0.11653202802305034,-0.37720312357926244,-0.0630899896187355,-0.2035750287148961,0.11653202802305034,0.015918914788512647,0.05644207223640799,0.2219248286223797,0.1787803460497318,0.11653202802305034,0.48551519668084303,0.0521100435008199,0.11653202802305034,0.19924282658763612,0.11653202802305034,-0.3494505497637881,0.11653202802305034,0.11653202802305034,0.023731223245526716,0.11653202802305034,0.051266157348033366,0.11653202802305034,0.11653202802305034,-0.07305731614849673,-0.10773648841759288,0.11653202802305034,0.06581932420867687,0.05285866674845327,0.11653202802305034,0.01756406827797764,1.0,0.05471098706616996,0.08674288844760074,0.11653202802305034,-0.20363441650038022,0.11653202802305034,0.0681500437452366,0.03553840152407737,0.11653202802305034,0.05038158779874113,0.03255637144988299,0.152297289605092,0.11326102921787437,0.11653202802305034,0.20020291417582994,0.11653202802305034,0.07004886428716435,0.11653202802305034,0.42955203270028125,-0.007867284582702326,0.05722114561943784,-0.023303653290271634,-0.15627044635548623,0.45709287445237234,-0.20375622283459954,0.035505507786346265,0.20976054824861545,-0.4943740603303827,0.054368166461789734,0.11653202802305034,0.030820684903609355,0.05987778193673633,0.11653202802305034,-0.030134844704092816,-0.1858066609540218,0.04066318973372071,0.11653202802305034,0.05893623675427874,0.16334395439932578,-0.29887520700964026,0.11653202802305034,0.041102670567743416,-0.15990368786147996,0.09906811691146032,0.06776879410963171,0.06562008082548719,0.11653202802305034,0.11653202802305034,0.03334628686043834,0.07848054114774018,0.11653202802305034,-0.2350445111474183,-0.09199504481762365,0.11211907224106382,0.11653202802305034,0.0062443164912176575,0.11653202802305034,0.11653202802305034,-0.0658775250216712,-0.23868261946238298,0.11653202802305034,0.05148279239027239,0.11653202802305034,-0.10542325373611863,0.11653202802305034,-0.10438035094909387,0.08382532593195752,-0.008993018259614486,0.055857736668780654,0.02601694376741089,-0.12603886321786612,0.11653202802305034,0.067794252328095,0.11653202802305034,0.11653202802305034,-0.09141226238255652,-0.0984905982929945,0.11653202802305034,0.11653202802305034,0.0205008917769065,0.24616079597833299,0.25428932070031923,0.018135308271510574,0.07546102640876688,0.4409357011866786,0.11932306984560091,0.11653202802305034,0.11653202802305034,0.11653202802305034,0.11653202802305034,0.17698098857145025,0.030767562470804203,-0.17778807028276097,0.5243903992137205,0.05293307597284313,0.11653202802305034,0.19453954403559506,0.03139000751665899,0.17907880430932,0.11653202802305034,0.11653202802305034,0.11653202802305034,0.015197063594294484,-0.3904522554317253,0.11653202802305034,0.11653202802305034,-0.11113323400430213,0.15150114166462633,0.00502977890384399
Q_Amp_V1_iqr,0.3882218385860851,0.4880430510811264,0.21097818541567157,0.11166877600952535,0.03176572383410037,0.5304501140071803,0.1318071923898046,0.3225587507882057,0.1318071923898046,0.1881640632889069,0.028530092932600483,-0.02249157772712479,0.12008647242401325,0.13169457829721334,0.02876802374461287,0.09091794990751068,-0.006456433556387996,0.12008647242401325,0.1318071923898046,-0.01855860288515887,0.13169457829721334,0.028436512651454256,-0.006842575088898679,0.015441543415089779,0.1318071923898046,0.4722883371364832,0.4712892273396258,0.07721688979287819,0.0009501677049680981,0.13169457829721334,-0.0017846085574634205,0.2979788292549189,0.1318071923898046,0.05680893909538522,0.13169457829721334,-0.027536532725354557,0.1318071923898046,0.1318071923898046,0.5000025943468427,0.13169457829721334,0.03217581998526328,0.12008647242401325,0.1318071923898046,-0.02294824244437695,0.009510884219633978,0.1318071923898046,0.39251841997301556,0.5200275816980889,0.13169457829721334,0.49882194001194846,0.05471098706616996,1.0,0.44928770127995116,0.12008647242401325,-0.014507404548011879,0.1318071923898046,0.03785298124375043,0.4684163515141504,0.1318071923898046,0.25519992405157094,-0.016880592410958604,0.046804924318682745,0.12941601754523058,0.1318071923898046,0.04024561261655588,0.12008647242401325,0.24961048528504115,0.13169457829721334,0.19234449705986628,-0.010302500481843644,0.4863322193464492,-0.06301314785460661,-0.0032069146890350594,0.1045838436843852,0.013301026479378381,0.4896297404885279,0.04669702513393661,-0.005749377303759149,0.45070148683727174,0.1318071923898046,0.5086225613441641,0.382901826527985,0.12008647242401325,-0.04756182914887478,0.03750215258061186,0.3962910746573304,0.12008647242401325,0.42697500372912306,0.38385540755488373,0.007254736781886765,0.12008647242401325,0.31514417523508603,-0.01139489978980471,0.455025352566925,0.7307277296270068,0.43549991551600636,0.1318071923898046,0.1318071923898046,0.46958841500307724,-0.07943839355815362,0.1318071923898046,-0.05599708605354699,-0.011145996865235958,-0.019745600368990122,0.12008647242401325,-0.0008703325641617069,0.1318071923898046,0.1318071923898046,-0.021094128340906453,0.0202624493736633,0.1318071923898046,0.45468397365578966,0.1318071923898046,-0.008449963020751398,0.1318071923898046,-0.008007462063051205,-0.00907037462562394,0.034613535984235215,0.321930367107923,0.2811545852673861,-0.1310575987188555,0.1318071923898046,0.016635159215421157,0.1318071923898046,0.1318071923898046,0.041239637791220675,-0.025131143043548073,0.1318071923898046,0.1318071923898046,0.4387562479871628,-0.013794974952074239,0.2193066394130635,0.4233874194868161,0.3527777166875543,0.1639508657432861,0.450225704540919,0.12008647242401325,0.13169457829721334,0.1318071923898046,0.12008647242401325,0.24970233073063447,0.491263032790536,-0.02423317354334909,0.0682568266073731,0.7332982769008322,0.1318071923898046,0.034960795004276624,0.507218380990365,-0.008216102427288258,0.1318071923898046,0.12008647242401325,0.13169457829721334,0.012729326459436871,0.029384090317483222,0.1318071923898046,0.1318071923898046,0.036798041919019885,0.04938953984321264,0.06959420454157288
T_Amp_aVL_iqr,0.5702450695876277,0.4512846478764262,0.19620980664477428,0.16330397407703284,0.04385795446010471,0.273145042681366,0.10032491700053033,0.2791007329401662,0.10032491700053033,0.17442725879189017,0.01205225383594323,-0.02016506098893065,0.10079571108620357,0.10021149809123296,0.011667744486727836,0.11993619973686252,0.01090590305594036,0.10079571108620357,0.10032491700053033,-0.021885487393488785,0.10021149809123296,0.0458142557185859,-0.00046137524574143385,0.023535337141199486,0.10032491700053033,0.39311204432245234,0.5582286120803351,0.13881018809117546,-0.03202314302891667,0.10021149809123296,-0.02262716686567599,0.2528169547381572,0.10032491700053033,0.03979680540730693,0.10021149809123296,-0.006978249071777493,0.10032491700053033,0.10032491700053033,0.44638039134330065,0.10021149809123296,0.03223200335758948,0.10079571108620357,0.10032491700053033,-0.01954135733921804,0.011240626783218705,0.10032491700053033,0.4759468294009954,0.4322148404392878,0.10021149809123296,0.4459185675998265,0.08674288844760074,0.44928770127995116,1.0,0.10079571108620357,0.004350969254269135,0.10032491700053033,0.03584200598189944,0.40098144837105404,0.10032491700053033,0.4103934028110114,0.017387078157270995,0.010244411574527726,0.0984471433987329,0.10032491700053033,0.019923985121077903,0.10079571108620357,0.37438178354832136,0.10021149809123296,0.1597618040983138,0.05140617691630961,0.3674022216922736,-0.02788204392188343,0.026550429600676776,0.13397877962613994,0.021619496998733324,0.6463404213501712,0.021535593212183235,0.019121318870311377,0.4021442406163491,0.10032491700053033,0.46666929173598437,0.4554042720899597,0.10079571108620357,-0.03557738491768543,0.04336247443406653,0.3449014778617879,0.10079571108620357,0.6404899004976283,0.6434436668873954,0.021934322000126866,0.10079571108620357,0.43268972996346383,0.006113284154359908,0.5541331133076248,0.4203259408709498,0.36010710407944707,0.10032491700053033,0.10032491700053033,0.7149651921355858,-0.07222108905556329,0.10032491700053033,-0.01648947556415865,0.009896354036578828,-0.013464328067282472,0.10079571108620357,0.003325272099671488,0.10032491700053033,0.10032491700053033,-0.020147800462974364,0.031153398097338556,0.10032491700053033,0.5280383718974598,0.10032491700053033,-0.0055620825836751805,0.10032491700053033,0.008143323227801045,-0.01007293279637554,0.014727299881818303,0.2321509960218952,0.4146245222180244,-0.0979099863769079,0.10032491700053033,0.013703857819143302,0.10032491700053033,0.10032491700053033,0.05370652058992842,-0.025512423428962226,0.10032491700053033,0.10032491700053033,0.5543946688778048,-0.02195250501632488,0.1947920381310144,0.5878404736994078,0.27424382733416397,0.12077229865213215,0.5758328785750213,0.10079571108620357,0.10021149809123296,0.10032491700053033,0.10079571108620357,0.1344677537722686,0.42801298991456077,-0.019652368293375112,0.13811796038117827,0.44425221201881426,0.10032491700053033,0.024562837222346513,0.46336875014535467,-0.025231260274487844,0.10032491700053033,0.10079571108620357,0.10021149809123296,0.0019218727641419173,0.05323525636983843,0.10032491700053033,0.10032491700053033,0.03872122427110497,0.08719817013768215,0.06732068461960793
ST_Elev_V3_count,0.12814642346507774,0.10554994947605083,0.192292052712731,0.0704557606189327,-0.08524393828272972,0.09327988233182097,0.8162416589242263,0.13608991630457998,0.8162416589242263,0.19474405859149949,-0.013852249368270805,-0.06170190246194097,1.0,0.8163531926373286,-0.027043497768961713,0.15288267260892408,0.01786349852660369,1.0,0.8162416589242263,-0.048457504779620214,0.8163531926373286,-0.08176343404840906,-0.023122865370006886,-0.24960516438267727,0.8162416589242263,0.08889829590598936,0.10952876817120823,0.04290128049362426,0.08407429946472755,0.8163531926373286,0.2288153921112465,0.1210744951019413,0.8162416589242263,0.03848718069496327,0.8163531926373286,-0.10028617807636117,0.8162416589242263,0.8162416589242263,0.12260899877278765,0.8163531926373286,-0.06304440170218713,1.0,0.8162416589242263,-0.02451429462305746,-0.07836996684112897,0.8162416589242263,0.12996298332215545,0.11005196824995508,0.8163531926373286,0.11028413325874484,0.11653202802305034,0.12008647242401325,0.10079571108620357,1.0,-0.25358245463854895,0.8162416589242263,0.07886471919830995,0.11933863062475396,0.8162416589242263,0.08733784552807461,-0.012122733238447697,-0.020612635863391713,0.8121287169954822,0.8162416589242263,0.03990426860452024,1.0,0.09201076342604572,0.8163531926373286,0.18967196074544482,0.0658283578738903,0.12007144344236996,-0.2837381488125199,-0.06375218447900936,0.10613053885538631,-0.25876511676569974,0.1136084073930602,0.044507881788299855,-0.12977808021316706,0.1216564315268615,0.8162416589242263,0.1140796359253894,0.14828316595314642,1.0,-0.2804065569668011,-0.012899589328973761,0.12991631876681964,1.0,0.12190557040500812,0.11328618624341319,-0.030234901354675086,1.0,0.11462667944622205,0.03665154491431462,0.14021767814832722,0.0969601860145233,0.1381374359602978,0.8162416589242263,0.8162416589242263,0.11242043403603665,-0.11861151595964568,0.8162416589242263,-0.004360388675636503,-0.03925666539109328,0.004363506116147152,1.0,0.008252920234789336,0.8162416589242263,0.8162416589242263,-0.08106357549644287,-0.2534397814795543,0.8162416589242263,0.12668942252896853,0.8162416589242263,-0.2443545763477994,0.8162416589242263,-0.04320522331729734,0.009414769979632037,-0.04498343097548076,0.12076043090415182,0.10471315524842559,-0.786943258879698,0.8162416589242263,0.04159993432099546,0.8162416589242263,0.8162416589242263,-0.06961467003902422,-0.08942349906544854,0.8162416589242263,0.8162416589242263,0.11492387319023462,0.25359018325397326,0.17646686270576492,0.11629940685022952,0.15286879414944599,0.16666605678758878,0.11871723981935647,1.0,0.8163531926373286,0.8162416589242263,1.0,0.09171347942233256,0.12557821475693853,-0.10990624785399787,0.07950300954617058,0.10432376520308477,0.8162416589242263,0.03720157709406879,0.09833562950118685,0.12876644141202553,0.8162416589242263,1.0,0.8163531926373286,-0.04142689078362505,-0.11192754709640036,0.8162416589242263,0.8162416589242263,-0.1862219772039931,0.025570269842546935,-0.172039276874469
ST_Elev_I,-0.03495649347943824,-0.025313334080808363,-0.20001606921452358,-0.11380680975703597,0.24495710193820855,-0.02875568504867136,-0.25358245463854895,-0.10003829388556867,-0.25358245463854895,-0.2490636418956741,0.21895346604678032,-0.20258610897832374,-0.25358245463854895,-0.25358245463854895,-0.18203416165607836,-0.2868606923037592,0.07490470424395072,-0.25358245463854895,-0.25358245463854895,0.1047024956816431,-0.25358245463854895,0.3199251134265678,0.3064284048573789,0.5790656744333073,-0.25358245463854895,-0.005423786122755601,0.008134271869478928,-0.008502261400643816,-0.02063912925040892,-0.25358245463854895,-0.48511815573652173,-0.08661451912227155,-0.25358245463854895,-0.2536016411848972,-0.25358245463854895,0.32515255951840627,-0.25358245463854895,-0.25358245463854895,-0.02331046543652512,-0.25358245463854895,-0.240659953724488,-0.25358245463854895,-0.25358245463854895,0.10087740280505639,0.13524016740591988,-0.25358245463854895,-0.012482627707566718,-0.034010265963864764,-0.25358245463854895,-0.03473270128578419,-0.20363441650038022,-0.014507404548011879,0.004350969254269135,-0.25358245463854895,1.0,-0.25358245463854895,-0.17521071383385314,-0.02842199580209067,-0.25358245463854895,-0.07074155646216755,0.09905193092960703,-0.1985109756409942,-0.2533517476999274,-0.25358245463854895,-0.2524761424106671,-0.25358245463854895,-0.06506631142859194,-0.25358245463854895,-0.22628577437658165,-0.037624288851832124,-0.028829086970159474,0.20332386197675664,0.1666227960695187,-0.23155818760104566,0.4477274432214412,0.023130613502685693,-0.0870806639017748,0.35233867367440325,-0.03816401014050042,-0.25358245463854895,-0.016970889597185543,-0.035200767187975775,-0.25358245463854895,0.2629034802444849,0.06670384083426198,-0.07416143119165108,-0.25358245463854895,0.006786278179519065,-0.02686143076762011,0.20744466929601207,-0.25358245463854895,-0.03445456509556878,-0.00417465201665367,-0.030284144247268083,-0.03492534553513397,-0.040744541871161805,-0.25358245463854895,-0.25358245463854895,0.008085915384096932,-0.1903999737356379,-0.25358245463854895,0.1989315305482919,-0.21589859882432136,-0.0005534094973638478,-0.25358245463854895,-0.3168715692885558,-0.25358245463854895,-0.25358245463854895,0.048116244569113814,0.6037203287466979,-0.25358245463854895,-0.01989931147435652,-0.25358245463854895,0.40421048476895916,-0.25358245463854895,0.25840667593582406,-0.03871826425389529,0.08254007134564802,-0.0472860498078324,-0.05300011279882543,0.26074938689500265,-0.25358245463854895,0.0703573387085255,-0.25358245463854895,-0.25358245463854895,0.02978110254246352,0.1257289224853755,-0.25358245463854895,-0.25358245463854895,-0.01486188747870948,-0.6807794756882569,-0.13599165134356628,-0.008245115751070934,-0.11048223489463775,-0.2127201627163163,-0.011600364401595498,-0.25358245463854895,-0.25358245463854895,-0.25358245463854895,-0.25358245463854895,0.04762622549268552,-0.022354213977281122,0.6305964859534227,-0.0644318638317257,-0.014363221693023493,-0.25358245463854895,-0.21881146441446736,-0.012716279824276887,-0.3039866292422338,-0.25358245463854895,-0.25358245463854895,-0.25358245463854895,-0.13660705598929485,0.35557058459930707,-0.25358245463854895,-0.25358245463854895,0.13434910238773148,-0.1394577669351623,0.10734459492817114
R_Amp_aVL_count,0.13001534003225348,0.11464232648521333,0.192292052712731,0.0704557606189327,-0.09738955887776468,0.10562471071978288,1.0,0.15232291908546677,1.0,0.19474405859149949,-0.004079108389680102,-0.1010795432733466,0.8162416589242263,0.9998676111299506,-0.042044025894865514,0.15288267260892408,0.012514740503856344,0.8162416589242263,1.0,-0.0536195047768743,0.9998676111299506,-0.09618773336230006,-0.01195991408952987,-0.24960516438267727,1.0,0.10043427004334168,0.11827861546595629,0.04290128049362426,0.10091886512501962,0.9998676111299506,0.27619701014574816,0.13788145781552436,1.0,0.04390776387885272,0.9998676111299506,-0.10172218032146402,1.0,1.0,0.13361466488107532,0.9998676111299506,-0.06304440170218713,0.8162416589242263,1.0,-0.031081310772127984,-0.0867220624473799,1.0,0.14007670350736617,0.11152108086813146,0.9998676111299506,0.12276782954419246,0.11653202802305034,0.1318071923898046,0.10032491700053033,0.8162416589242263,-0.25358245463854895,1.0,0.08884407449836429,0.12029666621863966,1.0,0.09316818293243911,-0.011145375161925238,-0.03330246363179656,0.9953264315900904,1.0,0.04615314341494943,0.8162416589242263,0.09520697281080748,0.9998676111299506,0.18967196074544482,0.0746269831584526,0.1307988459011755,-0.2837381488125199,-0.06850770861792824,0.10613053885538631,-0.25876511676569974,0.12040067249825367,0.054599404862743776,-0.1434550464453895,0.13194289943624904,1.0,0.12553818366169545,0.16571761536067905,0.8162416589242263,-0.2804065569668011,-0.01720161256557165,0.1471435074965606,0.8162416589242263,0.11960854425673513,0.10760311816772491,-0.045067337047620566,0.8162416589242263,0.1298133598312867,0.03776410377000593,0.14568305357028172,0.10079178640760923,0.14991578310400233,1.0,1.0,0.11477411181962201,-0.11861151595964568,1.0,-0.0025137544857759407,-0.056544557019696066,0.008709385049436838,0.8162416589242263,-0.0042493839657625,1.0,1.0,-0.10876487679626276,-0.2534397814795543,1.0,0.13673594421753205,1.0,-0.2443545763477994,1.0,-0.036732952831792384,0.005761531833560238,-0.04314647471060189,0.1375173834129979,0.11718604355219234,-0.9736027364885587,1.0,0.053373727936301185,1.0,1.0,-0.09134846664313583,-0.1062813027324451,1.0,1.0,0.12205598888745056,0.25359018325397326,0.17646686270576492,0.12575801217621446,0.1722498620754868,0.16666605678758878,0.11949323212356747,0.8162416589242263,0.9998676111299506,1.0,0.8162416589242263,0.09171347942233256,0.1385706579985287,-0.10990624785399787,0.07950300954617058,0.10977412207539503,1.0,0.03712437869653792,0.11006878488331456,0.14627146173606997,1.0,0.8162416589242263,0.9998676111299506,-0.05766361423223464,-0.1316082108454076,1.0,1.0,-0.1862219772039931,0.010944198656912643,-0.20305917979626326
T_Amp_III,0.03995987669886219,0.04849855383964046,-0.04707144634278454,-0.2858519891287707,0.3776914736948686,0.05858105162739917,0.08884407449836429,0.012509071397481662,0.08884407449836429,-0.053329285507630116,-0.13007174341258584,0.03416162513184078,0.07886471919830995,0.0889269581114625,0.042744700789472984,-0.029559693078027565,0.13326152536583297,0.07886471919830995,0.08884407449836429,-0.05523164616084691,0.0889269581114625,0.09030710175362006,-0.11279089131534507,-0.019483680881819326,0.08884407449836429,0.052917510494288146,0.0439207952181972,-0.164345078246099,0.09875049375974908,0.0889269581114625,0.003976307915497715,0.024474513030550107,0.08884407449836429,0.043990409174066304,0.0889269581114625,-0.6013095570523003,0.08884407449836429,0.08884407449836429,0.07669429408754132,0.0889269581114625,0.3004488091606479,0.07886471919830995,0.08884407449836429,-0.09756964419663613,-0.10063035439517956,0.08884407449836429,0.04408223959854044,0.05299519423478309,0.0889269581114625,0.07199142555796216,0.0681500437452366,0.03785298124375043,0.03584200598189944,0.07886471919830995,-0.17521071383385314,0.08884407449836429,1.0,0.05538088775739371,0.08884407449836429,-0.016626659168661247,0.050962208401962,0.05241511760302172,0.09066696826591296,0.08884407449836429,0.07373195104127456,0.07886471919830995,-0.008617381395552433,0.0889269581114625,-0.03594678654339888,0.022898713705473556,0.020921032538508452,0.035501732993987276,-0.07591308209301931,-0.17082747728905723,0.0907463348683911,0.04945359838840377,0.11245166666895848,-0.25638540193625975,0.06710007532118219,0.08884407449836429,0.05343001232804075,0.0571062557924875,0.07886471919830995,0.051179311098154885,0.6812583393125033,0.0413207537048518,0.07886471919830995,0.0567615067547671,0.017741592602115264,0.13757675436568842,0.07886471919830995,0.015685466467124102,0.06219558409992804,0.0551035347477576,0.03734172891608158,0.04455645135737803,0.08884407449836429,0.08884407449836429,0.04756166364490612,0.12564404336127302,0.08884407449836429,-0.08678714496861613,-0.07625933924588825,0.013750853928806341,0.07886471919830995,0.04434332576886526,0.08884407449836429,0.08884407449836429,-0.07275731352258288,-0.03010249107833272,0.08884407449836429,0.0641176539330353,0.08884407449836429,0.035910844169796674,0.08884407449836429,-0.11810690604877254,-0.03076325686322255,-0.08382786544609125,0.06653736618986965,0.013385722495208977,-0.08446585027690061,0.08884407449836429,0.06486303000676254,0.08884407449836429,0.08884407449836429,-0.05671534561797225,-0.07137267349544865,0.08884407449836429,0.08884407449836429,0.06801446940647475,0.03758137113399161,-0.0021692524329345185,0.07258367628942025,0.07786169490550104,-0.04550206704688899,0.024023988201819044,0.07886471919830995,0.0889269581114625,0.08884407449836429,0.07886471919830995,-0.06948835629835774,0.04455562890933714,-0.2713517672073837,0.10723031331569936,0.05113201881080644,0.08884407449836429,0.012730556474194075,0.0503769797537575,0.16503837165273788,0.08884407449836429,0.07886471919830995,0.0889269581114625,0.007332709622688497,0.08263506006726593,0.08884407449836429,0.08884407449836429,0.2557558287885122,0.02779193185019024,-0.053314854726916695
S_Amp_V3_iqr,0.3505604792460197,0.504879468124078,0.28376204103765706,0.08943718735821936,0.01678024409572648,0.3313254140112087,0.12029666621863966,0.33491600414667166,0.12029666621863966,0.18916664019602178,-0.005098277808059856,-0.00011059171206928856,0.11933863062475396,0.12013361978716819,0.034893598155184426,0.06418446077408431,-0.004854657858429369,0.11933863062475396,0.12029666621863966,-0.03869676889721926,0.12013361978716819,0.008133211637596722,-0.02639861284736576,-0.008101548997793787,0.12029666621863966,0.43732882172931276,0.4175527725825579,0.054830739636279775,-0.036066743325915515,0.12013361978716819,0.03069013372054291,0.3496515306009363,0.12029666621863966,0.03922838406334333,0.12013361978716819,-0.04887277082283063,0.12029666621863966,0.12029666621863966,0.48979545561715043,0.12013361978716819,0.04356399274873666,0.11933863062475396,0.12029666621863966,-0.033045727502281255,0.1390793597307691,0.12029666621863966,0.35697851855956997,0.5213815837384977,0.12013361978716819,0.47818035095976924,0.03553840152407737,0.4684163515141504,0.40098144837105404,0.11933863062475396,-0.02842199580209067,0.12029666621863966,0.05538088775739371,1.0,0.12029666621863966,0.2531661317748408,-0.057387374737055935,0.04095923269965301,0.11943403823309387,0.12029666621863966,0.037402739097214616,0.11933863062475396,0.2571768337305327,0.12013361978716819,0.1917009207377087,-0.009881204278936176,0.4322579266363035,-0.046633873628374976,0.014645512740572283,0.08244217692873702,-0.0037055654519377017,0.4311117565805781,0.03751838187947475,-0.03172912118474311,0.4532664573419104,0.12029666621863966,0.49516988157251374,0.3503935494106734,0.11933863062475396,-0.052739148213367414,0.03851583359618121,0.3929497134573066,0.11933863062475396,0.38745268678475614,0.3560156068750687,0.003361400084170953,0.11933863062475396,0.30433784000263,0.005869082936740286,0.3971467049392353,0.45220424323004393,0.5365675041114512,0.12029666621863966,0.12029666621863966,0.4198087671322484,-0.03747475749073305,0.12029666621863966,-0.04458853122487912,0.027547930150522874,-0.1765997758043534,0.11933863062475396,0.030682550366794792,0.12029666621863966,0.12029666621863966,0.012993413474500221,-0.004150166977778234,0.12029666621863966,0.4040483121539686,0.12029666621863966,-0.020290695291601903,0.12029666621863966,-0.015586648854235682,-0.1775825003022491,0.045580220624893725,0.3023266095498809,0.2754644601626564,-0.11701558398501595,0.12029666621863966,0.008207267729910626,0.12029666621863966,0.12029666621863966,0.062328092669243114,0.04757823256694819,0.12029666621863966,0.12029666621863966,0.39445449902406515,0.012946622509987791,0.18991386394209772,0.3819649408272203,0.5517802920158072,0.15140877541226305,0.3991308525385325,0.11933863062475396,0.12013361978716819,0.12029666621863966,0.11933863062475396,0.11892003015622306,0.6684395824158312,-0.04296234291091563,0.056943320713635726,0.46336475007730993,0.12029666621863966,-0.014221575409808644,0.48478632434482627,0.021265574390081844,0.12029666621863966,0.11933863062475396,0.12013361978716819,0.019114866513351158,0.006320858539848527,0.12029666621863966,0.12029666621863966,0.029631660513838365,0.078060405140847,0.047975943760807514
Q_Amp_V3_count,0.13001534003225348,0.11464232648521333,0.192292052712731,0.0704557606189327,-0.09738955887776468,0.10562471071978288,1.0,0.15232291908546677,1.0,0.19474405859149949,-0.004079108389680102,-0.1010795432733466,0.8162416589242263,0.9998676111299506,-0.042044025894865514,0.15288267260892408,0.012514740503856344,0.8162416589242263,1.0,-0.0536195047768743,0.9998676111299506,-0.09618773336230006,-0.01195991408952987,-0.24960516438267727,1.0,0.10043427004334168,0.11827861546595629,0.04290128049362426,0.10091886512501962,0.9998676111299506,0.27619701014574816,0.13788145781552436,1.0,0.04390776387885272,0.9998676111299506,-0.10172218032146402,1.0,1.0,0.13361466488107532,0.9998676111299506,-0.06304440170218713,0.8162416589242263,1.0,-0.031081310772127984,-0.0867220624473799,1.0,0.14007670350736617,0.11152108086813146,0.9998676111299506,0.12276782954419246,0.11653202802305034,0.1318071923898046,0.10032491700053033,0.8162416589242263,-0.25358245463854895,1.0,0.08884407449836429,0.12029666621863966,1.0,0.09316818293243911,-0.011145375161925238,-0.03330246363179656,0.9953264315900904,1.0,0.04615314341494943,0.8162416589242263,0.09520697281080748,0.9998676111299506,0.18967196074544482,0.0746269831584526,0.1307988459011755,-0.2837381488125199,-0.06850770861792824,0.10613053885538631,-0.25876511676569974,0.12040067249825367,0.054599404862743776,-0.1434550464453895,0.13194289943624904,1.0,0.12553818366169545,0.16571761536067905,0.8162416589242263,-0.2804065569668011,-0.01720161256557165,0.1471435074965606,0.8162416589242263,0.11960854425673513,0.10760311816772491,-0.045067337047620566,0.8162416589242263,0.1298133598312867,0.03776410377000593,0.14568305357028172,0.10079178640760923,0.14991578310400233,1.0,1.0,0.11477411181962201,-0.11861151595964568,1.0,-0.0025137544857759407,-0.056544557019696066,0.008709385049436838,0.8162416589242263,-0.0042493839657625,1.0,1.0,-0.10876487679626276,-0.2534397814795543,1.0,0.13673594421753205,1.0,-0.2443545763477994,1.0,-0.036732952831792384,0.005761531833560238,-0.04314647471060189,0.1375173834129979,0.11718604355219234,-0.9736027364885587,1.0,0.053373727936301185,1.0,1.0,-0.09134846664313583,-0.1062813027324451,1.0,1.0,0.12205598888745056,0.25359018325397326,0.17646686270576492,0.12575801217621446,0.1722498620754868,0.16666605678758878,0.11949323212356747,0.8162416589242263,0.9998676111299506,1.0,0.8162416589242263,0.09171347942233256,0.1385706579985287,-0.10990624785399787,0.07950300954617058,0.10977412207539503,1.0,0.03712437869653792,0.11006878488331456,0.14627146173606997,1.0,0.8162416589242263,0.9998676111299506,-0.05766361423223464,-0.1316082108454076,1.0,1.0,-0.1862219772039931,0.010944198656912643,-0.20305917979626326
R_Amp_aVL_iqr,0.33449785994973114,0.2697734076760186,0.12893270128924414,0.1553651814944464,-0.02294963285585394,0.238198963183775,0.09316818293243911,0.3271473513932207,0.09316818293243911,0.13305794893996867,-0.11743461697346519,-0.0275660630551475,0.08733784552807461,0.09319663478239738,0.06580617698866228,0.08560018026475065,0.004642455170177329,0.08733784552807461,0.09316818293243911,0.04126178300669641,0.09319663478239738,-0.019604922170618162,-0.11709575430312949,-0.03463304112222786,0.09316818293243911,0.25988398373595895,0.29936683905502615,0.11562105380486899,-0.20713134926884325,0.09319663478239738,0.026015903975732387,0.2841839900769811,0.09316818293243911,-0.01586927983474195,0.09319663478239738,-0.001761520915488842,0.09316818293243911,0.09316818293243911,0.2622717972806469,0.09319663478239738,0.028418867351943464,0.08733784552807461,0.09316818293243911,-0.005712559651562268,0.01061293782133997,0.09316818293243911,0.370151754238027,0.24064609744076204,0.09319663478239738,0.2493659274882784,0.05038158779874113,0.25519992405157094,0.4103934028110114,0.08733784552807461,-0.07074155646216755,0.09316818293243911,-0.016626659168661247,0.2531661317748408,0.09316818293243911,1.0,0.004363572937084333,0.014361027946843685,0.0934331067616183,0.09316818293243911,-0.03167169188294089,0.08733784552807461,0.6051294803440378,0.09319663478239738,0.12873043481623003,0.1053346920274919,0.2518944136599461,-0.019600836141880497,0.058870611731313985,0.114395800390597,-0.03313529595485192,0.34779679811251735,-0.10736424431452463,-0.011734109105115895,0.25620520983650025,0.09316818293243911,0.27186860177012645,0.3683793818622957,0.08733784552807461,-0.029452537070955426,-0.023185577532840083,0.3175446015038634,0.08733784552807461,0.3824896773321204,0.34922984376933575,-0.014921469854577723,0.08733784552807461,0.4862065393188179,0.018856497674919714,0.31465461430535374,0.22946587126125567,0.245071426576587,0.09316818293243911,0.09316818293243911,0.3709236077331445,0.021057521440790844,0.09316818293243911,0.04885858388550231,0.2626396339294783,-0.01657101962170559,0.08733784552807461,0.19737188644682116,0.09316818293243911,0.09316818293243911,0.11188155387383063,-0.03851477457395492,0.09316818293243911,0.295145243650968,0.09316818293243911,-0.030434890868835524,0.09316818293243911,-0.04824068608011797,-0.004952671623973796,0.0017668232611188607,0.19990235517059046,0.6171527420761205,-0.09115259289570674,0.09316818293243911,-0.12197761591344633,0.09316818293243911,0.09316818293243911,0.16747255050696702,0.03220949835851113,0.09316818293243911,0.09316818293243911,0.3651145209572574,0.0566228236857334,0.10949938693520887,0.390587295106623,0.24054798837357097,0.10509389199433987,0.3283622682099398,0.08733784552807461,0.09319663478239738,0.09316818293243911,0.08733784552807461,0.10469549288334905,0.2623581846760991,-0.0750025961078449,0.07305522642625739,0.2590769483884276,0.09316818293243911,-0.0030265466331814103,0.2537253993084222,0.028130772117841586,0.09316818293243911,0.08733784552807461,0.09319663478239738,0.09715541750894582,-0.024288649261587913,0.09316818293243911,0.09316818293243911,-0.0006835262567059913,0.09112007783971277,0.06596655548039375
S_Amp_V2,-0.008421737439187851,0.007583813761350892,0.027821751181197243,-0.030415947003239692,0.026352817056699215,0.03643668942865923,-0.011145375161925238,-0.020160187533070115,-0.011145375161925238,0.010493583708260574,-0.13845768797572158,-0.028378184144168938,-0.012122733238447697,-0.011132763340674146,-0.09074935767731575,-0.004127656588243733,-0.03951042944571049,-0.012122733238447697,-0.011145375161925238,-0.06003123001755059,-0.011132763340674146,-0.00898046610800828,0.16788572005204672,0.09146407743081988,-0.011145375161925238,-0.0024107080425841755,0.03446152653204304,-0.00017797978750011594,0.01704745482558342,-0.011132763340674146,-0.022508529236695208,-0.05290639225928322,-0.011145375161925238,0.013821384520547347,-0.011132763340674146,-0.04138187607683982,-0.011145375161925238,-0.011145375161925238,0.002740383547616205,-0.011132763340674146,-0.050525189794781405,-0.012122733238447697,-0.011145375161925238,0.11771548801511293,-0.3217724591709093,-0.011145375161925238,0.003521942154569074,-0.07898790604173744,-0.011132763340674146,-0.002229747028666897,0.03255637144988299,-0.016880592410958604,0.017387078157270995,-0.012122733238447697,0.09905193092960703,-0.011145375161925238,0.050962208401962,-0.057387374737055935,-0.011145375161925238,0.004363572937084333,1.0,-0.04290983705689442,-0.011023595456585258,-0.011145375161925238,-0.026537235007623484,-0.012122733238447697,-0.021051306499934717,-0.011132763340674146,-0.012964205591638172,0.4573205840489264,-0.024892010861150123,0.31393956573031745,0.0950741735069582,-0.02603735624542325,0.028963807198436338,0.03608413380211756,0.14132125233178766,-0.024317860127177602,0.04105911144409418,-0.011145375161925238,0.017764701132142065,0.02113730895303939,-0.012122733238447697,0.24411486479895655,0.036365921859285874,0.009704986997805332,-0.012122733238447697,0.012287325539187271,-0.0026728265303021873,-0.041608781972665834,-0.012122733238447697,0.031489685602052724,-0.08853929066122532,0.0009549656598390197,-0.06928163166767962,0.05339012536292757,-0.011145375161925238,-0.011145375161925238,0.037145398995689,0.09355926822186135,-0.011145375161925238,-0.051997132221495684,-0.15673799337987446,0.5332355791705093,-0.012122733238447697,-0.18809779429271298,-0.011145375161925238,-0.011145375161925238,0.023023055310181794,0.05424931953237075,-0.011145375161925238,0.009019039298733642,-0.011145375161925238,0.14328502712728416,-0.011145375161925238,0.14769601123364304,0.2179302401712318,-0.33938908659575395,0.05010813024166959,0.02816024814912931,0.010754793558058482,-0.011145375161925238,0.12063396850428115,-0.011145375161925238,-0.011145375161925238,0.09056546492854525,-0.1354755609022215,-0.011145375161925238,-0.011145375161925238,0.0004547448893388823,-0.08688042742901904,0.08839404616421292,0.008178768693985105,-0.034967218936788946,-0.005294686807211281,0.018765249580568293,-0.012122733238447697,-0.011132763340674146,-0.011145375161925238,-0.012122733238447697,0.01863766672641292,0.010433457239396206,0.09859671572169686,0.04998642827700966,-0.009908209709669115,-0.011145375161925238,0.11597205461002509,0.01474256586137697,-0.09569523396461314,-0.011145375161925238,-0.012122733238447697,-0.011132763340674146,-0.09638977627766988,0.018621629612578846,-0.011145375161925238,-0.011145375161925238,-0.016879276382365794,0.021879019256171,0.04597320695838908
Q_Amp_II,0.04088585394517165,0.05799621965483177,0.12829863884458212,0.22198044373931203,-0.1758584059948945,-0.037898657430571685,-0.03330246363179656,0.04914835928952204,-0.03330246363179656,0.1753773563945371,0.12183136013162435,0.29107858952620186,-0.020612635863391713,-0.033277585539769,0.7189612079288579,0.23967963621920274,-0.11740935008252894,-0.020612635863391713,-0.03330246363179656,-0.33957124112683934,-0.033277585539769,-0.22444541698055684,-0.5464806699873658,-0.08624889928089649,-0.03330246363179656,0.004079592779655448,0.02607929831773675,0.059511650978498316,0.4001147702112764,-0.033277585539769,0.25960060251320666,0.01655675952785474,-0.03330246363179656,0.5925888031510667,-0.033277585539769,-0.20403194843508032,-0.03330246363179656,-0.03330246363179656,0.08737671686944692,-0.033277585539769,0.21920906863445744,-0.020612635863391713,-0.03330246363179656,-0.19245346906378227,-0.20005687833014077,-0.03330246363179656,0.00598432497188635,0.07655654201421883,-0.033277585539769,0.07359688040832299,0.152297289605092,0.046804924318682745,0.010244411574527726,-0.020612635863391713,-0.1985109756409942,-0.03330246363179656,0.05241511760302172,0.04095923269965301,-0.03330246363179656,0.014361027946843685,-0.04290983705689442,1.0,-0.033098730367360774,-0.03330246363179656,0.6184256797462228,-0.020612635863391713,0.0015713510604536418,-0.033277585539769,0.19131532349215175,-0.09971102047931674,0.024055238811791373,-0.03889027935889382,-0.63591336486588,0.25834070826552796,0.014187713673263835,0.003128027659739717,0.1064198780083643,-0.24697803555816533,0.11217522352371025,-0.03330246363179656,0.06268166728750034,-0.03274705380509344,-0.020612635863391713,0.003827065514742941,-0.07706022480683677,0.05371544512365114,-0.020612635863391713,-0.006651228843993011,0.04185428890987907,-0.16695385624393824,-0.020612635863391713,-0.04233439364803872,-0.10229347692235499,0.061447006414830994,0.07989744094174431,0.06393986226888236,-0.03330246363179656,-0.03330246363179656,0.004525002616984627,0.015039775804791664,-0.03330246363179656,-0.6952007366259214,0.05139528791289547,0.12746712312878164,-0.020612635863391713,0.3827042941712861,-0.03330246363179656,-0.03330246363179656,-0.29158988722094603,-0.10209858838023354,-0.03330246363179656,0.11232670019172508,-0.03330246363179656,-0.01684280150455457,-0.03330246363179656,-0.6250522917687427,0.13972291904361814,0.054443139772383124,0.018733918790394814,-0.01535747839314529,0.025843218647484973,-0.03330246363179656,-0.33809920098162793,-0.03330246363179656,-0.03330246363179656,-0.2930310988396634,-0.31872887399720756,-0.03330246363179656,-0.03330246363179656,0.08350537776977121,0.10145423457269179,0.11505268403146773,0.013646199354519934,0.04223977203236421,0.18913182306891763,0.033730500296380465,-0.020612635863391713,-0.033277585539769,-0.03330246363179656,-0.020612635863391713,0.039267089240966946,0.040955286630505024,-0.25765746732954387,0.02394758521150518,0.02890121527491401,-0.03330246363179656,0.4734130927782298,0.05547109568210483,0.0721330507460115,-0.03330246363179656,-0.020612635863391713,-0.033277585539769,0.5325341911787417,-0.22772794401196364,-0.03330246363179656,-0.03330246363179656,0.12492792261274276,0.14953133066991467,0.021165727994604876
QRS_Dur_Global_count,0.12668112151944028,0.11323491792335191,0.1903301025288602,0.0668949114698479,-0.09252821393098935,0.10489772736944243,0.9953264315900904,0.15204744275341345,0.9953264315900904,0.19178997283471919,-0.0024750513642803557,-0.10054298893206641,0.8121287169954822,0.995192226949599,-0.041948568733440716,0.15064667668088028,0.018199932447114344,0.8121287169954822,0.9953264315900904,-0.052608331241514615,0.995192226949599,-0.09186583192929845,-0.0124910337285433,-0.24863116661635343,0.9953264315900904,0.09994221832458659,0.11593680007005651,0.038558548829698246,0.1005132577182074,0.995192226949599,0.2739079939322083,0.13815174122264773,0.9953264315900904,0.04343027526249424,0.995192226949599,-0.0976442213636338,0.9953264315900904,0.9953264315900904,0.13180161539800492,0.995192226949599,-0.06327676552093062,0.8121287169954822,0.9953264315900904,-0.030223716636314124,-0.08609542984882308,0.9953264315900904,0.1386182832311426,0.10963188388090873,0.995192226949599,0.12039261788756864,0.11326102921787437,0.12941601754523058,0.0984471433987329,0.8121287169954822,-0.2533517476999274,0.9953264315900904,0.09066696826591296,0.11943403823309387,0.9953264315900904,0.0934331067616183,-0.011023595456585258,-0.033098730367360774,1.0,0.9953264315900904,0.045377376025049314,0.8121287169954822,0.09432857960195093,0.995192226949599,0.18723166258022192,0.07344688982859247,0.127985018597474,-0.2886891451116496,-0.06848944432938983,0.10307611016950236,-0.2578353210445601,0.11913425866113861,0.052717986023493486,-0.13889747092288462,0.1296666975528515,0.9953264315900904,0.12466591947096034,0.16486350068459413,0.8121287169954822,-0.28262714178013115,-0.013244296257288757,0.1456660897075857,0.8121287169954822,0.11731096330008556,0.10468098361951589,-0.041230048836556454,0.8121287169954822,0.12992269178272856,0.04505684193043853,0.1428524105475337,0.09931177565987617,0.14903938899868371,0.9953264315900904,0.9953264315900904,0.11340861642381728,-0.12041794461397101,0.9953264315900904,-0.0016596167103885616,-0.055959624249349936,0.009279949069092993,0.8121287169954822,-0.0039859983435277255,0.9953264315900904,0.9953264315900904,-0.10808372021417083,-0.2533281686794509,0.9953264315900904,0.134631443930249,0.9953264315900904,-0.24482799713636352,0.9953264315900904,-0.03690033568312735,0.006688437213132012,-0.041957124174441515,0.13593873704267692,0.11693631484044044,-0.9659827634242714,0.9953264315900904,0.05156270027274001,0.9953264315900904,0.9953264315900904,-0.09093378002597852,-0.10487213849545057,0.9953264315900904,0.9953264315900904,0.12075178856761166,0.2506204650805429,0.17349751479545847,0.12477828728266309,0.17057046397093698,0.1631929785527228,0.11609835465805048,0.8121287169954822,0.995192226949599,0.9953264315900904,0.8121287169954822,0.0897793431649865,0.13723526923082127,-0.11043211361464861,0.07696709785594803,0.10766489270070191,0.9953264315900904,0.036547266398487446,0.10836185386615817,0.14614449327342002,0.9953264315900904,0.8121287169954822,0.995192226949599,-0.05650680163681439,-0.1268104907258451,0.9953264315900904,0.9953264315900904,-0.1849129014493397,0.011404286835655955,-0.20234533361979282
Q_Amp_V2_count,0.13001534003225348,0.11464232648521333,0.192292052712731,0.0704557606189327,-0.09738955887776468,0.10562471071978288,1.0,0.15232291908546677,1.0,0.19474405859149949,-0.004079108389680102,-0.1010795432733466,0.8162416589242263,0.9998676111299506,-0.042044025894865514,0.15288267260892408,0.012514740503856344,0.8162416589242263,1.0,-0.0536195047768743,0.9998676111299506,-0.09618773336230006,-0.01195991408952987,-0.24960516438267727,1.0,0.10043427004334168,0.11827861546595629,0.04290128049362426,0.10091886512501962,0.9998676111299506,0.27619701014574816,0.13788145781552436,1.0,0.04390776387885272,0.9998676111299506,-0.10172218032146402,1.0,1.0,0.13361466488107532,0.9998676111299506,-0.06304440170218713,0.8162416589242263,1.0,-0.031081310772127984,-0.0867220624473799,1.0,0.14007670350736617,0.11152108086813146,0.9998676111299506,0.12276782954419246,0.11653202802305034,0.1318071923898046,0.10032491700053033,0.8162416589242263,-0.25358245463854895,1.0,0.08884407449836429,0.12029666621863966,1.0,0.09316818293243911,-0.011145375161925238,-0.03330246363179656,0.9953264315900904,1.0,0.04615314341494943,0.8162416589242263,0.09520697281080748,0.9998676111299506,0.18967196074544482,0.0746269831584526,0.1307988459011755,-0.2837381488125199,-0.06850770861792824,0.10613053885538631,-0.25876511676569974,0.12040067249825367,0.054599404862743776,-0.1434550464453895,0.13194289943624904,1.0,0.12553818366169545,0.16571761536067905,0.8162416589242263,-0.2804065569668011,-0.01720161256557165,0.1471435074965606,0.8162416589242263,0.11960854425673513,0.10760311816772491,-0.045067337047620566,0.8162416589242263,0.1298133598312867,0.03776410377000593,0.14568305357028172,0.10079178640760923,0.14991578310400233,1.0,1.0,0.11477411181962201,-0.11861151595964568,1.0,-0.0025137544857759407,-0.056544557019696066,0.008709385049436838,0.8162416589242263,-0.0042493839657625,1.0,1.0,-0.10876487679626276,-0.2534397814795543,1.0,0.13673594421753205,1.0,-0.2443545763477994,1.0,-0.036732952831792384,0.005761531833560238,-0.04314647471060189,0.1375173834129979,0.11718604355219234,-0.9736027364885587,1.0,0.053373727936301185,1.0,1.0,-0.09134846664313583,-0.1062813027324451,1.0,1.0,0.12205598888745056,0.25359018325397326,0.17646686270576492,0.12575801217621446,0.1722498620754868,0.16666605678758878,0.11949323212356747,0.8162416589242263,0.9998676111299506,1.0,0.8162416589242263,0.09171347942233256,0.1385706579985287,-0.10990624785399787,0.07950300954617058,0.10977412207539503,1.0,0.03712437869653792,0.11006878488331456,0.14627146173606997,1.0,0.8162416589242263,0.9998676111299506,-0.05766361423223464,-0.1316082108454076,1.0,1.0,-0.1862219772039931,0.010944198656912643,-0.20305917979626326
Q_Amp_V6,0.05610781307122894,0.0469314412334794,0.1801744612275071,0.17999160703940895,-0.24844334870417967,0.0045841228682544305,0.04615314341494943,-0.010936524789407855,0.04615314341494943,0.2520138190070818,0.06493519180486076,0.34595296749396626,0.03990426860452024,0.04615314341494943,0.43042719174059896,0.27715957644752376,-0.16297532307543508,0.03990426860452024,0.04615314341494943,-0.46442462240540106,0.04615314341494943,-0.31816407155011567,-0.3571336983353278,-0.16260559644075726,0.04615314341494943,0.008159833713738964,0.02391447328859845,0.02482434273586165,0.377607675396251,0.04615314341494943,0.36324117650224447,-0.02748762735705538,0.04615314341494943,0.8086856187691907,0.04615314341494943,-0.25498204175594713,0.04615314341494943,0.04615314341494943,0.06627684914770227,0.04615314341494943,0.18330982331387155,0.03990426860452024,0.04615314341494943,-0.20172820108242645,-0.21683685147784804,0.04615314341494943,0.005179753038784993,0.07591123390505962,0.04615314341494943,0.06203370653871122,0.20020291417582994,0.04024561261655588,0.019923985121077903,0.03990426860452024,-0.2524761424106671,0.04615314341494943,0.07373195104127456,0.037402739097214616,0.04615314341494943,-0.03167169188294089,-0.026537235007623484,0.6184256797462228,0.045377376025049314,0.04615314341494943,1.0,0.03990426860452024,-0.023969681866757995,0.04615314341494943,0.27012096483106773,-0.09503091443761812,0.023810772984874152,-0.036829529901332335,-0.47016715660916064,0.26257429026116247,-0.08336457264192045,0.0057676265805057655,0.36998304439363877,-0.32732271838935767,0.09103592839568957,0.04615314341494943,0.04672228805545751,-0.017780980924045182,0.03990426860452024,-0.022255867303788743,-0.11239834342503989,0.010104978480256708,0.03990426860452024,0.009098351966000128,0.050122045375236186,-0.24657149739656356,0.03990426860452024,-0.04729411350021523,-0.0944769759465472,0.06459711271852586,0.06978092714852462,0.047289293242911576,0.04615314341494943,0.04615314341494943,0.01627936540033647,0.0506336445384323,0.04615314341494943,-0.6996454052470463,-0.04111040829503218,0.1355598440203231,0.03990426860452024,0.23075251769977181,0.04615314341494943,0.04615314341494943,-0.4403664417142759,-0.1809819590247276,0.04615314341494943,0.064189469291432,0.04615314341494943,-0.06964371937026742,0.04615314341494943,-0.43135034134953654,0.14537836110826127,-0.0191280148943974,0.03232014518161686,-0.04315571330405426,-0.0534427205316929,0.04615314341494943,-0.03393596137853609,0.04615314341494943,0.04615314341494943,-0.4206596371627852,-0.39781556467152257,0.04615314341494943,0.04615314341494943,0.051308254628780935,0.18594064403037758,0.12583591842105846,0.01418577016565623,0.046564590305530146,0.25632195493373094,0.03744738132656128,0.03990426860452024,0.04615314341494943,0.04615314341494943,0.03990426860452024,0.01812691897410278,0.03618529469033865,-0.270897490109662,0.05585518348963341,0.03538275730115745,0.04615314341494943,0.5612148576829206,0.042615911303730186,0.16269958885636174,0.04615314341494943,0.03990426860452024,0.04615314341494943,0.2481325202561147,-0.2914160589383454,0.04615314341494943,0.04615314341494943,0.036191316861333,0.18688841678936674,-0.012542113170202773
ST_Elev_III_count,0.12814642346507774,0.10554994947605083,0.192292052712731,0.0704557606189327,-0.08524393828272972,0.09327988233182097,0.8162416589242263,0.13608991630457998,0.8162416589242263,0.19474405859149949,-0.013852249368270805,-0.06170190246194097,1.0,0.8163531926373286,-0.027043497768961713,0.15288267260892408,0.01786349852660369,1.0,0.8162416589242263,-0.048457504779620214,0.8163531926373286,-0.08176343404840906,-0.023122865370006886,-0.24960516438267727,0.8162416589242263,0.08889829590598936,0.10952876817120823,0.04290128049362426,0.08407429946472755,0.8163531926373286,0.2288153921112465,0.1210744951019413,0.8162416589242263,0.03848718069496327,0.8163531926373286,-0.10028617807636117,0.8162416589242263,0.8162416589242263,0.12260899877278765,0.8163531926373286,-0.06304440170218713,1.0,0.8162416589242263,-0.02451429462305746,-0.07836996684112897,0.8162416589242263,0.12996298332215545,0.11005196824995508,0.8163531926373286,0.11028413325874484,0.11653202802305034,0.12008647242401325,0.10079571108620357,1.0,-0.25358245463854895,0.8162416589242263,0.07886471919830995,0.11933863062475396,0.8162416589242263,0.08733784552807461,-0.012122733238447697,-0.020612635863391713,0.8121287169954822,0.8162416589242263,0.03990426860452024,1.0,0.09201076342604572,0.8163531926373286,0.18967196074544482,0.0658283578738903,0.12007144344236996,-0.2837381488125199,-0.06375218447900936,0.10613053885538631,-0.25876511676569974,0.1136084073930602,0.044507881788299855,-0.12977808021316706,0.1216564315268615,0.8162416589242263,0.1140796359253894,0.14828316595314642,1.0,-0.2804065569668011,-0.012899589328973761,0.12991631876681964,1.0,0.12190557040500812,0.11328618624341319,-0.030234901354675086,1.0,0.11462667944622205,0.03665154491431462,0.14021767814832722,0.0969601860145233,0.1381374359602978,0.8162416589242263,0.8162416589242263,0.11242043403603665,-0.11861151595964568,0.8162416589242263,-0.004360388675636503,-0.03925666539109328,0.004363506116147152,1.0,0.008252920234789336,0.8162416589242263,0.8162416589242263,-0.08106357549644287,-0.2534397814795543,0.8162416589242263,0.12668942252896853,0.8162416589242263,-0.2443545763477994,0.8162416589242263,-0.04320522331729734,0.009414769979632037,-0.04498343097548076,0.12076043090415182,0.10471315524842559,-0.786943258879698,0.8162416589242263,0.04159993432099546,0.8162416589242263,0.8162416589242263,-0.06961467003902422,-0.08942349906544854,0.8162416589242263,0.8162416589242263,0.11492387319023462,0.25359018325397326,0.17646686270576492,0.11629940685022952,0.15286879414944599,0.16666605678758878,0.11871723981935647,1.0,0.8163531926373286,0.8162416589242263,1.0,0.09171347942233256,0.12557821475693853,-0.10990624785399787,0.07950300954617058,0.10432376520308477,0.8162416589242263,0.03720157709406879,0.09833562950118685,0.12876644141202553,0.8162416589242263,1.0,0.8163531926373286,-0.04142689078362505,-0.11192754709640036,0.8162416589242263,0.8162416589242263,-0.1862219772039931,0.025570269842546935,-0.172039276874469
R_Amp_I_iqr,0.4159410117555645,0.2658955987664859,0.1350120072535475,0.12594169548208597,-0.021518978035929073,0.2546171714370111,0.09520697281080748,0.3130780206490577,0.09520697281080748,0.13832260851509282,-0.10631729922791679,-0.00442889793913305,0.09201076342604572,0.09536201495747987,0.04873288202002867,0.10085267626697915,0.001652924027936083,0.09201076342604572,0.09520697281080748,0.034422209779752445,0.09536201495747987,-0.01631829580416415,-0.09999638476767315,-0.03785498986648302,0.09520697281080748,0.2514807532692363,0.284744828385108,0.07928355021409955,-0.2141579824144322,0.09536201495747987,0.029099959630670056,0.28312043572150286,0.09520697281080748,-0.014137486302091619,0.09536201495747987,-0.0024241070058108392,0.09520697281080748,0.09520697281080748,0.2564190967771924,0.09536201495747987,0.018933915682938805,0.09201076342604572,0.09520697281080748,-0.0022247528072763248,0.021277146983560504,0.09520697281080748,0.4865907957070018,0.23999961137644651,0.09536201495747987,0.24371262106835664,0.07004886428716435,0.24961048528504115,0.37438178354832136,0.09201076342604572,-0.06506631142859194,0.09520697281080748,-0.008617381395552433,0.2571768337305327,0.09520697281080748,0.6051294803440378,-0.021051306499934717,0.0015713510604536418,0.09432857960195093,0.09520697281080748,-0.023969681866757995,0.09201076342604572,1.0,0.09536201495747987,0.12241842280007205,0.08362022611538768,0.24133717027559443,-0.027782283632361245,0.0680649420093999,0.1055070901818754,-0.025331515822131005,0.29468150556467076,-0.09653965982970486,-0.005626506916260039,0.2377131659214716,0.09520697281080748,0.2641111868351851,0.3235687819975748,0.09201076342604572,-0.04041305671563378,-0.02090256518209847,0.3011000500521107,0.09201076342604572,0.3603656857161423,0.43293378541101907,-0.010612111904954872,0.09201076342604572,0.3622102896221311,0.014594554878930889,0.3527916137347759,0.22980043455974528,0.23634366885911978,0.09520697281080748,0.09520697281080748,0.29856572193754566,0.008805924994541067,0.09520697281080748,0.05601196961237913,0.25206523861216706,-0.044474304520975304,0.09201076342604572,0.17390810272900253,0.09520697281080748,0.09520697281080748,0.10092738326110061,-0.0380997711510028,0.09520697281080748,0.28068441418800977,0.09520697281080748,-0.040395264200240553,0.09520697281080748,-0.03447215712192756,-0.021902561817534003,0.009340545520892914,0.20058615898819726,0.41941212817275164,-0.09255677774893778,0.09520697281080748,-0.09126710906693107,0.09520697281080748,0.09520697281080748,0.1592592095735694,0.04017944985128165,0.09520697281080748,0.09520697281080748,0.30477223074351867,0.05063937430763384,0.11751537161218942,0.32163482328851234,0.24446974158386625,0.09560546745580405,0.3630372921395832,0.09201076342604572,0.09536201495747987,0.09520697281080748,0.09201076342604572,0.09380164658297581,0.25860226787888296,-0.07304313735020733,0.05319785568076274,0.2545537723812475,0.09520697281080748,-0.014856604556146694,0.2423098910339528,0.025402521298546157,0.09520697281080748,0.09201076342604572,0.09536201495747987,0.064812142117836,-0.022997799779376545,0.09520697281080748,0.09520697281080748,-0.0007957933372011905,0.08747417746220838,0.060357088545786225
T_Amp_V5_count,0.12995257293939316,0.11464232648521333,0.192292052712731,0.0704557606189327,-0.09746632767644207,0.10555542992347802,0.9998676111299506,0.15232291908546677,0.9998676111299506,0.19474405859149949,-0.004222352985228691,-0.1011709004149248,0.8163531926373286,1.0,-0.04200117770925004,0.15288267260892408,0.012684863242225114,0.8163531926373286,0.9998676111299506,-0.053650988638020786,1.0,-0.09618773336230006,-0.012004294957706631,-0.24960516438267727,0.9998676111299506,0.10030464301615434,0.11817365677665256,0.04290128049362426,0.10081553735721455,1.0,0.2762890602566783,0.13788145781552436,0.9998676111299506,0.04390776387885272,1.0,-0.10183191218901336,0.9998676111299506,0.9998676111299506,0.13361466488107532,1.0,-0.06304440170218713,0.8163531926373286,0.9998676111299506,-0.031085221406883867,-0.08676065309769959,0.9998676111299506,0.1400408067939236,0.11140561759569731,1.0,0.12276782954419246,0.11653202802305034,0.13169457829721334,0.10021149809123296,0.8163531926373286,-0.25358245463854895,0.9998676111299506,0.0889269581114625,0.12013361978716819,0.9998676111299506,0.09319663478239738,-0.011132763340674146,-0.033277585539769,0.995192226949599,0.9998676111299506,0.04615314341494943,0.8163531926373286,0.09536201495747987,1.0,0.18967196074544482,0.07454639863890686,0.13072523989833248,-0.2837381488125199,-0.06842690697462828,0.10613053885538631,-0.25876511676569974,0.12036654521754395,0.054658471800831936,-0.14357626380090682,0.13194289943624904,0.9998676111299506,0.12553818366169545,0.16562314790436738,0.8163531926373286,-0.2804065569668011,-0.01725491297171733,0.1471435074965606,0.8163531926373286,0.1195054168684212,0.10756563562690405,-0.045067337047620566,0.8163531926373286,0.12995507016431854,0.037795712380987584,0.1456097058935201,0.10066970715967344,0.14976241733290743,0.9998676111299506,0.9998676111299506,0.11472823453191673,-0.11861151595964568,0.9998676111299506,-0.0025846752624133144,-0.056472530252374774,0.008576879964916427,0.8163531926373286,-0.004209413415419973,0.9998676111299506,0.9998676111299506,-0.10876487679626276,-0.2534397814795543,0.9998676111299506,0.1366471823451923,0.9998676111299506,-0.2443545763477994,0.9998676111299506,-0.03671483041614583,0.005777190525293817,-0.043245395202741385,0.13738256156288547,0.11715824150423394,-0.9734757973359599,0.9998676111299506,0.05344532926121231,0.9998676111299506,0.9998676111299506,-0.09134846664313583,-0.1062813027324451,0.9998676111299506,0.9998676111299506,0.12200380699642198,0.25359018325397326,0.17646686270576492,0.12572992577287453,0.172070680222411,0.16666605678758878,0.11939501204245645,0.8163531926373286,1.0,0.9998676111299506,0.8163531926373286,0.09171347942233256,0.13837385805479416,-0.10990624785399787,0.07950300954617058,0.10965519731757603,0.9998676111299506,0.03712437869653792,0.11006878488331456,0.14637324782545533,0.9998676111299506,0.8163531926373286,1.0,-0.057610194010571915,-0.1316082108454076,0.9998676111299506,0.9998676111299506,-0.1862219772039931,0.01078217797580747,-0.203151124065728
ST_Elev_V5_iqr,0.16879583901085554,0.21214868441100657,0.4634656687214962,0.3479726285651456,-0.3816365462428274,0.1384991900682171,0.18967196074544482,0.25210122725028605,0.18967196074544482,0.6332813663777437,0.006190857131143878,0.12155675385688433,0.18967196074544482,0.18967196074544482,0.14346192611388767,0.5209818317686485,-0.2915033631208601,0.18967196074544482,0.18967196074544482,-0.1398626691184268,0.18967196074544482,-0.4754685527524802,-0.1574456151718546,-0.24347624192075193,0.18967196074544482,0.13060111040394126,0.1725505030730695,0.148073701323822,0.11017398155369719,0.18967196074544482,0.49839230499789916,0.14303625003207743,0.18967196074544482,0.2939582988404948,0.18967196074544482,-0.2146883395902514,0.18967196074544482,0.18967196074544482,0.3129763938299183,0.18967196074544482,0.03717563862398518,0.18967196074544482,0.18967196074544482,-0.07064555438675123,-0.056577175619632866,0.18967196074544482,0.1489394102618665,0.1941646911115614,0.18967196074544482,0.2304676168667021,0.42955203270028125,0.19234449705986628,0.1597618040983138,0.18967196074544482,-0.22628577437658165,0.18967196074544482,-0.03594678654339888,0.1917009207377087,0.18967196074544482,0.12873043481623003,-0.012964205591638172,0.19131532349215175,0.18723166258022192,0.18967196074544482,0.27012096483106773,0.18967196074544482,0.12241842280007205,0.18967196074544482,1.0,-0.028032973278402564,0.16864892160954195,-0.08186195907153714,-0.17750776363320014,0.47884302908042714,-0.20273916265086273,0.16115255294806935,0.12213073908394288,-0.37413752644737663,0.2294128100482177,0.18967196074544482,0.31747150421918546,0.14139015033649394,0.18967196074544482,-0.0957788117922218,-0.25472299475396043,0.21819557073952753,0.18967196074544482,0.13313031606031175,0.19453846485610568,-0.41650698093931576,0.18967196074544482,0.12705361682087354,-0.17188341737481622,0.177954663582845,0.1880598790351764,0.1949350271439636,0.18967196074544482,0.18967196074544482,0.15726527688406053,0.017950541854964967,0.18967196074544482,-0.21393965417817767,0.04442664414086226,0.0890909333646327,0.18967196074544482,0.13270809843065562,0.18967196074544482,0.18967196074544482,-0.21428421897963063,-0.2568385862938001,0.18967196074544482,0.16963186385070814,0.18967196074544482,-0.15297904614531482,0.18967196074544482,-0.17184746249227167,0.06628431632290777,0.020717397173381228,0.129618307418473,0.11716356875135275,-0.19785174753888388,0.18967196074544482,-0.01925687791855071,0.18967196074544482,0.18967196074544482,-0.19414070075180342,-0.16683277048027312,0.18967196074544482,0.18967196074544482,0.14293701571197057,0.2435909214256997,0.3372574260827405,0.12286169549876093,0.16879347320941476,0.6588324583546087,0.1970538630212367,0.18967196074544482,0.18967196074544482,0.18967196074544482,0.18967196074544482,0.1850240025331415,0.1874451092797561,-0.18149196669084977,0.23762865419726573,0.18200283231972625,0.18967196074544482,0.25740771279666647,0.24237168059955488,0.13222082432860913,0.18967196074544482,0.18967196074544482,0.18967196074544482,0.08111636294492447,-0.4292954594645955,0.18967196074544482,0.18967196074544482,-0.11412745106506665,0.14971015286106235,-0.00868736162017383
S_Amp_V1,0.04077238081442511,0.03433415415628704,-0.015429001437614017,-0.02450085434105411,0.039946115699773584,0.028585932263736583,0.0746269831584526,0.06674208990080421,0.0746269831584526,-0.023030063159451553,-0.21460906156235116,-0.10167915413823245,0.0658283578738903,0.07454639863890686,-0.04940980509968855,-0.043341287277944195,0.04021936800257353,0.0658283578738903,0.0746269831584526,0.06811982101052375,0.07454639863890686,0.035417296420444756,0.04153861368110448,-0.007065405173017951,0.0746269831584526,0.017867811953444945,0.050828096387857846,0.010963276820997323,-0.18988275338004426,0.07454639863890686,-0.046636280756913215,0.03897093893457497,0.0746269831584526,-0.0770095016510696,0.07454639863890686,0.012182476788036141,0.0746269831584526,0.0746269831584526,0.03928247812247859,0.07454639863890686,-0.0277888743723301,0.0658283578738903,0.0746269831584526,-0.027107568860493616,-0.1088505973738658,0.0746269831584526,0.06335234026140465,-0.011910124953969014,0.07454639863890686,0.02446450194559634,-0.007867284582702326,-0.010302500481843644,0.05140617691630961,0.0658283578738903,-0.037624288851832124,0.0746269831584526,0.022898713705473556,-0.009881204278936176,0.0746269831584526,0.1053346920274919,0.4573205840489264,-0.09971102047931674,0.07344688982859247,0.0746269831584526,-0.09503091443761812,0.0658283578738903,0.08362022611538768,0.07454639863890686,-0.028032973278402564,1.0,-0.005169427103724178,0.13694693002090577,0.15259735680773473,-0.048586785605454944,-0.04313784641308897,0.05813855708062068,-0.06073416834327371,0.03140902176038813,0.03824661533727817,0.0746269831584526,0.04945387611828225,0.05973154882120893,0.0658283578738903,0.09099598415321844,0.0312637346367414,0.0687591397155498,0.0658283578738903,0.028437651806171554,0.043396936265435504,0.01767647362758716,0.0658283578738903,0.08900217701260896,-0.019113723540242177,0.04404117832889484,-0.07502771883762145,0.051951174508050445,0.0746269831584526,0.0746269831584526,0.055796851511327385,0.1563631353429,0.0746269831584526,0.09296336588888378,0.11952174234255014,0.2503049538555945,0.0658283578738903,0.01929308446373568,0.0746269831584526,0.0746269831584526,0.1535046442858387,-0.028936516219005524,0.0746269831584526,0.03497259717893159,0.0746269831584526,0.019833894015930824,0.0746269831584526,0.0937615688318176,0.05840981460593145,-0.11116097842151387,0.029993625284940456,0.10466386523487708,-0.07417244837542793,0.0746269831584526,-0.041994679715378715,0.0746269831584526,0.0746269831584526,0.2099500871776574,0.03438520653908085,0.0746269831584526,0.0746269831584526,0.03255216771727409,0.03467696185243041,0.041123051016278694,0.03521830051675156,0.014583487020227038,-0.019163464597408277,0.05391239610972012,0.0658283578738903,0.07454639863890686,0.0746269831584526,0.0658283578738903,0.017759110763492247,0.030708311752683903,0.00043489819144622337,0.008515122422670227,0.007354992577051921,0.0746269831584526,-0.024503135187629338,0.040127556898652,-0.053076216843359135,0.0746269831584526,0.0658283578738903,0.07454639863890686,0.005015813448390751,0.046852441010753684,0.0746269831584526,0.0746269831584526,-0.03513318251326175,0.02712978412189829,-0.027974110249906748
Q_Amp_V2_iqr,0.3223044611398863,0.43139019557335684,0.18399228965647174,0.10955715522087199,0.0026535482569938983,0.3624231463408028,0.1307988459011755,0.3188654008663168,0.1307988459011755,0.17044855328055766,-0.0013914030985972493,-0.01376103785793739,0.12007144344236996,0.13072523989833248,0.015780711787911048,0.0870787563507393,0.015731318359105392,0.12007144344236996,0.1307988459011755,-0.0002426231669544169,0.13072523989833248,0.011190042820212088,-0.007188917500050735,-0.008059896899125995,0.1307988459011755,0.600100964204897,0.3763682439309499,0.08398942012198424,-0.03559157187074645,0.13072523989833248,0.019044736887743323,0.32003149135455056,0.1307988459011755,0.030488707309206886,0.13072523989833248,-0.027421400330167423,0.1307988459011755,0.1307988459011755,0.42229151025247824,0.13072523989833248,0.01881615935153311,0.12007144344236996,0.1307988459011755,0.15277887213106234,0.017363699711751057,0.1307988459011755,0.33512230460843606,0.5704691109817582,0.13072523989833248,0.40996007816747637,0.05722114561943784,0.4863322193464492,0.3674022216922736,0.12007144344236996,-0.028829086970159474,0.1307988459011755,0.020921032538508452,0.4322579266363035,0.1307988459011755,0.2518944136599461,-0.024892010861150123,0.024055238811791373,0.127985018597474,0.1307988459011755,0.023810772984874152,0.12007144344236996,0.24133717027559443,0.13072523989833248,0.16864892160954195,-0.005169427103724178,1.0,-0.07642168208211965,0.013305856760321672,0.10261588020016969,-0.017665045652176702,0.39752173266438434,0.024315388940268846,-0.020214845882228463,0.4031993585637627,0.1307988459011755,0.43034993598196314,0.33799354200098036,0.12007144344236996,-0.06105501768476201,0.009018417040930968,0.34827810619184374,0.12007144344236996,0.3486570626821209,0.31916889093112605,0.0010163797534576665,0.12007144344236996,0.30167723013156017,0.02616065456263482,0.36363781270376727,0.44085932412716294,0.4570946956706645,0.1307988459011755,0.1307988459011755,0.3837240065670931,-0.035559802411395884,0.1307988459011755,-0.025469511493549604,0.026942216354050467,-0.0671549346695333,0.12007144344236996,0.015117347956195137,0.1307988459011755,0.1307988459011755,0.030036914868146917,0.0024626024119513406,0.1307988459011755,0.3675895024403464,0.1307988459011755,-0.03430771119227677,0.1307988459011755,-0.0007865189455074593,0.03128730432595862,-0.03907759927934385,0.4616745789216663,0.27238055743034106,-0.13138479311950843,0.1307988459011755,0.013218418149166803,0.1307988459011755,0.1307988459011755,0.0548305434460585,0.03823682892875674,0.1307988459011755,0.1307988459011755,0.3634045396939806,0.015477062802443507,0.23771434695135055,0.3509946014028582,0.37516491180707895,0.15428678018904132,0.3639434317357468,0.12007144344236996,0.13072523989833248,0.1307988459011755,0.12007144344236996,0.1503406270149695,0.44671930355702555,-0.024192314109911104,0.06880188250483193,0.46267448277268025,0.1307988459011755,0.011926473617139255,0.4200717701898235,0.03311774893764653,0.1307988459011755,0.12007144344236996,0.13072523989833248,0.002902252316847647,0.011314073971869669,0.1307988459011755,0.1307988459011755,0.0024907592117077173,0.03198208546775776,0.0699036725492404
ST_Elev_V2,-0.03328411703674554,-0.04200462032797711,-0.16920759737293575,-0.04467094260278899,-0.020436291633804737,0.005889124692103996,-0.2837381488125199,-0.06830026565386041,-0.2837381488125199,-0.1085942816143734,-0.2548439294207164,0.04617297648665062,-0.2837381488125199,-0.2837381488125199,-0.04768093778299842,-0.0642937359898308,0.029388105822067995,-0.2837381488125199,-0.2837381488125199,0.03419711697178908,-0.2837381488125199,-0.05554511755315455,0.05981409774877128,0.26565489043848317,-0.2837381488125199,-0.0916449133310497,-0.02922669140098713,-0.0191132425621518,-0.07141554523214577,-0.2837381488125199,-0.0662088591668754,-0.05582515392502223,-0.2837381488125199,-0.03278816757032663,-0.2837381488125199,-0.08987390902400128,-0.2837381488125199,-0.2837381488125199,-0.025113251348666984,-0.2837381488125199,0.022729488914213072,-0.2837381488125199,-0.2837381488125199,0.050467189233995624,-0.20742184359002225,-0.2837381488125199,-0.054988855755873256,-0.056518806112111665,-0.2837381488125199,-0.019338389839176524,-0.023303653290271634,-0.06301314785460661,-0.02788204392188343,-0.2837381488125199,0.20332386197675664,-0.2837381488125199,0.035501732993987276,-0.046633873628374976,-0.2837381488125199,-0.019600836141880497,0.31393956573031745,-0.03889027935889382,-0.2886891451116496,-0.2837381488125199,-0.036829529901332335,-0.2837381488125199,-0.027782283632361245,-0.2837381488125199,-0.08186195907153714,0.13694693002090577,-0.07642168208211965,1.0,0.09456382013035579,-0.051601934214370995,0.17101544635493435,-0.025966992683393496,0.037984073529664396,-0.08445906443226331,-0.009592432742821514,-0.2837381488125199,-0.04157442733670427,-0.04045142250292541,-0.2837381488125199,0.6778312928774505,0.019736027354656703,-0.0592046013499395,-0.2837381488125199,-0.009388269284692052,-0.04757212871836433,0.0015281318309946501,-0.2837381488125199,-0.03664071991628143,-0.033115349030532065,-0.05057775456032617,-0.046368620143349436,-0.02561596799843001,-0.2837381488125199,-0.2837381488125199,-0.0251736723022001,0.37388044372933465,-0.2837381488125199,0.018034816342236304,-0.007331499182058143,0.17536187263384784,-0.2837381488125199,-0.05117260545416256,-0.2837381488125199,-0.2837381488125199,0.04088117022891011,0.16207156255904923,-0.2837381488125199,-0.04001174852920543,-0.2837381488125199,0.45892327061769883,-0.2837381488125199,0.08049483204145942,0.08312426880546195,-0.30731312991239057,-0.015333203802631565,-0.021833143548211757,0.2866554317355813,-0.2837381488125199,0.06700522526986771,-0.2837381488125199,-0.2837381488125199,0.10962134851607208,-0.066483298704725,-0.2837381488125199,-0.2837381488125199,-0.029519449015906463,-0.15193980763099593,-0.200320250525194,-0.012781662863872743,-0.06159352839440428,-0.07605514392277998,-0.04228737950910908,-0.2837381488125199,-0.2837381488125199,-0.2837381488125199,-0.2837381488125199,-0.08595087244100504,-0.057951654581284165,0.12824384026942928,-0.0019604340468916425,-0.033352511706622026,-0.2837381488125199,0.018462390643932312,-0.03428549459182764,0.06476329000181429,-0.2837381488125199,-0.2837381488125199,-0.2837381488125199,-0.0540154609560659,-0.06417235872549225,-0.2837381488125199,-0.2837381488125199,0.11543205507079017,0.001948054414304614,0.02048466913353393
R_Amp_II,-0.027306091272302775,0.00507962153525057,-0.11384279181399862,-0.1740906717272875,0.07579635217350648,0.1019998955167552,-0.06850770861792824,0.00031811119106399513,-0.06850770861792824,-0.15006607770207658,-0.2931405576529656,-0.29958324766271766,-0.06375218447900936,-0.06842690697462828,-0.5686526413102382,-0.24265925169997368,0.09856574893064092,-0.06375218447900936,-0.06850770861792824,0.3132796320026977,-0.06842690697462828,0.1198581251091636,0.6610614356886773,-0.009412146155585279,-0.06850770861792824,0.039877466489187274,0.030530268659566824,-0.009932919114790786,-0.7343903468491079,-0.06842690697462828,-0.1806416198072815,0.05431162937280053,-0.06850770861792824,-0.4669478731973815,-0.06842690697462828,0.16910400626797004,-0.06850770861792824,-0.06850770861792824,-0.047024086895613645,-0.06842690697462828,-0.26609640622280567,-0.06375218447900936,-0.06850770861792824,0.2068428519379257,0.22116337616630963,-0.06850770861792824,0.05696068775907394,-0.03783500753926474,-0.06842690697462828,-0.03236113047945237,-0.15627044635548623,-0.0032069146890350594,0.026550429600676776,-0.06375218447900936,0.1666227960695187,-0.06850770861792824,-0.07591308209301931,0.014645512740572283,-0.06850770861792824,0.058870611731313985,0.0950741735069582,-0.63591336486588,-0.06848944432938983,-0.06850770861792824,-0.47016715660916064,-0.06375218447900936,0.0680649420093999,-0.06842690697462828,-0.17750776363320014,0.15259735680773473,0.013305856760321672,0.09456382013035579,1.0,-0.23252589193974266,-0.11162115294275696,0.05035947066788139,-0.0032661050779595694,0.18489527828816757,-0.0883138454038908,-0.06850770861792824,0.00017314755451254551,0.10085188370783432,-0.06375218447900936,0.007821207039683349,-0.0015933529614117036,-0.010614691711330485,-0.06375218447900936,0.0495630984287365,-0.016992108749675053,0.09374180889116558,-0.06375218447900936,0.1342198482794986,0.11779242978212658,-0.03182850414638352,-0.024457979597349622,-0.03542501520568527,-0.06850770861792824,-0.06850770861792824,0.042590603090585835,0.04763113472839554,-0.06850770861792824,0.40613514654451144,0.06294623379154142,-0.15312595656173353,-0.06375218447900936,-0.42637580237866596,-0.06850770861792824,-0.06850770861792824,0.5326847478367104,0.00461796937558267,-0.06850770861792824,-0.07253465619546155,-0.06850770861792824,-0.03667872919919908,-0.06850770861792824,0.8393911338008213,-0.14152444293322577,-0.13967722185828876,0.0349159666011222,0.09605815613964176,0.06937384953917101,-0.06850770861792824,0.3062842360720573,-0.06850770861792824,-0.06850770861792824,0.5861043066844556,0.46750971016152976,-0.06850770861792824,-0.06850770861792824,-0.04606308562742841,-0.01750266819787656,-0.12320250351301619,0.05437510025737152,0.00789420604637663,-0.19240838483699094,0.002925358026124244,-0.06375218447900936,-0.06842690697462828,-0.06850770861792824,-0.06375218447900936,-0.04687541537132977,0.01653838701426923,0.27150315422891663,0.014603423916873878,0.019816741102705992,-0.06850770861792824,-0.42751816834870726,-0.0037595110104286064,-0.03318867215274194,-0.06850770861792824,-0.06375218447900936,-0.06842690697462828,-0.43645356686041775,0.12150188153093552,-0.06850770861792824,-0.06850770861792824,-0.20189225222339344,-0.10824151193104907,0.10788225119442928
ST_Elev_II_iqr,0.1374417533306575,0.0972658982294242,0.3486422218629546,0.6095661776254175,-0.5424478267874248,0.05564340009918611,0.10613053885538631,0.11627568212003656,0.10613053885538631,0.43371241734565724,0.012054089959557979,0.18443565099941647,0.10613053885538631,0.10613053885538631,0.19467861942343534,0.6881665007758685,-0.24619204326362865,0.10613053885538631,0.10613053885538631,-0.1568822773138719,0.10613053885538631,-0.4519384922630973,-0.20396103876446772,-0.23004939999380414,0.10613053885538631,0.06483816820673352,0.1955755148812836,0.23657971710405185,0.14985120888898104,0.10613053885538631,0.5344662396654749,0.09242948057780315,0.10613053885538631,0.27623927981078505,0.10613053885538631,-0.15748101512957516,0.10613053885538631,0.10613053885538631,0.08280382231467921,0.10613053885538631,0.01668115051961513,0.10613053885538631,0.10613053885538631,-0.06506617827797108,-0.10807210238431912,0.10613053885538631,0.13420231411501674,0.1124201587707105,0.10613053885538631,0.06811014651952295,0.45709287445237234,0.1045838436843852,0.13397877962613994,0.10613053885538631,-0.23155818760104566,0.10613053885538631,-0.17082747728905723,0.08244217692873702,0.10613053885538631,0.114395800390597,-0.02603735624542325,0.25834070826552796,0.10307611016950236,0.10613053885538631,0.26257429026116247,0.10613053885538631,0.1055070901818754,0.10613053885538631,0.47884302908042714,-0.048586785605454944,0.10261588020016969,-0.051601934214370995,-0.23252589193974266,1.0,-0.21523000577899482,0.1495687976403503,0.12360631011661467,-0.37602564743723954,0.10274698358038221,0.10613053885538631,0.08790471182149244,0.14602626120232665,0.10613053885538631,-0.051906387913761495,-0.4141755046323206,0.0949106608507388,0.10613053885538631,0.1064538542766212,0.16563931126296777,-0.37023094068865764,0.10613053885538631,0.12341304904508753,-0.14166267266871682,0.17478177133385325,0.12662386097218326,0.10321294136434549,0.10613053885538631,0.10613053885538631,0.12425501503027411,0.026789840640228605,0.10613053885538631,-0.2668394653730065,0.05139978218281887,0.0947568266944487,0.10613053885538631,0.16402351468918186,0.10613053885538631,0.10613053885538631,-0.08761572486536925,-0.25610750797693815,0.10613053885538631,0.17749160990436597,0.10613053885538631,-0.12503789409913624,0.10613053885538631,-0.22444182454421732,0.09860208792730621,-0.0008588673145244434,0.08481151482992713,0.1047324765255933,-0.11700975525523843,0.10613053885538631,-0.05342123875505017,0.10613053885538631,0.10613053885538631,-0.1021183713028985,-0.12917911018443445,0.10613053885538631,0.10613053885538631,0.14135697228331912,0.2684080928661956,0.2661605948498288,0.1010731266580876,0.10626902291150322,0.47862790167247127,0.2061020033126611,0.10613053885538631,0.10613053885538631,0.10613053885538631,0.10613053885538631,0.1647415139398754,0.09167114036929788,-0.172479291399373,0.23359936056866296,0.09383643002181286,0.10613053885538631,0.25005080888108755,0.07857437963274262,0.1507945129377071,0.10613053885538631,0.10613053885538631,0.10613053885538631,0.13175092281793604,-0.4659489405206449,0.10613053885538631,0.10613053885538631,-0.1417232252847407,0.1623856935281958,0.044545860762959966
ST_Elev_II,0.005735749443049097,0.006929899187723898,-0.20007148004402647,-0.1457510637961245,0.3060462901350209,-0.023843517264734902,-0.25876511676569974,-0.059862986337203286,-0.25876511676569974,-0.23344092746521924,0.15342731358591022,-0.07411816215328305,-0.25876511676569974,-0.25876511676569974,0.048987919314897266,-0.22467130685244965,0.09697969436356745,-0.25876511676569974,-0.25876511676569974,0.044514760814224695,-0.25876511676569974,0.294874970146669,-0.05588690169248487,0.6146228647017096,-0.25876511676569974,0.01858860273411639,0.03029574203116772,-0.06945813257806961,0.09047380843400728,-0.25876511676569974,-0.43914995088924735,-0.061791620929419006,-0.25876511676569974,-0.10649304591700454,-0.25876511676569974,0.08377988683300563,-0.25876511676569974,-0.25876511676569974,0.020290816926414112,-0.25876511676569974,0.32109186502853987,-0.25876511676569974,-0.25876511676569974,-0.004291135348573081,0.07179119032139761,-0.25876511676569974,0.015509012444284,0.002872732591007896,-0.25876511676569974,0.01120587603526002,-0.20375622283459954,0.013301026479378381,0.021619496998733324,-0.25876511676569974,0.4477274432214412,-0.25876511676569974,0.0907463348683911,-0.0037055654519377017,-0.25876511676569974,-0.03313529595485192,0.028963807198436338,0.014187713673263835,-0.2578353210445601,-0.25876511676569974,-0.08336457264192045,-0.25876511676569974,-0.025331515822131005,-0.25876511676569974,-0.20273916265086273,-0.04313784641308897,-0.017665045652176702,0.17101544635493435,-0.11162115294275696,-0.21523000577899482,1.0,0.03504038066843929,-0.15183121394099608,0.24798287124561758,0.024932377270510685,-0.25876511676569974,0.00526705524251374,-0.02585141310499124,-0.25876511676569974,0.29031974917141135,0.27649266524795174,-0.031699161787121864,-0.25876511676569974,0.008503717058201538,-0.004407664514620373,0.21323433501132477,-0.25876511676569974,-0.03580733644307862,0.0010502520799817582,0.008735874854424794,-0.004296179696484233,-0.009734764351684981,-0.25876511676569974,-0.25876511676569974,0.026543676901984902,-0.11320472120740278,-0.25876511676569974,0.09016263871062707,-0.053197898663818764,0.006152198178610152,-0.25876511676569974,0.011120210763509697,-0.25876511676569974,-0.25876511676569974,-0.08528988468970784,0.6289635008604704,-0.25876511676569974,0.03257680070008621,-0.25876511676569974,0.46653206877681247,-0.25876511676569974,-0.09193003748535207,-0.0605189393524009,0.09232215568378058,-0.027293201910059083,-0.030840726058314824,0.26808288922545387,-0.25876511676569974,-0.11087363276374114,-0.25876511676569974,-0.25876511676569974,-0.10110884321268451,-0.01593072620572088,-0.25876511676569974,-0.25876511676569974,0.03869352524205641,-0.7064673446394663,-0.12643145856486565,0.005390900310973528,-0.05747965631437419,-0.18155246219928478,0.004955658051606827,-0.25876511676569974,-0.25876511676569974,-0.25876511676569974,-0.25876511676569974,0.017150879655858053,-0.003514070556420631,0.08454264350891827,-0.12272399187286372,0.0024226255253833435,-0.25876511676569974,-0.101797876367994,0.007739743410202244,-0.19567377400682606,-0.25876511676569974,-0.25876511676569974,-0.25876511676569974,0.08366429343950535,0.32210252252188154,-0.25876511676569974,-0.25876511676569974,0.6735909504586088,-0.07959698458185176,0.06308154479853834
T_Amp_aVF_iqr,0.4659179786778898,0.4952750340114832,0.19028877299354557,0.18510962314085933,0.06489449006351768,0.2942075374065991,0.12040067249825367,0.29930661895127625,0.12040067249825367,0.17161529969964462,0.022710944771457808,-0.06094370974789124,0.1136084073930602,0.12036654521754395,-0.002493110985099082,0.08903874179160949,0.013533172611313884,0.1136084073930602,0.12040067249825367,-0.0129448788109711,0.12036654521754395,0.0611341225974559,0.04439308183807947,0.034094520411347806,0.12040067249825367,0.4196417739873405,0.7864794523096998,0.14040061596527736,-0.026940332539559606,0.12036654521754395,-0.042168568504361584,0.26508932118477685,0.12040067249825367,0.02919271012384849,0.12036654521754395,-0.005581225166989008,0.12040067249825367,0.12040067249825367,0.4935328832524913,0.12036654521754395,0.01498943569139941,0.1136084073930602,0.12040067249825367,-0.023997757153743905,0.01764472303376816,0.12040067249825367,0.5208649876692086,0.4629147714611955,0.12036654521754395,0.4903558930324277,0.035505507786346265,0.4896297404885279,0.6463404213501712,0.1136084073930602,0.023130613502685693,0.12040067249825367,0.04945359838840377,0.4311117565805781,0.12040067249825367,0.34779679811251735,0.03608413380211756,0.003128027659739717,0.11913425866113861,0.12040067249825367,0.0057676265805057655,0.1136084073930602,0.29468150556467076,0.12036654521754395,0.16115255294806935,0.05813855708062068,0.39752173266438434,-0.025966992683393496,0.05035947066788139,0.1495687976403503,0.03504038066843929,1.0,0.04622213304699018,0.033953876075558984,0.4403906169126337,0.12040067249825367,0.5169307942412402,0.5806850322460135,0.1136084073930602,-0.032143513519368345,0.058898331895566196,0.37344185191507456,0.1136084073930602,0.5758519878643177,0.47239105238910367,0.030266062379134786,0.1136084073930602,0.5188231295796303,-0.00899844166695908,0.6024623472874162,0.45546939438477463,0.3971258604632124,0.12040067249825367,0.12040067249825367,0.7767873168943501,-0.08022110516186606,0.12040067249825367,-0.021166122262719914,-0.036334126958529056,0.00020244526612283586,0.1136084073930602,-0.04773285787509937,0.12040067249825367,0.12040067249825367,-0.01349733752473527,0.04612392865753355,0.12040067249825367,0.6824781766521079,0.12040067249825367,-0.0025919325385070145,0.12040067249825367,0.04223784603711657,-0.012436032050054367,0.02197243292543202,0.2519961148734377,0.43438666346816196,-0.11672960263500258,0.12040067249825367,0.03927956524918025,0.12040067249825367,0.12040067249825367,0.05752773638176146,-0.013457792600411939,0.12040067249825367,0.12040067249825367,0.6844189514134511,-0.040287662188213044,0.19159890843792318,0.6340987190908928,0.2913679280070306,0.12351571890402874,0.6252610292417037,0.1136084073930602,0.12036654521754395,0.12040067249825367,0.1136084073930602,0.14998393043151798,0.46864425831642365,0.010760795786619672,0.09812158221310596,0.485459060484691,0.12040067249825367,0.006450585004705444,0.5139424747199484,-0.04161130314002566,0.12040067249825367,0.1136084073930602,0.12036654521754395,-0.016262001288822443,0.06861334344546254,0.12040067249825367,0.12040067249825367,0.039542267819753674,0.06069300022552839,0.06403870922541742
Q_Amp_I,0.039925387046352095,0.06276271680563512,0.10504239295602993,0.005537376041200569,-0.17303995687084225,0.05459465243335581,0.054599404862743776,-0.027815496378461157,0.054599404862743776,0.11993760181321038,0.06474986239185375,0.16805665865839453,0.044507881788299855,0.054658471800831936,-0.17395784394432487,0.1906729023692319,-0.07055154436111127,0.044507881788299855,0.054599404862743776,-0.3917096391612941,0.054658471800831936,-0.1917575300020233,0.2986969454391441,-0.16233247419762895,0.054599404862743776,0.0510817154578444,0.05366771044061524,-0.0018705472737641211,0.3013690768369274,0.054658471800831936,0.2716500237965856,-0.011574554182732918,0.054599404862743776,0.3692875874701562,0.054658471800831936,-0.23613119730451781,0.054599404862743776,0.054599404862743776,0.04259747589384371,0.054658471800831936,-0.012420431365191094,0.044507881788299855,0.054599404862743776,-0.06701097485332132,-0.22507042228367516,0.054599404862743776,-0.009070716929672573,0.05895481689181509,0.054658471800831936,0.04776402083601701,0.20976054824861545,0.04669702513393661,0.021535593212183235,0.044507881788299855,-0.0870806639017748,0.054599404862743776,0.11245166666895848,0.03751838187947475,0.054599404862743776,-0.10736424431452463,0.14132125233178766,0.1064198780083643,0.052717986023493486,0.054599404862743776,0.36998304439363877,0.044507881788299855,-0.09653965982970486,0.054658471800831936,0.12213073908394288,-0.06073416834327371,0.024315388940268846,0.037984073529664396,-0.0032661050779595694,0.12360631011661467,-0.15183121394099608,0.04622213304699018,1.0,-0.275679298588657,0.051280731770132607,0.054599404862743776,0.06723294785796158,0.025032024807950186,0.044507881788299855,0.024284387517984944,-0.04730483955912659,0.0013872936454540983,0.044507881788299855,0.07041811775054822,0.013587394416134014,-0.11800762536159842,0.044507881788299855,-0.020672469148643537,-0.08336999752025268,0.03249345646269289,0.061719262952185605,0.053844287543319956,0.054599404862743776,0.054599404862743776,0.041578238657364854,0.019248225174477232,0.054599404862743776,-0.5625949227026396,-0.4897496509605699,0.1581961943439542,0.044507881788299855,-0.4117407348005216,0.054599404862743776,0.054599404862743776,-0.09269145371742411,-0.18835867950366844,0.054599404862743776,0.0335211705692676,0.054599404862743776,-0.059742120254591836,0.054599404862743776,0.18262882714659873,0.14480417363744286,-0.1677522605375262,0.09174060144239757,-0.06895963966749011,-0.059313945499706235,0.054599404862743776,0.6859155930390397,0.054599404862743776,0.054599404862743776,-0.06700895713310298,-0.1553808918412181,0.054599404862743776,0.054599404862743776,0.009739188477671978,0.1430485711879285,0.11884872973649076,0.055746885143646556,0.05770752348607286,0.10907725909848505,0.0365978700676145,0.044507881788299855,0.054658471800831936,0.054599404862743776,0.044507881788299855,0.021285905455018586,0.07392818976091242,-0.030804833351828646,0.16054993102498114,0.049199496872378845,0.054599404862743776,0.2769311953813869,0.056063639296928154,0.08617011692669306,0.054599404862743776,0.044507881788299855,0.054658471800831936,-0.39449124156249615,-0.21252952589020468,0.054599404862743776,0.054599404862743776,-0.10109066188849196,0.0942970370127339,0.09896575686638096
T_Amp_I,-0.028236673721047535,-0.01452869128662927,-0.20871322980452217,-0.17179222274407807,0.5505461855487126,-0.04203434626490047,-0.1434550464453895,-0.05443543364872308,-0.1434550464453895,-0.31340865287619635,0.218626955760827,-0.24570275743601858,-0.12977808021316706,-0.14357626380090682,-0.1543836529229207,-0.4786960450604913,0.3190477679104094,-0.12977808021316706,-0.1434550464453895,0.17705337329372048,-0.14357626380090682,0.6821579825455545,0.21698664410948917,0.3239136184220392,-0.1434550464453895,0.04025906072333823,0.019256670574928258,-0.05184046189583264,-0.12885336556820515,-0.14357626380090682,-0.7429219555465475,-0.054756585341127886,-0.1434550464453895,-0.3277051309268589,-0.14357626380090682,0.7315514754729453,-0.1434550464453895,-0.1434550464453895,-0.032918520312238964,-0.14357626380090682,-0.21549984158319757,-0.12977808021316706,-0.1434550464453895,0.10916455975833908,0.20849924190872052,-0.1434550464453895,0.014301409464762575,-0.04285753662696286,-0.14357626380090682,-0.028024096692721368,-0.4943740603303827,-0.005749377303759149,0.019121318870311377,-0.12977808021316706,0.35233867367440325,-0.1434550464453895,-0.25638540193625975,-0.03172912118474311,-0.1434550464453895,-0.011734109105115895,-0.024317860127177602,-0.24697803555816533,-0.13889747092288462,-0.1434550464453895,-0.32732271838935767,-0.12977808021316706,-0.005626506916260039,-0.14357626380090682,-0.37413752644737663,0.03140902176038813,-0.020214845882228463,-0.08445906443226331,0.18489527828816757,-0.37602564743723954,0.24798287124561758,0.033953876075558984,-0.275679298588657,1.0,-0.0651919834799511,-0.1434550464453895,-0.013439521272062006,-0.003013103951043173,-0.12977808021316706,-0.0482969629070443,0.18950503466518814,-0.04204280452723285,-0.12977808021316706,-0.006859659708867843,-0.02832770371426303,0.5060656083325664,-0.12977808021316706,0.010106596080924197,0.20203531256736798,-0.01179030376170683,-0.04567751929558289,-0.06268104424950882,-0.1434550464453895,-0.1434550464453895,0.01818560699176535,-0.2426392221753865,-0.1434550464453895,0.3216154411997989,-0.0371020955033501,-0.12727022526596782,-0.12977808021316706,-0.16726832069684833,-0.1434550464453895,-0.1434550464453895,0.07648063970942698,0.38205115171875725,-0.1434550464453895,9.295421018942907e-05,-0.1434550464453895,0.1150405733657705,-0.1434550464453895,0.20878418289309222,-0.11412042412393646,0.13648668701380234,-0.057114332833404335,-0.0022641879255892597,0.15222249385993228,-0.1434550464453895,-0.07739755532097321,-0.1434550464453895,-0.1434550464453895,0.0639087843535272,0.16352318442762956,-0.1434550464453895,-0.1434550464453895,0.0017911361846265792,-0.42318555075547276,-0.1303059371817436,-0.0016391171742967249,-0.10466554292829391,-0.37485156147342,-0.01634220139149307,-0.12977808021316706,-0.14357626380090682,-0.1434550464453895,-0.12977808021316706,0.001953025008724781,-0.0039671971744728125,0.3370936648269254,-0.25504687156705763,-0.01449926684706134,-0.1434550464453895,-0.31163878872929524,-0.00938569046444167,-0.3920003011733624,-0.1434550464453895,-0.12977808021316706,-0.14357626380090682,-0.06555631543309112,0.7082098825903306,-0.1434550464453895,-0.1434550464453895,0.04026705075522014,-0.16227650611614733,0.08768075021120597
Q_Amp_V4_iqr,0.3480940267693347,0.6859023913266827,0.20419962502519726,0.10073939054968967,-0.004989363060373831,0.29308739516799887,0.13194289943624904,0.3983134414101315,0.13194289943624904,0.2869659361877974,-0.007368404304938562,0.009312975433866942,0.1216564315268615,0.13194289943624904,0.09449603583912397,0.0840764974235677,-0.013291612027158718,0.1216564315268615,0.13194289943624904,-0.0674206252368876,0.13194289943624904,-0.021939349532137064,-0.08703651891103435,0.013312516730306532,0.13194289943624904,0.40492233066514166,0.423737212446678,0.0649789150476986,0.0507841707359269,0.13194289943624904,0.03839228370382626,0.41906158044070413,0.13194289943624904,0.12764697576235748,0.13194289943624904,-0.08351801935418257,0.13194289943624904,0.13194289943624904,0.5840087750801277,0.13194289943624904,0.07016751109708261,0.1216564315268615,0.13194289943624904,-0.04841144287263918,-0.11550067043203224,0.13194289943624904,0.35007087748672916,0.4523074698492398,0.13194289943624904,0.5287651961074878,0.054368166461789734,0.45070148683727174,0.4021442406163491,0.1216564315268615,-0.03816401014050042,0.13194289943624904,0.06710007532118219,0.4532664573419104,0.13194289943624904,0.25620520983650025,0.04105911144409418,0.11217522352371025,0.1296666975528515,0.13194289943624904,0.09103592839568957,0.1216564315268615,0.2377131659214716,0.13194289943624904,0.2294128100482177,0.03824661533727817,0.4031993585637627,-0.009592432742821514,-0.0883138454038908,0.10274698358038221,0.024932377270510685,0.4403906169126337,0.051280731770132607,-0.0651919834799511,1.0,0.13194289943624904,0.5520785961395744,0.3545364310821019,0.1216564315268615,0.0064923896210748394,0.028718703142792963,0.4401118583066272,0.1216564315268615,0.3824677383348276,0.34635565689393094,-0.02223707963073037,0.1216564315268615,0.30558567718560614,-0.02780823471013353,0.40371355397591413,0.42852155547927845,0.4815271922658484,0.13194289943624904,0.13194289943624904,0.4305633264287234,-0.012018538020461069,0.13194289943624904,-0.0947019687166651,-0.0022338286390307847,0.08095575268739023,0.1216564315268615,0.054223616557211585,0.13194289943624904,0.13194289943624904,-0.07559929028422709,0.007154007841368051,0.13194289943624904,0.4273004057742521,0.13194289943624904,0.02417262761830901,0.13194289943624904,-0.09499592042256451,0.061348259901248835,-0.03504348075844382,0.3110575404854581,0.2849602256739812,-0.1317340001417582,0.13194289943624904,-0.011861035467749774,0.13194289943624904,0.13194289943624904,0.008683135152924955,-0.20327097842253994,0.13194289943624904,0.13194289943624904,0.4120248501264701,0.008587655907453766,0.18724399461352179,0.3815091358476225,0.3724041514201792,0.19089848649997654,0.39613454898620715,0.1216564315268615,0.13194289943624904,0.13194289943624904,0.1216564315268615,0.13135923461485077,0.49062492655783485,-0.06607276115661345,0.058699137285014545,0.43979834678287355,0.13194289943624904,0.21659572471250568,0.5205113110877003,0.0028596820155890796,0.13194289943624904,0.1216564315268615,0.13194289943624904,0.06172574715447196,-0.019691924316442018,0.13194289943624904,0.13194289943624904,0.05424534291270196,0.060598185076115245,0.03940634445285778
S_Amp_V2_count,0.13001534003225348,0.11464232648521333,0.192292052712731,0.0704557606189327,-0.09738955887776468,0.10562471071978288,1.0,0.15232291908546677,1.0,0.19474405859149949,-0.004079108389680102,-0.1010795432733466,0.8162416589242263,0.9998676111299506,-0.042044025894865514,0.15288267260892408,0.012514740503856344,0.8162416589242263,1.0,-0.0536195047768743,0.9998676111299506,-0.09618773336230006,-0.01195991408952987,-0.24960516438267727,1.0,0.10043427004334168,0.11827861546595629,0.04290128049362426,0.10091886512501962,0.9998676111299506,0.27619701014574816,0.13788145781552436,1.0,0.04390776387885272,0.9998676111299506,-0.10172218032146402,1.0,1.0,0.13361466488107532,0.9998676111299506,-0.06304440170218713,0.8162416589242263,1.0,-0.031081310772127984,-0.0867220624473799,1.0,0.14007670350736617,0.11152108086813146,0.9998676111299506,0.12276782954419246,0.11653202802305034,0.1318071923898046,0.10032491700053033,0.8162416589242263,-0.25358245463854895,1.0,0.08884407449836429,0.12029666621863966,1.0,0.09316818293243911,-0.011145375161925238,-0.03330246363179656,0.9953264315900904,1.0,0.04615314341494943,0.8162416589242263,0.09520697281080748,0.9998676111299506,0.18967196074544482,0.0746269831584526,0.1307988459011755,-0.2837381488125199,-0.06850770861792824,0.10613053885538631,-0.25876511676569974,0.12040067249825367,0.054599404862743776,-0.1434550464453895,0.13194289943624904,1.0,0.12553818366169545,0.16571761536067905,0.8162416589242263,-0.2804065569668011,-0.01720161256557165,0.1471435074965606,0.8162416589242263,0.11960854425673513,0.10760311816772491,-0.045067337047620566,0.8162416589242263,0.1298133598312867,0.03776410377000593,0.14568305357028172,0.10079178640760923,0.14991578310400233,1.0,1.0,0.11477411181962201,-0.11861151595964568,1.0,-0.0025137544857759407,-0.056544557019696066,0.008709385049436838,0.8162416589242263,-0.0042493839657625,1.0,1.0,-0.10876487679626276,-0.2534397814795543,1.0,0.13673594421753205,1.0,-0.2443545763477994,1.0,-0.036732952831792384,0.005761531833560238,-0.04314647471060189,0.1375173834129979,0.11718604355219234,-0.9736027364885587,1.0,0.053373727936301185,1.0,1.0,-0.09134846664313583,-0.1062813027324451,1.0,1.0,0.12205598888745056,0.25359018325397326,0.17646686270576492,0.12575801217621446,0.1722498620754868,0.16666605678758878,0.11949323212356747,0.8162416589242263,0.9998676111299506,1.0,0.8162416589242263,0.09171347942233256,0.1385706579985287,-0.10990624785399787,0.07950300954617058,0.10977412207539503,1.0,0.03712437869653792,0.11006878488331456,0.14627146173606997,1.0,0.8162416589242263,0.9998676111299506,-0.05766361423223464,-0.1316082108454076,1.0,1.0,-0.1862219772039931,0.010944198656912643,-0.20305917979626326
T_Amp_V5_iqr,0.39896079504828397,0.6467928621450845,0.2172240570179686,0.10123212199959487,0.029252776715896083,0.3165638697040564,0.12553818366169545,0.5558561951489791,0.12553818366169545,0.22758644471300232,0.021630400691576478,-0.038471585342708864,0.1140796359253894,0.12553818366169545,0.04912073922787987,0.06990021768105475,-0.006699426124821874,0.1140796359253894,0.12553818366169545,-0.060220333372067725,0.12553818366169545,0.015386721423372248,-0.018473538514294098,0.008554259991839813,0.12553818366169545,0.4610922286128174,0.4915564960843783,0.0667947509879009,-0.009125668781557256,0.12553818366169545,0.01356727800225806,0.3679773752931926,0.12553818366169545,0.07328908238590158,0.12553818366169545,-0.037367421897307615,0.12553818366169545,0.12553818366169545,0.7862495431102399,0.12553818366169545,0.040638734538777095,0.1140796359253894,0.12553818366169545,-0.050074591924583696,-0.0065103640431159095,0.12553818366169545,0.38411005990447095,0.4936472623250364,0.12553818366169545,0.6274214912118785,0.030820684903609355,0.5086225613441641,0.46666929173598437,0.1140796359253894,-0.016970889597185543,0.12553818366169545,0.05343001232804075,0.49516988157251374,0.12553818366169545,0.27186860177012645,0.017764701132142065,0.06268166728750034,0.12466591947096034,0.12553818366169545,0.04672228805545751,0.1140796359253894,0.2641111868351851,0.12553818366169545,0.31747150421918546,0.04945387611828225,0.43034993598196314,-0.04157442733670427,0.00017314755451254551,0.08790471182149244,0.00526705524251374,0.5169307942412402,0.06723294785796158,-0.013439521272062006,0.5520785961395744,0.12553818366169545,1.0,0.3842433001765825,0.1140796359253894,-0.03910852646401755,0.042696900818062454,0.5235552484152964,0.1140796359253894,0.42800238838847143,0.40794149119672357,0.0041156761101047695,0.1140796359253894,0.33510147748413305,-0.030146338566780968,0.4424080710738483,0.4786861394168662,0.4558769112555264,0.12553818366169545,0.12553818366169545,0.49714708528489326,-0.04766790801278338,0.12553818366169545,-0.07885128770095226,-0.0018897763867788606,0.002821043001726253,0.1140796359253894,0.010485272878798975,0.12553818366169545,0.12553818366169545,0.0005083306887099684,0.01862703310957002,0.12553818366169545,0.4544195022900007,0.12553818366169545,-0.011575868257916939,0.12553818366169545,-0.01876072116281674,0.003876371632537009,0.034080102806058034,0.2992517764639242,0.30623807706480854,-0.12436031999725901,0.12553818366169545,0.022130585891650154,0.12553818366169545,0.12553818366169545,0.07417494341955835,-0.02820656185383021,0.12553818366169545,0.12553818366169545,0.4479681442100926,-0.00912765537935886,0.2152808712767927,0.4340806925288441,0.3617161299714717,0.20615873840025858,0.45976042015639873,0.1140796359253894,0.12553818366169545,0.12553818366169545,0.1140796359253894,0.15582112707439533,0.5471996195948808,-0.031337812679731444,0.05276135636749093,0.5027309034546857,0.12553818366169545,0.05195588662765891,0.6791104258300358,-0.02558969820844088,0.12553818366169545,0.1140796359253894,0.12553818366169545,0.022905229712064632,0.02530059006839172,0.12553818366169545,0.12553818366169545,0.027694468350394644,0.06477244837316803,0.06409657197545035
R_Amp_II_iqr,0.369216582062628,0.38319857128880197,0.17129414930514147,0.14047458713913005,0.02382769584774684,0.29164888676365947,0.16571761536067905,0.3267835396543157,0.16571761536067905,0.15492537704202933,-0.0369195840199418,-0.05665001095908909,0.14828316595314642,0.16562314790436738,-0.01096237792784271,0.10749087022029853,0.020448250571211746,0.14828316595314642,0.16571761536067905,0.009320081716288264,0.16562314790436738,0.027364081589480897,0.024393958325943495,-0.015191028194954631,0.16571761536067905,0.34708637618294247,0.6009723344340706,0.10662771582553181,-0.09993135891478279,0.16562314790436738,0.014625955836859732,0.29513516250490424,0.16571761536067905,0.0013874107208261103,0.16562314790436738,-0.0306239682667094,0.16571761536067905,0.16571761536067905,0.3706755235671592,0.16562314790436738,0.011137107895535608,0.14828316595314642,0.16571761536067905,-0.007011050176994868,-0.011148995056206975,0.16571761536067905,0.5555072572202222,0.3481009639874098,0.16562314790436738,0.36348969682757454,0.05987778193673633,0.382901826527985,0.4554042720899597,0.14828316595314642,-0.035200767187975775,0.16571761536067905,0.0571062557924875,0.3503935494106734,0.16571761536067905,0.3683793818622957,0.02113730895303939,-0.03274705380509344,0.16486350068459413,0.16571761536067905,-0.017780980924045182,0.14828316595314642,0.3235687819975748,0.16562314790436738,0.14139015033649394,0.05973154882120893,0.33799354200098036,-0.04045142250292541,0.10085188370783432,0.14602626120232665,-0.02585141310499124,0.5806850322460135,0.025032024807950186,-0.003013103951043173,0.3545364310821019,0.16571761536067905,0.3842433001765825,1.0,0.14828316595314642,-0.047350712487359926,0.03731541813416965,0.36353331602186056,0.14828316595314642,0.43621434215456156,0.36798055192398244,0.019306114577013395,0.14828316595314642,0.6190663551021542,0.0031654776850700357,0.5226909828307192,0.34561466581423983,0.3390760696289384,0.16571761536067905,0.16571761536067905,0.5008140156059767,-0.02877549194843595,0.16571761536067905,0.007404526361989618,0.032189527256143755,-0.002857258350781376,0.14828316595314642,-0.005527944037949492,0.16571761536067905,0.16571761536067905,0.03537983539386385,-0.017317701564085092,0.16571761536067905,0.5924912366758461,0.16571761536067905,-0.03036613850820625,0.16571761536067905,0.05224573935318182,0.004568444747560131,-0.013307316862641513,0.2728453282150389,0.4534545477030008,-0.16476574050597725,0.16571761536067905,0.026846875526624486,0.16571761536067905,0.16571761536067905,0.08962923416397753,0.007275321161523185,0.16571761536067905,0.16571761536067905,0.5495089219968601,0.028774912742156388,0.1697168968221943,0.47975495891778563,0.30524217255116964,0.11321445986185871,0.5177560365907483,0.14828316595314642,0.16562314790436738,0.16571761536067905,0.14828316595314642,0.12482143749384342,0.3820910616006032,-0.03206580453572053,0.0970153667728482,0.3837285471564407,0.16571761536067905,0.001171055963114788,0.37016912639784805,0.008444733681707367,0.16571761536067905,0.14828316595314642,0.16562314790436738,-0.0063885870169207905,0.018040797475630744,0.16571761536067905,0.16571761536067905,-0.005139921353726072,0.07118538636027612,0.0685718593917185
ST_Elev_V4_count,0.12814642346507774,0.10554994947605083,0.192292052712731,0.0704557606189327,-0.08524393828272972,0.09327988233182097,0.8162416589242263,0.13608991630457998,0.8162416589242263,0.19474405859149949,-0.013852249368270805,-0.06170190246194097,1.0,0.8163531926373286,-0.027043497768961713,0.15288267260892408,0.01786349852660369,1.0,0.8162416589242263,-0.048457504779620214,0.8163531926373286,-0.08176343404840906,-0.023122865370006886,-0.24960516438267727,0.8162416589242263,0.08889829590598936,0.10952876817120823,0.04290128049362426,0.08407429946472755,0.8163531926373286,0.2288153921112465,0.1210744951019413,0.8162416589242263,0.03848718069496327,0.8163531926373286,-0.10028617807636117,0.8162416589242263,0.8162416589242263,0.12260899877278765,0.8163531926373286,-0.06304440170218713,1.0,0.8162416589242263,-0.02451429462305746,-0.07836996684112897,0.8162416589242263,0.12996298332215545,0.11005196824995508,0.8163531926373286,0.11028413325874484,0.11653202802305034,0.12008647242401325,0.10079571108620357,1.0,-0.25358245463854895,0.8162416589242263,0.07886471919830995,0.11933863062475396,0.8162416589242263,0.08733784552807461,-0.012122733238447697,-0.020612635863391713,0.8121287169954822,0.8162416589242263,0.03990426860452024,1.0,0.09201076342604572,0.8163531926373286,0.18967196074544482,0.0658283578738903,0.12007144344236996,-0.2837381488125199,-0.06375218447900936,0.10613053885538631,-0.25876511676569974,0.1136084073930602,0.044507881788299855,-0.12977808021316706,0.1216564315268615,0.8162416589242263,0.1140796359253894,0.14828316595314642,1.0,-0.2804065569668011,-0.012899589328973761,0.12991631876681964,1.0,0.12190557040500812,0.11328618624341319,-0.030234901354675086,1.0,0.11462667944622205,0.03665154491431462,0.14021767814832722,0.0969601860145233,0.1381374359602978,0.8162416589242263,0.8162416589242263,0.11242043403603665,-0.11861151595964568,0.8162416589242263,-0.004360388675636503,-0.03925666539109328,0.004363506116147152,1.0,0.008252920234789336,0.8162416589242263,0.8162416589242263,-0.08106357549644287,-0.2534397814795543,0.8162416589242263,0.12668942252896853,0.8162416589242263,-0.2443545763477994,0.8162416589242263,-0.04320522331729734,0.009414769979632037,-0.04498343097548076,0.12076043090415182,0.10471315524842559,-0.786943258879698,0.8162416589242263,0.04159993432099546,0.8162416589242263,0.8162416589242263,-0.06961467003902422,-0.08942349906544854,0.8162416589242263,0.8162416589242263,0.11492387319023462,0.25359018325397326,0.17646686270576492,0.11629940685022952,0.15286879414944599,0.16666605678758878,0.11871723981935647,1.0,0.8163531926373286,0.8162416589242263,1.0,0.09171347942233256,0.12557821475693853,-0.10990624785399787,0.07950300954617058,0.10432376520308477,0.8162416589242263,0.03720157709406879,0.09833562950118685,0.12876644141202553,0.8162416589242263,1.0,0.8163531926373286,-0.04142689078362505,-0.11192754709640036,0.8162416589242263,0.8162416589242263,-0.1862219772039931,0.025570269842546935,-0.172039276874469
ST_Elev_V3,-0.04059204531597218,-0.03224957448798398,-0.2595504034645507,-0.0509660086599904,0.028171409393052523,-4.527856422776157e-05,-0.2804065569668011,-0.04935789601437847,-0.2804065569668011,-0.1467072574532532,-0.184710941285977,0.08071958681688798,-0.2804065569668011,-0.2804065569668011,-0.0018155416014963817,-0.06280367138093515,0.086006462428416,-0.2804065569668011,-0.2804065569668011,-0.00638470749247098,-0.2804065569668011,0.003644153176623878,0.009303081428090242,0.4061556006815104,-0.2804065569668011,-0.03685526315012606,-0.03332471064755787,-0.04154074779210782,0.008229808179885882,-0.2804065569668011,-0.1104482434088973,-0.05303974143077939,-0.2804065569668011,-0.023783218597022246,-0.2804065569668011,-0.07777914847258503,-0.2804065569668011,-0.2804065569668011,-0.013790912586828637,-0.2804065569668011,0.09352945273983172,-0.2804065569668011,-0.2804065569668011,-0.00015893298291294708,-0.2845618222600514,-0.2804065569668011,-0.05654582664801705,-0.033436028002387326,-0.2804065569668011,-0.023231011429959016,-0.030134844704092816,-0.04756182914887478,-0.03557738491768543,-0.2804065569668011,0.2629034802444849,-0.2804065569668011,0.051179311098154885,-0.052739148213367414,-0.2804065569668011,-0.029452537070955426,0.24411486479895655,0.003827065514742941,-0.28262714178013115,-0.2804065569668011,-0.022255867303788743,-0.2804065569668011,-0.04041305671563378,-0.2804065569668011,-0.0957788117922218,0.09099598415321844,-0.06105501768476201,0.6778312928774505,0.007821207039683349,-0.051906387913761495,0.29031974917141135,-0.032143513519368345,0.024284387517984944,-0.0482969629070443,0.0064923896210748394,-0.2804065569668011,-0.03910852646401755,-0.047350712487359926,-0.2804065569668011,1.0,0.05609979985881787,-0.0547877955016001,-0.2804065569668011,-0.012582283523205765,-0.05635265035240869,0.08965853961573102,-0.2804065569668011,-0.046734197560615656,0.10411339381362876,-0.04727838560603827,-0.031559390794222424,-0.02089332869539231,-0.2804065569668011,-0.2804065569668011,-0.034280017657016604,0.2988528077531225,-0.2804065569668011,-0.00218217829569589,-0.03727223619993405,0.2167603741203661,-0.2804065569668011,-0.03192463529926122,-0.2804065569668011,-0.2804065569668011,0.006667880569675643,0.27959985214153676,-0.2804065569668011,-0.032676751022043767,-0.2804065569668011,0.6426141084254032,-0.2804065569668011,0.010256496019473503,0.1061188699991846,-0.26012033035185983,0.017645645789992132,-0.03485754566551714,0.2833839967509855,-0.2804065569668011,0.03981489713997093,-0.2804065569668011,-0.2804065569668011,0.06889009651877387,-0.12221007567745235,-0.2804065569668011,-0.2804065569668011,-0.022652667228857563,-0.2604441231200843,-0.22728891479978972,-0.017538900796215798,-0.04956863371676718,-0.08530629638485092,-0.052396294038056734,-0.2804065569668011,-0.2804065569668011,-0.2804065569668011,-0.2804065569668011,-0.1010848733588559,-0.05485890167755499,0.11910516008671967,-0.025468884552435237,-0.023299150155210464,-0.2804065569668011,0.03740158223414281,-0.0360359101833017,0.07125790508209454,-0.2804065569668011,-0.2804065569668011,-0.2804065569668011,-0.005785695493618592,-0.021902521668689605,-0.2804065569668011,-0.2804065569668011,0.23372981296333467,-0.013801471920295277,0.029259802559227673
T_Amp_aVF,0.026000852893832565,0.037016618397780976,-0.18323766833651625,-0.46107526504382396,0.7669516435614808,0.035909436365771825,-0.01720161256557165,-0.029129310213903737,-0.01720161256557165,-0.25310039568567877,-0.016031300536371917,-0.09474751476228087,-0.012899589328973761,-0.01725491297171733,-0.038720175771182044,-0.30030503451928947,0.31936655985367157,-0.012899589328973761,-0.01720161256557165,0.051133281260900394,-0.01725491297171733,0.4736976954917117,-0.005746311676174475,0.2008496272320244,-0.01720161256557165,0.07617455021555695,0.04960446172557538,-0.19179542217882467,0.04881903159391942,-0.01725491297171733,-0.4371461259593558,-0.012043162954620143,-0.01720161256557165,-0.13987264395954244,-0.01725491297171733,-0.21069754343571664,-0.01720161256557165,-0.01720161256557165,0.06207374233622313,-0.01725491297171733,0.23781730924483613,-0.012899589328973761,-0.01720161256557165,-0.03441266633546957,-0.007561146068747653,-0.01720161256557165,0.04938548377104638,0.03305804886377959,-0.01725491297171733,0.06044401119816651,-0.1858066609540218,0.03750215258061186,0.04336247443406653,-0.012899589328973761,0.06670384083426198,-0.01720161256557165,0.6812583393125033,0.03851583359618121,-0.01720161256557165,-0.023185577532840083,0.036365921859285874,-0.07706022480683677,-0.013244296257288757,-0.01720161256557165,-0.11239834342503989,-0.012899589328973761,-0.02090256518209847,-0.01725491297171733,-0.25472299475396043,0.0312637346367414,0.009018417040930968,0.019736027354656703,-0.0015933529614117036,-0.4141755046323206,0.27649266524795174,0.058898331895566196,-0.04730483955912659,0.18950503466518814,0.028718703142792963,-0.01720161256557165,0.042696900818062454,0.03731541813416965,-0.012899589328973761,0.05609979985881787,1.0,0.013358926738721667,-0.012899589328973761,0.05453989654120949,0.0007702418581089649,0.43120982571629196,-0.012899589328973761,0.012006750693283755,0.16985238599996566,0.04728925219479307,0.018691532799351478,0.01878179529198212,-0.01720161256557165,-0.01720161256557165,0.058165610452248856,-0.003730733864771717,-0.01720161256557165,0.09937920883893563,-0.10112654304897722,-0.05074583464785578,-0.012899589328973761,-0.03932338299844423,-0.01720161256557165,-0.01720161256557165,-0.047096932729191694,0.2155330848502746,-0.01720161256557165,0.06511320296513058,-0.01720161256557165,0.14073608401502688,-0.01720161256557165,-0.026536583388967146,-0.07966804911294874,-0.01815482746914976,0.03424188050229,0.004082057624107736,0.025861482408882367,-0.01720161256557165,0.019671963635098974,-0.01720161256557165,-0.01720161256557165,-0.03370645529822856,-0.0005052640915403208,-0.01720161256557165,-0.01720161256557165,0.07124675973379006,-0.2305918821016484,-0.09646566682038112,0.0635222346664826,0.01773100684925425,-0.2657479662871534,0.011535623217612612,-0.012899589328973761,-0.01725491297171733,-0.01720161256557165,-0.012899589328973761,-0.0711408086356364,0.04597057076220023,-0.07215982276067028,-0.05340465221427934,0.04696173239644287,-0.01720161256557165,-0.1534771250773842,0.047432060540049455,-0.05170616909090708,-0.01720161256557165,-0.012899589328973761,-0.01725491297171733,-0.025150516708095077,0.47937852723842816,-0.01720161256557165,-0.01720161256557165,0.2773330491591174,-0.07466667255782586,-0.004600965513763878
R_Amp_V6_iqr,0.3099540953739406,0.4514317708861621,0.19216758566241712,0.09156475171815086,-0.01167026399220943,0.2833243274063771,0.1471435074965606,0.5765388514710686,0.1471435074965606,0.1920811967586127,-0.018760610043480334,-0.023409293981411304,0.12991631876681964,0.1471435074965606,0.06672577778880068,0.07924900952841893,-0.009563522280107158,0.12991631876681964,0.1471435074965606,-0.03212097307162813,0.1471435074965606,-0.010553224850231392,-0.09785367559444419,-0.03547631443336222,0.1471435074965606,0.35670894509221124,0.35402686132489947,0.04620691427517493,-0.08050056051389272,0.1471435074965606,0.05347065726265275,0.39249321361072914,0.1471435074965606,0.053839256619913047,0.1471435074965606,-0.049619392444742,0.1471435074965606,0.1471435074965606,0.5109736187572245,0.1471435074965606,0.05214253352431115,0.12991631876681964,0.1471435074965606,-0.03920819070200048,-0.03302055708880814,0.1471435074965606,0.33362902322996224,0.38119638817763396,0.1471435074965606,0.6740230262282473,0.04066318973372071,0.3962910746573304,0.3449014778617879,0.12991631876681964,-0.07416143119165108,0.1471435074965606,0.0413207537048518,0.3929497134573066,0.1471435074965606,0.3175446015038634,0.009704986997805332,0.05371544512365114,0.1456660897075857,0.1471435074965606,0.010104978480256708,0.12991631876681964,0.3011000500521107,0.1471435074965606,0.21819557073952753,0.0687591397155498,0.34827810619184374,-0.0592046013499395,-0.010614691711330485,0.0949106608507388,-0.031699161787121864,0.37344185191507456,0.0013872936454540983,-0.04204280452723285,0.4401118583066272,0.1471435074965606,0.5235552484152964,0.36353331602186056,0.12991631876681964,-0.0547877955016001,0.013358926738721667,1.0,0.12991631876681964,0.3187044680676228,0.30518951223270846,-0.01622987913551724,0.12991631876681964,0.3338592047468345,-0.03677481234390589,0.3354762005653352,0.3606360590908641,0.37931486774880463,0.1471435074965606,0.1471435074965606,0.3662998793414681,-0.0175104525655769,0.1471435074965606,-0.0368968131403233,0.11993197521164285,0.017056433126086807,0.12991631876681964,0.12725932425524858,0.1471435074965606,0.1471435074965606,0.04607600966313551,-0.032809928548542665,0.1471435074965606,0.35169337078830337,0.1471435074965606,-0.04484675055610208,0.1471435074965606,-0.06656781769566905,0.018377004073989855,0.025643685031684803,0.28364336268456797,0.334302325965963,-0.14632428323223426,0.1471435074965606,-0.040735635604082325,0.1471435074965606,0.1471435074965606,0.13127959769811504,-0.038737151120944606,0.1471435074965606,0.1471435074965606,0.3553124019003806,0.04759873505509654,0.1969553938433363,0.33549444903222925,0.33491063906733354,0.28286327455181653,0.3362053602381935,0.12991631876681964,0.1471435074965606,0.1471435074965606,0.12991631876681964,0.1321753446441085,0.41054488177159204,-0.07925926648147362,0.03934439983622639,0.38039598139689623,0.1471435074965606,0.06267905292290109,0.6820499351307505,-0.013053303964522237,0.1471435074965606,0.12991631876681964,0.1471435074965606,0.05900413581291469,-0.026508189199638158,0.1471435074965606,0.1471435074965606,0.005719780535210725,0.06507378028618473,0.0251911404799236
ST_Elev_aVF_count,0.12814642346507774,0.10554994947605083,0.192292052712731,0.0704557606189327,-0.08524393828272972,0.09327988233182097,0.8162416589242263,0.13608991630457998,0.8162416589242263,0.19474405859149949,-0.013852249368270805,-0.06170190246194097,1.0,0.8163531926373286,-0.027043497768961713,0.15288267260892408,0.01786349852660369,1.0,0.8162416589242263,-0.048457504779620214,0.8163531926373286,-0.08176343404840906,-0.023122865370006886,-0.24960516438267727,0.8162416589242263,0.08889829590598936,0.10952876817120823,0.04290128049362426,0.08407429946472755,0.8163531926373286,0.2288153921112465,0.1210744951019413,0.8162416589242263,0.03848718069496327,0.8163531926373286,-0.10028617807636117,0.8162416589242263,0.8162416589242263,0.12260899877278765,0.8163531926373286,-0.06304440170218713,1.0,0.8162416589242263,-0.02451429462305746,-0.07836996684112897,0.8162416589242263,0.12996298332215545,0.11005196824995508,0.8163531926373286,0.11028413325874484,0.11653202802305034,0.12008647242401325,0.10079571108620357,1.0,-0.25358245463854895,0.8162416589242263,0.07886471919830995,0.11933863062475396,0.8162416589242263,0.08733784552807461,-0.012122733238447697,-0.020612635863391713,0.8121287169954822,0.8162416589242263,0.03990426860452024,1.0,0.09201076342604572,0.8163531926373286,0.18967196074544482,0.0658283578738903,0.12007144344236996,-0.2837381488125199,-0.06375218447900936,0.10613053885538631,-0.25876511676569974,0.1136084073930602,0.044507881788299855,-0.12977808021316706,0.1216564315268615,0.8162416589242263,0.1140796359253894,0.14828316595314642,1.0,-0.2804065569668011,-0.012899589328973761,0.12991631876681964,1.0,0.12190557040500812,0.11328618624341319,-0.030234901354675086,1.0,0.11462667944622205,0.03665154491431462,0.14021767814832722,0.0969601860145233,0.1381374359602978,0.8162416589242263,0.8162416589242263,0.11242043403603665,-0.11861151595964568,0.8162416589242263,-0.004360388675636503,-0.03925666539109328,0.004363506116147152,1.0,0.008252920234789336,0.8162416589242263,0.8162416589242263,-0.08106357549644287,-0.2534397814795543,0.8162416589242263,0.12668942252896853,0.8162416589242263,-0.2443545763477994,0.8162416589242263,-0.04320522331729734,0.009414769979632037,-0.04498343097548076,0.12076043090415182,0.10471315524842559,-0.786943258879698,0.8162416589242263,0.04159993432099546,0.8162416589242263,0.8162416589242263,-0.06961467003902422,-0.08942349906544854,0.8162416589242263,0.8162416589242263,0.11492387319023462,0.25359018325397326,0.17646686270576492,0.11629940685022952,0.15286879414944599,0.16666605678758878,0.11871723981935647,1.0,0.8163531926373286,0.8162416589242263,1.0,0.09171347942233256,0.12557821475693853,-0.10990624785399787,0.07950300954617058,0.10432376520308477,0.8162416589242263,0.03720157709406879,0.09833562950118685,0.12876644141202553,0.8162416589242263,1.0,0.8163531926373286,-0.04142689078362505,-0.11192754709640036,0.8162416589242263,0.8162416589242263,-0.1862219772039931,0.025570269842546935,-0.172039276874469
Q_Amp_aVL_iqr,0.6117422272528291,0.4178438955065911,0.1633130456341788,0.12645353733585027,0.04167712570191916,0.26550558951333936,0.11960854425673513,0.26653054295346756,0.11960854425673513,0.1492243105267279,-0.005086092951445306,-0.010431054907918577,0.12190557040500812,0.1195054168684212,-0.026797089652817588,0.08807780629186106,0.0234239143511943,0.12190557040500812,0.11960854425673513,-0.015046197998960394,0.1195054168684212,0.03762678709910078,0.05121056608997808,0.010491021031757823,0.11960854425673513,0.36481438962975854,0.5082404265155287,0.1057187850276798,-0.022698264909901962,0.1195054168684212,-0.017442223852532652,0.2477269080999787,0.11960854425673513,0.031541126687847275,0.1195054168684212,-0.025912576413203905,0.11960854425673513,0.11960854425673513,0.4357798239843068,0.1195054168684212,0.013662654531215103,0.12190557040500812,0.11960854425673513,-0.010603609543597972,-0.02333375803078461,0.11960854425673513,0.448390692857681,0.41108684856752775,0.1195054168684212,0.4311392339686927,0.05893623675427874,0.42697500372912306,0.6404899004976283,0.12190557040500812,0.006786278179519065,0.11960854425673513,0.0567615067547671,0.38745268678475614,0.11960854425673513,0.3824896773321204,0.012287325539187271,-0.006651228843993011,0.11731096330008556,0.11960854425673513,0.009098351966000128,0.12190557040500812,0.3603656857161423,0.1195054168684212,0.13313031606031175,0.028437651806171554,0.3486570626821209,-0.009388269284692052,0.0495630984287365,0.1064538542766212,0.008503717058201538,0.5758519878643177,0.07041811775054822,-0.006859659708867843,0.3824677383348276,0.11960854425673513,0.42800238838847143,0.43621434215456156,0.12190557040500812,-0.012582283523205765,0.05453989654120949,0.3187044680676228,0.12190557040500812,1.0,0.5236425671350983,0.030226194401509747,0.12190557040500812,0.41622793693024646,0.012854808373428324,0.5327969515253372,0.4019629962046418,0.3440125501222931,0.11960854425673513,0.11960854425673513,0.6114059180000316,-0.06400641395667195,0.11960854425673513,-0.014578761165256344,-0.03688204873146202,-0.011666990808422767,0.12190557040500812,-0.07394637849318403,0.11960854425673513,0.11960854425673513,-0.017503310290953616,0.0181157424429269,0.11960854425673513,0.499247764564242,0.11960854425673513,0.005677443953963507,0.11960854425673513,0.04677408962301934,0.004451123930700599,-0.026995192002682578,0.23883267345863715,0.3962735744429657,-0.11637446644363074,0.11960854425673513,0.11232613193739932,0.11960854425673513,0.11960854425673513,0.061252629838782484,-0.035255611239442035,0.11960854425673513,0.11960854425673513,0.5461876702829276,-0.008520816803976806,0.16919644611419332,0.6368496924450435,0.2694279726977068,0.08961927176861396,0.5153505059462079,0.12190557040500812,0.1195054168684212,0.11960854425673513,0.12190557040500812,0.10389783040612804,0.39913410905681734,-0.008876569962421641,0.09767698743843997,0.41201415125566376,0.11960854425673513,0.024011402496042677,0.4265279072249046,-0.014858517191615257,0.11960854425673513,0.12190557040500812,0.1195054168684212,-0.06251892472619854,0.03217939104624205,0.11960854425673513,0.11960854425673513,0.02205434119877312,0.08451426569799515,0.05527008168684737
T_Amp_I_iqr,0.6256589456495092,0.39161710191114996,0.2198771474600811,0.16059195260307768,-0.00953061424628887,0.2298354427118392,0.10760311816772491,0.2516012077828632,0.10760311816772491,0.20221574905011191,0.013653354025239628,0.009202597627693853,0.11328618624341319,0.10756563562690405,0.0410887237269793,0.18349373805249541,-0.02705138775997166,0.11328618624341319,0.10760311816772491,-0.038750733688978696,0.10756563562690405,-0.00835149091190774,-0.03981091272813157,-0.01891529703525246,0.10760311816772491,0.33994696074109,0.47157183886607973,0.11079170945248033,-0.012773053476186442,0.10756563562690405,0.030960360753706923,0.22530644534952193,0.10760311816772491,0.06818362676416911,0.10756563562690405,-0.029706068187631034,0.10760311816772491,0.10760311816772491,0.38624014907023385,0.10756563562690405,0.043170995694368164,0.11328618624341319,0.10760311816772491,-0.027754047543453477,0.0016970997652148109,0.10760311816772491,0.470358256814933,0.3796050214156723,0.10756563562690405,0.38151364684873024,0.16334395439932578,0.38385540755488373,0.6434436668873954,0.11328618624341319,-0.02686143076762011,0.10760311816772491,0.017741592602115264,0.3560156068750687,0.10760311816772491,0.34922984376933575,-0.0026728265303021873,0.04185428890987907,0.10468098361951589,0.10760311816772491,0.050122045375236186,0.11328618624341319,0.43293378541101907,0.10756563562690405,0.19453846485610568,0.043396936265435504,0.31916889093112605,-0.04757212871836433,-0.016992108749675053,0.16563931126296777,-0.004407664514620373,0.47239105238910367,0.013587394416134014,-0.02832770371426303,0.34635565689393094,0.10760311816772491,0.40794149119672357,0.36798055192398244,0.11328618624341319,-0.05635265035240869,0.0007702418581089649,0.30518951223270846,0.11328618624341319,0.5236425671350983,1.0,-0.02734444140488271,0.11328618624341319,0.3173639129550964,-0.02279162041991253,0.5469234070554826,0.3637129516716885,0.32433111197150316,0.10760311816772491,0.10760311816772491,0.4879212029774156,-0.06698258204057736,0.10760311816772491,-0.03025530058119054,0.03401613116694237,-0.013160731009375717,0.11328618624341319,0.04070772416769548,0.10760311816772491,0.10760311816772491,-0.03423147161413452,-0.00879765229840217,0.10760311816772491,0.4401568861403654,0.10760311816772491,-0.03109923208404568,0.10760311816772491,-0.0362287004312913,-0.0011588158336110878,0.022655186466706057,0.19841437313988644,0.30017340881795745,-0.10543843337166797,0.10760311816772491,-0.006848984545555706,0.10760311816772491,0.10760311816772491,0.02389911429887726,-0.038360606322548924,0.10760311816772491,0.10760311816772491,0.41154251008608067,0.01703369246709285,0.20597548076133548,0.4198366768503128,0.2444063645558938,0.15985845795122508,0.625623130425622,0.11328618624341319,0.10756563562690405,0.10760311816772491,0.11328618624341319,0.128975144768952,0.3770644047351751,-0.055484093483722616,0.11545726015678633,0.3899387862484877,0.10760311816772491,0.05480271850280028,0.39863815528934454,-0.00774292226829709,0.10760311816772491,0.11328618624341319,0.10756563562690405,0.022123033046013044,-0.0010177519230984704,0.10760311816772491,0.10760311816772491,0.02189981990444586,0.10835136359297294,0.05671097035136696
T_Amp_V4,-0.0014548667406503988,0.03255880117124693,-0.434089855643889,-0.27355527901942667,0.5789299481946428,0.009945902459282736,-0.045067337047620566,-0.007856252381700606,-0.045067337047620566,-0.5040510614016833,-0.018710215730098075,-0.09266389626031157,-0.030234901354675086,-0.045067337047620566,-0.11706765761585523,-0.3562035768624194,0.7518301308018908,-0.030234901354675086,-0.045067337047620566,0.09583960739627348,-0.045067337047620566,0.7574977670320568,0.11334647468039127,0.2729795143418477,-0.045067337047620566,0.13236556491814333,0.012101376859217807,-0.11947037278318028,-0.01244235539385278,-0.045067337047620566,-0.5254865782699161,0.015964349688660028,-0.045067337047620566,-0.30143871290714125,-0.045067337047620566,0.26824781975927575,-0.045067337047620566,-0.045067337047620566,-0.0005099985523354814,-0.045067337047620566,-0.02104308627670346,-0.030234901354675086,-0.045067337047620566,0.012745142499574322,-0.06148274072458522,-0.045067337047620566,0.02100151801306496,-0.005400879202111303,-0.045067337047620566,0.006810871931318025,-0.29887520700964026,0.007254736781886765,0.021934322000126866,-0.030234901354675086,0.20744466929601207,-0.045067337047620566,0.13757675436568842,0.003361400084170953,-0.045067337047620566,-0.014921469854577723,-0.041608781972665834,-0.16695385624393824,-0.041230048836556454,-0.045067337047620566,-0.24657149739656356,-0.030234901354675086,-0.010612111904954872,-0.045067337047620566,-0.41650698093931576,0.01767647362758716,0.0010163797534576665,0.0015281318309946501,0.09374180889116558,-0.37023094068865764,0.21323433501132477,0.030266062379134786,-0.11800762536159842,0.5060656083325664,-0.02223707963073037,-0.045067337047620566,0.0041156761101047695,0.019306114577013395,-0.030234901354675086,0.08965853961573102,0.43120982571629196,-0.01622987913551724,-0.030234901354675086,0.030226194401509747,-0.02734444140488271,1.0,-0.030234901354675086,0.007938240459610278,0.5052245965010604,0.007325557574228072,0.005017896953946196,-0.00882251915982862,-0.045067337047620566,-0.045067337047620566,0.019625956897277915,-0.0062719430820041,-0.045067337047620566,0.1981963554764241,-0.10133093484374307,-0.12127713563577772,-0.030234901354675086,-0.12270373768232977,-0.045067337047620566,-0.045067337047620566,0.1408316726022534,0.24303933944937722,-0.045067337047620566,0.016891157311340062,-0.045067337047620566,0.21186794326303157,-0.045067337047620566,0.1021936059118084,-0.08239037043851559,-0.07776808938268016,0.034337963789983626,-0.0006539232160443982,0.05196191257962195,-0.045067337047620566,0.016899575644349952,-0.045067337047620566,-0.045067337047620566,0.12774501180352513,0.0808240904810472,-0.045067337047620566,-0.045067337047620566,0.02938042840437533,-0.2812759445793973,-0.28859872130550834,0.03813146698523427,0.002235280006320656,-0.37310426905839983,-0.0221800176638619,-0.030234901354675086,-0.045067337047620566,-0.045067337047620566,-0.030234901354675086,-0.0619431364712447,0.058780683277581035,0.14619052768341106,-0.14441675182769162,0.03346030088184334,-0.045067337047620566,-0.28729164344290015,-0.0010001960436163964,0.0009919799423647201,-0.045067337047620566,-0.030234901354675086,-0.045067337047620566,-0.07698235674309839,0.6108867766291103,-0.045067337047620566,-0.045067337047620566,0.13309438828142872,-0.09469094594232103,0.0566386745962855
ST_Elev_V2_count,0.12814642346507774,0.10554994947605083,0.192292052712731,0.0704557606189327,-0.08524393828272972,0.09327988233182097,0.8162416589242263,0.13608991630457998,0.8162416589242263,0.19474405859149949,-0.013852249368270805,-0.06170190246194097,1.0,0.8163531926373286,-0.027043497768961713,0.15288267260892408,0.01786349852660369,1.0,0.8162416589242263,-0.048457504779620214,0.8163531926373286,-0.08176343404840906,-0.023122865370006886,-0.24960516438267727,0.8162416589242263,0.08889829590598936,0.10952876817120823,0.04290128049362426,0.08407429946472755,0.8163531926373286,0.2288153921112465,0.1210744951019413,0.8162416589242263,0.03848718069496327,0.8163531926373286,-0.10028617807636117,0.8162416589242263,0.8162416589242263,0.12260899877278765,0.8163531926373286,-0.06304440170218713,1.0,0.8162416589242263,-0.02451429462305746,-0.07836996684112897,0.8162416589242263,0.12996298332215545,0.11005196824995508,0.8163531926373286,0.11028413325874484,0.11653202802305034,0.12008647242401325,0.10079571108620357,1.0,-0.25358245463854895,0.8162416589242263,0.07886471919830995,0.11933863062475396,0.8162416589242263,0.08733784552807461,-0.012122733238447697,-0.020612635863391713,0.8121287169954822,0.8162416589242263,0.03990426860452024,1.0,0.09201076342604572,0.8163531926373286,0.18967196074544482,0.0658283578738903,0.12007144344236996,-0.2837381488125199,-0.06375218447900936,0.10613053885538631,-0.25876511676569974,0.1136084073930602,0.044507881788299855,-0.12977808021316706,0.1216564315268615,0.8162416589242263,0.1140796359253894,0.14828316595314642,1.0,-0.2804065569668011,-0.012899589328973761,0.12991631876681964,1.0,0.12190557040500812,0.11328618624341319,-0.030234901354675086,1.0,0.11462667944622205,0.03665154491431462,0.14021767814832722,0.0969601860145233,0.1381374359602978,0.8162416589242263,0.8162416589242263,0.11242043403603665,-0.11861151595964568,0.8162416589242263,-0.004360388675636503,-0.03925666539109328,0.004363506116147152,1.0,0.008252920234789336,0.8162416589242263,0.8162416589242263,-0.08106357549644287,-0.2534397814795543,0.8162416589242263,0.12668942252896853,0.8162416589242263,-0.2443545763477994,0.8162416589242263,-0.04320522331729734,0.009414769979632037,-0.04498343097548076,0.12076043090415182,0.10471315524842559,-0.786943258879698,0.8162416589242263,0.04159993432099546,0.8162416589242263,0.8162416589242263,-0.06961467003902422,-0.08942349906544854,0.8162416589242263,0.8162416589242263,0.11492387319023462,0.25359018325397326,0.17646686270576492,0.11629940685022952,0.15286879414944599,0.16666605678758878,0.11871723981935647,1.0,0.8163531926373286,0.8162416589242263,1.0,0.09171347942233256,0.12557821475693853,-0.10990624785399787,0.07950300954617058,0.10432376520308477,0.8162416589242263,0.03720157709406879,0.09833562950118685,0.12876644141202553,0.8162416589242263,1.0,0.8163531926373286,-0.04142689078362505,-0.11192754709640036,0.8162416589242263,0.8162416589242263,-0.1862219772039931,0.025570269842546935,-0.172039276874469
R_Amp_aVF_iqr,0.31177631573134057,0.34002532624467274,0.1601163603248294,0.15603201376325299,0.013151420855284262,0.26266167839459303,0.1298133598312867,0.32327683227064474,0.1298133598312867,0.14250497159018352,-0.060197700064408444,-0.08063594862345295,0.11462667944622205,0.12995507016431854,-0.039303971735258396,0.07709735391154332,0.008289089685059274,0.11462667944622205,0.1298133598312867,0.03797078736903976,0.12995507016431854,0.01726565080655173,0.01859326694287624,-0.025344215044296896,0.1298133598312867,0.3145211904643958,0.47006771239821366,0.12457722928045536,-0.1755279573667538,0.12995507016431854,0.0027843890666720277,0.2946958423367752,0.1298133598312867,-0.02469028255462288,0.12995507016431854,0.0011205950468069737,0.1298133598312867,0.1298133598312867,0.31953851564402347,0.12995507016431854,-0.0072408956870620815,0.11462667944622205,0.1298133598312867,0.020878895292947255,-0.0029450484220838167,0.1298133598312867,0.4183707063123518,0.288464160161455,0.12995507016431854,0.3108185397200264,0.041102670567743416,0.31514417523508603,0.43268972996346383,0.11462667944622205,-0.03445456509556878,0.1298133598312867,0.015685466467124102,0.30433784000263,0.1298133598312867,0.4862065393188179,0.031489685602052724,-0.04233439364803872,0.12992269178272856,0.1298133598312867,-0.04729411350021523,0.11462667944622205,0.3622102896221311,0.12995507016431854,0.12705361682087354,0.08900217701260896,0.30167723013156017,-0.03664071991628143,0.1342198482794986,0.12341304904508753,-0.03580733644307862,0.5188231295796303,-0.020672469148643537,0.010106596080924197,0.30558567718560614,0.1298133598312867,0.33510147748413305,0.6190663551021542,0.11462667944622205,-0.046734197560615656,0.012006750693283755,0.3338592047468345,0.11462667944622205,0.41622793693024646,0.3173639129550964,0.007938240459610278,0.11462667944622205,1.0,-0.003052756313848896,0.40781006266677045,0.28355633584272716,0.30235604215810286,0.1298133598312867,0.1298133598312867,0.48083024309348255,-0.020495207974995218,0.1298133598312867,0.04240781236495512,0.11860898186385664,-0.00405606639634495,0.11462667944622205,0.038834876322262755,0.1298133598312867,0.1298133598312867,0.08987128679947917,-0.023060960262478326,0.1298133598312867,0.4589688353923832,0.1298133598312867,-0.03630692252420636,0.1298133598312867,0.07616560279658346,0.013191479615089421,-0.01742925968821282,0.24087223987706985,0.6217641927404924,-0.1282701623962547,0.1298133598312867,-0.0027214041422634256,0.1298133598312867,0.1298133598312867,0.14828593386996708,0.031990270236602794,0.1298133598312867,0.1298133598312867,0.48816329939918524,0.03519757878570643,0.16028380425343072,0.48063114708228816,0.273334373078486,0.09533730352778479,0.4097035256338555,0.11462667944622205,0.12995507016431854,0.1298133598312867,0.11462667944622205,0.12480684121967417,0.33824635261609903,-0.01835961660584948,0.08266350785241179,0.3225068089947467,0.1298133598312867,-0.01330702585650338,0.3162907021347937,-0.007035432761119957,0.1298133598312867,0.11462667944622205,0.12995507016431854,-0.01137821558693725,0.010384085517676195,0.1298133598312867,0.1298133598312867,-0.02578522350683917,0.07086889209634764,0.07221781612070652
T_Amp_V2,-0.014337441815824567,0.010925830035274286,-0.3913197379655599,-0.13329606493042584,0.20988226409947655,0.06327217854224004,0.03776410377000593,0.007130953712589871,0.03776410377000593,-0.2635742599637577,-0.3313917901242041,0.027371215629104564,0.03665154491431462,0.037795712380987584,-0.05707252799751633,-0.1311269913995216,0.7339882530211735,0.03665154491431462,0.03776410377000593,0.08130121665583277,0.037795712380987584,0.273638402209102,0.023809150760233478,0.029590771362003415,0.03776410377000593,0.16922731101592597,-0.019944665006957147,-0.09996915212010124,-0.12556096769098152,0.037795712380987584,-0.11588625443283762,0.07249445747388461,0.03776410377000593,-0.15891922370640313,0.037795712380987584,0.13466793998015575,0.03776410377000593,0.03776410377000593,-0.030863164533218402,0.037795712380987584,-0.028395060819589736,0.03665154491431462,0.03776410377000593,0.06829884961038321,-0.10421829311277285,0.03776410377000593,-3.472149895465548e-05,-0.024205485077905757,0.037795712380987584,-0.028856640644870788,-0.15990368786147996,-0.01139489978980471,0.006113284154359908,0.03665154491431462,-0.00417465201665367,0.03776410377000593,0.06219558409992804,0.005869082936740286,0.03776410377000593,0.018856497674919714,-0.08853929066122532,-0.10229347692235499,0.04505684193043853,0.03776410377000593,-0.0944769759465472,0.03665154491431462,0.014594554878930889,0.037795712380987584,-0.17188341737481622,-0.019113723540242177,0.02616065456263482,-0.033115349030532065,0.11779242978212658,-0.14166267266871682,0.0010502520799817582,-0.00899844166695908,-0.08336999752025268,0.20203531256736798,-0.02780823471013353,0.03776410377000593,-0.030146338566780968,0.0031654776850700357,0.03665154491431462,0.10411339381362876,0.16985238599996566,-0.03677481234390589,0.03665154491431462,0.012854808373428324,-0.02279162041991253,0.5052245965010604,0.03665154491431462,-0.003052756313848896,1.0,-0.018496197426884853,0.026527099521176933,0.003917852931214165,0.03776410377000593,0.03776410377000593,-0.0013025393349075877,0.2230093620043615,0.03776410377000593,0.11982126689732056,0.08041748825829086,-0.1634358197086698,0.03665154491431462,0.022196144957883898,0.03776410377000593,0.03776410377000593,0.15002388524342447,-0.022951953862821544,0.03776410377000593,-0.016008738929851045,0.03776410377000593,0.1333392773433272,0.03776410377000593,0.06645707819546372,-0.08636160115584689,-0.37414990572292567,0.08833687824888045,0.015730986212134302,-0.03087690978617001,0.03776410377000593,-0.008929084727614911,0.03776410377000593,0.03776410377000593,0.12643476286813435,0.1278879412898516,0.03776410377000593,0.03776410377000593,0.001341084183030329,-0.03839897756245601,-0.5010599391306365,0.02124825855208578,0.05485169109199256,-0.1472678888630644,-0.038826417798165105,0.03665154491431462,0.037795712380987584,0.03776410377000593,0.03665154491431462,-0.13270022134734016,0.04088504535749023,0.010705753666971973,-0.1148592152226714,0.053662841870053574,0.03776410377000593,-0.20751336981969296,-0.03889474522670175,0.4780890119837607,0.03776410377000593,0.03665154491431462,0.037795712380987584,-0.036558798734215844,0.1568958142511336,0.03776410377000593,0.03776410377000593,0.005230831892166481,-0.028668692284427318,0.01516728301538631
Q_Amp_aVR_iqr,0.6172836040653271,0.4273403796546357,0.20539149037709856,0.161376820778182,0.028369121284689106,0.2564826847044037,0.14568305357028172,0.2645520894845051,0.14568305357028172,0.19004918307370214,0.020457363644811113,-0.010044629873493126,0.14021767814832722,0.1456097058935201,0.04987934315078339,0.15884121824972564,-0.0011192217655561594,0.14021767814832722,0.14568305357028172,-0.027700760213881726,0.1456097058935201,0.024435456453586007,-0.03324658332312408,0.0028386679120351145,0.14568305357028172,0.37284607790042473,0.6353386008408385,0.11077679147543865,0.03167251913118735,0.1456097058935201,0.00808004849927528,0.2417609587909054,0.14568305357028172,0.07835992842065877,0.1456097058935201,-0.03395635159688106,0.14568305357028172,0.14568305357028172,0.4494449540752548,0.1456097058935201,0.039030181472540566,0.14021767814832722,0.14568305357028172,-0.041712451169152925,-0.011897050986926064,0.14568305357028172,0.5832697404236251,0.43126987422621516,0.1456097058935201,0.45682431470263696,0.09906811691146032,0.455025352566925,0.5541331133076248,0.14021767814832722,-0.030284144247268083,0.14568305357028172,0.0551035347477576,0.3971467049392353,0.14568305357028172,0.31465461430535374,0.0009549656598390197,0.061447006414830994,0.1428524105475337,0.14568305357028172,0.06459711271852586,0.14021767814832722,0.3527916137347759,0.1456097058935201,0.177954663582845,0.04404117832889484,0.36363781270376727,-0.05057775456032617,-0.03182850414638352,0.17478177133385325,0.008735874854424794,0.6024623472874162,0.03249345646269289,-0.01179030376170683,0.40371355397591413,0.14568305357028172,0.4424080710738483,0.5226909828307192,0.14021767814832722,-0.04727838560603827,0.04728925219479307,0.3354762005653352,0.14021767814832722,0.5327969515253372,0.5469234070554826,0.007325557574228072,0.14021767814832722,0.40781006266677045,-0.018496197426884853,1.0,0.4200146692686253,0.3579128353760143,0.14568305357028172,0.14568305357028172,0.5462942286672378,-0.07147790243526471,0.14568305357028172,-0.062230450329041766,-0.022591103237814606,-0.004277428305943363,0.14021767814832722,0.01619636519896599,0.14568305357028172,0.14568305357028172,-0.057080287243319865,0.009936411813701498,0.14568305357028172,0.6822985585231983,0.14568305357028172,-0.018087590083335284,0.14568305357028172,-0.04151693095010129,-0.00014832581044878514,0.026441400440505806,0.23584865216786832,0.3422699811050679,-0.1421326262014291,0.14568305357028172,-0.006067870927129326,0.14568305357028172,0.14568305357028172,0.007884872425278605,-0.05481118025844991,0.14568305357028172,0.14568305357028172,0.5667545547906072,-0.0033303272942107804,0.20136274914628402,0.5001987874293993,0.2738646643495154,0.13965336123306157,0.6724003462613507,0.14021767814832722,0.1456097058935201,0.14568305357028172,0.14021767814832722,0.12948739609922716,0.41434776160838244,-0.041284569758856804,0.0993210849039081,0.43527095396494453,0.14568305357028172,0.05230628420119263,0.44653935123373134,-0.020460827891172113,0.14568305357028172,0.14021767814832722,0.1456097058935201,0.028504752230228372,0.027423679649935157,0.14568305357028172,0.14568305357028172,0.033354011888068316,0.0924557739482659,0.0405816478070782
S_Amp_V1_iqr,0.3658864190722751,0.4607516194707077,0.19538307268168953,0.12202319363078755,-0.0033700598456602882,0.48146667568584167,0.10079178640760923,0.3059512888693976,0.10079178640760923,0.18329465485457785,-0.0006541934763579576,0.017314789988021176,0.0969601860145233,0.10066970715967344,0.0522210834055548,0.1055890212977635,0.0210450177496956,0.0969601860145233,0.10079178640760923,-0.05776939433053798,0.10066970715967344,-0.0071155274069794,-0.025428527601618886,-0.008508390784099465,0.10079178640760923,0.4562083285322061,0.43980487724011513,0.0721158282288147,0.006305318347621367,0.10066970715967344,0.038029359696080414,0.2796665438468968,0.10079178640760923,0.0854033560270456,0.10066970715967344,-0.04987439313719858,0.10079178640760923,0.10079178640760923,0.4665462295641292,0.10066970715967344,0.04355376714680269,0.0969601860145233,0.10079178640760923,-0.032239214268365304,-0.022271331575321716,0.10079178640760923,0.3516524321462694,0.5186626795694808,0.10066970715967344,0.4598117913094986,0.06776879410963171,0.7307277296270068,0.4203259408709498,0.0969601860145233,-0.03492534553513397,0.10079178640760923,0.03734172891608158,0.45220424323004393,0.10079178640760923,0.22946587126125567,-0.06928163166767962,0.07989744094174431,0.09931177565987617,0.10079178640760923,0.06978092714852462,0.0969601860145233,0.22980043455974528,0.10066970715967344,0.1880598790351764,-0.07502771883762145,0.44085932412716294,-0.046368620143349436,-0.024457979597349622,0.12662386097218326,-0.004296179696484233,0.45546939438477463,0.061719262952185605,-0.04567751929558289,0.42852155547927845,0.10079178640760923,0.4786861394168662,0.34561466581423983,0.0969601860145233,-0.031559390794222424,0.018691532799351478,0.3606360590908641,0.0969601860145233,0.4019629962046418,0.3637129516716885,0.005017896953946196,0.0969601860145233,0.28355633584272716,0.026527099521176933,0.4200146692686253,1.0,0.40983720331001683,0.10079178640760923,0.10079178640760923,0.4350651322856949,-0.05171215854932317,0.10079178640760923,-0.08778503337677449,0.0013362357985720447,-0.03492356743631936,0.0969601860145233,0.01976466508579441,0.10079178640760923,0.10079178640760923,-0.017377268734004313,-0.00819383138130202,0.10079178640760923,0.42822187391485705,0.10079178640760923,-0.006129374164703629,0.10079178640760923,-0.03228895901036895,-0.0024209824172854236,-0.007185904602687151,0.31934043179583005,0.2540759314471827,-0.09984660721220422,0.10079178640760923,0.018122153765110022,0.10079178640760923,0.10079178640760923,0.04812665588698457,-0.045650684436126174,0.10079178640760923,0.10079178640760923,0.4151933296420642,0.014778179014592243,0.1913094889741025,0.40184816578155813,0.3424572961230977,0.16790927037411177,0.4199352861150323,0.0969601860145233,0.10066970715967344,0.10079178640760923,0.0969601860145233,0.2332143659053433,0.4683430996700197,-0.04638282677322695,0.05930410886091939,0.7082647259143051,0.10079178640760923,0.05935273044678044,0.4677805475254,0.04430467242507121,0.10079178640760923,0.0969601860145233,0.10066970715967344,0.017048782931821813,-0.015080847409423679,0.10079178640760923,0.10079178640760923,0.03581825262870467,0.06811940587007179,0.07245836450630791
Q_Amp_V3_iqr,0.31651203808123174,0.47480543783448426,0.2809108185925132,0.10512657146677366,-0.012079926012460216,0.3332566122270623,0.14991578310400233,0.34207137468278587,0.14991578310400233,0.19330542208073775,-0.026202826764274025,-0.0012644836883871522,0.1381374359602978,0.14976241733290743,0.04849774502942977,0.09174705172131643,0.00971300743060545,0.1381374359602978,0.14991578310400233,-0.04756402095409749,0.14976241733290743,-0.018852291350512498,-0.040179548386539754,-0.0065940711063544235,0.14991578310400233,0.4202977230218611,0.3841316425741768,0.0663704287645311,0.011322630825503815,0.14976241733290743,0.04526827054101551,0.3394033772848228,0.14991578310400233,0.0684155062152747,0.14976241733290743,-0.0673589112250837,0.14991578310400233,0.14991578310400233,0.4521422779644217,0.14976241733290743,0.04053078787340513,0.1381374359602978,0.14991578310400233,0.009849780044779575,-0.17981067165354664,0.14991578310400233,0.33510255953405194,0.4199736468168807,0.14976241733290743,0.4357851908364212,0.06562008082548719,0.43549991551600636,0.36010710407944707,0.1381374359602978,-0.040744541871161805,0.14991578310400233,0.04455645135737803,0.5365675041114512,0.14991578310400233,0.245071426576587,0.05339012536292757,0.06393986226888236,0.14903938899868371,0.14991578310400233,0.047289293242911576,0.1381374359602978,0.23634366885911978,0.14976241733290743,0.1949350271439636,0.051951174508050445,0.4570946956706645,-0.02561596799843001,-0.03542501520568527,0.10321294136434549,-0.009734764351684981,0.3971258604632124,0.053844287543319956,-0.06268104424950882,0.4815271922658484,0.14991578310400233,0.4558769112555264,0.3390760696289384,0.1381374359602978,-0.02089332869539231,0.01878179529198212,0.37931486774880463,0.1381374359602978,0.3440125501222931,0.32433111197150316,-0.00882251915982862,0.1381374359602978,0.30235604215810286,0.003917852931214165,0.3579128353760143,0.40983720331001683,1.0,0.14991578310400233,0.14991578310400233,0.3794794136749826,-0.006432457982310518,0.14991578310400233,-0.06379498441622185,0.005459703780960674,0.1367692414060033,0.1381374359602978,0.02526159274664637,0.14991578310400233,0.14991578310400233,-0.00570765516136695,-0.011156886291196091,0.14991578310400233,0.38230472694443557,0.14991578310400233,-0.006198423178345425,0.14991578310400233,-0.042681293726991094,0.23691354478131835,-0.07058262011017091,0.34689187623832923,0.2746403603400778,-0.1477698117260533,0.14991578310400233,0.011252415547144876,0.14991578310400233,0.14991578310400233,0.03988366405757261,-0.05193624076911429,0.14991578310400233,0.14991578310400233,0.3686012164778853,0.023178289559990253,0.18463027960283834,0.34319755167677113,0.5083865367120369,0.1695766207666861,0.36622711169418454,0.1381374359602978,0.14976241733290743,0.14991578310400233,0.1381374359602978,0.14551803718573608,0.6352056328430423,-0.047673756604058884,0.07169037889904172,0.43196720043208287,0.14991578310400233,0.0848694443635123,0.43727991374238295,0.03758539212182665,0.14991578310400233,0.1381374359602978,0.14976241733290743,0.023010391975480177,-0.02443482612731687,0.14991578310400233,0.14991578310400233,0.022981260684307798,0.04534154955053835,0.04817702809840917
Q_Amp_V1_count,0.13001534003225348,0.11464232648521333,0.192292052712731,0.0704557606189327,-0.09738955887776468,0.10562471071978288,1.0,0.15232291908546677,1.0,0.19474405859149949,-0.004079108389680102,-0.1010795432733466,0.8162416589242263,0.9998676111299506,-0.042044025894865514,0.15288267260892408,0.012514740503856344,0.8162416589242263,1.0,-0.0536195047768743,0.9998676111299506,-0.09618773336230006,-0.01195991408952987,-0.24960516438267727,1.0,0.10043427004334168,0.11827861546595629,0.04290128049362426,0.10091886512501962,0.9998676111299506,0.27619701014574816,0.13788145781552436,1.0,0.04390776387885272,0.9998676111299506,-0.10172218032146402,1.0,1.0,0.13361466488107532,0.9998676111299506,-0.06304440170218713,0.8162416589242263,1.0,-0.031081310772127984,-0.0867220624473799,1.0,0.14007670350736617,0.11152108086813146,0.9998676111299506,0.12276782954419246,0.11653202802305034,0.1318071923898046,0.10032491700053033,0.8162416589242263,-0.25358245463854895,1.0,0.08884407449836429,0.12029666621863966,1.0,0.09316818293243911,-0.011145375161925238,-0.03330246363179656,0.9953264315900904,1.0,0.04615314341494943,0.8162416589242263,0.09520697281080748,0.9998676111299506,0.18967196074544482,0.0746269831584526,0.1307988459011755,-0.2837381488125199,-0.06850770861792824,0.10613053885538631,-0.25876511676569974,0.12040067249825367,0.054599404862743776,-0.1434550464453895,0.13194289943624904,1.0,0.12553818366169545,0.16571761536067905,0.8162416589242263,-0.2804065569668011,-0.01720161256557165,0.1471435074965606,0.8162416589242263,0.11960854425673513,0.10760311816772491,-0.045067337047620566,0.8162416589242263,0.1298133598312867,0.03776410377000593,0.14568305357028172,0.10079178640760923,0.14991578310400233,1.0,1.0,0.11477411181962201,-0.11861151595964568,1.0,-0.0025137544857759407,-0.056544557019696066,0.008709385049436838,0.8162416589242263,-0.0042493839657625,1.0,1.0,-0.10876487679626276,-0.2534397814795543,1.0,0.13673594421753205,1.0,-0.2443545763477994,1.0,-0.036732952831792384,0.005761531833560238,-0.04314647471060189,0.1375173834129979,0.11718604355219234,-0.9736027364885587,1.0,0.053373727936301185,1.0,1.0,-0.09134846664313583,-0.1062813027324451,1.0,1.0,0.12205598888745056,0.25359018325397326,0.17646686270576492,0.12575801217621446,0.1722498620754868,0.16666605678758878,0.11949323212356747,0.8162416589242263,0.9998676111299506,1.0,0.8162416589242263,0.09171347942233256,0.1385706579985287,-0.10990624785399787,0.07950300954617058,0.10977412207539503,1.0,0.03712437869653792,0.11006878488331456,0.14627146173606997,1.0,0.8162416589242263,0.9998676111299506,-0.05766361423223464,-0.1316082108454076,1.0,1.0,-0.1862219772039931,0.010944198656912643,-0.20305917979626326
T_Amp_I_count,0.13001534003225348,0.11464232648521333,0.192292052712731,0.0704557606189327,-0.09738955887776468,0.10562471071978288,1.0,0.15232291908546677,1.0,0.19474405859149949,-0.004079108389680102,-0.1010795432733466,0.8162416589242263,0.9998676111299506,-0.042044025894865514,0.15288267260892408,0.012514740503856344,0.8162416589242263,1.0,-0.0536195047768743,0.9998676111299506,-0.09618773336230006,-0.01195991408952987,-0.24960516438267727,1.0,0.10043427004334168,0.11827861546595629,0.04290128049362426,0.10091886512501962,0.9998676111299506,0.27619701014574816,0.13788145781552436,1.0,0.04390776387885272,0.9998676111299506,-0.10172218032146402,1.0,1.0,0.13361466488107532,0.9998676111299506,-0.06304440170218713,0.8162416589242263,1.0,-0.031081310772127984,-0.0867220624473799,1.0,0.14007670350736617,0.11152108086813146,0.9998676111299506,0.12276782954419246,0.11653202802305034,0.1318071923898046,0.10032491700053033,0.8162416589242263,-0.25358245463854895,1.0,0.08884407449836429,0.12029666621863966,1.0,0.09316818293243911,-0.011145375161925238,-0.03330246363179656,0.9953264315900904,1.0,0.04615314341494943,0.8162416589242263,0.09520697281080748,0.9998676111299506,0.18967196074544482,0.0746269831584526,0.1307988459011755,-0.2837381488125199,-0.06850770861792824,0.10613053885538631,-0.25876511676569974,0.12040067249825367,0.054599404862743776,-0.1434550464453895,0.13194289943624904,1.0,0.12553818366169545,0.16571761536067905,0.8162416589242263,-0.2804065569668011,-0.01720161256557165,0.1471435074965606,0.8162416589242263,0.11960854425673513,0.10760311816772491,-0.045067337047620566,0.8162416589242263,0.1298133598312867,0.03776410377000593,0.14568305357028172,0.10079178640760923,0.14991578310400233,1.0,1.0,0.11477411181962201,-0.11861151595964568,1.0,-0.0025137544857759407,-0.056544557019696066,0.008709385049436838,0.8162416589242263,-0.0042493839657625,1.0,1.0,-0.10876487679626276,-0.2534397814795543,1.0,0.13673594421753205,1.0,-0.2443545763477994,1.0,-0.036732952831792384,0.005761531833560238,-0.04314647471060189,0.1375173834129979,0.11718604355219234,-0.9736027364885587,1.0,0.053373727936301185,1.0,1.0,-0.09134846664313583,-0.1062813027324451,1.0,1.0,0.12205598888745056,0.25359018325397326,0.17646686270576492,0.12575801217621446,0.1722498620754868,0.16666605678758878,0.11949323212356747,0.8162416589242263,0.9998676111299506,1.0,0.8162416589242263,0.09171347942233256,0.1385706579985287,-0.10990624785399787,0.07950300954617058,0.10977412207539503,1.0,0.03712437869653792,0.11006878488331456,0.14627146173606997,1.0,0.8162416589242263,0.9998676111299506,-0.05766361423223464,-0.1316082108454076,1.0,1.0,-0.1862219772039931,0.010944198656912643,-0.20305917979626326
T_Amp_III_iqr,0.47357683520318816,0.4778508007832842,0.18330558059213733,0.165130505052484,0.05683974455762522,0.28387621228322607,0.11477411181962201,0.28912759392383325,0.11477411181962201,0.1694064937212451,0.010613900327129179,-0.045677913924057525,0.11242043403603665,0.11472823453191673,-0.0015165387945567956,0.07799977971505341,0.01209023765614787,0.11242043403603665,0.11477411181962201,-0.019919775227646003,0.11472823453191673,0.052195497152273895,0.025217141920763648,0.021259872292954972,0.11477411181962201,0.4035498665137748,0.6375951732220763,0.1538969840838961,-0.02974821354998162,0.11472823453191673,-0.030683772071941093,0.2616323532118179,0.11477411181962201,0.03586205541988938,0.11472823453191673,-0.016181065171676657,0.11477411181962201,0.11477411181962201,0.47837936914851525,0.11472823453191673,0.02674130334260961,0.11242043403603665,0.11477411181962201,-0.023978615044747794,0.011546632417596068,0.11477411181962201,0.4640293112705695,0.4434951651382798,0.11472823453191673,0.4797187731080058,0.03334628686043834,0.46958841500307724,0.7149651921355858,0.11242043403603665,0.008085915384096932,0.11477411181962201,0.04756166364490612,0.4198087671322484,0.11477411181962201,0.3709236077331445,0.037145398995689,0.004525002616984627,0.11340861642381728,0.11477411181962201,0.01627936540033647,0.11242043403603665,0.29856572193754566,0.11472823453191673,0.15726527688406053,0.055796851511327385,0.3837240065670931,-0.0251736723022001,0.042590603090585835,0.12425501503027411,0.026543676901984902,0.7767873168943501,0.041578238657364854,0.01818560699176535,0.4305633264287234,0.11477411181962201,0.49714708528489326,0.5008140156059767,0.11242043403603665,-0.034280017657016604,0.058165610452248856,0.3662998793414681,0.11242043403603665,0.6114059180000316,0.4879212029774156,0.019625956897277915,0.11242043403603665,0.48083024309348255,-0.0013025393349075877,0.5462942286672378,0.4350651322856949,0.3794794136749826,0.11477411181962201,0.11477411181962201,1.0,-0.07348328603648273,0.11477411181962201,-0.02235454304498717,-0.017881829111230846,-0.0015904627509754023,0.11242043403603665,-0.027521678939828913,0.11477411181962201,0.11477411181962201,-0.01321220520472944,0.03170157960943702,0.11477411181962201,0.5893366222336204,0.11477411181962201,-0.0075873052013007555,0.11477411181962201,0.029483193811627218,-0.00845510626597926,0.011386574119873484,0.24218012043038353,0.4537372844894668,-0.11160554216498912,0.11477411181962201,0.03800806216456542,0.11477411181962201,0.11477411181962201,0.06018557570972535,-0.013973108158861512,0.11477411181962201,0.11477411181962201,0.6339138670838123,-0.028252114590110823,0.18050706885841145,0.6576013112487135,0.28296459031430854,0.11596751837911218,0.5519317261032236,0.11242043403603665,0.11472823453191673,0.11477411181962201,0.11242043403603665,0.12969536201382595,0.45036412123617525,-0.009088146251289347,0.09945648074625778,0.463842472833762,0.11477411181962201,0.013600616212849925,0.49664473148573046,-0.033814396851450976,0.11477411181962201,0.11242043403603665,0.11472823453191673,-0.014245385397058124,0.06236639346719598,0.11477411181962201,0.11477411181962201,0.03536691376265104,0.06031955198676194,0.06250642214164949
ST_Elev_V1,-0.05832543581354076,-0.040777518473285264,-0.18395893625600312,-0.03371479215905788,-0.11561914146798902,0.034495678669475005,-0.11861151595964568,0.01028993370134707,-0.11861151595964568,-0.07003372427304004,-0.39459161256667113,0.11120220007486266,-0.11861151595964568,-0.11861151595964568,0.032069853521997614,0.06423455919488913,0.14661683095098926,-0.11861151595964568,-0.11861151595964568,0.001238299555580452,-0.11861151595964568,-0.1569034313671373,-0.10680930164204705,-0.07507097168329936,-0.11861151595964568,-0.03886427633591878,-0.0738917246023989,-0.02662708189082018,-0.13713593693430395,-0.11861151595964568,0.18996465680114236,0.018910194254653956,-0.11861151595964568,0.0329086886655712,-0.11861151595964568,-0.22166179376393455,-0.11861151595964568,-0.11861151595964568,-0.03252527187965935,-0.11861151595964568,0.1002054806328172,-0.11861151595964568,-0.11861151595964568,-0.010201276160328782,-0.16341754766488262,-0.11861151595964568,-0.049733010671958004,-0.059233224338100035,-0.11861151595964568,-0.025971444713853497,0.07848054114774018,-0.07943839355815362,-0.07222108905556329,-0.11861151595964568,-0.1903999737356379,-0.11861151595964568,0.12564404336127302,-0.03747475749073305,-0.11861151595964568,0.021057521440790844,0.09355926822186135,0.015039775804791664,-0.12041794461397101,-0.11861151595964568,0.0506336445384323,-0.11861151595964568,0.008805924994541067,-0.11861151595964568,0.017950541854964967,0.1563631353429,-0.035559802411395884,0.37388044372933465,0.04763113472839554,0.026789840640228605,-0.11320472120740278,-0.08022110516186606,0.019248225174477232,-0.2426392221753865,-0.012018538020461069,-0.11861151595964568,-0.04766790801278338,-0.02877549194843595,-0.11861151595964568,0.2988528077531225,-0.003730733864771717,-0.0175104525655769,-0.11861151595964568,-0.06400641395667195,-0.06698258204057736,-0.0062719430820041,-0.11861151595964568,-0.020495207974995218,0.2230093620043615,-0.07147790243526471,-0.05171215854932317,-0.006432457982310518,-0.11861151595964568,-0.11861151595964568,-0.07348328603648273,1.0,-0.11861151595964568,-0.020668922559715967,0.18234643097351588,0.049670113705992426,-0.11861151595964568,0.15060841470559452,-0.11861151595964568,-0.11861151595964568,0.09049760427029573,-0.17901067508824875,-0.11861151595964568,-0.07003593596713849,-0.11861151595964568,0.12631137553153426,-0.11861151595964568,-0.04226772464941351,0.038263128688541544,-0.24075727720015425,-0.0027517659187164807,0.009296078071651797,0.12137985462037808,-0.11861151595964568,-0.013805810749455317,-0.11861151595964568,-0.11861151595964568,0.12070447429101186,-0.004395370250262499,-0.11861151595964568,-0.11861151595964568,-0.05935293657352597,0.20231592020979755,-0.2723380008335209,-0.0410614484553914,0.003116926497243618,0.04624962333329452,-0.0736637363744446,-0.11861151595964568,-0.11861151595964568,-0.11861151595964568,-0.11861151595964568,-0.05713544848592444,-0.05346147412021195,-0.1751955849704982,0.04274876167410544,-0.04089497097150756,-0.11861151595964568,0.02895406419234204,-0.04633659647373035,0.3915288486500936,-0.11861151595964568,-0.11861151595964568,-0.11861151595964568,0.031212812545746434,-0.20903143603674432,-0.11861151595964568,-0.11861151595964568,-0.010312259091890501,0.05524705530026403,-0.09573092905887491
S_Amp_V3_count,0.13001534003225348,0.11464232648521333,0.192292052712731,0.0704557606189327,-0.09738955887776468,0.10562471071978288,1.0,0.15232291908546677,1.0,0.19474405859149949,-0.004079108389680102,-0.1010795432733466,0.8162416589242263,0.9998676111299506,-0.042044025894865514,0.15288267260892408,0.012514740503856344,0.8162416589242263,1.0,-0.0536195047768743,0.9998676111299506,-0.09618773336230006,-0.01195991408952987,-0.24960516438267727,1.0,0.10043427004334168,0.11827861546595629,0.04290128049362426,0.10091886512501962,0.9998676111299506,0.27619701014574816,0.13788145781552436,1.0,0.04390776387885272,0.9998676111299506,-0.10172218032146402,1.0,1.0,0.13361466488107532,0.9998676111299506,-0.06304440170218713,0.8162416589242263,1.0,-0.031081310772127984,-0.0867220624473799,1.0,0.14007670350736617,0.11152108086813146,0.9998676111299506,0.12276782954419246,0.11653202802305034,0.1318071923898046,0.10032491700053033,0.8162416589242263,-0.25358245463854895,1.0,0.08884407449836429,0.12029666621863966,1.0,0.09316818293243911,-0.011145375161925238,-0.03330246363179656,0.9953264315900904,1.0,0.04615314341494943,0.8162416589242263,0.09520697281080748,0.9998676111299506,0.18967196074544482,0.0746269831584526,0.1307988459011755,-0.2837381488125199,-0.06850770861792824,0.10613053885538631,-0.25876511676569974,0.12040067249825367,0.054599404862743776,-0.1434550464453895,0.13194289943624904,1.0,0.12553818366169545,0.16571761536067905,0.8162416589242263,-0.2804065569668011,-0.01720161256557165,0.1471435074965606,0.8162416589242263,0.11960854425673513,0.10760311816772491,-0.045067337047620566,0.8162416589242263,0.1298133598312867,0.03776410377000593,0.14568305357028172,0.10079178640760923,0.14991578310400233,1.0,1.0,0.11477411181962201,-0.11861151595964568,1.0,-0.0025137544857759407,-0.056544557019696066,0.008709385049436838,0.8162416589242263,-0.0042493839657625,1.0,1.0,-0.10876487679626276,-0.2534397814795543,1.0,0.13673594421753205,1.0,-0.2443545763477994,1.0,-0.036732952831792384,0.005761531833560238,-0.04314647471060189,0.1375173834129979,0.11718604355219234,-0.9736027364885587,1.0,0.053373727936301185,1.0,1.0,-0.09134846664313583,-0.1062813027324451,1.0,1.0,0.12205598888745056,0.25359018325397326,0.17646686270576492,0.12575801217621446,0.1722498620754868,0.16666605678758878,0.11949323212356747,0.8162416589242263,0.9998676111299506,1.0,0.8162416589242263,0.09171347942233256,0.1385706579985287,-0.10990624785399787,0.07950300954617058,0.10977412207539503,1.0,0.03712437869653792,0.11006878488331456,0.14627146173606997,1.0,0.8162416589242263,0.9998676111299506,-0.05766361423223464,-0.1316082108454076,1.0,1.0,-0.1862219772039931,0.010944198656912643,-0.20305917979626326
Q_Amp_aVR,-0.031933189787521805,-0.07741287987397781,-0.1643152757549979,-0.17624351079033543,0.23528615408696996,-0.001626157175891832,-0.0025137544857759407,-0.02120937266100186,-0.0025137544857759407,-0.20904029087742124,-0.12491993388569049,-0.2955948060734057,-0.004360388675636503,-0.0025846752624133144,-0.41329834695454437,-0.28696628376979444,0.13106906740391217,-0.004360388675636503,-0.0025137544857759407,0.47563299615456067,-0.0025846752624133144,0.27278161424372177,0.21853469715103335,0.16925764577536664,-0.0025137544857759407,-0.03003592101983991,-0.03897115032086249,-0.05688736947550108,-0.430799362323765,-0.0025846752624133144,-0.35045706619916606,-0.011682736654428455,-0.0025137544857759407,-0.6642548033619191,-0.0025846752624133144,0.26108561214334536,-0.0025137544857759407,-0.0025137544857759407,-0.07536089354491618,-0.0025846752624133144,-0.13513253542704445,-0.004360388675636503,-0.0025137544857759407,0.1847751701396601,0.24519239195025433,-0.0025137544857759407,0.009332471290040568,-0.08301178820715283,-0.0025846752624133144,-0.06988121629866964,-0.2350445111474183,-0.05599708605354699,-0.01648947556415865,-0.004360388675636503,0.1989315305482919,-0.0025137544857759407,-0.08678714496861613,-0.04458853122487912,-0.0025137544857759407,0.04885858388550231,-0.051997132221495684,-0.6952007366259214,-0.0016596167103885616,-0.0025137544857759407,-0.6996454052470463,-0.004360388675636503,0.05601196961237913,-0.0025846752624133144,-0.21393965417817767,0.09296336588888378,-0.025469511493549604,0.018034816342236304,0.40613514654451144,-0.2668394653730065,0.09016263871062707,-0.021166122262719914,-0.5625949227026396,0.3216154411997989,-0.0947019687166651,-0.0025137544857759407,-0.07885128770095226,0.007404526361989618,-0.004360388675636503,-0.00218217829569589,0.09937920883893563,-0.0368968131403233,-0.004360388675636503,-0.014578761165256344,-0.03025530058119054,0.1981963554764241,-0.004360388675636503,0.04240781236495512,0.11982126689732056,-0.062230450329041766,-0.08778503337677449,-0.06379498441622185,-0.0025137544857759407,-0.0025137544857759407,-0.02235454304498717,-0.020668922559715967,-0.0025137544857759407,1.0,0.20488353969171189,-0.17360443041324566,-0.004360388675636503,-0.05988283981117846,-0.0025137544857759407,-0.0025137544857759407,0.2297455571451006,0.19237553063680576,-0.0025137544857759407,-0.0645152787754472,-0.0025137544857759407,0.0648795110634144,-0.0025137544857759407,0.32281602884839017,-0.16988522896338154,0.03673361361844628,-0.055115680582127104,0.04979586643549822,0.010312096609512869,-0.0025137544857759407,-0.0734686078097062,-0.0025137544857759407,-0.0025137544857759407,0.2199877035589388,0.2880350796283766,-0.0025137544857759407,-0.0025137544857759407,-0.05341707706611872,-0.1633697371362069,-0.15678095710861864,-0.029453495976786818,-0.05957211281617624,-0.20745198241193186,-0.03895929852097562,-0.004360388675636503,-0.0025846752624133144,-0.0025137544857759407,-0.004360388675636503,-0.04794805016124494,-0.06490518796513624,0.2003913679777238,-0.10707192448191535,-0.042874847972999175,-0.0025137544857759407,-0.4901550085832313,-0.06988068292884955,-0.098070165694137,-0.0025137544857759407,-0.004360388675636503,-0.0025846752624133144,-0.19520475984272484,0.28486988799386875,-0.0025137544857759407,-0.0025137544857759407,-0.012338927988656646,-0.17594125996819668,-0.07808914058187945
R_Amp_I,0.0035889953087198576,-0.006192092152347255,-9.744307079276055e-05,0.09164121340306486,-0.10300318643176912,-0.0026495845242261074,-0.056544557019696066,0.1837297042694139,-0.056544557019696066,0.047848440940728265,-0.3290903839163183,0.03028163745247377,-0.03925666539109328,-0.056472530252374774,0.2253373882429449,-0.013758359255931886,-0.025530677253441148,-0.03925666539109328,-0.056544557019696066,0.13768906959520533,-0.056472530252374774,-0.13775282419420165,-0.5113084940128242,-0.10494917416060247,-0.056544557019696066,-0.017338616361659714,-0.038455410609625845,0.0013931072811438653,-0.6347854625175237,-0.056472530252374774,0.08857514551894845,0.1427927857112156,-0.056544557019696066,-0.04643843355784583,-0.056472530252374774,0.006380423524252716,-0.056544557019696066,-0.056544557019696066,0.004716809060674555,-0.056472530252374774,0.133287244807996,-0.03925666539109328,-0.056544557019696066,0.028912396183228356,0.13194245791380071,-0.056544557019696066,0.044009263220629466,-0.0002833263268759517,-0.056472530252374774,0.0005581576226670893,-0.09199504481762365,-0.011145996865235958,0.009896354036578828,-0.03925666539109328,-0.21589859882432136,-0.056544557019696066,-0.07625933924588825,0.027547930150522874,-0.056544557019696066,0.2626396339294783,-0.15673799337987446,0.05139528791289547,-0.055959624249349936,-0.056544557019696066,-0.04111040829503218,-0.03925666539109328,0.25206523861216706,-0.056472530252374774,0.04442664414086226,0.11952174234255014,0.026942216354050467,-0.007331499182058143,0.06294623379154142,0.05139978218281887,-0.053197898663818764,-0.036334126958529056,-0.4897496509605699,-0.0371020955033501,-0.0022338286390307847,-0.056544557019696066,-0.0018897763867788606,0.032189527256143755,-0.03925666539109328,-0.03727223619993405,-0.10112654304897722,0.11993197521164285,-0.03925666539109328,-0.03688204873146202,0.03401613116694237,-0.10133093484374307,-0.03925666539109328,0.11860898186385664,0.08041748825829086,-0.022591103237814606,0.0013362357985720447,0.005459703780960674,-0.056544557019696066,-0.056544557019696066,-0.017881829111230846,0.18234643097351588,-0.056544557019696066,0.20488353969171189,1.0,-0.15154615931753354,-0.03925666539109328,0.7799790606351564,-0.056544557019696066,-0.056544557019696066,0.25380339307626676,-0.11039769762836855,-0.056544557019696066,-0.034724259505432196,-0.056544557019696066,-0.0693633732981893,-0.056544557019696066,-0.27255868231141833,-0.07228244958307861,0.05272629799391448,-0.031112112798591808,0.18596084517603165,0.05721485314772297,-0.056544557019696066,-0.47837277539353307,-0.056544557019696066,-0.056544557019696066,0.30037117353367626,0.14556378521916913,-0.056544557019696066,-0.056544557019696066,0.01928758694262695,0.15733904679819732,-0.0807054788557401,0.005485473138448998,0.041460717747010795,0.03344902660190347,-0.009681842798033113,-0.03925666539109328,-0.056472530252374774,-0.056544557019696066,-0.03925666539109328,-0.046906999009857724,-0.015205635629806587,-0.2423222937001007,-0.14364463088958251,-0.001849909308118643,-0.056544557019696066,-0.044190983893003424,-0.00572751656421259,0.15607779633062044,-0.056544557019696066,-0.03925666539109328,-0.056472530252374774,0.3408382963499656,-0.14158813003895807,-0.056544557019696066,-0.056544557019696066,0.0362179621748708,0.022611472824497988,-0.11317806233916221
S_Amp_V3,-0.01374459521016951,-0.005138503301523492,0.09993325231856556,0.05530883808950662,-0.09561578878934666,-0.014042618925439773,0.008709385049436838,-0.008208950794135089,0.008709385049436838,0.10479408149022994,-0.03941787472029139,0.12364713031497218,0.004363506116147152,0.008576879964916427,0.06590675994888388,0.1121599094441319,-0.09565320353491533,0.004363506116147152,0.008709385049436838,-0.17202272089678503,0.008576879964916427,-0.1153220787216466,-0.018128616314308628,0.03712230611726542,0.008709385049436838,-0.025032458066620532,0.0065206951532388625,0.010910839423949353,0.20304025959752287,0.008576879964916427,0.10577435023807197,-0.0999563917910818,0.008709385049436838,0.20646066463289436,0.008576879964916427,-0.09219302831527637,0.008709385049436838,0.008709385049436838,0.010074866332588972,0.008576879964916427,0.030824479416921707,0.004363506116147152,0.008709385049436838,-0.13350116075079696,-0.6428020786639411,0.008709385049436838,-0.01956620446877619,-0.04530989187508778,0.008576879964916427,-0.0069408460224894344,0.11211907224106382,-0.019745600368990122,-0.013464328067282472,0.004363506116147152,-0.0005534094973638478,0.008709385049436838,0.013750853928806341,-0.1765997758043534,0.008709385049436838,-0.01657101962170559,0.5332355791705093,0.12746712312878164,0.009279949069092993,0.008709385049436838,0.1355598440203231,0.004363506116147152,-0.044474304520975304,0.008576879964916427,0.0890909333646327,0.2503049538555945,-0.0671549346695333,0.17536187263384784,-0.15312595656173353,0.0947568266944487,0.006152198178610152,0.00020244526612283586,0.1581961943439542,-0.12727022526596782,0.08095575268739023,0.008709385049436838,0.002821043001726253,-0.002857258350781376,0.004363506116147152,0.2167603741203661,-0.05074583464785578,0.017056433126086807,0.004363506116147152,-0.011666990808422767,-0.013160731009375717,-0.12127713563577772,0.004363506116147152,-0.00405606639634495,-0.1634358197086698,-0.004277428305943363,-0.03492356743631936,0.1367692414060033,0.008709385049436838,0.008709385049436838,-0.0015904627509754023,0.049670113705992426,0.008709385049436838,-0.17360443041324566,-0.15154615931753354,1.0,0.004363506116147152,-0.05888839599248257,0.008709385049436838,0.008709385049436838,-0.17353032047644582,-0.012105671753533692,0.008709385049436838,0.007251099486412356,0.008709385049436838,0.1229814712525378,0.008709385049436838,-0.07148209734774237,0.5609658249622115,-0.21124115091218695,0.06146968662175353,-0.0011500176376542928,-0.010455711370956843,0.008709385049436838,0.05857886301914645,0.008709385049436838,0.008709385049436838,-0.07621855862985387,-0.4206141139326206,0.008709385049436838,0.008709385049436838,-0.010433593695424822,-0.00875645483006172,0.13415981833784604,-0.02637433668092649,-0.04724243255658537,0.0966018457194683,0.006403478376137952,0.004363506116147152,0.008576879964916427,0.008709385049436838,0.004363506116147152,0.029464227201731353,-0.005050847785603868,-0.006826032886956028,0.039098265841436504,-0.02142596978917797,0.008709385049436838,0.3496619812837675,-0.004671789101723249,-0.0723688311218014,0.008709385049436838,0.004363506116147152,0.008576879964916427,0.017062269575255286,-0.09808464330480936,0.008709385049436838,0.008709385049436838,0.008255543738870252,0.057511184959390456,0.01776303147797372
ST_Elev_II_count,0.12814642346507774,0.10554994947605083,0.192292052712731,0.0704557606189327,-0.08524393828272972,0.09327988233182097,0.8162416589242263,0.13608991630457998,0.8162416589242263,0.19474405859149949,-0.013852249368270805,-0.06170190246194097,1.0,0.8163531926373286,-0.027043497768961713,0.15288267260892408,0.01786349852660369,1.0,0.8162416589242263,-0.048457504779620214,0.8163531926373286,-0.08176343404840906,-0.023122865370006886,-0.24960516438267727,0.8162416589242263,0.08889829590598936,0.10952876817120823,0.04290128049362426,0.08407429946472755,0.8163531926373286,0.2288153921112465,0.1210744951019413,0.8162416589242263,0.03848718069496327,0.8163531926373286,-0.10028617807636117,0.8162416589242263,0.8162416589242263,0.12260899877278765,0.8163531926373286,-0.06304440170218713,1.0,0.8162416589242263,-0.02451429462305746,-0.07836996684112897,0.8162416589242263,0.12996298332215545,0.11005196824995508,0.8163531926373286,0.11028413325874484,0.11653202802305034,0.12008647242401325,0.10079571108620357,1.0,-0.25358245463854895,0.8162416589242263,0.07886471919830995,0.11933863062475396,0.8162416589242263,0.08733784552807461,-0.012122733238447697,-0.020612635863391713,0.8121287169954822,0.8162416589242263,0.03990426860452024,1.0,0.09201076342604572,0.8163531926373286,0.18967196074544482,0.0658283578738903,0.12007144344236996,-0.2837381488125199,-0.06375218447900936,0.10613053885538631,-0.25876511676569974,0.1136084073930602,0.044507881788299855,-0.12977808021316706,0.1216564315268615,0.8162416589242263,0.1140796359253894,0.14828316595314642,1.0,-0.2804065569668011,-0.012899589328973761,0.12991631876681964,1.0,0.12190557040500812,0.11328618624341319,-0.030234901354675086,1.0,0.11462667944622205,0.03665154491431462,0.14021767814832722,0.0969601860145233,0.1381374359602978,0.8162416589242263,0.8162416589242263,0.11242043403603665,-0.11861151595964568,0.8162416589242263,-0.004360388675636503,-0.03925666539109328,0.004363506116147152,1.0,0.008252920234789336,0.8162416589242263,0.8162416589242263,-0.08106357549644287,-0.2534397814795543,0.8162416589242263,0.12668942252896853,0.8162416589242263,-0.2443545763477994,0.8162416589242263,-0.04320522331729734,0.009414769979632037,-0.04498343097548076,0.12076043090415182,0.10471315524842559,-0.786943258879698,0.8162416589242263,0.04159993432099546,0.8162416589242263,0.8162416589242263,-0.06961467003902422,-0.08942349906544854,0.8162416589242263,0.8162416589242263,0.11492387319023462,0.25359018325397326,0.17646686270576492,0.11629940685022952,0.15286879414944599,0.16666605678758878,0.11871723981935647,1.0,0.8163531926373286,0.8162416589242263,1.0,0.09171347942233256,0.12557821475693853,-0.10990624785399787,0.07950300954617058,0.10432376520308477,0.8162416589242263,0.03720157709406879,0.09833562950118685,0.12876644141202553,0.8162416589242263,1.0,0.8163531926373286,-0.04142689078362505,-0.11192754709640036,0.8162416589242263,0.8162416589242263,-0.1862219772039931,0.025570269842546935,-0.172039276874469
R_Amp_aVL,0.028569140960987206,0.008787849949998667,0.0513272471925757,0.1489187134685359,-0.11124489531992661,-0.04642650303962755,-0.0042493839657625,0.16921309256617467,-0.0042493839657625,0.11142452782079446,-0.17637231159118358,0.20298432983506492,0.008252920234789336,-0.004209413415419973,0.5276040957182658,0.12466486353655364,-0.050307648297478545,0.008252920234789336,-0.0042493839657625,-0.044852209533236626,-0.004209413415419973,-0.18442437679208445,-0.8676565141264605,-0.1068231109729145,-0.0042493839657625,-0.025703160857653475,-0.0367032376496428,-0.022642690071834604,-0.14434968673246565,-0.004209413415419973,0.1887430449922596,0.11219824575536293,-0.0042493839657625,0.21530569808438918,-0.004209413415419973,-0.15023194756016942,-0.0042493839657625,-0.0042493839657625,0.04273631790438995,-0.004209413415419973,0.3025080862204788,0.008252920234789336,-0.0042493839657625,-0.12282674157049008,-0.013592517852617133,-0.0042493839657625,0.018842732507751495,0.03561763728048957,-0.004209413415419973,0.03392818797370203,0.0062443164912176575,-0.0008703325641617069,0.003325272099671488,0.008252920234789336,-0.3168715692885558,-0.0042493839657625,0.04434332576886526,0.030682550366794792,-0.0042493839657625,0.19737188644682116,-0.18809779429271298,0.3827042941712861,-0.0039859983435277255,-0.0042493839657625,0.23075251769977181,0.008252920234789336,0.17390810272900253,-0.004209413415419973,0.13270809843065562,0.01929308446373568,0.015117347956195137,-0.05117260545416256,-0.42637580237866596,0.16402351468918186,0.011120210763509697,-0.04773285787509937,-0.4117407348005216,-0.16726832069684833,0.054223616557211585,-0.0042493839657625,0.010485272878798975,-0.005527944037949492,0.008252920234789336,-0.03192463529926122,-0.03932338299844423,0.12725932425524858,0.008252920234789336,-0.07394637849318403,0.04070772416769548,-0.12270373768232977,0.008252920234789336,0.038834876322262755,0.022196144957883898,0.01619636519896599,0.01976466508579441,0.02526159274664637,-0.0042493839657625,-0.0042493839657625,-0.027521678939828913,0.15060841470559452,-0.0042493839657625,-0.05988283981117846,0.7799790606351564,-0.05888839599248257,0.008252920234789336,1.0,-0.0042493839657625,-0.0042493839657625,-0.06584061893925439,-0.12146682247126381,-0.0042493839657625,0.017219506995809066,-0.0042493839657625,-0.04329005309656968,-0.0042493839657625,-0.7005401990870485,-0.015941602053220927,0.10812107521816365,-0.029600497269030118,0.11650562415157976,0.005693619140291578,-0.0042493839657625,-0.647911519344436,-0.0042493839657625,-0.0042493839657625,-0.051570238867835134,-0.12490265226596708,-0.0042493839657625,-0.0042493839657625,0.0525981840118455,0.16199301200920438,-0.008526529795930063,-0.017183539488806715,0.04756845247090628,0.12952979006679424,-1.4085576348442259e-06,0.008252920234789336,-0.004209413415419973,-0.0042493839657625,0.008252920234789336,-0.03802587172567211,-0.011926781179843235,-0.4033499633910765,-0.14852976442681165,-0.008254559365433128,-0.0042493839657625,0.1771213219716744,0.00936283644193896,0.18125735816500035,-0.0042493839657625,0.008252920234789336,-0.004209413415419973,0.5848393019980863,-0.19588436912813792,-0.0042493839657625,-0.0042493839657625,0.1566206713180403,0.08667003030274717,-0.15900873148982606
T_Amp_aVR_count,0.13001534003225348,0.11464232648521333,0.192292052712731,0.0704557606189327,-0.09738955887776468,0.10562471071978288,1.0,0.15232291908546677,1.0,0.19474405859149949,-0.004079108389680102,-0.1010795432733466,0.8162416589242263,0.9998676111299506,-0.042044025894865514,0.15288267260892408,0.012514740503856344,0.8162416589242263,1.0,-0.0536195047768743,0.9998676111299506,-0.09618773336230006,-0.01195991408952987,-0.24960516438267727,1.0,0.10043427004334168,0.11827861546595629,0.04290128049362426,0.10091886512501962,0.9998676111299506,0.27619701014574816,0.13788145781552436,1.0,0.04390776387885272,0.9998676111299506,-0.10172218032146402,1.0,1.0,0.13361466488107532,0.9998676111299506,-0.06304440170218713,0.8162416589242263,1.0,-0.031081310772127984,-0.0867220624473799,1.0,0.14007670350736617,0.11152108086813146,0.9998676111299506,0.12276782954419246,0.11653202802305034,0.1318071923898046,0.10032491700053033,0.8162416589242263,-0.25358245463854895,1.0,0.08884407449836429,0.12029666621863966,1.0,0.09316818293243911,-0.011145375161925238,-0.03330246363179656,0.9953264315900904,1.0,0.04615314341494943,0.8162416589242263,0.09520697281080748,0.9998676111299506,0.18967196074544482,0.0746269831584526,0.1307988459011755,-0.2837381488125199,-0.06850770861792824,0.10613053885538631,-0.25876511676569974,0.12040067249825367,0.054599404862743776,-0.1434550464453895,0.13194289943624904,1.0,0.12553818366169545,0.16571761536067905,0.8162416589242263,-0.2804065569668011,-0.01720161256557165,0.1471435074965606,0.8162416589242263,0.11960854425673513,0.10760311816772491,-0.045067337047620566,0.8162416589242263,0.1298133598312867,0.03776410377000593,0.14568305357028172,0.10079178640760923,0.14991578310400233,1.0,1.0,0.11477411181962201,-0.11861151595964568,1.0,-0.0025137544857759407,-0.056544557019696066,0.008709385049436838,0.8162416589242263,-0.0042493839657625,1.0,1.0,-0.10876487679626276,-0.2534397814795543,1.0,0.13673594421753205,1.0,-0.2443545763477994,1.0,-0.036732952831792384,0.005761531833560238,-0.04314647471060189,0.1375173834129979,0.11718604355219234,-0.9736027364885587,1.0,0.053373727936301185,1.0,1.0,-0.09134846664313583,-0.1062813027324451,1.0,1.0,0.12205598888745056,0.25359018325397326,0.17646686270576492,0.12575801217621446,0.1722498620754868,0.16666605678758878,0.11949323212356747,0.8162416589242263,0.9998676111299506,1.0,0.8162416589242263,0.09171347942233256,0.1385706579985287,-0.10990624785399787,0.07950300954617058,0.10977412207539503,1.0,0.03712437869653792,0.11006878488331456,0.14627146173606997,1.0,0.8162416589242263,0.9998676111299506,-0.05766361423223464,-0.1316082108454076,1.0,1.0,-0.1862219772039931,0.010944198656912643,-0.20305917979626326
T_Amp_V2_count,0.13001534003225348,0.11464232648521333,0.192292052712731,0.0704557606189327,-0.09738955887776468,0.10562471071978288,1.0,0.15232291908546677,1.0,0.19474405859149949,-0.004079108389680102,-0.1010795432733466,0.8162416589242263,0.9998676111299506,-0.042044025894865514,0.15288267260892408,0.012514740503856344,0.8162416589242263,1.0,-0.0536195047768743,0.9998676111299506,-0.09618773336230006,-0.01195991408952987,-0.24960516438267727,1.0,0.10043427004334168,0.11827861546595629,0.04290128049362426,0.10091886512501962,0.9998676111299506,0.27619701014574816,0.13788145781552436,1.0,0.04390776387885272,0.9998676111299506,-0.10172218032146402,1.0,1.0,0.13361466488107532,0.9998676111299506,-0.06304440170218713,0.8162416589242263,1.0,-0.031081310772127984,-0.0867220624473799,1.0,0.14007670350736617,0.11152108086813146,0.9998676111299506,0.12276782954419246,0.11653202802305034,0.1318071923898046,0.10032491700053033,0.8162416589242263,-0.25358245463854895,1.0,0.08884407449836429,0.12029666621863966,1.0,0.09316818293243911,-0.011145375161925238,-0.03330246363179656,0.9953264315900904,1.0,0.04615314341494943,0.8162416589242263,0.09520697281080748,0.9998676111299506,0.18967196074544482,0.0746269831584526,0.1307988459011755,-0.2837381488125199,-0.06850770861792824,0.10613053885538631,-0.25876511676569974,0.12040067249825367,0.054599404862743776,-0.1434550464453895,0.13194289943624904,1.0,0.12553818366169545,0.16571761536067905,0.8162416589242263,-0.2804065569668011,-0.01720161256557165,0.1471435074965606,0.8162416589242263,0.11960854425673513,0.10760311816772491,-0.045067337047620566,0.8162416589242263,0.1298133598312867,0.03776410377000593,0.14568305357028172,0.10079178640760923,0.14991578310400233,1.0,1.0,0.11477411181962201,-0.11861151595964568,1.0,-0.0025137544857759407,-0.056544557019696066,0.008709385049436838,0.8162416589242263,-0.0042493839657625,1.0,1.0,-0.10876487679626276,-0.2534397814795543,1.0,0.13673594421753205,1.0,-0.2443545763477994,1.0,-0.036732952831792384,0.005761531833560238,-0.04314647471060189,0.1375173834129979,0.11718604355219234,-0.9736027364885587,1.0,0.053373727936301185,1.0,1.0,-0.09134846664313583,-0.1062813027324451,1.0,1.0,0.12205598888745056,0.25359018325397326,0.17646686270576492,0.12575801217621446,0.1722498620754868,0.16666605678758878,0.11949323212356747,0.8162416589242263,0.9998676111299506,1.0,0.8162416589242263,0.09171347942233256,0.1385706579985287,-0.10990624785399787,0.07950300954617058,0.10977412207539503,1.0,0.03712437869653792,0.11006878488331456,0.14627146173606997,1.0,0.8162416589242263,0.9998676111299506,-0.05766361423223464,-0.1316082108454076,1.0,1.0,-0.1862219772039931,0.010944198656912643,-0.20305917979626326
R_Amp_V5,-0.05460006502627693,0.024583942331305158,-0.16611124985866801,-0.06151356145800024,-0.003356140802321247,0.03637478090435905,-0.10876487679626276,0.15356354999179472,-0.10876487679626276,-0.19047496630433455,-0.2086942523671069,-0.1625347463242233,-0.08106357549644287,-0.10876487679626276,-0.22953499192327467,-0.10628773124391046,0.18878167109320593,-0.08106357549644287,-0.10876487679626276,0.2207328543559256,-0.10876487679626276,0.08465650893413156,0.2390281770813012,-0.09773750592213541,-0.10876487679626276,0.050006878805439546,-0.027943983062246283,0.029041079769559452,-0.5578345083886976,-0.10876487679626276,-0.06572361947898496,0.20414499192187044,-0.10876487679626276,-0.5058697618857434,-0.10876487679626276,0.08735488108502006,-0.10876487679626276,-0.10876487679626276,-0.08573012051594803,-0.10876487679626276,-0.14066984111829214,-0.08106357549644287,-0.10876487679626276,0.13476464039683686,0.17759551075326513,-0.10876487679626276,0.0017585385298766326,-0.025637549693692217,-0.10876487679626276,-0.06259081706187951,-0.0658775250216712,-0.021094128340906453,-0.020147800462974364,-0.08106357549644287,0.048116244569113814,-0.10876487679626276,-0.07275731352258288,0.012993413474500221,-0.10876487679626276,0.11188155387383063,0.023023055310181794,-0.29158988722094603,-0.10808372021417083,-0.10876487679626276,-0.4403664417142759,-0.08106357549644287,0.10092738326110061,-0.10876487679626276,-0.21428421897963063,0.1535046442858387,0.030036914868146917,0.04088117022891011,0.5326847478367104,-0.08761572486536925,-0.08528988468970784,-0.01349733752473527,-0.09269145371742411,0.07648063970942698,-0.07559929028422709,-0.10876487679626276,0.0005083306887099684,0.03537983539386385,-0.08106357549644287,0.006667880569675643,-0.047096932729191694,0.04607600966313551,-0.08106357549644287,-0.017503310290953616,-0.03423147161413452,0.1408316726022534,-0.08106357549644287,0.08987128679947917,0.15002388524342447,-0.057080287243319865,-0.017377268734004313,-0.00570765516136695,-0.10876487679626276,-0.10876487679626276,-0.01321220520472944,0.09049760427029573,-0.10876487679626276,0.2297455571451006,0.25380339307626676,-0.17353032047644582,-0.08106357549644287,-0.06584061893925439,-0.10876487679626276,-0.10876487679626276,1.0,-0.07438757211976847,-0.10876487679626276,-0.07289998263823445,-0.10876487679626276,-0.06217931579745176,-0.10876487679626276,0.37609641119656795,-0.08962024003812238,-0.043295031724245224,0.04225911298291975,0.10688044092802707,0.10663594027194555,-0.10876487679626276,0.042957481404239266,-0.10876487679626276,-0.10876487679626276,0.8303611078576638,0.674174117933349,-0.10876487679626276,-0.10876487679626276,-0.04284833633940731,0.03280936258012953,-0.12323493607381243,0.0016888853054496998,0.06284426932036459,-0.18537127010869628,-0.03166954810533835,-0.08106357549644287,-0.10876487679626276,-0.10876487679626276,-0.08106357549644287,-0.021317677582866353,0.01816238124271163,0.11986617720500106,0.014278334057991435,2.2499401401905244e-05,-0.10876487679626276,-0.43457587547851506,-0.028513930729833537,0.03819065633353543,-0.10876487679626276,-0.08106357549644287,-0.10876487679626276,-0.130135320990696,0.05699451382954497,-0.10876487679626276,-0.10876487679626276,-0.11474058259195447,-0.056257042137977206,0.08215225669525705
ST_Elev_V6,0.0003026102359176144,0.003316560435259123,-0.1995943624570296,-0.14062536062654463,0.3615795579062403,-0.018219309215456583,-0.2534397814795543,-0.08196736304004171,-0.2534397814795543,-0.2597411819384365,0.22636800402097101,-0.17696510108022043,-0.2534397814795543,-0.2534397814795543,-0.04752993842632606,-0.2935712416142593,0.07647522134709424,-0.2534397814795543,-0.2534397814795543,0.0915664339794498,-0.2534397814795543,0.3849735308673611,0.09506132493366926,0.7591106276458088,-0.2534397814795543,0.01407490028027639,0.037282732673028764,-0.03317204178874837,0.03558370873942075,-0.2534397814795543,-0.5419788955470973,-0.07245043924204256,-0.2534397814795543,-0.18997067552676133,-0.2534397814795543,0.23375353956246497,-0.2534397814795543,-0.2534397814795543,0.023198077618906854,-0.2534397814795543,0.048886609703663715,-0.2534397814795543,-0.2534397814795543,0.04656174600685177,0.14822082738143985,-0.2534397814795543,0.01976437179718797,0.0009647550940111301,-0.2534397814795543,0.013356170276195957,-0.23868261946238298,0.0202624493736633,0.031153398097338556,-0.2534397814795543,0.6037203287466979,-0.2534397814795543,-0.03010249107833272,-0.004150166977778234,-0.2534397814795543,-0.03851477457395492,0.05424931953237075,-0.10209858838023354,-0.2533281686794509,-0.2534397814795543,-0.1809819590247276,-0.2534397814795543,-0.0380997711510028,-0.2534397814795543,-0.2568385862938001,-0.028936516219005524,0.0024626024119513406,0.16207156255904923,0.00461796937558267,-0.25610750797693815,0.6289635008604704,0.04612392865753355,-0.18835867950366844,0.38205115171875725,0.007154007841368051,-0.2534397814795543,0.01862703310957002,-0.017317701564085092,-0.2534397814795543,0.27959985214153676,0.2155330848502746,-0.032809928548542665,-0.2534397814795543,0.0181157424429269,-0.00879765229840217,0.24303933944937722,-0.2534397814795543,-0.023060960262478326,-0.022951953862821544,0.009936411813701498,-0.00819383138130202,-0.011156886291196091,-0.2534397814795543,-0.2534397814795543,0.03170157960943702,-0.17901067508824875,-0.2534397814795543,0.19237553063680576,-0.11039769762836855,-0.012105671753533692,-0.2534397814795543,-0.12146682247126381,-0.2534397814795543,-0.2534397814795543,-0.07438757211976847,1.0,-0.2534397814795543,0.030013341464228,-0.2534397814795543,0.49578524704613824,-0.2534397814795543,0.05282019802627194,-0.06221696510927887,0.15572468506223666,-0.04984179226780719,-0.030737671944371575,0.25951622055961804,-0.2534397814795543,-0.07094581483521527,-0.2534397814795543,-0.2534397814795543,-0.09321784513816331,0.04715672184370728,-0.2534397814795543,-0.2534397814795543,0.02952800206180896,-0.6908193516703025,-0.1186323705530011,0.009987879658701508,-0.08277037133993116,-0.22393068486240586,0.007615380842347058,-0.2534397814795543,-0.2534397814795543,-0.2534397814795543,-0.2534397814795543,0.04062407206583051,-0.001743045078547326,0.3254194567676392,-0.09903904164168036,0.01597212461719013,-0.2534397814795543,-0.17458860453925518,0.028688929068421673,-0.29225523656716823,-0.2534397814795543,-0.2534397814795543,-0.2534397814795543,0.008903586754869915,0.39500653905374483,-0.2534397814795543,-0.2534397814795543,0.3974869848830799,-0.1265510737750297,0.05656576190968553
S_Amp_V1_count,0.13001534003225348,0.11464232648521333,0.192292052712731,0.0704557606189327,-0.09738955887776468,0.10562471071978288,1.0,0.15232291908546677,1.0,0.19474405859149949,-0.004079108389680102,-0.1010795432733466,0.8162416589242263,0.9998676111299506,-0.042044025894865514,0.15288267260892408,0.012514740503856344,0.8162416589242263,1.0,-0.0536195047768743,0.9998676111299506,-0.09618773336230006,-0.01195991408952987,-0.24960516438267727,1.0,0.10043427004334168,0.11827861546595629,0.04290128049362426,0.10091886512501962,0.9998676111299506,0.27619701014574816,0.13788145781552436,1.0,0.04390776387885272,0.9998676111299506,-0.10172218032146402,1.0,1.0,0.13361466488107532,0.9998676111299506,-0.06304440170218713,0.8162416589242263,1.0,-0.031081310772127984,-0.0867220624473799,1.0,0.14007670350736617,0.11152108086813146,0.9998676111299506,0.12276782954419246,0.11653202802305034,0.1318071923898046,0.10032491700053033,0.8162416589242263,-0.25358245463854895,1.0,0.08884407449836429,0.12029666621863966,1.0,0.09316818293243911,-0.011145375161925238,-0.03330246363179656,0.9953264315900904,1.0,0.04615314341494943,0.8162416589242263,0.09520697281080748,0.9998676111299506,0.18967196074544482,0.0746269831584526,0.1307988459011755,-0.2837381488125199,-0.06850770861792824,0.10613053885538631,-0.25876511676569974,0.12040067249825367,0.054599404862743776,-0.1434550464453895,0.13194289943624904,1.0,0.12553818366169545,0.16571761536067905,0.8162416589242263,-0.2804065569668011,-0.01720161256557165,0.1471435074965606,0.8162416589242263,0.11960854425673513,0.10760311816772491,-0.045067337047620566,0.8162416589242263,0.1298133598312867,0.03776410377000593,0.14568305357028172,0.10079178640760923,0.14991578310400233,1.0,1.0,0.11477411181962201,-0.11861151595964568,1.0,-0.0025137544857759407,-0.056544557019696066,0.008709385049436838,0.8162416589242263,-0.0042493839657625,1.0,1.0,-0.10876487679626276,-0.2534397814795543,1.0,0.13673594421753205,1.0,-0.2443545763477994,1.0,-0.036732952831792384,0.005761531833560238,-0.04314647471060189,0.1375173834129979,0.11718604355219234,-0.9736027364885587,1.0,0.053373727936301185,1.0,1.0,-0.09134846664313583,-0.1062813027324451,1.0,1.0,0.12205598888745056,0.25359018325397326,0.17646686270576492,0.12575801217621446,0.1722498620754868,0.16666605678758878,0.11949323212356747,0.8162416589242263,0.9998676111299506,1.0,0.8162416589242263,0.09171347942233256,0.1385706579985287,-0.10990624785399787,0.07950300954617058,0.10977412207539503,1.0,0.03712437869653792,0.11006878488331456,0.14627146173606997,1.0,0.8162416589242263,0.9998676111299506,-0.05766361423223464,-0.1316082108454076,1.0,1.0,-0.1862219772039931,0.010944198656912643,-0.20305917979626326
Q_Amp_II_iqr,0.45075903381085786,0.4439350687974831,0.18124741834916427,0.16504065360438971,0.050645031682637044,0.26072376948359594,0.13673594421753205,0.2746682672757522,0.13673594421753205,0.17081190902714652,0.03215997318499299,-0.012689743250589773,0.12668942252896853,0.1366471823451923,0.07070179378505899,0.12140700365955981,0.004348319517689595,0.12668942252896853,0.13673594421753205,-0.03313483073897217,0.1366471823451923,0.031807406305052854,-0.05055978898767988,0.02378493570835827,0.13673594421753205,0.37489123961273946,0.7137300322847726,0.10309155143714989,0.04900414359961595,0.1366471823451923,-0.010967356050175873,0.24953893985243664,0.13673594421753205,0.0825981063310152,0.1366471823451923,-0.03564124377132928,0.13673594421753205,0.13673594421753205,0.47166367958876104,0.1366471823451923,0.05330101996139216,0.12668942252896853,0.13673594421753205,-0.04398802757692263,-0.02370820599446478,0.13673594421753205,0.5469171691250089,0.4345290489982165,0.1366471823451923,0.46646519288069455,0.05148279239027239,0.45468397365578966,0.5280383718974598,0.12668942252896853,-0.01989931147435652,0.13673594421753205,0.0641176539330353,0.4040483121539686,0.13673594421753205,0.295145243650968,0.009019039298733642,0.11232670019172508,0.134631443930249,0.13673594421753205,0.064189469291432,0.12668942252896853,0.28068441418800977,0.1366471823451923,0.16963186385070814,0.03497259717893159,0.3675895024403464,-0.04001174852920543,-0.07253465619546155,0.17749160990436597,0.03257680070008621,0.6824781766521079,0.0335211705692676,9.295421018942907e-05,0.4273004057742521,0.13673594421753205,0.4544195022900007,0.5924912366758461,0.12668942252896853,-0.032676751022043767,0.06511320296513058,0.35169337078830337,0.12668942252896853,0.499247764564242,0.4401568861403654,0.016891157311340062,0.12668942252896853,0.4589688353923832,-0.016008738929851045,0.6822985585231983,0.42822187391485705,0.38230472694443557,0.13673594421753205,0.13673594421753205,0.5893366222336204,-0.07003593596713849,0.13673594421753205,-0.0645152787754472,-0.034724259505432196,0.007251099486412356,0.12668942252896853,0.017219506995809066,0.13673594421753205,0.13673594421753205,-0.07289998263823445,0.030013341464228,0.13673594421753205,1.0,0.13673594421753205,-0.008675390881519232,0.13673594421753205,-0.06796842912460661,0.00845425059769747,0.02369862756729122,0.24475333002512412,0.3626333316412712,-0.1328896715850084,0.13673594421753205,-0.0065675557889983685,0.13673594421753205,0.13673594421753205,-0.014722370197381943,-0.06707202679340361,0.13673594421753205,0.13673594421753205,0.6848381693061878,-0.014691301915231757,0.18685070675583165,0.5439955929033232,0.28508766462902657,0.13162976490230982,0.6151345383994914,0.12668942252896853,0.1366471823451923,0.13673594421753205,0.12668942252896853,0.128836091079651,0.4254908734238355,-0.0379755056866111,0.07211629624761118,0.4415990420955621,0.13673594421753205,0.05557206182666462,0.4546936155788333,-0.015054300227693648,0.13673594421753205,0.12668942252896853,0.1366471823451923,0.042682444095873746,0.039366283822480065,0.13673594421753205,0.13673594421753205,0.05515096470785859,0.06875223039211038,0.034475743760166926
R_Amp_I_count,0.13001534003225348,0.11464232648521333,0.192292052712731,0.0704557606189327,-0.09738955887776468,0.10562471071978288,1.0,0.15232291908546677,1.0,0.19474405859149949,-0.004079108389680102,-0.1010795432733466,0.8162416589242263,0.9998676111299506,-0.042044025894865514,0.15288267260892408,0.012514740503856344,0.8162416589242263,1.0,-0.0536195047768743,0.9998676111299506,-0.09618773336230006,-0.01195991408952987,-0.24960516438267727,1.0,0.10043427004334168,0.11827861546595629,0.04290128049362426,0.10091886512501962,0.9998676111299506,0.27619701014574816,0.13788145781552436,1.0,0.04390776387885272,0.9998676111299506,-0.10172218032146402,1.0,1.0,0.13361466488107532,0.9998676111299506,-0.06304440170218713,0.8162416589242263,1.0,-0.031081310772127984,-0.0867220624473799,1.0,0.14007670350736617,0.11152108086813146,0.9998676111299506,0.12276782954419246,0.11653202802305034,0.1318071923898046,0.10032491700053033,0.8162416589242263,-0.25358245463854895,1.0,0.08884407449836429,0.12029666621863966,1.0,0.09316818293243911,-0.011145375161925238,-0.03330246363179656,0.9953264315900904,1.0,0.04615314341494943,0.8162416589242263,0.09520697281080748,0.9998676111299506,0.18967196074544482,0.0746269831584526,0.1307988459011755,-0.2837381488125199,-0.06850770861792824,0.10613053885538631,-0.25876511676569974,0.12040067249825367,0.054599404862743776,-0.1434550464453895,0.13194289943624904,1.0,0.12553818366169545,0.16571761536067905,0.8162416589242263,-0.2804065569668011,-0.01720161256557165,0.1471435074965606,0.8162416589242263,0.11960854425673513,0.10760311816772491,-0.045067337047620566,0.8162416589242263,0.1298133598312867,0.03776410377000593,0.14568305357028172,0.10079178640760923,0.14991578310400233,1.0,1.0,0.11477411181962201,-0.11861151595964568,1.0,-0.0025137544857759407,-0.056544557019696066,0.008709385049436838,0.8162416589242263,-0.0042493839657625,1.0,1.0,-0.10876487679626276,-0.2534397814795543,1.0,0.13673594421753205,1.0,-0.2443545763477994,1.0,-0.036732952831792384,0.005761531833560238,-0.04314647471060189,0.1375173834129979,0.11718604355219234,-0.9736027364885587,1.0,0.053373727936301185,1.0,1.0,-0.09134846664313583,-0.1062813027324451,1.0,1.0,0.12205598888745056,0.25359018325397326,0.17646686270576492,0.12575801217621446,0.1722498620754868,0.16666605678758878,0.11949323212356747,0.8162416589242263,0.9998676111299506,1.0,0.8162416589242263,0.09171347942233256,0.1385706579985287,-0.10990624785399787,0.07950300954617058,0.10977412207539503,1.0,0.03712437869653792,0.11006878488331456,0.14627146173606997,1.0,0.8162416589242263,0.9998676111299506,-0.05766361423223464,-0.1316082108454076,1.0,1.0,-0.1862219772039931,0.010944198656912643,-0.20305917979626326
ST_Elev_V4,-0.011065884487666027,-0.011684088657667355,-0.2914785042399552,-0.08972831705881831,0.1691765936767192,-0.004646143490615226,-0.2443545763477994,-0.05735719754165373,-0.2443545763477994,-0.2600634924936742,-0.04009278152177016,0.019657053331980697,-0.2443545763477994,-0.2443545763477994,0.002415031779421639,-0.14215878046846922,0.20846273570408588,-0.2443545763477994,-0.2443545763477994,0.009635603840165114,-0.2443545763477994,0.18728313918105655,0.006241056460675592,0.6392206599170568,-0.2443545763477994,0.008061926242654678,-0.002737768252218421,-0.049187457434098115,0.05270697328469964,-0.2443545763477994,-0.27506852950182464,-0.06931712759944288,-0.2443545763477994,-0.0824752504915207,-0.2443545763477994,0.031528916142085105,-0.2443545763477994,-0.2443545763477994,0.012052548940885456,-0.2443545763477994,0.10666123532254453,-0.2443545763477994,-0.2443545763477994,-0.002100931901677915,-0.16621147482749946,-0.2443545763477994,-0.02649869189851331,-0.004351185110898794,-0.2443545763477994,-0.0038341817080932527,-0.10542325373611863,-0.008449963020751398,-0.0055620825836751805,-0.2443545763477994,0.40421048476895916,-0.2443545763477994,0.035910844169796674,-0.020290695291601903,-0.2443545763477994,-0.030434890868835524,0.14328502712728416,-0.01684280150455457,-0.24482799713636352,-0.2443545763477994,-0.06964371937026742,-0.2443545763477994,-0.040395264200240553,-0.2443545763477994,-0.15297904614531482,0.019833894015930824,-0.03430771119227677,0.45892327061769883,-0.03667872919919908,-0.12503789409913624,0.46653206877681247,-0.0025919325385070145,-0.059742120254591836,0.1150405733657705,0.02417262761830901,-0.2443545763477994,-0.011575868257916939,-0.03036613850820625,-0.2443545763477994,0.6426141084254032,0.14073608401502688,-0.04484675055610208,-0.2443545763477994,0.005677443953963507,-0.03109923208404568,0.21186794326303157,-0.2443545763477994,-0.03630692252420636,0.1333392773433272,-0.018087590083335284,-0.006129374164703629,-0.006198423178345425,-0.2443545763477994,-0.2443545763477994,-0.0075873052013007555,0.12631137553153426,-0.2443545763477994,0.0648795110634144,-0.0693633732981893,0.1229814712525378,-0.2443545763477994,-0.04329005309656968,-0.2443545763477994,-0.2443545763477994,-0.06217931579745176,0.49578524704613824,-0.2443545763477994,-0.008675390881519232,-0.2443545763477994,1.0,-0.2443545763477994,-0.018413015462779826,0.02876659274230702,-0.12977116671075267,0.01125994100929507,-0.02934497710050694,0.24895079099536002,-0.2443545763477994,-0.0016291740812472227,-0.2443545763477994,-0.2443545763477994,-0.005935546611030101,-0.1445936126960988,-0.2443545763477994,-0.2443545763477994,0.003416785839591959,-0.456124221895999,-0.2384871544925599,0.0020444670223362686,-0.04311177854893697,-0.13742844959576492,-0.026087847789860345,-0.2443545763477994,-0.2443545763477994,-0.2443545763477994,-0.2443545763477994,-0.055089819065888,-0.010520670369654159,0.18334809519185385,-0.06678569523835443,0.002299433441396518,-0.2443545763477994,-0.019502334908339556,-0.015116629290086564,-0.011316637432226322,-0.2443545763477994,-0.2443545763477994,-0.2443545763477994,0.00785201088553899,0.15034691041518353,-0.2443545763477994,-0.2443545763477994,0.34196180307292257,-0.048624791848192586,0.03664994757729535
T_Amp_V3_count,0.13001534003225348,0.11464232648521333,0.192292052712731,0.0704557606189327,-0.09738955887776468,0.10562471071978288,1.0,0.15232291908546677,1.0,0.19474405859149949,-0.004079108389680102,-0.1010795432733466,0.8162416589242263,0.9998676111299506,-0.042044025894865514,0.15288267260892408,0.012514740503856344,0.8162416589242263,1.0,-0.0536195047768743,0.9998676111299506,-0.09618773336230006,-0.01195991408952987,-0.24960516438267727,1.0,0.10043427004334168,0.11827861546595629,0.04290128049362426,0.10091886512501962,0.9998676111299506,0.27619701014574816,0.13788145781552436,1.0,0.04390776387885272,0.9998676111299506,-0.10172218032146402,1.0,1.0,0.13361466488107532,0.9998676111299506,-0.06304440170218713,0.8162416589242263,1.0,-0.031081310772127984,-0.0867220624473799,1.0,0.14007670350736617,0.11152108086813146,0.9998676111299506,0.12276782954419246,0.11653202802305034,0.1318071923898046,0.10032491700053033,0.8162416589242263,-0.25358245463854895,1.0,0.08884407449836429,0.12029666621863966,1.0,0.09316818293243911,-0.011145375161925238,-0.03330246363179656,0.9953264315900904,1.0,0.04615314341494943,0.8162416589242263,0.09520697281080748,0.9998676111299506,0.18967196074544482,0.0746269831584526,0.1307988459011755,-0.2837381488125199,-0.06850770861792824,0.10613053885538631,-0.25876511676569974,0.12040067249825367,0.054599404862743776,-0.1434550464453895,0.13194289943624904,1.0,0.12553818366169545,0.16571761536067905,0.8162416589242263,-0.2804065569668011,-0.01720161256557165,0.1471435074965606,0.8162416589242263,0.11960854425673513,0.10760311816772491,-0.045067337047620566,0.8162416589242263,0.1298133598312867,0.03776410377000593,0.14568305357028172,0.10079178640760923,0.14991578310400233,1.0,1.0,0.11477411181962201,-0.11861151595964568,1.0,-0.0025137544857759407,-0.056544557019696066,0.008709385049436838,0.8162416589242263,-0.0042493839657625,1.0,1.0,-0.10876487679626276,-0.2534397814795543,1.0,0.13673594421753205,1.0,-0.2443545763477994,1.0,-0.036732952831792384,0.005761531833560238,-0.04314647471060189,0.1375173834129979,0.11718604355219234,-0.9736027364885587,1.0,0.053373727936301185,1.0,1.0,-0.09134846664313583,-0.1062813027324451,1.0,1.0,0.12205598888745056,0.25359018325397326,0.17646686270576492,0.12575801217621446,0.1722498620754868,0.16666605678758878,0.11949323212356747,0.8162416589242263,0.9998676111299506,1.0,0.8162416589242263,0.09171347942233256,0.1385706579985287,-0.10990624785399787,0.07950300954617058,0.10977412207539503,1.0,0.03712437869653792,0.11006878488331456,0.14627146173606997,1.0,0.8162416589242263,0.9998676111299506,-0.05766361423223464,-0.1316082108454076,1.0,1.0,-0.1862219772039931,0.010944198656912643,-0.20305917979626326
R_Amp_aVF,-0.03872812857300252,-0.015042543000347049,-0.08895894560470989,-0.17432872571152513,0.07821946558226121,0.0837560042288326,-0.036732952831792384,-0.07575205708102813,-0.036732952831792384,-0.1372545269727513,-0.10053059635374634,-0.29966734080961327,-0.04320522331729734,-0.03671483041614583,-0.7634193119966268,-0.21222872804380727,0.07580776729325218,-0.04320522331729734,-0.036732952831792384,0.23012629754196998,-0.03671483041614583,0.1537037976401683,0.8802695440627186,0.036245772079060684,-0.036732952831792384,0.03240398227788802,0.024832269784874548,0.0010256524029721016,-0.416347784234281,-0.03671483041614583,-0.1938697190606272,-0.022963132761942458,-0.036732952831792384,-0.41451845998582615,-0.03671483041614583,0.21240870232376172,-0.036732952831792384,-0.036732952831792384,-0.06512589896556867,-0.03671483041614583,-0.34641583178839036,-0.04320522331729734,-0.036732952831792384,0.21433431270110573,0.1661810811970741,-0.036732952831792384,0.012729997248817227,-0.05454286049247022,-0.03671483041614583,-0.05472441450382618,-0.10438035094909387,-0.008007462063051205,0.008143323227801045,-0.04320522331729734,0.25840667593582406,-0.036732952831792384,-0.11810690604877254,-0.015586648854235682,-0.036732952831792384,-0.04824068608011797,0.14769601123364304,-0.6250522917687427,-0.03690033568312735,-0.036732952831792384,-0.43135034134953654,-0.04320522331729734,-0.03447215712192756,-0.03671483041614583,-0.17184746249227167,0.0937615688318176,-0.0007865189455074593,0.08049483204145942,0.8393911338008213,-0.22444182454421732,-0.09193003748535207,0.04223784603711657,0.18262882714659873,0.20878418289309222,-0.09499592042256451,-0.036732952831792384,-0.01876072116281674,0.05224573935318182,-0.04320522331729734,0.010256496019473503,-0.026536583388967146,-0.06656781769566905,-0.04320522331729734,0.04677408962301934,-0.0362287004312913,0.1021936059118084,-0.04320522331729734,0.07616560279658346,0.06645707819546372,-0.04151693095010129,-0.03228895901036895,-0.042681293726991094,-0.036732952831792384,-0.036732952831792384,0.029483193811627218,-0.04226772464941351,-0.036732952831792384,0.32281602884839017,-0.27255868231141833,-0.07148209734774237,-0.04320522331729734,-0.7005401990870485,-0.036732952831792384,-0.036732952831792384,0.37609641119656795,0.05282019802627194,-0.036732952831792384,-0.06796842912460661,-0.036732952831792384,-0.018413015462779826,-0.036732952831792384,1.0,-0.08929392753810492,-0.14438507088625516,0.0266760542940755,0.014244644973723963,0.036611185854935786,-0.036732952831792384,0.4992806385568367,-0.036732952831792384,-0.036732952831792384,0.4030404396788048,0.3666253159681901,-0.036732952831792384,-0.036732952831792384,-0.10300013387493402,-0.0817027055380573,-0.07310958018676687,0.0276556362874222,-0.023348065786713723,-0.180805144993139,-0.005993030404211702,-0.04320522331729734,-0.03671483041614583,-0.036732952831792384,-0.04320522331729734,-0.00978783131543093,0.009073814136883417,0.3801210215293819,0.07259845395202567,0.009500349973823792,-0.036732952831792384,-0.3661841516231172,-0.017737652661982458,-0.10456631765986321,-0.036732952831792384,-0.04320522331729734,-0.03671483041614583,-0.6148377859772776,0.1615908527695569,-0.036732952831792384,-0.036732952831792384,-0.2400203592648633,-0.12224686365760913,0.1369403120140125
Q_Amp_V3,0.0017153085663059921,-0.00411077475426627,0.08572229667812802,0.06811257775837487,-0.11746649320760909,0.0015352168950259672,0.005761531833560238,0.029402395303269192,0.005761531833560238,0.08908081151984973,-0.00561636817627944,0.1024465189971395,0.009414769979632037,0.005777190525293817,0.08707078096240238,0.0889380903516867,-0.056089256558695504,0.009414769979632037,0.005761531833560238,0.0009121258744967236,0.005777190525293817,-0.1042044865905115,-0.03924796697168769,-0.04011242071755829,0.005761531833560238,-0.006049279518020765,0.004946818600296295,0.029712290365479635,0.14085836867007448,0.005777190525293817,0.09739193036518917,-0.041705337990338404,0.005761531833560238,0.22772027057594307,0.005777190525293817,-0.0640457917818814,0.005761531833560238,0.005761531833560238,0.005355999258990812,0.005777190525293817,-0.003907636170487357,0.009414769979632037,0.005761531833560238,0.2679715955066916,-0.7094011037564031,0.005761531833560238,-0.010062269992943396,-0.043743994128934746,0.005777190525293817,-0.0033894656626920344,0.08382532593195752,-0.00907037462562394,-0.01007293279637554,0.009414769979632037,-0.03871826425389529,0.005761531833560238,-0.03076325686322255,-0.1775825003022491,0.005761531833560238,-0.004952671623973796,0.2179302401712318,0.13972291904361814,0.006688437213132012,0.005761531833560238,0.14537836110826127,0.009414769979632037,-0.021902561817534003,0.005777190525293817,0.06628431632290777,0.05840981460593145,0.03128730432595862,0.08312426880546195,-0.14152444293322577,0.09860208792730621,-0.0605189393524009,-0.012436032050054367,0.14480417363744286,-0.11412042412393646,0.061348259901248835,0.005761531833560238,0.003876371632537009,0.004568444747560131,0.009414769979632037,0.1061188699991846,-0.07966804911294874,0.018377004073989855,0.009414769979632037,0.004451123930700599,-0.0011588158336110878,-0.08239037043851559,0.009414769979632037,0.013191479615089421,-0.08636160115584689,-0.00014832581044878514,-0.0024209824172854236,0.23691354478131835,0.005761531833560238,0.005761531833560238,-0.00845510626597926,0.038263128688541544,0.005761531833560238,-0.16988522896338154,-0.07228244958307861,0.5609658249622115,0.009414769979632037,-0.015941602053220927,0.005761531833560238,0.005761531833560238,-0.08962024003812238,-0.06221696510927887,0.005761531833560238,0.00845425059769747,0.005761531833560238,0.02876659274230702,0.005761531833560238,-0.08929392753810492,1.0,-0.3200319443370846,0.07677722506710326,0.007045856061449794,-0.010587752259233503,0.005761531833560238,0.06623266556907123,0.005761531833560238,0.005761531833560238,-0.05134464850011489,-0.2839577816371182,0.005761531833560238,0.005761531833560238,0.005874815641937912,0.07759316391274056,0.09680932212199238,-0.003071742301079026,-0.05230030610287347,0.06563427118894401,0.0066310206392136625,0.009414769979632037,0.005777190525293817,0.005761531833560238,0.009414769979632037,0.049717532784771735,-0.007492806317997683,-0.013574243303743473,0.03509680266093178,-0.008791179171576527,0.005761531833560238,0.3877110725255357,-0.01025285046686399,-0.011951363302580122,0.005761531833560238,0.009414769979632037,0.005777190525293817,0.015782450383441133,-0.11670530497504396,0.005761531833560238,0.005761531833560238,-0.04746831839070584,-0.022982667283140332,-0.003048752485311181
R_Amp_V2,0.012316585779294236,0.009901453270506962,0.13435687547304,0.05344472401835385,0.06204760493936094,-0.12426947840641439,-0.04314647471060189,-0.0003087488214767331,-0.04314647471060189,0.047657388244099465,0.554732050460703,-0.13387437941720873,-0.04498343097548076,-0.043245395202741385,0.1093804709838791,-0.022584609106687942,-0.2436944098726854,-0.04498343097548076,-0.04314647471060189,-0.09446597536790403,-0.043245395202741385,0.0893195097450149,-0.128718309617416,0.07589989475695949,-0.04314647471060189,-0.0639794716663517,0.013819591191113664,0.05430373498064728,0.06753806036250623,-0.043245395202741385,-0.10939310307228771,-0.01175150989374518,-0.04314647471060189,-0.0528486817421407,-0.043245395202741385,0.1165053316726294,-0.04314647471060189,-0.04314647471060189,0.014625440879615807,-0.043245395202741385,-0.0036441109466785557,-0.04498343097548076,-0.04314647471060189,-0.3678651887982321,0.5680198797380399,-0.04314647471060189,0.020755522170579327,0.07715172725854967,-0.043245395202741385,0.026155755039542813,-0.008993018259614486,0.034613535984235215,0.014727299881818303,-0.04498343097548076,0.08254007134564802,-0.04314647471060189,-0.08382786544609125,0.045580220624893725,-0.04314647471060189,0.0017668232611188607,-0.33938908659575395,0.054443139772383124,-0.041957124174441515,-0.04314647471060189,-0.0191280148943974,-0.04498343097548076,0.009340545520892914,-0.043245395202741385,0.020717397173381228,-0.11116097842151387,-0.03907759927934385,-0.30731312991239057,-0.13967722185828876,-0.0008588673145244434,0.09232215568378058,0.02197243292543202,-0.1677522605375262,0.13648668701380234,-0.03504348075844382,-0.04314647471060189,0.034080102806058034,-0.013307316862641513,-0.04498343097548076,-0.26012033035185983,-0.01815482746914976,0.025643685031684803,-0.04498343097548076,-0.026995192002682578,0.022655186466706057,-0.07776808938268016,-0.04498343097548076,-0.01742925968821282,-0.37414990572292567,0.026441400440505806,-0.007185904602687151,-0.07058262011017091,-0.04314647471060189,-0.04314647471060189,0.011386574119873484,-0.24075727720015425,-0.04314647471060189,0.03673361361844628,0.05272629799391448,-0.21124115091218695,-0.04498343097548076,0.10812107521816365,-0.04314647471060189,-0.04314647471060189,-0.043295031724245224,0.15572468506223666,-0.04314647471060189,0.02369862756729122,-0.04314647471060189,-0.12977116671075267,-0.04314647471060189,-0.14438507088625516,-0.3200319443370846,1.0,-0.2114147879804546,-0.017763428330560275,0.043416527442749285,-0.04314647471060189,-0.19244904243583658,-0.04314647471060189,-0.04314647471060189,-0.12242557273006485,0.16383144426658972,-0.04314647471060189,-0.04314647471060189,0.011906802035897857,-0.11292905062047803,0.21757227555541162,-0.026352804853356032,-0.04655861272265523,0.020068293807828153,0.025588959108305307,-0.04498343097548076,-0.043245395202741385,-0.04314647471060189,-0.04498343097548076,0.09854429321570368,-0.009504100973008864,0.02962959302011782,0.003955431807084964,-0.00895043869060737,-0.04314647471060189,-0.15334328826017513,0.0456192875647734,-0.312110207729165,-0.04314647471060189,-0.04498343097548076,-0.043245395202741385,0.15840560030246648,0.15273965363812525,-0.04314647471060189,-0.04314647471060189,0.04653922679328888,-0.021498538087529166,-0.0421394456668557
R_Amp_V2_iqr,0.2103420233073995,0.32326635447547775,0.11017475193252162,0.059744010930957256,-0.005096572410957857,0.39022373732482546,0.1375173834129979,0.2913205198725831,0.1375173834129979,0.11788046674577439,-0.09941786178037568,0.010987466911619417,0.12076043090415182,0.13738256156288547,-0.0006887193640341501,0.08026342968106195,0.09143161670126734,0.12076043090415182,0.1375173834129979,-0.011044474301348292,0.13738256156288547,-0.014930208707082686,0.022195643658007295,-0.0383500166112797,0.1375173834129979,0.5223059761947282,0.24907220872284816,0.04219042367147883,-0.013965449263566092,0.13738256156288547,0.058561864837892476,0.30214186434798124,0.1375173834129979,0.040411011411682934,0.13738256156288547,-0.07043792974245487,0.1375173834129979,0.1375173834129979,0.2992121044497016,0.13738256156288547,0.02961272628457633,0.12076043090415182,0.1375173834129979,0.025341578581144174,-0.16470603900278613,0.1375173834129979,0.2542889746959472,0.4464471385683655,0.13738256156288547,0.270036490053736,0.055857736668780654,0.321930367107923,0.2321509960218952,0.12076043090415182,-0.0472860498078324,0.1375173834129979,0.06653736618986965,0.3023266095498809,0.1375173834129979,0.19990235517059046,0.05010813024166959,0.018733918790394814,0.13593873704267692,0.1375173834129979,0.03232014518161686,0.12076043090415182,0.20058615898819726,0.13738256156288547,0.129618307418473,0.029993625284940456,0.4616745789216663,-0.015333203802631565,0.0349159666011222,0.08481151482992713,-0.027293201910059083,0.2519961148734377,0.09174060144239757,-0.057114332833404335,0.3110575404854581,0.1375173834129979,0.2992517764639242,0.2728453282150389,0.12076043090415182,0.017645645789992132,0.03424188050229,0.28364336268456797,0.12076043090415182,0.23883267345863715,0.19841437313988644,0.034337963789983626,0.12076043090415182,0.24087223987706985,0.08833687824888045,0.23584865216786832,0.31934043179583005,0.34689187623832923,0.1375173834129979,0.1375173834129979,0.24218012043038353,-0.0027517659187164807,0.1375173834129979,-0.055115680582127104,-0.031112112798591808,0.06146968662175353,0.12076043090415182,-0.029600497269030118,0.1375173834129979,0.1375173834129979,0.04225911298291975,-0.04984179226780719,0.1375173834129979,0.24475333002512412,0.1375173834129979,0.01125994100929507,0.1375173834129979,0.0266760542940755,0.07677722506710326,-0.2114147879804546,1.0,0.22544192931367601,-0.1392035166576629,0.1375173834129979,0.06990285738811008,0.1375173834129979,0.1375173834129979,0.07595856893983781,-0.030367352554408887,0.1375173834129979,0.1375173834129979,0.2462048641152042,0.03351320558222377,0.16647474284694852,0.2404058882084349,0.4103013142405525,0.10886423717435384,0.23115775974863212,0.12076043090415182,0.13738256156288547,0.1375173834129979,0.12076043090415182,0.07984442262389493,0.3568836714320222,-0.03769059934614823,0.05446381126007065,0.32918974077505425,0.1375173834129979,0.056976045349053234,0.2722348934162864,0.06397540618790995,0.1375173834129979,0.12076043090415182,0.13738256156288547,-0.0318212935688805,-0.03889519777937133,0.1375173834129979,0.1375173834129979,0.006954269730650585,0.03903847432853782,0.12272967827761193
R_Amp_III_iqr,0.29683907071564525,0.3040133983052343,0.13748230810267395,0.14552891333491758,-0.001216424245775043,0.25208740999462914,0.11718604355219234,0.32766865093635605,0.11718604355219234,0.12960795653921228,-0.1024646218284151,-0.06892478870599422,0.10471315524842559,0.11715824150423394,0.02018282251390069,0.06622739364608392,0.010303314515100484,0.10471315524842559,0.11718604355219234,0.04125624290088658,0.11715824150423394,0.006265166011860834,-0.050400580082990636,-0.03158717954956512,0.11718604355219234,0.28936166164761723,0.3697712806984622,0.12666851606570942,-0.19164216504662965,0.11715824150423394,0.012250894920555547,0.28902043040712244,0.11718604355219234,-0.028664800105700366,0.11715824150423394,-0.008349868315647681,0.11718604355219234,0.11718604355219234,0.2939947623541225,0.11715824150423394,0.01669625697079723,0.10471315524842559,0.11718604355219234,0.0028365947552083286,-0.00298089069716802,0.11718604355219234,0.35056713390724636,0.2621947736368735,0.11715824150423394,0.28604528154892517,0.02601694376741089,0.2811545852673861,0.4146245222180244,0.10471315524842559,-0.05300011279882543,0.11718604355219234,0.013385722495208977,0.2754644601626564,0.11718604355219234,0.6171527420761205,0.02816024814912931,-0.01535747839314529,0.11693631484044044,0.11718604355219234,-0.04315571330405426,0.10471315524842559,0.41941212817275164,0.11715824150423394,0.11716356875135275,0.10466386523487708,0.27238055743034106,-0.021833143548211757,0.09605815613964176,0.1047324765255933,-0.030840726058314824,0.43438666346816196,-0.06895963966749011,-0.0022641879255892597,0.2849602256739812,0.11718604355219234,0.30623807706480854,0.4534545477030008,0.10471315524842559,-0.03485754566551714,0.004082057624107736,0.334302325965963,0.10471315524842559,0.3962735744429657,0.30017340881795745,-0.0006539232160443982,0.10471315524842559,0.6217641927404924,0.015730986212134302,0.3422699811050679,0.2540759314471827,0.2746403603400778,0.11718604355219234,0.11718604355219234,0.4537372844894668,0.009296078071651797,0.11718604355219234,0.04979586643549822,0.18596084517603165,-0.0011500176376542928,0.10471315524842559,0.11650562415157976,0.11718604355219234,0.11718604355219234,0.10688044092802707,-0.030737671944371575,0.11718604355219234,0.3626333316412712,0.11718604355219234,-0.02934497710050694,0.11718604355219234,0.014244644973723963,0.007045856061449794,-0.017763428330560275,0.22544192931367601,1.0,-0.1164758888754492,0.11718604355219234,-0.05761669152050961,0.11718604355219234,0.11718604355219234,0.1632283044513617,0.030163404614830233,0.11718604355219234,0.11718604355219234,0.4280638659200153,0.04356843164360252,0.1317116160030103,0.436516257959765,0.2645027419467864,0.08707788931815057,0.342443874961704,0.10471315524842559,0.11715824150423394,0.11718604355219234,0.10471315524842559,0.10253675251066946,0.3014514141647877,-0.0456642188310099,0.07781330604011533,0.290244495696304,0.11718604355219234,-0.010577019960826859,0.28673136563453333,0.00946537535663439,0.11718604355219234,0.10471315524842559,0.11715824150423394,0.03757118777146009,0.0008178914011889229,0.11718604355219234,0.11718604355219234,-0.0030098900359214493,0.08444718749265637,0.07926864604941578
RR_Mean_Global,-0.12638462428780015,-0.11497501832113448,-0.20116532536307727,-0.07959883786768994,0.10742493628321723,-0.10522667631791327,-0.9736027364885587,-0.15105318242757745,-0.9736027364885587,-0.20181508075655064,0.0006445408691001198,0.09687833818177538,-0.786943258879698,-0.9734757973359599,0.03811251380448143,-0.1630311681477281,-0.004432560808805498,-0.786943258879698,-0.9736027364885587,0.058426744556810295,-0.9734757973359599,0.10415803102617634,0.01129130936991813,0.25616845512542563,-0.9736027364885587,-0.10231966559993934,-0.11665053594349266,-0.0483456571974253,-0.10234445439491906,-0.9734757973359599,-0.2828677218999347,-0.13683558058829604,-0.9736027364885587,-0.04963777809695077,-0.9734757973359599,0.10706968250181369,-0.9736027364885587,-0.9736027364885587,-0.1312109780535748,-0.9734757973359599,0.063343964325241,-0.786943258879698,-0.9736027364885587,0.02925376289326328,0.08868555294671429,-0.9736027364885587,-0.13623289469462138,-0.10725343144341451,-0.9734757973359599,-0.1211500147003982,-0.12603886321786612,-0.1310575987188555,-0.0979099863769079,-0.786943258879698,0.26074938689500265,-0.9736027364885587,-0.08446585027690061,-0.11701558398501595,-0.9736027364885587,-0.09115259289570674,0.010754793558058482,0.025843218647484973,-0.9659827634242714,-0.9736027364885587,-0.0534427205316929,-0.786943258879698,-0.09255677774893778,-0.9734757973359599,-0.19785174753888388,-0.07417244837542793,-0.13138479311950843,0.2866554317355813,0.06937384953917101,-0.11700975525523843,0.26808288922545387,-0.11672960263500258,-0.059313945499706235,0.15222249385993228,-0.1317340001417582,-0.9736027364885587,-0.12436031999725901,-0.16476574050597725,-0.786943258879698,0.2833839967509855,0.025861482408882367,-0.14632428323223426,-0.786943258879698,-0.11637446644363074,-0.10543843337166797,0.05196191257962195,-0.786943258879698,-0.1282701623962547,-0.03087690978617001,-0.1421326262014291,-0.09984660721220422,-0.1477698117260533,-0.9736027364885587,-0.9736027364885587,-0.11160554216498912,0.12137985462037808,-0.9736027364885587,0.010312096609512869,0.05721485314772297,-0.010455711370956843,-0.786943258879698,0.005693619140291578,-0.9736027364885587,-0.9736027364885587,0.10663594027194555,0.25951622055961804,-0.9736027364885587,-0.1328896715850084,-0.9736027364885587,0.24895079099536002,-0.9736027364885587,0.036611185854935786,-0.010587752259233503,0.043416527442749285,-0.1392035166576629,-0.1164758888754492,1.0,-0.9736027364885587,-0.055126139700008514,-0.9736027364885587,-0.9736027364885587,0.09251340383382485,0.1074403288412072,-0.9736027364885587,-0.9736027364885587,-0.11628827981207973,-0.26579015746622014,-0.1848442889987467,-0.12139294483934795,-0.17427335536190938,-0.17636230124871488,-0.11623984144151396,-0.786943258879698,-0.9734757973359599,-0.9736027364885587,-0.786943258879698,-0.09927887207061772,-0.13944344699738326,0.1124797456970959,-0.0855161029109468,-0.11085924704707525,-0.9736027364885587,-0.04282918223544202,-0.10937505048525414,-0.1442829519469281,-0.9736027364885587,-0.786943258879698,-0.9734757973359599,0.055661611306632205,0.14182034475452515,-0.9736027364885587,-0.9736027364885587,0.1911804077209125,-0.011599862130735761,0.19156708249990598
T_Amp_II_count,0.13001534003225348,0.11464232648521333,0.192292052712731,0.0704557606189327,-0.09738955887776468,0.10562471071978288,1.0,0.15232291908546677,1.0,0.19474405859149949,-0.004079108389680102,-0.1010795432733466,0.8162416589242263,0.9998676111299506,-0.042044025894865514,0.15288267260892408,0.012514740503856344,0.8162416589242263,1.0,-0.0536195047768743,0.9998676111299506,-0.09618773336230006,-0.01195991408952987,-0.24960516438267727,1.0,0.10043427004334168,0.11827861546595629,0.04290128049362426,0.10091886512501962,0.9998676111299506,0.27619701014574816,0.13788145781552436,1.0,0.04390776387885272,0.9998676111299506,-0.10172218032146402,1.0,1.0,0.13361466488107532,0.9998676111299506,-0.06304440170218713,0.8162416589242263,1.0,-0.031081310772127984,-0.0867220624473799,1.0,0.14007670350736617,0.11152108086813146,0.9998676111299506,0.12276782954419246,0.11653202802305034,0.1318071923898046,0.10032491700053033,0.8162416589242263,-0.25358245463854895,1.0,0.08884407449836429,0.12029666621863966,1.0,0.09316818293243911,-0.011145375161925238,-0.03330246363179656,0.9953264315900904,1.0,0.04615314341494943,0.8162416589242263,0.09520697281080748,0.9998676111299506,0.18967196074544482,0.0746269831584526,0.1307988459011755,-0.2837381488125199,-0.06850770861792824,0.10613053885538631,-0.25876511676569974,0.12040067249825367,0.054599404862743776,-0.1434550464453895,0.13194289943624904,1.0,0.12553818366169545,0.16571761536067905,0.8162416589242263,-0.2804065569668011,-0.01720161256557165,0.1471435074965606,0.8162416589242263,0.11960854425673513,0.10760311816772491,-0.045067337047620566,0.8162416589242263,0.1298133598312867,0.03776410377000593,0.14568305357028172,0.10079178640760923,0.14991578310400233,1.0,1.0,0.11477411181962201,-0.11861151595964568,1.0,-0.0025137544857759407,-0.056544557019696066,0.008709385049436838,0.8162416589242263,-0.0042493839657625,1.0,1.0,-0.10876487679626276,-0.2534397814795543,1.0,0.13673594421753205,1.0,-0.2443545763477994,1.0,-0.036732952831792384,0.005761531833560238,-0.04314647471060189,0.1375173834129979,0.11718604355219234,-0.9736027364885587,1.0,0.053373727936301185,1.0,1.0,-0.09134846664313583,-0.1062813027324451,1.0,1.0,0.12205598888745056,0.25359018325397326,0.17646686270576492,0.12575801217621446,0.1722498620754868,0.16666605678758878,0.11949323212356747,0.8162416589242263,0.9998676111299506,1.0,0.8162416589242263,0.09171347942233256,0.1385706579985287,-0.10990624785399787,0.07950300954617058,0.10977412207539503,1.0,0.03712437869653792,0.11006878488331456,0.14627146173606997,1.0,0.8162416589242263,0.9998676111299506,-0.05766361423223464,-0.1316082108454076,1.0,1.0,-0.1862219772039931,0.010944198656912643,-0.20305917979626326
Q_Amp_aVL,0.015479451898011098,0.019144736023999385,0.0006455386036569268,-0.11683205050067358,-0.026452069447542855,0.0567749566141598,0.053373727936301185,-0.06565313195077525,0.053373727936301185,-0.009521056059114533,0.020482756495044524,-0.012989620711936944,0.04159993432099546,0.05344532926121231,-0.5450648262372148,0.0026922873701794693,0.014473965377451955,0.04159993432099546,0.053373727936301185,-0.1512851053025281,0.05344532926121231,-0.015659499561777535,0.5947452113788156,-0.055602636599350254,0.053373727936301185,0.04323534051630715,0.035143692377200206,-0.02596122255209225,0.06742934149433996,0.05344532926121231,0.0535083899632931,-0.03973786770093861,0.053373727936301185,-0.0199160671850784,0.05344532926121231,-0.07103858804323988,0.053373727936301185,0.053373727936301185,-0.003408147256208126,0.05344532926121231,-0.12286744378190004,0.04159993432099546,0.053373727936301185,0.06486512691772511,-0.1050392179057949,0.053373727936301185,-0.009217595465072247,0.012860092303382212,0.05344532926121231,0.00010276721485823647,0.067794252328095,0.016635159215421157,0.013703857819143302,0.04159993432099546,0.0703573387085255,0.053373727936301185,0.06486303000676254,0.008207267729910626,0.053373727936301185,-0.12197761591344633,0.12063396850428115,-0.33809920098162793,0.05156270027274001,0.053373727936301185,-0.03393596137853609,0.04159993432099546,-0.09126710906693107,0.05344532926121231,-0.01925687791855071,-0.041994679715378715,0.013218418149166803,0.06700522526986771,0.3062842360720573,-0.05342123875505017,-0.11087363276374114,0.03927956524918025,0.6859155930390397,-0.07739755532097321,-0.011861035467749774,0.053373727936301185,0.022130585891650154,0.026846875526624486,0.04159993432099546,0.03981489713997093,0.019671963635098974,-0.040735635604082325,0.04159993432099546,0.11232613193739932,-0.006848984545555706,0.016899575644349952,0.04159993432099546,-0.0027214041422634256,-0.008929084727614911,-0.006067870927129326,0.018122153765110022,0.011252415547144876,0.053373727936301185,0.053373727936301185,0.03800806216456542,-0.013805810749455317,0.053373727936301185,-0.0734686078097062,-0.47837277539353307,0.05857886301914645,0.04159993432099546,-0.647911519344436,0.053373727936301185,0.053373727936301185,0.042957481404239266,-0.07094581483521527,0.053373727936301185,-0.0065675557889983685,0.053373727936301185,-0.0016291740812472227,0.053373727936301185,0.4992806385568367,0.06623266556907123,-0.19244904243583658,0.06990285738811008,-0.05761669152050961,-0.055126139700008514,0.053373727936301185,1.0,0.053373727936301185,0.053373727936301185,0.07520997382808697,0.007825656477787485,0.053373727936301185,0.053373727936301185,-0.024524248790606024,0.04466093416541975,0.020616573494268226,0.05915420561616697,0.019259980952001994,-0.037793009169053086,0.010794516539855655,0.04159993432099546,0.05344532926121231,0.053373727936301185,0.04159993432099546,-0.014696447506036,0.03520248034832781,0.1358209914069257,0.12332397757959529,0.029481252471427414,0.053373727936301185,-0.011943023675659829,0.01296907125781771,0.014700896184671693,0.053373727936301185,0.04159993432099546,0.05344532926121231,-0.7262468531988634,-0.032335985194846026,0.053373727936301185,0.053373727936301185,-0.1285623364050469,-0.022180948748262076,0.07916502969597318
R_Amp_V2_count,0.13001534003225348,0.11464232648521333,0.192292052712731,0.0704557606189327,-0.09738955887776468,0.10562471071978288,1.0,0.15232291908546677,1.0,0.19474405859149949,-0.004079108389680102,-0.1010795432733466,0.8162416589242263,0.9998676111299506,-0.042044025894865514,0.15288267260892408,0.012514740503856344,0.8162416589242263,1.0,-0.0536195047768743,0.9998676111299506,-0.09618773336230006,-0.01195991408952987,-0.24960516438267727,1.0,0.10043427004334168,0.11827861546595629,0.04290128049362426,0.10091886512501962,0.9998676111299506,0.27619701014574816,0.13788145781552436,1.0,0.04390776387885272,0.9998676111299506,-0.10172218032146402,1.0,1.0,0.13361466488107532,0.9998676111299506,-0.06304440170218713,0.8162416589242263,1.0,-0.031081310772127984,-0.0867220624473799,1.0,0.14007670350736617,0.11152108086813146,0.9998676111299506,0.12276782954419246,0.11653202802305034,0.1318071923898046,0.10032491700053033,0.8162416589242263,-0.25358245463854895,1.0,0.08884407449836429,0.12029666621863966,1.0,0.09316818293243911,-0.011145375161925238,-0.03330246363179656,0.9953264315900904,1.0,0.04615314341494943,0.8162416589242263,0.09520697281080748,0.9998676111299506,0.18967196074544482,0.0746269831584526,0.1307988459011755,-0.2837381488125199,-0.06850770861792824,0.10613053885538631,-0.25876511676569974,0.12040067249825367,0.054599404862743776,-0.1434550464453895,0.13194289943624904,1.0,0.12553818366169545,0.16571761536067905,0.8162416589242263,-0.2804065569668011,-0.01720161256557165,0.1471435074965606,0.8162416589242263,0.11960854425673513,0.10760311816772491,-0.045067337047620566,0.8162416589242263,0.1298133598312867,0.03776410377000593,0.14568305357028172,0.10079178640760923,0.14991578310400233,1.0,1.0,0.11477411181962201,-0.11861151595964568,1.0,-0.0025137544857759407,-0.056544557019696066,0.008709385049436838,0.8162416589242263,-0.0042493839657625,1.0,1.0,-0.10876487679626276,-0.2534397814795543,1.0,0.13673594421753205,1.0,-0.2443545763477994,1.0,-0.036732952831792384,0.005761531833560238,-0.04314647471060189,0.1375173834129979,0.11718604355219234,-0.9736027364885587,1.0,0.053373727936301185,1.0,1.0,-0.09134846664313583,-0.1062813027324451,1.0,1.0,0.12205598888745056,0.25359018325397326,0.17646686270576492,0.12575801217621446,0.1722498620754868,0.16666605678758878,0.11949323212356747,0.8162416589242263,0.9998676111299506,1.0,0.8162416589242263,0.09171347942233256,0.1385706579985287,-0.10990624785399787,0.07950300954617058,0.10977412207539503,1.0,0.03712437869653792,0.11006878488331456,0.14627146173606997,1.0,0.8162416589242263,0.9998676111299506,-0.05766361423223464,-0.1316082108454076,1.0,1.0,-0.1862219772039931,0.010944198656912643,-0.20305917979626326
Q_Amp_aVL_count,0.13001534003225348,0.11464232648521333,0.192292052712731,0.0704557606189327,-0.09738955887776468,0.10562471071978288,1.0,0.15232291908546677,1.0,0.19474405859149949,-0.004079108389680102,-0.1010795432733466,0.8162416589242263,0.9998676111299506,-0.042044025894865514,0.15288267260892408,0.012514740503856344,0.8162416589242263,1.0,-0.0536195047768743,0.9998676111299506,-0.09618773336230006,-0.01195991408952987,-0.24960516438267727,1.0,0.10043427004334168,0.11827861546595629,0.04290128049362426,0.10091886512501962,0.9998676111299506,0.27619701014574816,0.13788145781552436,1.0,0.04390776387885272,0.9998676111299506,-0.10172218032146402,1.0,1.0,0.13361466488107532,0.9998676111299506,-0.06304440170218713,0.8162416589242263,1.0,-0.031081310772127984,-0.0867220624473799,1.0,0.14007670350736617,0.11152108086813146,0.9998676111299506,0.12276782954419246,0.11653202802305034,0.1318071923898046,0.10032491700053033,0.8162416589242263,-0.25358245463854895,1.0,0.08884407449836429,0.12029666621863966,1.0,0.09316818293243911,-0.011145375161925238,-0.03330246363179656,0.9953264315900904,1.0,0.04615314341494943,0.8162416589242263,0.09520697281080748,0.9998676111299506,0.18967196074544482,0.0746269831584526,0.1307988459011755,-0.2837381488125199,-0.06850770861792824,0.10613053885538631,-0.25876511676569974,0.12040067249825367,0.054599404862743776,-0.1434550464453895,0.13194289943624904,1.0,0.12553818366169545,0.16571761536067905,0.8162416589242263,-0.2804065569668011,-0.01720161256557165,0.1471435074965606,0.8162416589242263,0.11960854425673513,0.10760311816772491,-0.045067337047620566,0.8162416589242263,0.1298133598312867,0.03776410377000593,0.14568305357028172,0.10079178640760923,0.14991578310400233,1.0,1.0,0.11477411181962201,-0.11861151595964568,1.0,-0.0025137544857759407,-0.056544557019696066,0.008709385049436838,0.8162416589242263,-0.0042493839657625,1.0,1.0,-0.10876487679626276,-0.2534397814795543,1.0,0.13673594421753205,1.0,-0.2443545763477994,1.0,-0.036732952831792384,0.005761531833560238,-0.04314647471060189,0.1375173834129979,0.11718604355219234,-0.9736027364885587,1.0,0.053373727936301185,1.0,1.0,-0.09134846664313583,-0.1062813027324451,1.0,1.0,0.12205598888745056,0.25359018325397326,0.17646686270576492,0.12575801217621446,0.1722498620754868,0.16666605678758878,0.11949323212356747,0.8162416589242263,0.9998676111299506,1.0,0.8162416589242263,0.09171347942233256,0.1385706579985287,-0.10990624785399787,0.07950300954617058,0.10977412207539503,1.0,0.03712437869653792,0.11006878488331456,0.14627146173606997,1.0,0.8162416589242263,0.9998676111299506,-0.05766361423223464,-0.1316082108454076,1.0,1.0,-0.1862219772039931,0.010944198656912643,-0.20305917979626326
R_Amp_V6,0.018256744285620675,0.08294291023916547,-0.12926544552999764,-0.06674688228660373,-0.0017305086653584183,0.060684227201401944,-0.09134846664313583,0.18937516834297072,-0.09134846664313583,-0.15516474466905986,-0.29213521871670567,-0.14708136475764727,-0.06961467003902422,-0.09134846664313583,-0.23983109054649748,-0.1300551622377557,0.16524039311946295,-0.06961467003902422,-0.09134846664313583,0.19057639619677375,-0.09134846664313583,0.07672229742154882,0.24615198059332682,-0.0761826937566341,-0.09134846664313583,0.0899186254432998,0.037468296077959706,0.015949646852921297,-0.631220358004607,-0.09134846664313583,-0.06437492471124458,0.18374245281903226,-0.09134846664313583,-0.40417593340001884,-0.09134846664313583,0.07468004269845405,-0.09134846664313583,-0.09134846664313583,0.02495942299543954,-0.09134846664313583,-0.13252871421427176,-0.06961467003902422,-0.09134846664313583,0.10971365843663097,0.053649064707345116,-0.09134846664313583,0.054972194800664204,0.04275661450024295,-0.09134846664313583,0.018962140838573706,-0.09141226238255652,0.041239637791220675,0.05370652058992842,-0.06961467003902422,0.02978110254246352,-0.09134846664313583,-0.05671534561797225,0.062328092669243114,-0.09134846664313583,0.16747255050696702,0.09056546492854525,-0.2930310988396634,-0.09093378002597852,-0.09134846664313583,-0.4206596371627852,-0.06961467003902422,0.1592592095735694,-0.09134846664313583,-0.19414070075180342,0.2099500871776574,0.0548305434460585,0.10962134851607208,0.5861043066844556,-0.1021183713028985,-0.10110884321268451,0.05752773638176146,-0.06700895713310298,0.0639087843535272,0.008683135152924955,-0.09134846664313583,0.07417494341955835,0.08962923416397753,-0.06961467003902422,0.06889009651877387,-0.03370645529822856,0.13127959769811504,-0.06961467003902422,0.061252629838782484,0.02389911429887726,0.12774501180352513,-0.06961467003902422,0.14828593386996708,0.12643476286813435,0.007884872425278605,0.04812665588698457,0.03988366405757261,-0.09134846664313583,-0.09134846664313583,0.06018557570972535,0.12070447429101186,-0.09134846664313583,0.2199877035589388,0.30037117353367626,-0.07621855862985387,-0.06961467003902422,-0.051570238867835134,-0.09134846664313583,-0.09134846664313583,0.8303611078576638,-0.09321784513816331,-0.09134846664313583,-0.014722370197381943,-0.09134846664313583,-0.005935546611030101,-0.09134846664313583,0.4030404396788048,-0.05134464850011489,-0.12242557273006485,0.07595856893983781,0.1632283044513617,0.09251340383382485,-0.09134846664313583,0.07520997382808697,-0.09134846664313583,-0.09134846664313583,1.0,0.44218622201052166,-0.09134846664313583,-0.09134846664313583,0.025389702675766214,0.05860395431995635,-0.08545646055810538,0.08197886998591432,0.07572117607093505,-0.22661406644764437,0.026417850463395873,-0.06961467003902422,-0.09134846664313583,-0.09134846664313583,-0.06961467003902422,-0.02498834467416179,0.0758890543796904,0.10899796251406706,-0.010730730888587383,0.055956530278647706,-0.09134846664313583,-0.30569748180747297,0.04574315944176051,0.005934978522558592,-0.09134846664313583,-0.06961467003902422,-0.09134846664313583,-0.1542278565671659,0.06682139253671443,-0.09134846664313583,-0.09134846664313583,-0.1193574372016791,-0.044569591002756516,0.08349718819389407
R_Amp_V4,-0.06324316074843832,-0.000493323045958652,-0.1479316947754079,-0.08305757920722709,0.07899666340205665,0.03631888502108546,-0.1062813027324451,0.025760203119447,-0.1062813027324451,-0.17171819060664398,-0.05286086910864238,-0.24990014661741478,-0.08942349906544854,-0.1062813027324451,-0.24500153530092403,-0.14176973155258193,0.10995939629406143,-0.08942349906544854,-0.1062813027324451,0.25152531337004636,-0.1062813027324451,0.1266519252084978,0.2667992620982618,-0.01647313664801798,-0.1062813027324451,0.02229661684736161,-0.030628886686853814,0.021362270078852243,-0.4382530179602687,-0.1062813027324451,-0.14324967196123778,0.1970325648110449,-0.1062813027324451,-0.49645337664085093,-0.1062813027324451,0.1461453826825133,-0.1062813027324451,-0.1062813027324451,-0.08592465068099964,-0.1062813027324451,-0.1509774048243807,-0.08942349906544854,-0.1062813027324451,0.13103454002203072,0.5287274091837646,-0.1062813027324451,0.0019847388945658205,-0.04021248592419584,-0.1062813027324451,-0.062414915374112444,-0.0984905982929945,-0.025131143043548073,-0.025512423428962226,-0.08942349906544854,0.1257289224853755,-0.1062813027324451,-0.07137267349544865,0.04757823256694819,-0.1062813027324451,0.03220949835851113,-0.1354755609022215,-0.31872887399720756,-0.10487213849545057,-0.1062813027324451,-0.39781556467152257,-0.08942349906544854,0.04017944985128165,-0.1062813027324451,-0.16683277048027312,0.03438520653908085,0.03823682892875674,-0.066483298704725,0.46750971016152976,-0.12917911018443445,-0.01593072620572088,-0.013457792600411939,-0.1553808918412181,0.16352318442762956,-0.20327097842253994,-0.1062813027324451,-0.02820656185383021,0.007275321161523185,-0.08942349906544854,-0.12221007567745235,-0.0005052640915403208,-0.038737151120944606,-0.08942349906544854,-0.035255611239442035,-0.038360606322548924,0.0808240904810472,-0.08942349906544854,0.031990270236602794,0.1278879412898516,-0.05481118025844991,-0.045650684436126174,-0.05193624076911429,-0.1062813027324451,-0.1062813027324451,-0.013973108158861512,-0.004395370250262499,-0.1062813027324451,0.2880350796283766,0.14556378521916913,-0.4206141139326206,-0.08942349906544854,-0.12490265226596708,-0.1062813027324451,-0.1062813027324451,0.674174117933349,0.04715672184370728,-0.1062813027324451,-0.06707202679340361,-0.1062813027324451,-0.1445936126960988,-0.1062813027324451,0.3666253159681901,-0.2839577816371182,0.16383144426658972,-0.030367352554408887,0.030163404614830233,0.1074403288412072,-0.1062813027324451,0.007825656477787485,-0.1062813027324451,-0.1062813027324451,0.44218622201052166,1.0,-0.1062813027324451,-0.1062813027324451,-0.054602657400688454,-0.07124266176602599,-0.1448222713264479,-0.022603889586052507,0.03450699951005278,-0.13260493154789377,-0.03064930036572421,-0.08942349906544854,-0.1062813027324451,-0.1062813027324451,-0.08942349906544854,-0.020416110797719777,-0.012656437014390424,0.16447160736667057,0.010944690953828988,-0.010678603343569557,-0.1062813027324451,-0.704936967119648,-0.035042712438981063,0.005349400877522355,-0.1062813027324451,-0.08942349906544854,-0.1062813027324451,-0.12548779495009502,0.1386982600065773,-0.1062813027324451,-0.1062813027324451,-0.08136914648620872,-0.08407670576591143,0.05070254111735165
R_Amp_aVR_count,0.13001534003225348,0.11464232648521333,0.192292052712731,0.0704557606189327,-0.09738955887776468,0.10562471071978288,1.0,0.15232291908546677,1.0,0.19474405859149949,-0.004079108389680102,-0.1010795432733466,0.8162416589242263,0.9998676111299506,-0.042044025894865514,0.15288267260892408,0.012514740503856344,0.8162416589242263,1.0,-0.0536195047768743,0.9998676111299506,-0.09618773336230006,-0.01195991408952987,-0.24960516438267727,1.0,0.10043427004334168,0.11827861546595629,0.04290128049362426,0.10091886512501962,0.9998676111299506,0.27619701014574816,0.13788145781552436,1.0,0.04390776387885272,0.9998676111299506,-0.10172218032146402,1.0,1.0,0.13361466488107532,0.9998676111299506,-0.06304440170218713,0.8162416589242263,1.0,-0.031081310772127984,-0.0867220624473799,1.0,0.14007670350736617,0.11152108086813146,0.9998676111299506,0.12276782954419246,0.11653202802305034,0.1318071923898046,0.10032491700053033,0.8162416589242263,-0.25358245463854895,1.0,0.08884407449836429,0.12029666621863966,1.0,0.09316818293243911,-0.011145375161925238,-0.03330246363179656,0.9953264315900904,1.0,0.04615314341494943,0.8162416589242263,0.09520697281080748,0.9998676111299506,0.18967196074544482,0.0746269831584526,0.1307988459011755,-0.2837381488125199,-0.06850770861792824,0.10613053885538631,-0.25876511676569974,0.12040067249825367,0.054599404862743776,-0.1434550464453895,0.13194289943624904,1.0,0.12553818366169545,0.16571761536067905,0.8162416589242263,-0.2804065569668011,-0.01720161256557165,0.1471435074965606,0.8162416589242263,0.11960854425673513,0.10760311816772491,-0.045067337047620566,0.8162416589242263,0.1298133598312867,0.03776410377000593,0.14568305357028172,0.10079178640760923,0.14991578310400233,1.0,1.0,0.11477411181962201,-0.11861151595964568,1.0,-0.0025137544857759407,-0.056544557019696066,0.008709385049436838,0.8162416589242263,-0.0042493839657625,1.0,1.0,-0.10876487679626276,-0.2534397814795543,1.0,0.13673594421753205,1.0,-0.2443545763477994,1.0,-0.036732952831792384,0.005761531833560238,-0.04314647471060189,0.1375173834129979,0.11718604355219234,-0.9736027364885587,1.0,0.053373727936301185,1.0,1.0,-0.09134846664313583,-0.1062813027324451,1.0,1.0,0.12205598888745056,0.25359018325397326,0.17646686270576492,0.12575801217621446,0.1722498620754868,0.16666605678758878,0.11949323212356747,0.8162416589242263,0.9998676111299506,1.0,0.8162416589242263,0.09171347942233256,0.1385706579985287,-0.10990624785399787,0.07950300954617058,0.10977412207539503,1.0,0.03712437869653792,0.11006878488331456,0.14627146173606997,1.0,0.8162416589242263,0.9998676111299506,-0.05766361423223464,-0.1316082108454076,1.0,1.0,-0.1862219772039931,0.010944198656912643,-0.20305917979626326
Q_Amp_III_count,0.13001534003225348,0.11464232648521333,0.192292052712731,0.0704557606189327,-0.09738955887776468,0.10562471071978288,1.0,0.15232291908546677,1.0,0.19474405859149949,-0.004079108389680102,-0.1010795432733466,0.8162416589242263,0.9998676111299506,-0.042044025894865514,0.15288267260892408,0.012514740503856344,0.8162416589242263,1.0,-0.0536195047768743,0.9998676111299506,-0.09618773336230006,-0.01195991408952987,-0.24960516438267727,1.0,0.10043427004334168,0.11827861546595629,0.04290128049362426,0.10091886512501962,0.9998676111299506,0.27619701014574816,0.13788145781552436,1.0,0.04390776387885272,0.9998676111299506,-0.10172218032146402,1.0,1.0,0.13361466488107532,0.9998676111299506,-0.06304440170218713,0.8162416589242263,1.0,-0.031081310772127984,-0.0867220624473799,1.0,0.14007670350736617,0.11152108086813146,0.9998676111299506,0.12276782954419246,0.11653202802305034,0.1318071923898046,0.10032491700053033,0.8162416589242263,-0.25358245463854895,1.0,0.08884407449836429,0.12029666621863966,1.0,0.09316818293243911,-0.011145375161925238,-0.03330246363179656,0.9953264315900904,1.0,0.04615314341494943,0.8162416589242263,0.09520697281080748,0.9998676111299506,0.18967196074544482,0.0746269831584526,0.1307988459011755,-0.2837381488125199,-0.06850770861792824,0.10613053885538631,-0.25876511676569974,0.12040067249825367,0.054599404862743776,-0.1434550464453895,0.13194289943624904,1.0,0.12553818366169545,0.16571761536067905,0.8162416589242263,-0.2804065569668011,-0.01720161256557165,0.1471435074965606,0.8162416589242263,0.11960854425673513,0.10760311816772491,-0.045067337047620566,0.8162416589242263,0.1298133598312867,0.03776410377000593,0.14568305357028172,0.10079178640760923,0.14991578310400233,1.0,1.0,0.11477411181962201,-0.11861151595964568,1.0,-0.0025137544857759407,-0.056544557019696066,0.008709385049436838,0.8162416589242263,-0.0042493839657625,1.0,1.0,-0.10876487679626276,-0.2534397814795543,1.0,0.13673594421753205,1.0,-0.2443545763477994,1.0,-0.036732952831792384,0.005761531833560238,-0.04314647471060189,0.1375173834129979,0.11718604355219234,-0.9736027364885587,1.0,0.053373727936301185,1.0,1.0,-0.09134846664313583,-0.1062813027324451,1.0,1.0,0.12205598888745056,0.25359018325397326,0.17646686270576492,0.12575801217621446,0.1722498620754868,0.16666605678758878,0.11949323212356747,0.8162416589242263,0.9998676111299506,1.0,0.8162416589242263,0.09171347942233256,0.1385706579985287,-0.10990624785399787,0.07950300954617058,0.10977412207539503,1.0,0.03712437869653792,0.11006878488331456,0.14627146173606997,1.0,0.8162416589242263,0.9998676111299506,-0.05766361423223464,-0.1316082108454076,1.0,1.0,-0.1862219772039931,0.010944198656912643,-0.20305917979626326
Q_Amp_aVF_iqr,0.4305194982683797,0.432469113074178,0.15622811384540475,0.16534876034092458,0.05311577624004054,0.25838744051782053,0.12205598888745056,0.296989388895238,0.12205598888745056,0.14669335175518156,0.012421157768210463,-0.02135372076437317,0.11492387319023462,0.12200380699642198,0.13098782256066116,0.08142431658914896,0.019965691758986596,0.11492387319023462,0.12205598888745056,-0.016019171343189312,0.12200380699642198,0.03606534426721415,-0.07990516109542006,0.02168141758095709,0.12205598888745056,0.36628125972565617,0.6367125824352075,0.12119536618379824,-0.0037771839511329974,0.12200380699642198,-0.015504574252320538,0.26781098438777406,0.12205598888745056,0.06710339296805724,0.12200380699642198,-0.03414552889515336,0.12205598888745056,0.12205598888745056,0.44932902691796806,0.12200380699642198,0.06134587444344434,0.11492387319023462,0.12205598888745056,-0.030249248109452613,-0.021377569016589732,0.12205598888745056,0.4888225364852906,0.4259629375071123,0.12200380699642198,0.4528507625704179,0.0205008917769065,0.4387562479871628,0.5543946688778048,0.11492387319023462,-0.01486188747870948,0.12205598888745056,0.06801446940647475,0.39445449902406515,0.12205598888745056,0.3651145209572574,0.0004547448893388823,0.08350537776977121,0.12075178856761166,0.12205598888745056,0.051308254628780935,0.11492387319023462,0.30477223074351867,0.12200380699642198,0.14293701571197057,0.03255216771727409,0.3634045396939806,-0.029519449015906463,-0.04606308562742841,0.14135697228331912,0.03869352524205641,0.6844189514134511,0.009739188477671978,0.0017911361846265792,0.4120248501264701,0.12205598888745056,0.4479681442100926,0.5495089219968601,0.11492387319023462,-0.022652667228857563,0.07124675973379006,0.3553124019003806,0.11492387319023462,0.5461876702829276,0.41154251008608067,0.02938042840437533,0.11492387319023462,0.48816329939918524,0.001341084183030329,0.5667545547906072,0.4151933296420642,0.3686012164778853,0.12205598888745056,0.12205598888745056,0.6339138670838123,-0.05935293657352597,0.12205598888745056,-0.05341707706611872,0.01928758694262695,-0.010433593695424822,0.11492387319023462,0.0525981840118455,0.12205598888745056,0.12205598888745056,-0.04284833633940731,0.02952800206180896,0.12205598888745056,0.6848381693061878,0.12205598888745056,0.003416785839591959,0.12205598888745056,-0.10300013387493402,0.005874815641937912,0.011906802035897857,0.2462048641152042,0.4280638659200153,-0.11628827981207973,0.12205598888745056,-0.024524248790606024,0.12205598888745056,0.12205598888745056,0.025389702675766214,-0.054602657400688454,0.12205598888745056,0.12205598888745056,1.0,-0.02004126973221005,0.1652674720017638,0.6481619138186865,0.28289930136755836,0.10737878169024971,0.540046673381708,0.11492387319023462,0.12200380699642198,0.12205598888745056,0.11492387319023462,0.11897255464125789,0.41281696639648857,-0.04974205400747227,0.05853509412998254,0.42610990671687216,0.12205598888745056,0.04544509573418321,0.4416510656464803,-0.008572405695984739,0.12205598888745056,0.11492387319023462,0.12200380699642198,0.06489118457500469,0.042680138749662005,0.12205598888745056,0.12205598888745056,0.0604892153246419,0.06823696357947197,0.030859280444907277
ST_Elev_aVR,0.009085778209307258,-0.004341044586432736,0.20723992265454674,0.15422027025495716,-0.3864411441462398,0.02539080004407718,0.25359018325397326,0.08399519336499338,0.25359018325397326,0.26381476337124715,-0.2304937142391672,0.16709822489955029,0.25359018325397326,0.25359018325397326,0.06940015018928035,0.28556565134978956,-0.13970918448053873,0.25359018325397326,0.25359018325397326,-0.07929386226827716,0.25359018325397326,-0.4079880994313682,-0.132453784095589,-0.6550961794330133,0.25359018325397326,-0.017239080924776627,-0.025598635861863818,0.04905155389814571,-0.06037888031763564,0.25359018325397326,0.5084360599576045,0.07317223326555394,0.25359018325397326,0.20113505729819386,0.25359018325397326,-0.2747898737290081,0.25359018325397326,0.25359018325397326,0.0002856360546388321,0.25359018325397326,-0.03871365143165802,0.25359018325397326,0.25359018325397326,-0.03838796574175589,-0.1274591681413176,0.25359018325397326,-0.007471663778864702,0.01293823613161779,0.25359018325397326,0.0011732763862243754,0.24616079597833299,-0.013794974952074239,-0.02195250501632488,0.25359018325397326,-0.6807794756882569,0.25359018325397326,0.03758137113399161,0.012946622509987791,0.25359018325397326,0.0566228236857334,-0.08688042742901904,0.10145423457269179,0.2506204650805429,0.25359018325397326,0.18594064403037758,0.25359018325397326,0.05063937430763384,0.25359018325397326,0.2435909214256997,0.03467696185243041,0.015477062802443507,-0.15193980763099593,-0.01750266819787656,0.2684080928661956,-0.7064673446394663,-0.040287662188213044,0.1430485711879285,-0.42318555075547276,0.008587655907453766,0.25359018325397326,-0.00912765537935886,0.028774912742156388,0.25359018325397326,-0.2604441231200843,-0.2305918821016484,0.04759873505509654,0.25359018325397326,-0.008520816803976806,0.01703369246709285,-0.2812759445793973,0.25359018325397326,0.03519757878570643,-0.03839897756245601,-0.0033303272942107804,0.014778179014592243,0.023178289559990253,0.25359018325397326,0.25359018325397326,-0.028252114590110823,0.20231592020979755,0.25359018325397326,-0.1633697371362069,0.15733904679819732,-0.00875645483006172,0.25359018325397326,0.16199301200920438,0.25359018325397326,0.25359018325397326,0.03280936258012953,-0.6908193516703025,0.25359018325397326,-0.014691301915231757,0.25359018325397326,-0.456124221895999,0.25359018325397326,-0.0817027055380573,0.07759316391274056,-0.11292905062047803,0.03351320558222377,0.04356843164360252,-0.26579015746622014,0.25359018325397326,0.04466093416541975,0.25359018325397326,0.25359018325397326,0.05860395431995635,-0.07124266176602599,0.25359018325397326,0.25359018325397326,-0.02004126973221005,1.0,0.1348003376670713,-0.001937599335639148,0.08680341587201673,0.2186148063491688,-0.003989349041683218,0.25359018325397326,0.25359018325397326,0.25359018325397326,0.25359018325397326,-0.039098378844394835,-0.0004147180217825668,-0.3483360780523742,0.11769789473941046,-0.000594307104794149,0.25359018325397326,0.19078353966622516,-0.010468101756315355,0.2840739319543725,0.25359018325397326,0.25359018325397326,0.25359018325397326,0.020119161548780524,-0.4437187288114907,0.25359018325397326,0.25359018325397326,-0.41174254899745694,0.1206124976634754,-0.08922881107414131
ST_Elev_V2_iqr,0.19334918785812238,0.19509055217775823,0.6298885854144292,0.23963912181745545,-0.13207927277071993,0.11239454686109167,0.17646686270576492,0.15840309882084835,0.17646686270576492,0.460475312155791,0.24393195915980745,-0.0077466678139278995,0.17646686270576492,0.17646686270576492,0.058680667301963634,0.27824656135416964,-0.41046819996025496,0.17646686270576492,0.17646686270576492,-0.09978727448652133,0.17646686270576492,-0.15662624678919015,-0.03196217645000244,-0.1627195668535567,0.17646686270576492,0.21462221166258272,0.19377672722497463,0.17528184091716423,0.14090269033873207,0.17646686270576492,0.19519816532918596,0.09997694464367067,0.17646686270576492,0.1810147789438109,0.17646686270576492,-0.09430606379940254,0.17646686270576492,0.17646686270576492,0.19332120408335626,0.17646686270576492,0.0179296166621523,0.17646686270576492,0.17646686270576492,-0.043440203970526024,-0.004190827300787386,0.17646686270576492,0.1673475334226171,0.30028176874541407,0.17646686270576492,0.18742271002757052,0.25428932070031923,0.2193066394130635,0.1947920381310144,0.17646686270576492,-0.13599165134356628,0.17646686270576492,-0.0021692524329345185,0.18991386394209772,0.17646686270576492,0.10949938693520887,0.08839404616421292,0.11505268403146773,0.17349751479545847,0.17646686270576492,0.12583591842105846,0.17646686270576492,0.11751537161218942,0.17646686270576492,0.3372574260827405,0.041123051016278694,0.23771434695135055,-0.200320250525194,-0.12320250351301619,0.2661605948498288,-0.12643145856486565,0.19159890843792318,0.11884872973649076,-0.1303059371817436,0.18724399461352179,0.17646686270576492,0.2152808712767927,0.1697168968221943,0.17646686270576492,-0.22728891479978972,-0.09646566682038112,0.1969553938433363,0.17646686270576492,0.16919644611419332,0.20597548076133548,-0.28859872130550834,0.17646686270576492,0.16028380425343072,-0.5010599391306365,0.20136274914628402,0.1913094889741025,0.18463027960283834,0.17646686270576492,0.17646686270576492,0.18050706885841145,-0.2723380008335209,0.17646686270576492,-0.15678095710861864,-0.0807054788557401,0.13415981833784604,0.17646686270576492,-0.008526529795930063,0.17646686270576492,0.17646686270576492,-0.12323493607381243,-0.1186323705530011,0.17646686270576492,0.18685070675583165,0.17646686270576492,-0.2384871544925599,0.17646686270576492,-0.07310958018676687,0.09680932212199238,0.21757227555541162,0.16647474284694852,0.1317116160030103,-0.1848442889987467,0.17646686270576492,0.020616573494268226,0.17646686270576492,0.17646686270576492,-0.08545646055810538,-0.1448222713264479,0.17646686270576492,0.17646686270576492,0.1652674720017638,0.1348003376670713,1.0,0.14889397167617632,0.1408834577275416,0.27779842094087104,0.21370820889896897,0.17646686270576492,0.17646686270576492,0.17646686270576492,0.17646686270576492,0.2858866102558126,0.21109253584940155,-0.1028135302568339,0.2111051992748185,0.1791214694028348,0.17646686270576492,0.20941735809377757,0.20911597334381363,-0.2783821352924176,0.17646686270576492,0.17646686270576492,0.17646686270576492,0.024248876748152022,-0.09417602460504314,0.17646686270576492,0.17646686270576492,-0.07543918775019827,0.12625922062510955,0.08530879884899685
Q_Amp_III_iqr,0.449715867279848,0.4229850396150381,0.14215539725689097,0.1353823212620275,0.0492804277680591,0.26444490780571817,0.12575801217621446,0.2845070433559265,0.12575801217621446,0.1379658024521191,-0.022280894030679604,-0.016998027625447214,0.11629940685022952,0.12572992577287453,0.010374818581879601,0.05576469553011245,0.03539792526221176,0.11629940685022952,0.12575801217621446,-0.013234457830309805,0.12572992577287453,0.03735145828425822,0.02646929417964888,0.004831058024303367,0.12575801217621446,0.36421457885757674,0.5455225268034328,0.13175567119565715,-0.05172661969279618,0.12572992577287453,-0.008562562550527347,0.2592412810724052,0.12575801217621446,0.03177902138185463,0.12572992577287453,-0.03707348393093724,0.12575801217621446,0.12575801217621446,0.4316684491123249,0.12572992577287453,0.02431272359958718,0.11629940685022952,0.12575801217621446,-0.00981382243573446,-0.02059141000507963,0.12575801217621446,0.4370887398853793,0.4047542047509625,0.12572992577287453,0.43271706001518895,0.018135308271510574,0.4233874194868161,0.5878404736994078,0.11629940685022952,-0.008245115751070934,0.12575801217621446,0.07258367628942025,0.3819649408272203,0.12575801217621446,0.390587295106623,0.008178768693985105,0.013646199354519934,0.12477828728266309,0.12575801217621446,0.01418577016565623,0.11629940685022952,0.32163482328851234,0.12572992577287453,0.12286169549876093,0.03521830051675156,0.3509946014028582,-0.012781662863872743,0.05437510025737152,0.1010731266580876,0.005390900310973528,0.6340987190908928,0.055746885143646556,-0.0016391171742967249,0.3815091358476225,0.12575801217621446,0.4340806925288441,0.47975495891778563,0.11629940685022952,-0.017538900796215798,0.0635222346664826,0.33549444903222925,0.11629940685022952,0.6368496924450435,0.4198366768503128,0.03813146698523427,0.11629940685022952,0.48063114708228816,0.02124825855208578,0.5001987874293993,0.40184816578155813,0.34319755167677113,0.12575801217621446,0.12575801217621446,0.6576013112487135,-0.0410614484553914,0.12575801217621446,-0.029453495976786818,0.005485473138448998,-0.02637433668092649,0.11629940685022952,-0.017183539488806715,0.12575801217621446,0.12575801217621446,0.0016888853054496998,0.009987879658701508,0.12575801217621446,0.5439955929033232,0.12575801217621446,0.0020444670223362686,0.12575801217621446,0.0276556362874222,-0.003071742301079026,-0.026352804853356032,0.2404058882084349,0.436516257959765,-0.12139294483934795,0.12575801217621446,0.05915420561616697,0.12575801217621446,0.12575801217621446,0.08197886998591432,-0.022603889586052507,0.12575801217621446,0.12575801217621446,0.6481619138186865,-0.001937599335639148,0.14889397167617632,1.0,0.2658132394136524,0.0856382501218849,0.4864823774030835,0.11629940685022952,0.12572992577287453,0.12575801217621446,0.11629940685022952,0.1055029933499558,0.40283753543230755,-0.02844445397148905,0.0753736232726879,0.4044744302400415,0.12575801217621446,0.01730386456599674,0.42911270741684804,0.005821523593524,0.12575801217621446,0.11629940685022952,0.12572992577287453,-0.029317761130822382,0.03508455651321737,0.12575801217621446,0.12575801217621446,0.019818337132886575,0.07146443368668791,0.04456026913653997
R_Amp_V3_iqr,0.24538553118131398,0.40326118030934216,0.22951326754768672,0.08386456863365042,-0.03772811809919393,0.34258729882583383,0.1722498620754868,0.34281665156213453,0.1722498620754868,0.16486701678509796,-0.08153220756422863,0.015315528976812839,0.15286879414944599,0.172070680222411,0.03209001296384325,0.10549709415190234,0.04364841221291258,0.15286879414944599,0.1722498620754868,-0.03302675414547322,0.172070680222411,-0.05060231624957085,-0.043553252885415714,-0.07380111316327459,0.1722498620754868,0.3841298830404005,0.28434095916856317,0.044407723370768974,-0.03889458311117473,0.172070680222411,0.11199299407715523,0.4189785460291687,0.1722498620754868,0.0426681017586901,0.172070680222411,-0.10696962492099082,0.1722498620754868,0.1722498620754868,0.35684139057685577,0.172070680222411,0.07001199457111096,0.15286879414944599,0.1722498620754868,-0.04370707947785264,-0.013198834670118065,0.1722498620754868,0.2882104319315271,0.3672903989636509,0.172070680222411,0.32445066040142584,0.07546102640876688,0.3527777166875543,0.27424382733416397,0.15286879414944599,-0.11048223489463775,0.1722498620754868,0.07786169490550104,0.5517802920158072,0.1722498620754868,0.24054798837357097,-0.034967218936788946,0.04223977203236421,0.17057046397093698,0.1722498620754868,0.046564590305530146,0.15286879414944599,0.24446974158386625,0.172070680222411,0.16879347320941476,0.014583487020227038,0.37516491180707895,-0.06159352839440428,0.00789420604637663,0.10626902291150322,-0.05747965631437419,0.2913679280070306,0.05770752348607286,-0.10466554292829391,0.3724041514201792,0.1722498620754868,0.3617161299714717,0.30524217255116964,0.15286879414944599,-0.04956863371676718,0.01773100684925425,0.33491063906733354,0.15286879414944599,0.2694279726977068,0.2444063645558938,0.002235280006320656,0.15286879414944599,0.273334373078486,0.05485169109199256,0.2738646643495154,0.3424572961230977,0.5083865367120369,0.1722498620754868,0.1722498620754868,0.28296459031430854,0.003116926497243618,0.1722498620754868,-0.05957211281617624,0.041460717747010795,-0.04724243255658537,0.15286879414944599,0.04756845247090628,0.1722498620754868,0.1722498620754868,0.06284426932036459,-0.08277037133993116,0.1722498620754868,0.28508766462902657,0.1722498620754868,-0.04311177854893697,0.1722498620754868,-0.023348065786713723,-0.05230030610287347,-0.04655861272265523,0.4103013142405525,0.2645027419467864,-0.17427335536190938,0.1722498620754868,0.019259980952001994,0.1722498620754868,0.1722498620754868,0.07572117607093505,0.03450699951005278,0.1722498620754868,0.1722498620754868,0.28289930136755836,0.08680341587201673,0.1408834577275416,0.2658132394136524,1.0,0.14095583219788985,0.2787536463107732,0.15286879414944599,0.172070680222411,0.1722498620754868,0.15286879414944599,0.0871516773349799,0.554668497558142,-0.09996672348994033,0.06334139066809065,0.35885136218257474,0.1722498620754868,0.01595594576306191,0.3317522915403346,0.10775934338388621,0.1722498620754868,0.15286879414944599,0.172070680222411,0.015445371604496442,-0.07135687135932407,0.1722498620754868,0.1722498620754868,0.004630308512272866,0.07859703454782606,0.09294192950775525
ST_Elev_V6_iqr,0.13943036912839823,0.16918203494175654,0.37802907210477693,0.33133530326483496,-0.3915166070953171,0.1366928940940803,0.16666605678758878,0.16665998310088884,0.16666605678758878,0.5010817398128352,-0.0063221730798734286,0.12345683273666974,0.16666605678758878,0.16666605678758878,0.14533940051543456,0.5210471799959877,-0.257000535835635,0.16666605678758878,0.16666605678758878,-0.12109523262939008,0.16666605678758878,-0.43843511618445835,-0.16336833903446854,-0.20165504309371393,0.16666605678758878,0.10728701972855655,0.13449336636654324,0.14990252756548164,0.1250538482625524,0.16666605678758878,0.49242398025883616,0.12348144079127077,0.16666605678758878,0.2711502080038496,0.16666605678758878,-0.20593455035818617,0.16666605678758878,0.16666605678758878,0.20819963008896125,0.16666605678758878,0.042037605281512444,0.16666605678758878,0.16666605678758878,-0.06753983832783461,-0.054679883863773975,0.16666605678758878,0.11774680700096866,0.1602125831069953,0.16666605678758878,0.30388072473888555,0.4409357011866786,0.1639508657432861,0.12077229865213215,0.16666605678758878,-0.2127201627163163,0.16666605678758878,-0.04550206704688899,0.15140877541226305,0.16666605678758878,0.10509389199433987,-0.005294686807211281,0.18913182306891763,0.1631929785527228,0.16666605678758878,0.25632195493373094,0.16666605678758878,0.09560546745580405,0.16666605678758878,0.6588324583546087,-0.019163464597408277,0.15428678018904132,-0.07605514392277998,-0.19240838483699094,0.47862790167247127,-0.18155246219928478,0.12351571890402874,0.10907725909848505,-0.37485156147342,0.19089848649997654,0.16666605678758878,0.20615873840025858,0.11321445986185871,0.16666605678758878,-0.08530629638485092,-0.2657479662871534,0.28286327455181653,0.16666605678758878,0.08961927176861396,0.15985845795122508,-0.37310426905839983,0.16666605678758878,0.09533730352778479,-0.1472678888630644,0.13965336123306157,0.16790927037411177,0.1695766207666861,0.16666605678758878,0.16666605678758878,0.11596751837911218,0.04624962333329452,0.16666605678758878,-0.20745198241193186,0.03344902660190347,0.0966018457194683,0.16666605678758878,0.12952979006679424,0.16666605678758878,0.16666605678758878,-0.18537127010869628,-0.22393068486240586,0.16666605678758878,0.13162976490230982,0.16666605678758878,-0.13742844959576492,0.16666605678758878,-0.180805144993139,0.06563427118894401,0.020068293807828153,0.10886423717435384,0.08707788931815057,-0.17636230124871488,0.16666605678758878,-0.037793009169053086,0.16666605678758878,0.16666605678758878,-0.22661406644764437,-0.13260493154789377,0.16666605678758878,0.16666605678758878,0.10737878169024971,0.2186148063491688,0.27779842094087104,0.0856382501218849,0.14095583219788985,1.0,0.16255863417646868,0.16666605678758878,0.16666605678758878,0.16666605678758878,0.16666605678758878,0.1897731372286442,0.14763184790206024,-0.17455955569084206,0.23193504786544258,0.15944291680377234,0.16666605678758878,0.23007228707824479,0.32605029692611853,0.1731589720808994,0.16666605678758878,0.16666605678758878,0.16666605678758878,0.09924010223098276,-0.4615885810970044,0.16666605678758878,0.16666605678758878,-0.10489255395614612,0.1380616386697189,-0.025494322134043772
T_Amp_aVR_iqr,0.547670690179907,0.4479179473930551,0.21969610688190935,0.18582369409309926,0.0007018009637670099,0.26497198252888354,0.11949323212356747,0.27306682562142437,0.11949323212356747,0.20918706047188074,0.024605064042025546,-0.01682561527935908,0.11871723981935647,0.11939501204245645,0.030955239053550927,0.1943710875495951,-0.02858911284700207,0.11871723981935647,0.11949323212356747,-0.03184176679996464,0.11939501204245645,0.005200771861514549,-0.00222784090196399,-0.003551988554389879,0.11949323212356747,0.3750163652418787,0.7159971679964611,0.11947586325845977,-0.006160713129200911,0.11939501204245645,0.019913221185898285,0.24654326652641192,0.11949323212356747,0.05800866911157826,0.11939501204245645,-0.028434695306035436,0.11949323212356747,0.11949323212356747,0.43200239853544364,0.11939501204245645,0.03414126690826996,0.11871723981935647,0.11949323212356747,-0.027528759448071437,0.0011947517705314537,0.11949323212356747,0.5874049586425593,0.42450463978747116,0.11939501204245645,0.4319019264856083,0.11932306984560091,0.450225704540919,0.5758328785750213,0.11871723981935647,-0.011600364401595498,0.11949323212356747,0.024023988201819044,0.3991308525385325,0.11949323212356747,0.3283622682099398,0.018765249580568293,0.033730500296380465,0.11609835465805048,0.11949323212356747,0.03744738132656128,0.11871723981935647,0.3630372921395832,0.11939501204245645,0.1970538630212367,0.05391239610972012,0.3639434317357468,-0.04228737950910908,0.002925358026124244,0.2061020033126611,0.004955658051606827,0.6252610292417037,0.0365978700676145,-0.01634220139149307,0.39613454898620715,0.11949323212356747,0.45976042015639873,0.5177560365907483,0.11871723981935647,-0.052396294038056734,0.011535623217612612,0.3362053602381935,0.11871723981935647,0.5153505059462079,0.625623130425622,-0.0221800176638619,0.11871723981935647,0.4097035256338555,-0.038826417798165105,0.6724003462613507,0.4199352861150323,0.36622711169418454,0.11949323212356747,0.11949323212356747,0.5519317261032236,-0.0736637363744446,0.11949323212356747,-0.03895929852097562,-0.009681842798033113,0.006403478376137952,0.11871723981935647,-1.4085576348442259e-06,0.11949323212356747,0.11949323212356747,-0.03166954810533835,0.007615380842347058,0.11949323212356747,0.6151345383994914,0.11949323212356747,-0.026087847789860345,0.11949323212356747,-0.005993030404211702,0.0066310206392136625,0.025588959108305307,0.23115775974863212,0.342443874961704,-0.11623984144151396,0.11949323212356747,0.010794516539855655,0.11949323212356747,0.11949323212356747,0.026417850463395873,-0.03064930036572421,0.11949323212356747,0.11949323212356747,0.540046673381708,-0.003989349041683218,0.21370820889896897,0.4864823774030835,0.2787536463107732,0.16255863417646868,1.0,0.11871723981935647,0.11939501204245645,0.11949323212356747,0.11871723981935647,0.14887491393480695,0.4247948574956908,-0.031086176902075175,0.10963674927205827,0.4411184059287912,0.11949323212356747,0.04282865688630238,0.45597072965410995,-0.03178090479870484,0.11949323212356747,0.11871723981935647,0.11939501204245645,0.009271321731604932,0.013167578226357762,0.11949323212356747,0.11949323212356747,0.024859290041707064,0.08895096503977146,0.06085879846288272
ST_Elev_aVL_count,0.12814642346507774,0.10554994947605083,0.192292052712731,0.0704557606189327,-0.08524393828272972,0.09327988233182097,0.8162416589242263,0.13608991630457998,0.8162416589242263,0.19474405859149949,-0.013852249368270805,-0.06170190246194097,1.0,0.8163531926373286,-0.027043497768961713,0.15288267260892408,0.01786349852660369,1.0,0.8162416589242263,-0.048457504779620214,0.8163531926373286,-0.08176343404840906,-0.023122865370006886,-0.24960516438267727,0.8162416589242263,0.08889829590598936,0.10952876817120823,0.04290128049362426,0.08407429946472755,0.8163531926373286,0.2288153921112465,0.1210744951019413,0.8162416589242263,0.03848718069496327,0.8163531926373286,-0.10028617807636117,0.8162416589242263,0.8162416589242263,0.12260899877278765,0.8163531926373286,-0.06304440170218713,1.0,0.8162416589242263,-0.02451429462305746,-0.07836996684112897,0.8162416589242263,0.12996298332215545,0.11005196824995508,0.8163531926373286,0.11028413325874484,0.11653202802305034,0.12008647242401325,0.10079571108620357,1.0,-0.25358245463854895,0.8162416589242263,0.07886471919830995,0.11933863062475396,0.8162416589242263,0.08733784552807461,-0.012122733238447697,-0.020612635863391713,0.8121287169954822,0.8162416589242263,0.03990426860452024,1.0,0.09201076342604572,0.8163531926373286,0.18967196074544482,0.0658283578738903,0.12007144344236996,-0.2837381488125199,-0.06375218447900936,0.10613053885538631,-0.25876511676569974,0.1136084073930602,0.044507881788299855,-0.12977808021316706,0.1216564315268615,0.8162416589242263,0.1140796359253894,0.14828316595314642,1.0,-0.2804065569668011,-0.012899589328973761,0.12991631876681964,1.0,0.12190557040500812,0.11328618624341319,-0.030234901354675086,1.0,0.11462667944622205,0.03665154491431462,0.14021767814832722,0.0969601860145233,0.1381374359602978,0.8162416589242263,0.8162416589242263,0.11242043403603665,-0.11861151595964568,0.8162416589242263,-0.004360388675636503,-0.03925666539109328,0.004363506116147152,1.0,0.008252920234789336,0.8162416589242263,0.8162416589242263,-0.08106357549644287,-0.2534397814795543,0.8162416589242263,0.12668942252896853,0.8162416589242263,-0.2443545763477994,0.8162416589242263,-0.04320522331729734,0.009414769979632037,-0.04498343097548076,0.12076043090415182,0.10471315524842559,-0.786943258879698,0.8162416589242263,0.04159993432099546,0.8162416589242263,0.8162416589242263,-0.06961467003902422,-0.08942349906544854,0.8162416589242263,0.8162416589242263,0.11492387319023462,0.25359018325397326,0.17646686270576492,0.11629940685022952,0.15286879414944599,0.16666605678758878,0.11871723981935647,1.0,0.8163531926373286,0.8162416589242263,1.0,0.09171347942233256,0.12557821475693853,-0.10990624785399787,0.07950300954617058,0.10432376520308477,0.8162416589242263,0.03720157709406879,0.09833562950118685,0.12876644141202553,0.8162416589242263,1.0,0.8163531926373286,-0.04142689078362505,-0.11192754709640036,0.8162416589242263,0.8162416589242263,-0.1862219772039931,0.025570269842546935,-0.172039276874469
Q_Amp_V6_count,0.12995257293939316,0.11464232648521333,0.192292052712731,0.0704557606189327,-0.09746632767644207,0.10555542992347802,0.9998676111299506,0.15232291908546677,0.9998676111299506,0.19474405859149949,-0.004222352985228691,-0.1011709004149248,0.8163531926373286,1.0,-0.04200117770925004,0.15288267260892408,0.012684863242225114,0.8163531926373286,0.9998676111299506,-0.053650988638020786,1.0,-0.09618773336230006,-0.012004294957706631,-0.24960516438267727,0.9998676111299506,0.10030464301615434,0.11817365677665256,0.04290128049362426,0.10081553735721455,1.0,0.2762890602566783,0.13788145781552436,0.9998676111299506,0.04390776387885272,1.0,-0.10183191218901336,0.9998676111299506,0.9998676111299506,0.13361466488107532,1.0,-0.06304440170218713,0.8163531926373286,0.9998676111299506,-0.031085221406883867,-0.08676065309769959,0.9998676111299506,0.1400408067939236,0.11140561759569731,1.0,0.12276782954419246,0.11653202802305034,0.13169457829721334,0.10021149809123296,0.8163531926373286,-0.25358245463854895,0.9998676111299506,0.0889269581114625,0.12013361978716819,0.9998676111299506,0.09319663478239738,-0.011132763340674146,-0.033277585539769,0.995192226949599,0.9998676111299506,0.04615314341494943,0.8163531926373286,0.09536201495747987,1.0,0.18967196074544482,0.07454639863890686,0.13072523989833248,-0.2837381488125199,-0.06842690697462828,0.10613053885538631,-0.25876511676569974,0.12036654521754395,0.054658471800831936,-0.14357626380090682,0.13194289943624904,0.9998676111299506,0.12553818366169545,0.16562314790436738,0.8163531926373286,-0.2804065569668011,-0.01725491297171733,0.1471435074965606,0.8163531926373286,0.1195054168684212,0.10756563562690405,-0.045067337047620566,0.8163531926373286,0.12995507016431854,0.037795712380987584,0.1456097058935201,0.10066970715967344,0.14976241733290743,0.9998676111299506,0.9998676111299506,0.11472823453191673,-0.11861151595964568,0.9998676111299506,-0.0025846752624133144,-0.056472530252374774,0.008576879964916427,0.8163531926373286,-0.004209413415419973,0.9998676111299506,0.9998676111299506,-0.10876487679626276,-0.2534397814795543,0.9998676111299506,0.1366471823451923,0.9998676111299506,-0.2443545763477994,0.9998676111299506,-0.03671483041614583,0.005777190525293817,-0.043245395202741385,0.13738256156288547,0.11715824150423394,-0.9734757973359599,0.9998676111299506,0.05344532926121231,0.9998676111299506,0.9998676111299506,-0.09134846664313583,-0.1062813027324451,0.9998676111299506,0.9998676111299506,0.12200380699642198,0.25359018325397326,0.17646686270576492,0.12572992577287453,0.172070680222411,0.16666605678758878,0.11939501204245645,0.8163531926373286,1.0,0.9998676111299506,0.8163531926373286,0.09171347942233256,0.13837385805479416,-0.10990624785399787,0.07950300954617058,0.10965519731757603,0.9998676111299506,0.03712437869653792,0.11006878488331456,0.14637324782545533,0.9998676111299506,0.8163531926373286,1.0,-0.057610194010571915,-0.1316082108454076,0.9998676111299506,0.9998676111299506,-0.1862219772039931,0.01078217797580747,-0.203151124065728
T_Amp_aVL_count,0.13001534003225348,0.11464232648521333,0.192292052712731,0.0704557606189327,-0.09738955887776468,0.10562471071978288,1.0,0.15232291908546677,1.0,0.19474405859149949,-0.004079108389680102,-0.1010795432733466,0.8162416589242263,0.9998676111299506,-0.042044025894865514,0.15288267260892408,0.012514740503856344,0.8162416589242263,1.0,-0.0536195047768743,0.9998676111299506,-0.09618773336230006,-0.01195991408952987,-0.24960516438267727,1.0,0.10043427004334168,0.11827861546595629,0.04290128049362426,0.10091886512501962,0.9998676111299506,0.27619701014574816,0.13788145781552436,1.0,0.04390776387885272,0.9998676111299506,-0.10172218032146402,1.0,1.0,0.13361466488107532,0.9998676111299506,-0.06304440170218713,0.8162416589242263,1.0,-0.031081310772127984,-0.0867220624473799,1.0,0.14007670350736617,0.11152108086813146,0.9998676111299506,0.12276782954419246,0.11653202802305034,0.1318071923898046,0.10032491700053033,0.8162416589242263,-0.25358245463854895,1.0,0.08884407449836429,0.12029666621863966,1.0,0.09316818293243911,-0.011145375161925238,-0.03330246363179656,0.9953264315900904,1.0,0.04615314341494943,0.8162416589242263,0.09520697281080748,0.9998676111299506,0.18967196074544482,0.0746269831584526,0.1307988459011755,-0.2837381488125199,-0.06850770861792824,0.10613053885538631,-0.25876511676569974,0.12040067249825367,0.054599404862743776,-0.1434550464453895,0.13194289943624904,1.0,0.12553818366169545,0.16571761536067905,0.8162416589242263,-0.2804065569668011,-0.01720161256557165,0.1471435074965606,0.8162416589242263,0.11960854425673513,0.10760311816772491,-0.045067337047620566,0.8162416589242263,0.1298133598312867,0.03776410377000593,0.14568305357028172,0.10079178640760923,0.14991578310400233,1.0,1.0,0.11477411181962201,-0.11861151595964568,1.0,-0.0025137544857759407,-0.056544557019696066,0.008709385049436838,0.8162416589242263,-0.0042493839657625,1.0,1.0,-0.10876487679626276,-0.2534397814795543,1.0,0.13673594421753205,1.0,-0.2443545763477994,1.0,-0.036732952831792384,0.005761531833560238,-0.04314647471060189,0.1375173834129979,0.11718604355219234,-0.9736027364885587,1.0,0.053373727936301185,1.0,1.0,-0.09134846664313583,-0.1062813027324451,1.0,1.0,0.12205598888745056,0.25359018325397326,0.17646686270576492,0.12575801217621446,0.1722498620754868,0.16666605678758878,0.11949323212356747,0.8162416589242263,0.9998676111299506,1.0,0.8162416589242263,0.09171347942233256,0.1385706579985287,-0.10990624785399787,0.07950300954617058,0.10977412207539503,1.0,0.03712437869653792,0.11006878488331456,0.14627146173606997,1.0,0.8162416589242263,0.9998676111299506,-0.05766361423223464,-0.1316082108454076,1.0,1.0,-0.1862219772039931,0.010944198656912643,-0.20305917979626326
ST_Elev_V6_count,0.12814642346507774,0.10554994947605083,0.192292052712731,0.0704557606189327,-0.08524393828272972,0.09327988233182097,0.8162416589242263,0.13608991630457998,0.8162416589242263,0.19474405859149949,-0.013852249368270805,-0.06170190246194097,1.0,0.8163531926373286,-0.027043497768961713,0.15288267260892408,0.01786349852660369,1.0,0.8162416589242263,-0.048457504779620214,0.8163531926373286,-0.08176343404840906,-0.023122865370006886,-0.24960516438267727,0.8162416589242263,0.08889829590598936,0.10952876817120823,0.04290128049362426,0.08407429946472755,0.8163531926373286,0.2288153921112465,0.1210744951019413,0.8162416589242263,0.03848718069496327,0.8163531926373286,-0.10028617807636117,0.8162416589242263,0.8162416589242263,0.12260899877278765,0.8163531926373286,-0.06304440170218713,1.0,0.8162416589242263,-0.02451429462305746,-0.07836996684112897,0.8162416589242263,0.12996298332215545,0.11005196824995508,0.8163531926373286,0.11028413325874484,0.11653202802305034,0.12008647242401325,0.10079571108620357,1.0,-0.25358245463854895,0.8162416589242263,0.07886471919830995,0.11933863062475396,0.8162416589242263,0.08733784552807461,-0.012122733238447697,-0.020612635863391713,0.8121287169954822,0.8162416589242263,0.03990426860452024,1.0,0.09201076342604572,0.8163531926373286,0.18967196074544482,0.0658283578738903,0.12007144344236996,-0.2837381488125199,-0.06375218447900936,0.10613053885538631,-0.25876511676569974,0.1136084073930602,0.044507881788299855,-0.12977808021316706,0.1216564315268615,0.8162416589242263,0.1140796359253894,0.14828316595314642,1.0,-0.2804065569668011,-0.012899589328973761,0.12991631876681964,1.0,0.12190557040500812,0.11328618624341319,-0.030234901354675086,1.0,0.11462667944622205,0.03665154491431462,0.14021767814832722,0.0969601860145233,0.1381374359602978,0.8162416589242263,0.8162416589242263,0.11242043403603665,-0.11861151595964568,0.8162416589242263,-0.004360388675636503,-0.03925666539109328,0.004363506116147152,1.0,0.008252920234789336,0.8162416589242263,0.8162416589242263,-0.08106357549644287,-0.2534397814795543,0.8162416589242263,0.12668942252896853,0.8162416589242263,-0.2443545763477994,0.8162416589242263,-0.04320522331729734,0.009414769979632037,-0.04498343097548076,0.12076043090415182,0.10471315524842559,-0.786943258879698,0.8162416589242263,0.04159993432099546,0.8162416589242263,0.8162416589242263,-0.06961467003902422,-0.08942349906544854,0.8162416589242263,0.8162416589242263,0.11492387319023462,0.25359018325397326,0.17646686270576492,0.11629940685022952,0.15286879414944599,0.16666605678758878,0.11871723981935647,1.0,0.8163531926373286,0.8162416589242263,1.0,0.09171347942233256,0.12557821475693853,-0.10990624785399787,0.07950300954617058,0.10432376520308477,0.8162416589242263,0.03720157709406879,0.09833562950118685,0.12876644141202553,0.8162416589242263,1.0,0.8163531926373286,-0.04142689078362505,-0.11192754709640036,0.8162416589242263,0.8162416589242263,-0.1862219772039931,0.025570269842546935,-0.172039276874469
ST_Elev_V1_iqr,0.11480044384602468,0.14357412554650492,0.24211907885767575,0.18501665321667846,-0.05335551863957948,0.18183914475959204,0.09171347942233256,0.11783833014157542,0.09171347942233256,0.19059463389423462,0.19719858045453492,-0.09292623400067798,0.09171347942233256,0.09171347942233256,0.015652647130437212,0.16857079667677402,-0.11323403211596068,0.09171347942233256,0.09171347942233256,-0.027551628127981023,0.09171347942233256,-0.007225140869258075,0.020796817725876698,0.021337861860467083,0.09171347942233256,0.1405164474466514,0.14440958222251493,0.18243157755448006,0.05585490181812667,0.09171347942233256,0.0340120423256684,0.08763349119848252,0.09171347942233256,0.03722578484322673,0.09171347942233256,0.02823330989202941,0.09171347942233256,0.09171347942233256,0.13279812493147575,0.09171347942233256,-0.0408458407841304,0.09171347942233256,0.09171347942233256,0.03769733532911447,0.0258310980418972,0.09171347942233256,0.13049244860016196,0.136761493649098,0.09171347942233256,0.11671126788859525,0.17698098857145025,0.24970233073063447,0.1344677537722686,0.09171347942233256,0.04762622549268552,0.09171347942233256,-0.06948835629835774,0.11892003015622306,0.09171347942233256,0.10469549288334905,0.01863766672641292,0.039267089240966946,0.0897793431649865,0.09171347942233256,0.01812691897410278,0.09171347942233256,0.09380164658297581,0.09171347942233256,0.1850240025331415,0.017759110763492247,0.1503406270149695,-0.08595087244100504,-0.04687541537132977,0.1647415139398754,0.017150879655858053,0.14998393043151798,0.021285905455018586,0.001953025008724781,0.13135923461485077,0.09171347942233256,0.15582112707439533,0.12482143749384342,0.09171347942233256,-0.1010848733588559,-0.0711408086356364,0.1321753446441085,0.09171347942233256,0.10389783040612804,0.128975144768952,-0.0619431364712447,0.09171347942233256,0.12480684121967417,-0.13270022134734016,0.12948739609922716,0.2332143659053433,0.14551803718573608,0.09171347942233256,0.09171347942233256,0.12969536201382595,-0.05713544848592444,0.09171347942233256,-0.04794805016124494,-0.046906999009857724,0.029464227201731353,0.09171347942233256,-0.03802587172567211,0.09171347942233256,0.09171347942233256,-0.021317677582866353,0.04062407206583051,0.09171347942233256,0.128836091079651,0.09171347942233256,-0.055089819065888,0.09171347942233256,-0.00978783131543093,0.049717532784771735,0.09854429321570368,0.07984442262389493,0.10253675251066946,-0.09927887207061772,0.09171347942233256,-0.014696447506036,0.09171347942233256,0.09171347942233256,-0.02498834467416179,-0.020416110797719777,0.09171347942233256,0.09171347942233256,0.11897255464125789,-0.039098378844394835,0.2858866102558126,0.1055029933499558,0.0871516773349799,0.1897731372286442,0.14887491393480695,0.09171347942233256,0.09171347942233256,0.09171347942233256,0.09171347942233256,1.0,0.1525724867827182,0.048419763990129656,0.18459034831430657,0.255511298521555,0.09171347942233256,0.0466356201731331,0.14360482299135272,-0.06003281190810908,0.09171347942233256,0.09171347942233256,0.09171347942233256,0.017564717602979514,-0.0035941192045366673,0.09171347942233256,0.09171347942233256,-0.015246386341448866,0.0622393151483731,0.09139899130255379
T_Amp_V3_iqr,0.3606977125758347,0.5967071865098265,0.3027439093916914,0.09756226674429903,0.03116033485050347,0.354588191591177,0.1385706579985287,0.36021298638642263,0.1385706579985287,0.18731767446017591,-0.005453759054247138,-0.023192328817880112,0.12557821475693853,0.13837385805479416,0.018879054350637723,0.06962211627097999,0.0662402600153876,0.12557821475693853,0.1385706579985287,-0.049842240405445985,0.13837385805479416,0.04375454845597232,0.008071913785268489,0.0009831184111110374,0.1385706579985287,0.5516155689516415,0.45277990007162067,0.07157461119020575,-0.0137656621013078,0.13837385805479416,0.013040223753366926,0.3644996553956539,0.1385706579985287,0.04510657825079193,0.13837385805479416,-0.02479808752062363,0.1385706579985287,0.1385706579985287,0.5032665322457464,0.13837385805479416,0.025116385141410298,0.12557821475693853,0.1385706579985287,-0.03519400531800402,-0.022997912845204808,0.1385706579985287,0.3805779865260997,0.490481588601517,0.13837385805479416,0.491259336458775,0.030767562470804203,0.491263032790536,0.42801298991456077,0.12557821475693853,-0.022354213977281122,0.1385706579985287,0.04455562890933714,0.6684395824158312,0.1385706579985287,0.2623581846760991,0.010433457239396206,0.040955286630505024,0.13723526923082127,0.1385706579985287,0.03618529469033865,0.12557821475693853,0.25860226787888296,0.13837385805479416,0.1874451092797561,0.030708311752683903,0.44671930355702555,-0.057951654581284165,0.01653838701426923,0.09167114036929788,-0.003514070556420631,0.46864425831642365,0.07392818976091242,-0.0039671971744728125,0.49062492655783485,0.1385706579985287,0.5471996195948808,0.3820910616006032,0.12557821475693853,-0.05485890167755499,0.04597057076220023,0.41054488177159204,0.12557821475693853,0.39913410905681734,0.3770644047351751,0.058780683277581035,0.12557821475693853,0.33824635261609903,0.04088504535749023,0.41434776160838244,0.4683430996700197,0.6352056328430423,0.1385706579985287,0.1385706579985287,0.45036412123617525,-0.05346147412021195,0.1385706579985287,-0.06490518796513624,-0.015205635629806587,-0.005050847785603868,0.12557821475693853,-0.011926781179843235,0.1385706579985287,0.1385706579985287,0.01816238124271163,-0.001743045078547326,0.1385706579985287,0.4254908734238355,0.1385706579985287,-0.010520670369654159,0.1385706579985287,0.009073814136883417,-0.007492806317997683,-0.009504100973008864,0.3568836714320222,0.3014514141647877,-0.13944344699738326,0.1385706579985287,0.03520248034832781,0.1385706579985287,0.1385706579985287,0.0758890543796904,-0.012656437014390424,0.1385706579985287,0.1385706579985287,0.41281696639648857,-0.0004147180217825668,0.21109253584940155,0.40283753543230755,0.554668497558142,0.14763184790206024,0.4247948574956908,0.12557821475693853,0.13837385805479416,0.1385706579985287,0.12557821475693853,0.1525724867827182,1.0,-0.02642243028595206,0.06071156324392926,0.5110266427647745,0.1385706579985287,0.0240792862575985,0.5144529484861939,0.01056595111705968,0.1385706579985287,0.12557821475693853,0.13837385805479416,-0.006238678937106029,0.03292386288830664,0.1385706579985287,0.1385706579985287,0.017244025127419214,0.05893332630998203,0.11845828358914459
ST_Elev_aVL,-0.049020044738317274,-0.03806758456494931,-0.13931195228284465,-0.05876193542522229,0.11344979066699029,-0.013542080060064614,-0.10990624785399787,-0.08877607790644311,-0.10990624785399787,-0.1797260567974727,0.16084368886127948,-0.2310379344964,-0.10990624785399787,-0.10990624785399787,-0.26854105940052075,-0.23059677662601988,0.05394004349405173,-0.10990624785399787,-0.10990624785399787,0.12392359465402729,-0.10990624785399787,0.2344079930355908,0.42207967134234775,0.30779122881896986,-0.10990624785399787,-0.00659455262184587,-0.0068250444130948445,0.03898182586478249,-0.06854929342770283,-0.10990624785399787,-0.34241047440407035,-0.06964347830849793,-0.10990624785399787,-0.26516141472872007,-0.10990624785399787,0.31523941632219465,-0.10990624785399787,-0.10990624785399787,-0.043402320947995676,-0.10990624785399787,-0.5655429663407017,-0.10990624785399787,-0.10990624785399787,0.13483732863864434,0.1122790042323141,-0.10990624785399787,-0.03256416812135024,-0.05376021651235323,-0.10990624785399787,-0.04385141935707512,-0.17778807028276097,-0.02423317354334909,-0.019652368293375112,-0.10990624785399787,0.6305964859534227,-0.10990624785399787,-0.2713517672073837,-0.04296234291091563,-0.10990624785399787,-0.0750025961078449,0.09859671572169686,-0.25765746732954387,-0.11043211361464861,-0.10990624785399787,-0.270897490109662,-0.10990624785399787,-0.07304313735020733,-0.10990624785399787,-0.18149196669084977,0.00043489819144622337,-0.024192314109911104,0.12824384026942928,0.27150315422891663,-0.172479291399373,0.08454264350891827,0.010760795786619672,-0.030804833351828646,0.3370936648269254,-0.06607276115661345,-0.10990624785399787,-0.031337812679731444,-0.03206580453572053,-0.10990624785399787,0.11910516008671967,-0.07215982276067028,-0.07925926648147362,-0.10990624785399787,-0.008876569962421641,-0.055484093483722616,0.14619052768341106,-0.10990624785399787,-0.01835961660584948,0.010705753666971973,-0.041284569758856804,-0.04638282677322695,-0.047673756604058884,-0.10990624785399787,-0.10990624785399787,-0.009088146251289347,-0.1751955849704982,-0.10990624785399787,0.2003913679777238,-0.2423222937001007,-0.006826032886956028,-0.10990624785399787,-0.4033499633910765,-0.10990624785399787,-0.10990624785399787,0.11986617720500106,0.3254194567676392,-0.10990624785399787,-0.0379755056866111,-0.10990624785399787,0.18334809519185385,-0.10990624785399787,0.3801210215293819,-0.013574243303743473,0.02962959302011782,-0.03769059934614823,-0.0456642188310099,0.1124797456970959,-0.10990624785399787,0.1358209914069257,-0.10990624785399787,-0.10990624785399787,0.10899796251406706,0.16447160736667057,-0.10990624785399787,-0.10990624785399787,-0.04974205400747227,-0.3483360780523742,-0.1028135302568339,-0.02844445397148905,-0.09996672348994033,-0.17455955569084206,-0.031086176902075175,-0.10990624785399787,-0.10990624785399787,-0.10990624785399787,-0.10990624785399787,0.048419763990129656,-0.02642243028595206,1.0,0.00019213511954045736,-0.03200427184146954,-0.10990624785399787,-0.22249273686365176,-0.02368906715918569,-0.24810470482461625,-0.10990624785399787,-0.10990624785399787,-0.10990624785399787,-0.21913039633855458,0.2586518055460717,-0.10990624785399787,-0.10990624785399787,-0.23168632668060476,-0.13505661477072078,0.095465764282856
ST_Elev_aVL_iqr,0.08901204608389164,0.05347329506479768,0.20164380302323717,0.22464691301059286,-0.1475253810329152,0.07937347401135951,0.07950300954617058,0.04003693915638377,0.07950300954617058,0.22593604823044014,0.01636367648333239,-0.02236400431825543,0.07950300954617058,0.07950300954617058,-0.03708328518775268,0.3254312838427798,-0.11368389416972674,0.07950300954617058,0.07950300954617058,-0.04809713222754982,0.07950300954617058,-0.15441948394272467,0.10854583761143188,-0.09052493031105642,0.07950300954617058,0.05314157104030253,0.08914795992309707,0.38523054679149366,0.07597112182625483,0.07950300954617058,0.21924649141919877,0.04757230124750348,0.07950300954617058,0.05032892364136163,0.07950300954617058,-0.27075930976018836,0.07950300954617058,0.07950300954617058,0.03570520408427575,0.07950300954617058,-0.008165409076628797,0.07950300954617058,0.07950300954617058,-0.008505687925039791,-0.01866225669579992,0.07950300954617058,0.0827992351518128,0.045020598050989444,0.07950300954617058,0.03403496277982748,0.5243903992137205,0.0682568266073731,0.13811796038117827,0.07950300954617058,-0.0644318638317257,0.07950300954617058,0.10723031331569936,0.056943320713635726,0.07950300954617058,0.07305522642625739,0.04998642827700966,0.02394758521150518,0.07696709785594803,0.07950300954617058,0.05585518348963341,0.07950300954617058,0.05319785568076274,0.07950300954617058,0.23762865419726573,0.008515122422670227,0.06880188250483193,-0.0019604340468916425,0.014603423916873878,0.23359936056866296,-0.12272399187286372,0.09812158221310596,0.16054993102498114,-0.25504687156705763,0.058699137285014545,0.07950300954617058,0.05276135636749093,0.0970153667728482,0.07950300954617058,-0.025468884552435237,-0.05340465221427934,0.03934439983622639,0.07950300954617058,0.09767698743843997,0.11545726015678633,-0.14441675182769162,0.07950300954617058,0.08266350785241179,-0.1148592152226714,0.0993210849039081,0.05930410886091939,0.07169037889904172,0.07950300954617058,0.07950300954617058,0.09945648074625778,0.04274876167410544,0.07950300954617058,-0.10707192448191535,-0.14364463088958251,0.039098265841436504,0.07950300954617058,-0.14852976442681165,0.07950300954617058,0.07950300954617058,0.014278334057991435,-0.09903904164168036,0.07950300954617058,0.07211629624761118,0.07950300954617058,-0.06678569523835443,0.07950300954617058,0.07259845395202567,0.03509680266093178,0.003955431807084964,0.05446381126007065,0.07781330604011533,-0.0855161029109468,0.07950300954617058,0.12332397757959529,0.07950300954617058,0.07950300954617058,-0.010730730888587383,0.010944690953828988,0.07950300954617058,0.07950300954617058,0.05853509412998254,0.11769789473941046,0.2111051992748185,0.0753736232726879,0.06334139066809065,0.23193504786544258,0.10963674927205827,0.07950300954617058,0.07950300954617058,0.07950300954617058,0.07950300954617058,0.18459034831430657,0.06071156324392926,0.00019213511954045736,1.0,0.06816098349604673,0.07950300954617058,0.04905372928518629,0.0541255319678922,0.061843003073016205,0.07950300954617058,0.07950300954617058,0.07950300954617058,-0.06252612015447646,-0.15466626921894366,0.07950300954617058,0.07950300954617058,-0.0780587219325862,0.08415784281576495,0.07272749130005421
T_Amp_V1_iqr,0.3707764735989624,0.4934698601906387,0.1819239895557193,0.10357428883521091,0.029246547876158494,0.5355099867990951,0.10977412207539503,0.31526179504098856,0.10977412207539503,0.16865728332782265,-0.027458613403136677,-0.019924184340903643,0.10432376520308477,0.10965519731757603,0.01599560358275812,0.07931377084876415,0.04796196025309484,0.10432376520308477,0.10977412207539503,-0.029532333854304864,0.10965519731757603,0.028812308784712866,0.006668142094319393,0.013915400691739695,0.10977412207539503,0.514353573887531,0.4661782855243242,0.0759987373128164,-0.02223598201453932,0.10965519731757603,0.0024739421601033223,0.2959631996063212,0.10977412207539503,0.043613739958806026,0.10965519731757603,-0.0403416299480642,0.10977412207539503,0.10977412207539503,0.47805592075743014,0.10965519731757603,0.03716065426166016,0.10432376520308477,0.10977412207539503,-0.02707794656595099,-0.003555799480591612,0.10977412207539503,0.38675949114167135,0.5007868331594483,0.10965519731757603,0.47505572945123353,0.05293307597284313,0.7332982769008322,0.44425221201881426,0.10432376520308477,-0.014363221693023493,0.10977412207539503,0.05113201881080644,0.46336475007730993,0.10977412207539503,0.2590769483884276,-0.009908209709669115,0.02890121527491401,0.10766489270070191,0.10977412207539503,0.03538275730115745,0.10432376520308477,0.2545537723812475,0.10965519731757603,0.18200283231972625,0.007354992577051921,0.46267448277268025,-0.033352511706622026,0.019816741102705992,0.09383643002181286,0.0024226255253833435,0.485459060484691,0.049199496872378845,-0.01449926684706134,0.43979834678287355,0.10977412207539503,0.5027309034546857,0.3837285471564407,0.10432376520308477,-0.023299150155210464,0.04696173239644287,0.38039598139689623,0.10432376520308477,0.41201415125566376,0.3899387862484877,0.03346030088184334,0.10432376520308477,0.3225068089947467,0.053662841870053574,0.43527095396494453,0.7082647259143051,0.43196720043208287,0.10977412207539503,0.10977412207539503,0.463842472833762,-0.04089497097150756,0.10977412207539503,-0.042874847972999175,-0.001849909308118643,-0.02142596978917797,0.10432376520308477,-0.008254559365433128,0.10977412207539503,0.10977412207539503,2.2499401401905244e-05,0.01597212461719013,0.10977412207539503,0.4415990420955621,0.10977412207539503,0.002299433441396518,0.10977412207539503,0.009500349973823792,-0.008791179171576527,-0.00895043869060737,0.32918974077505425,0.290244495696304,-0.11085924704707525,0.10977412207539503,0.029481252471427414,0.10977412207539503,0.10977412207539503,0.055956530278647706,-0.010678603343569557,0.10977412207539503,0.10977412207539503,0.42610990671687216,-0.000594307104794149,0.1791214694028348,0.4044744302400415,0.35885136218257474,0.15944291680377234,0.4411184059287912,0.10432376520308477,0.10965519731757603,0.10977412207539503,0.10432376520308477,0.255511298521555,0.5110266427647745,-0.03200427184146954,0.06816098349604673,1.0,0.10977412207539503,0.01762003200945165,0.49877357710355946,0.06983638678526374,0.10977412207539503,0.10432376520308477,0.10965519731757603,-0.0027057279642058066,0.02015017223514499,0.10977412207539503,0.10977412207539503,0.03185766389901788,0.050554119655293,0.0843670831401134
Q_Amp_II_count,0.13001534003225348,0.11464232648521333,0.192292052712731,0.0704557606189327,-0.09738955887776468,0.10562471071978288,1.0,0.15232291908546677,1.0,0.19474405859149949,-0.004079108389680102,-0.1010795432733466,0.8162416589242263,0.9998676111299506,-0.042044025894865514,0.15288267260892408,0.012514740503856344,0.8162416589242263,1.0,-0.0536195047768743,0.9998676111299506,-0.09618773336230006,-0.01195991408952987,-0.24960516438267727,1.0,0.10043427004334168,0.11827861546595629,0.04290128049362426,0.10091886512501962,0.9998676111299506,0.27619701014574816,0.13788145781552436,1.0,0.04390776387885272,0.9998676111299506,-0.10172218032146402,1.0,1.0,0.13361466488107532,0.9998676111299506,-0.06304440170218713,0.8162416589242263,1.0,-0.031081310772127984,-0.0867220624473799,1.0,0.14007670350736617,0.11152108086813146,0.9998676111299506,0.12276782954419246,0.11653202802305034,0.1318071923898046,0.10032491700053033,0.8162416589242263,-0.25358245463854895,1.0,0.08884407449836429,0.12029666621863966,1.0,0.09316818293243911,-0.011145375161925238,-0.03330246363179656,0.9953264315900904,1.0,0.04615314341494943,0.8162416589242263,0.09520697281080748,0.9998676111299506,0.18967196074544482,0.0746269831584526,0.1307988459011755,-0.2837381488125199,-0.06850770861792824,0.10613053885538631,-0.25876511676569974,0.12040067249825367,0.054599404862743776,-0.1434550464453895,0.13194289943624904,1.0,0.12553818366169545,0.16571761536067905,0.8162416589242263,-0.2804065569668011,-0.01720161256557165,0.1471435074965606,0.8162416589242263,0.11960854425673513,0.10760311816772491,-0.045067337047620566,0.8162416589242263,0.1298133598312867,0.03776410377000593,0.14568305357028172,0.10079178640760923,0.14991578310400233,1.0,1.0,0.11477411181962201,-0.11861151595964568,1.0,-0.0025137544857759407,-0.056544557019696066,0.008709385049436838,0.8162416589242263,-0.0042493839657625,1.0,1.0,-0.10876487679626276,-0.2534397814795543,1.0,0.13673594421753205,1.0,-0.2443545763477994,1.0,-0.036732952831792384,0.005761531833560238,-0.04314647471060189,0.1375173834129979,0.11718604355219234,-0.9736027364885587,1.0,0.053373727936301185,1.0,1.0,-0.09134846664313583,-0.1062813027324451,1.0,1.0,0.12205598888745056,0.25359018325397326,0.17646686270576492,0.12575801217621446,0.1722498620754868,0.16666605678758878,0.11949323212356747,0.8162416589242263,0.9998676111299506,1.0,0.8162416589242263,0.09171347942233256,0.1385706579985287,-0.10990624785399787,0.07950300954617058,0.10977412207539503,1.0,0.03712437869653792,0.11006878488331456,0.14627146173606997,1.0,0.8162416589242263,0.9998676111299506,-0.05766361423223464,-0.1316082108454076,1.0,1.0,-0.1862219772039931,0.010944198656912643,-0.20305917979626326
Q_Amp_V4,0.05854885453992233,0.028554879224595826,0.24705895231740374,0.17303027615984043,-0.27198484258278277,-0.017971331319495566,0.03712437869653792,0.031027013698932186,0.03712437869653792,0.27933928341684866,0.05956671025679035,0.2893962599667101,0.03720157709406879,0.03712437869653792,0.3366508660286463,0.2544849290984471,-0.2547540298448684,0.03720157709406879,0.03712437869653792,-0.2705658396872088,0.03712437869653792,-0.3248989868931438,-0.2902201858500757,-0.13804156552700572,0.03712437869653792,-0.024820689570268124,0.029302734349001703,0.02222792952671746,0.343306395060512,0.03712437869653792,0.32627919024464297,-0.11739731258336514,0.03712437869653792,0.6903621274837264,0.03712437869653792,-0.2187896504408549,0.03712437869653792,0.03712437869653792,0.08347941270206871,0.03712437869653792,0.13778043838092388,0.03720157709406879,0.03712437869653792,-0.03954563224303583,-0.4509165779358976,0.03712437869653792,0.00244585726500172,0.05785927767159083,0.03712437869653792,0.06067104987410678,0.19453954403559506,0.034960795004276624,0.024562837222346513,0.03720157709406879,-0.21881146441446736,0.03712437869653792,0.012730556474194075,-0.014221575409808644,0.03712437869653792,-0.0030265466331814103,0.11597205461002509,0.4734130927782298,0.036547266398487446,0.03712437869653792,0.5612148576829206,0.03720157709406879,-0.014856604556146694,0.03712437869653792,0.25740771279666647,-0.024503135187629338,0.011926473617139255,0.018462390643932312,-0.42751816834870726,0.25005080888108755,-0.101797876367994,0.006450585004705444,0.2769311953813869,-0.31163878872929524,0.21659572471250568,0.03712437869653792,0.05195588662765891,0.001171055963114788,0.03720157709406879,0.03740158223414281,-0.1534771250773842,0.06267905292290109,0.03720157709406879,0.024011402496042677,0.05480271850280028,-0.28729164344290015,0.03720157709406879,-0.01330702585650338,-0.20751336981969296,0.05230628420119263,0.05935273044678044,0.0848694443635123,0.03712437869653792,0.03712437869653792,0.013600616212849925,0.02895406419234204,0.03712437869653792,-0.4901550085832313,-0.044190983893003424,0.3496619812837675,0.03720157709406879,0.1771213219716744,0.03712437869653792,0.03712437869653792,-0.43457587547851506,-0.17458860453925518,0.03712437869653792,0.05557206182666462,0.03712437869653792,-0.019502334908339556,0.03712437869653792,-0.3661841516231172,0.3877110725255357,-0.15334328826017513,0.056976045349053234,-0.010577019960826859,-0.04282918223544202,0.03712437869653792,-0.011943023675659829,0.03712437869653792,0.03712437869653792,-0.30569748180747297,-0.704936967119648,0.03712437869653792,0.03712437869653792,0.04544509573418321,0.19078353966622516,0.20941735809377757,0.01730386456599674,0.01595594576306191,0.23007228707824479,0.04282865688630238,0.03720157709406879,0.03712437869653792,0.03712437869653792,0.03720157709406879,0.0466356201731331,0.0240792862575985,-0.22249273686365176,0.04905372928518629,0.01762003200945165,0.03712437869653792,1.0,0.052051489191384005,0.05076675280843947,0.03712437869653792,0.03720157709406879,0.03712437869653792,0.18088221656483316,-0.31016624171476814,0.03712437869653792,0.03712437869653792,-0.002039498121109715,0.11737333577530523,-0.015054776603308109
T_Amp_V6_iqr,0.3962386794359882,0.5751984666661362,0.21454106334237671,0.09305296412215194,0.03075062499330485,0.3112765938432224,0.11006878488331456,0.4022428281627817,0.11006878488331456,0.20963374364237206,0.022570519039533103,-0.0387847802801996,0.09833562950118685,0.11006878488331456,0.04406799353718069,0.05647214187537929,-0.013143957687249146,0.09833562950118685,0.11006878488331456,-0.049246441682507996,0.11006878488331456,0.025039562442683096,-0.017029810693131815,0.013175420955434102,0.11006878488331456,0.43673053325632843,0.48971577112890413,0.0654984073846635,-0.004981817429754971,0.11006878488331456,0.001412773011183709,0.32014228034360365,0.11006878488331456,0.07828056543739248,0.11006878488331456,-0.032774394337009655,0.11006878488331456,0.11006878488331456,0.6317670450877454,0.11006878488331456,0.03262775483283098,0.09833562950118685,0.11006878488331456,-0.05308732497525119,0.010814940039970371,0.11006878488331456,0.3720919760421315,0.49118004448440306,0.11006878488331456,0.8307330432670653,0.03139000751665899,0.507218380990365,0.46336875014535467,0.09833562950118685,-0.012716279824276887,0.11006878488331456,0.0503769797537575,0.48478632434482627,0.11006878488331456,0.2537253993084222,0.01474256586137697,0.05547109568210483,0.10836185386615817,0.11006878488331456,0.042615911303730186,0.09833562950118685,0.2423098910339528,0.11006878488331456,0.24237168059955488,0.040127556898652,0.4200717701898235,-0.03428549459182764,-0.0037595110104286064,0.07857437963274262,0.007739743410202244,0.5139424747199484,0.056063639296928154,-0.00938569046444167,0.5205113110877003,0.11006878488331456,0.6791104258300358,0.37016912639784805,0.09833562950118685,-0.0360359101833017,0.047432060540049455,0.6820499351307505,0.09833562950118685,0.4265279072249046,0.39863815528934454,-0.0010001960436163964,0.09833562950118685,0.3162907021347937,-0.03889474522670175,0.44653935123373134,0.4677805475254,0.43727991374238295,0.11006878488331456,0.11006878488331456,0.49664473148573046,-0.04633659647373035,0.11006878488331456,-0.06988068292884955,-0.00572751656421259,-0.004671789101723249,0.09833562950118685,0.00936283644193896,0.11006878488331456,0.11006878488331456,-0.028513930729833537,0.028688929068421673,0.11006878488331456,0.4546936155788333,0.11006878488331456,-0.015116629290086564,0.11006878488331456,-0.017737652661982458,-0.01025285046686399,0.0456192875647734,0.2722348934162864,0.28673136563453333,-0.10937505048525414,0.11006878488331456,0.01296907125781771,0.11006878488331456,0.11006878488331456,0.04574315944176051,-0.035042712438981063,0.11006878488331456,0.11006878488331456,0.4416510656464803,-0.010468101756315355,0.20911597334381363,0.42911270741684804,0.3317522915403346,0.32605029692611853,0.45597072965410995,0.09833562950118685,0.11006878488331456,0.11006878488331456,0.09833562950118685,0.14360482299135272,0.5144529484861939,-0.02368906715918569,0.0541255319678922,0.49877357710355946,0.11006878488331456,0.052051489191384005,1.0,-0.0296151761994389,0.11006878488331456,0.09833562950118685,0.11006878488331456,0.023720553353292158,0.01926905077894658,0.11006878488331456,0.11006878488331456,0.02624717238631414,0.05516129513053177,0.03331994331455221
T_Amp_V1,-0.007463509941008652,0.001422537027918,-0.13004418930001432,0.021681771060070344,-0.24130624294537473,0.10539268014370752,0.14627146173606997,0.03385729984396425,0.14627146173606997,0.024815713887593325,-0.45932878680838596,0.18413034008384657,0.12876644141202553,0.14637324782545533,0.05858743929878836,0.22178478761311715,0.2692427588583554,0.12876644141202553,0.14627146173606997,0.0018200637260497767,0.14637324782545533,-0.266314097812724,-0.15478042033916461,-0.2187434069322194,0.14627146173606997,0.046931412606460096,-0.03432493625367676,-0.03332559083014186,-0.04752158838036445,0.14637324782545533,0.43115838442524296,0.07893224257905997,0.14627146173606997,0.11100877398028614,0.14637324782545533,-0.3227758320323049,0.14627146173606997,0.14627146173606997,-0.02104399729248036,0.14637324782545533,0.11788379022880045,0.12876644141202553,0.14627146173606997,-0.021527407585219364,-0.14779232012450744,0.14627146173606997,-0.006493738899628804,-0.002961690083149143,0.14637324782545533,-0.013485159186805018,0.17907880430932,-0.008216102427288258,-0.025231260274487844,0.12876644141202553,-0.3039866292422338,0.14627146173606997,0.16503837165273788,0.021265574390081844,0.14627146173606997,0.028130772117841586,-0.09569523396461314,0.0721330507460115,0.14614449327342002,0.14627146173606997,0.16269958885636174,0.12876644141202553,0.025402521298546157,0.14637324782545533,0.13222082432860913,-0.053076216843359135,0.03311774893764653,0.06476329000181429,-0.03318867215274194,0.1507945129377071,-0.19567377400682606,-0.04161130314002566,0.08617011692669306,-0.3920003011733624,0.0028596820155890796,0.14627146173606997,-0.02558969820844088,0.008444733681707367,0.12876644141202553,0.07125790508209454,-0.05170616909090708,-0.013053303964522237,0.12876644141202553,-0.014858517191615257,-0.00774292226829709,0.0009919799423647201,0.12876644141202553,-0.007035432761119957,0.4780890119837607,-0.020460827891172113,0.04430467242507121,0.03758539212182665,0.14627146173606997,0.14627146173606997,-0.033814396851450976,0.3915288486500936,0.14627146173606997,-0.098070165694137,0.15607779633062044,-0.0723688311218014,0.12876644141202553,0.18125735816500035,0.14627146173606997,0.14627146173606997,0.03819065633353543,-0.29225523656716823,0.14627146173606997,-0.015054300227693648,0.14627146173606997,-0.011316637432226322,0.14627146173606997,-0.10456631765986321,-0.011951363302580122,-0.312110207729165,0.06397540618790995,0.00946537535663439,-0.1442829519469281,0.14627146173606997,0.014700896184671693,0.14627146173606997,0.14627146173606997,0.005934978522558592,0.005349400877522355,0.14627146173606997,0.14627146173606997,-0.008572405695984739,0.2840739319543725,-0.2783821352924176,0.005821523593524,0.10775934338388621,0.1731589720808994,-0.03178090479870484,0.12876644141202553,0.14637324782545533,0.14627146173606997,0.12876644141202553,-0.06003281190810908,0.01056595111705968,-0.24810470482461625,0.061843003073016205,0.06983638678526374,0.14627146173606997,0.05076675280843947,-0.0296151761994389,1.0,0.14627146173606997,0.12876644141202553,0.14637324782545533,0.02490117646401261,-0.3739717542939728,0.14627146173606997,0.14627146173606997,-0.05116134486667328,0.09295885277589651,-0.0979951706337307
R_Amp_II_count,0.13001534003225348,0.11464232648521333,0.192292052712731,0.0704557606189327,-0.09738955887776468,0.10562471071978288,1.0,0.15232291908546677,1.0,0.19474405859149949,-0.004079108389680102,-0.1010795432733466,0.8162416589242263,0.9998676111299506,-0.042044025894865514,0.15288267260892408,0.012514740503856344,0.8162416589242263,1.0,-0.0536195047768743,0.9998676111299506,-0.09618773336230006,-0.01195991408952987,-0.24960516438267727,1.0,0.10043427004334168,0.11827861546595629,0.04290128049362426,0.10091886512501962,0.9998676111299506,0.27619701014574816,0.13788145781552436,1.0,0.04390776387885272,0.9998676111299506,-0.10172218032146402,1.0,1.0,0.13361466488107532,0.9998676111299506,-0.06304440170218713,0.8162416589242263,1.0,-0.031081310772127984,-0.0867220624473799,1.0,0.14007670350736617,0.11152108086813146,0.9998676111299506,0.12276782954419246,0.11653202802305034,0.1318071923898046,0.10032491700053033,0.8162416589242263,-0.25358245463854895,1.0,0.08884407449836429,0.12029666621863966,1.0,0.09316818293243911,-0.011145375161925238,-0.03330246363179656,0.9953264315900904,1.0,0.04615314341494943,0.8162416589242263,0.09520697281080748,0.9998676111299506,0.18967196074544482,0.0746269831584526,0.1307988459011755,-0.2837381488125199,-0.06850770861792824,0.10613053885538631,-0.25876511676569974,0.12040067249825367,0.054599404862743776,-0.1434550464453895,0.13194289943624904,1.0,0.12553818366169545,0.16571761536067905,0.8162416589242263,-0.2804065569668011,-0.01720161256557165,0.1471435074965606,0.8162416589242263,0.11960854425673513,0.10760311816772491,-0.045067337047620566,0.8162416589242263,0.1298133598312867,0.03776410377000593,0.14568305357028172,0.10079178640760923,0.14991578310400233,1.0,1.0,0.11477411181962201,-0.11861151595964568,1.0,-0.0025137544857759407,-0.056544557019696066,0.008709385049436838,0.8162416589242263,-0.0042493839657625,1.0,1.0,-0.10876487679626276,-0.2534397814795543,1.0,0.13673594421753205,1.0,-0.2443545763477994,1.0,-0.036732952831792384,0.005761531833560238,-0.04314647471060189,0.1375173834129979,0.11718604355219234,-0.9736027364885587,1.0,0.053373727936301185,1.0,1.0,-0.09134846664313583,-0.1062813027324451,1.0,1.0,0.12205598888745056,0.25359018325397326,0.17646686270576492,0.12575801217621446,0.1722498620754868,0.16666605678758878,0.11949323212356747,0.8162416589242263,0.9998676111299506,1.0,0.8162416589242263,0.09171347942233256,0.1385706579985287,-0.10990624785399787,0.07950300954617058,0.10977412207539503,1.0,0.03712437869653792,0.11006878488331456,0.14627146173606997,1.0,0.8162416589242263,0.9998676111299506,-0.05766361423223464,-0.1316082108454076,1.0,1.0,-0.1862219772039931,0.010944198656912643,-0.20305917979626326
ST_Elev_V5_count,0.12814642346507774,0.10554994947605083,0.192292052712731,0.0704557606189327,-0.08524393828272972,0.09327988233182097,0.8162416589242263,0.13608991630457998,0.8162416589242263,0.19474405859149949,-0.013852249368270805,-0.06170190246194097,1.0,0.8163531926373286,-0.027043497768961713,0.15288267260892408,0.01786349852660369,1.0,0.8162416589242263,-0.048457504779620214,0.8163531926373286,-0.08176343404840906,-0.023122865370006886,-0.24960516438267727,0.8162416589242263,0.08889829590598936,0.10952876817120823,0.04290128049362426,0.08407429946472755,0.8163531926373286,0.2288153921112465,0.1210744951019413,0.8162416589242263,0.03848718069496327,0.8163531926373286,-0.10028617807636117,0.8162416589242263,0.8162416589242263,0.12260899877278765,0.8163531926373286,-0.06304440170218713,1.0,0.8162416589242263,-0.02451429462305746,-0.07836996684112897,0.8162416589242263,0.12996298332215545,0.11005196824995508,0.8163531926373286,0.11028413325874484,0.11653202802305034,0.12008647242401325,0.10079571108620357,1.0,-0.25358245463854895,0.8162416589242263,0.07886471919830995,0.11933863062475396,0.8162416589242263,0.08733784552807461,-0.012122733238447697,-0.020612635863391713,0.8121287169954822,0.8162416589242263,0.03990426860452024,1.0,0.09201076342604572,0.8163531926373286,0.18967196074544482,0.0658283578738903,0.12007144344236996,-0.2837381488125199,-0.06375218447900936,0.10613053885538631,-0.25876511676569974,0.1136084073930602,0.044507881788299855,-0.12977808021316706,0.1216564315268615,0.8162416589242263,0.1140796359253894,0.14828316595314642,1.0,-0.2804065569668011,-0.012899589328973761,0.12991631876681964,1.0,0.12190557040500812,0.11328618624341319,-0.030234901354675086,1.0,0.11462667944622205,0.03665154491431462,0.14021767814832722,0.0969601860145233,0.1381374359602978,0.8162416589242263,0.8162416589242263,0.11242043403603665,-0.11861151595964568,0.8162416589242263,-0.004360388675636503,-0.03925666539109328,0.004363506116147152,1.0,0.008252920234789336,0.8162416589242263,0.8162416589242263,-0.08106357549644287,-0.2534397814795543,0.8162416589242263,0.12668942252896853,0.8162416589242263,-0.2443545763477994,0.8162416589242263,-0.04320522331729734,0.009414769979632037,-0.04498343097548076,0.12076043090415182,0.10471315524842559,-0.786943258879698,0.8162416589242263,0.04159993432099546,0.8162416589242263,0.8162416589242263,-0.06961467003902422,-0.08942349906544854,0.8162416589242263,0.8162416589242263,0.11492387319023462,0.25359018325397326,0.17646686270576492,0.11629940685022952,0.15286879414944599,0.16666605678758878,0.11871723981935647,1.0,0.8163531926373286,0.8162416589242263,1.0,0.09171347942233256,0.12557821475693853,-0.10990624785399787,0.07950300954617058,0.10432376520308477,0.8162416589242263,0.03720157709406879,0.09833562950118685,0.12876644141202553,0.8162416589242263,1.0,0.8163531926373286,-0.04142689078362505,-0.11192754709640036,0.8162416589242263,0.8162416589242263,-0.1862219772039931,0.025570269842546935,-0.172039276874469
R_Amp_V4_count,0.12995257293939316,0.11464232648521333,0.192292052712731,0.0704557606189327,-0.09746632767644207,0.10555542992347802,0.9998676111299506,0.15232291908546677,0.9998676111299506,0.19474405859149949,-0.004222352985228691,-0.1011709004149248,0.8163531926373286,1.0,-0.04200117770925004,0.15288267260892408,0.012684863242225114,0.8163531926373286,0.9998676111299506,-0.053650988638020786,1.0,-0.09618773336230006,-0.012004294957706631,-0.24960516438267727,0.9998676111299506,0.10030464301615434,0.11817365677665256,0.04290128049362426,0.10081553735721455,1.0,0.2762890602566783,0.13788145781552436,0.9998676111299506,0.04390776387885272,1.0,-0.10183191218901336,0.9998676111299506,0.9998676111299506,0.13361466488107532,1.0,-0.06304440170218713,0.8163531926373286,0.9998676111299506,-0.031085221406883867,-0.08676065309769959,0.9998676111299506,0.1400408067939236,0.11140561759569731,1.0,0.12276782954419246,0.11653202802305034,0.13169457829721334,0.10021149809123296,0.8163531926373286,-0.25358245463854895,0.9998676111299506,0.0889269581114625,0.12013361978716819,0.9998676111299506,0.09319663478239738,-0.011132763340674146,-0.033277585539769,0.995192226949599,0.9998676111299506,0.04615314341494943,0.8163531926373286,0.09536201495747987,1.0,0.18967196074544482,0.07454639863890686,0.13072523989833248,-0.2837381488125199,-0.06842690697462828,0.10613053885538631,-0.25876511676569974,0.12036654521754395,0.054658471800831936,-0.14357626380090682,0.13194289943624904,0.9998676111299506,0.12553818366169545,0.16562314790436738,0.8163531926373286,-0.2804065569668011,-0.01725491297171733,0.1471435074965606,0.8163531926373286,0.1195054168684212,0.10756563562690405,-0.045067337047620566,0.8163531926373286,0.12995507016431854,0.037795712380987584,0.1456097058935201,0.10066970715967344,0.14976241733290743,0.9998676111299506,0.9998676111299506,0.11472823453191673,-0.11861151595964568,0.9998676111299506,-0.0025846752624133144,-0.056472530252374774,0.008576879964916427,0.8163531926373286,-0.004209413415419973,0.9998676111299506,0.9998676111299506,-0.10876487679626276,-0.2534397814795543,0.9998676111299506,0.1366471823451923,0.9998676111299506,-0.2443545763477994,0.9998676111299506,-0.03671483041614583,0.005777190525293817,-0.043245395202741385,0.13738256156288547,0.11715824150423394,-0.9734757973359599,0.9998676111299506,0.05344532926121231,0.9998676111299506,0.9998676111299506,-0.09134846664313583,-0.1062813027324451,0.9998676111299506,0.9998676111299506,0.12200380699642198,0.25359018325397326,0.17646686270576492,0.12572992577287453,0.172070680222411,0.16666605678758878,0.11939501204245645,0.8163531926373286,1.0,0.9998676111299506,0.8163531926373286,0.09171347942233256,0.13837385805479416,-0.10990624785399787,0.07950300954617058,0.10965519731757603,0.9998676111299506,0.03712437869653792,0.11006878488331456,0.14637324782545533,0.9998676111299506,0.8163531926373286,1.0,-0.057610194010571915,-0.1316082108454076,0.9998676111299506,0.9998676111299506,-0.1862219772039931,0.01078217797580747,-0.203151124065728
Q_Amp_III,0.0030804488522509104,0.021518203904103143,0.039344712475094835,0.1511012011230036,-0.04980240794675687,-0.04532337758335933,-0.05766361423223464,0.0807759074181947,-0.05766361423223464,0.06941679645841622,0.008497548557547398,0.12082627290857643,-0.04142689078362505,-0.057610194010571915,0.70510956674292,0.08986871925384757,-0.050298975160220596,-0.04142689078362505,-0.05766361423223464,-0.019669157763934426,-0.057610194010571915,-0.08509006805120929,-0.7253791737001636,0.002555755735374109,-0.05766361423223464,-0.02196739170928826,-0.008242202425483292,0.039146505472386406,0.09925248586530341,-0.057610194010571915,0.06452022779726177,0.05563391030506421,-0.05766361423223464,0.22691086399118482,-0.057610194010571915,-0.06691700796885666,-0.05766361423223464,-0.05766361423223464,0.04359804808942514,-0.057610194010571915,0.1973675417837281,-0.04142689078362505,-0.05766361423223464,-0.1366702581060365,-0.016576245401989754,-0.05766361423223464,0.024123560338281568,0.02200921457390703,-0.057610194010571915,0.035457504195765245,0.015197063594294484,0.012729326459436871,0.0019218727641419173,-0.04142689078362505,-0.13660705598929485,-0.05766361423223464,0.007332709622688497,0.019114866513351158,-0.05766361423223464,0.09715541750894582,-0.09638977627766988,0.5325341911787417,-0.05650680163681439,-0.05766361423223464,0.2481325202561147,-0.04142689078362505,0.064812142117836,-0.057610194010571915,0.08111636294492447,0.005015813448390751,0.002902252316847647,-0.0540154609560659,-0.43645356686041775,0.13175092281793604,0.08366429343950535,-0.016262001288822443,-0.39449124156249615,-0.06555631543309112,0.06172574715447196,-0.05766361423223464,0.022905229712064632,-0.0063885870169207905,-0.04142689078362505,-0.005785695493618592,-0.025150516708095077,0.05900413581291469,-0.04142689078362505,-0.06251892472619854,0.022123033046013044,-0.07698235674309839,-0.04142689078362505,-0.01137821558693725,-0.036558798734215844,0.028504752230228372,0.017048782931821813,0.023010391975480177,-0.05766361423223464,-0.05766361423223464,-0.014245385397058124,0.031212812545746434,-0.05766361423223464,-0.19520475984272484,0.3408382963499656,0.017062269575255286,-0.04142689078362505,0.5848393019980863,-0.05766361423223464,-0.05766361423223464,-0.130135320990696,0.008903586754869915,-0.05766361423223464,0.042682444095873746,-0.05766361423223464,0.00785201088553899,-0.05766361423223464,-0.6148377859772776,0.015782450383441133,0.15840560030246648,-0.0318212935688805,0.03757118777146009,0.055661611306632205,-0.05766361423223464,-0.7262468531988634,-0.05766361423223464,-0.05766361423223464,-0.1542278565671659,-0.12548779495009502,-0.05766361423223464,-0.05766361423223464,0.06489118457500469,0.020119161548780524,0.024248876748152022,-0.029317761130822382,0.015445371604496442,0.09924010223098276,0.009271321731604932,-0.04142689078362505,-0.057610194010571915,-0.05766361423223464,-0.04142689078362505,0.017564717602979514,-0.006238678937106029,-0.21913039633855458,-0.06252612015447646,-0.0027057279642058066,-0.05766361423223464,0.18088221656483316,0.023720553353292158,0.02490117646401261,-0.05766361423223464,-0.04142689078362505,-0.057610194010571915,1.0,-0.07921491414924696,-0.05766361423223464,-0.05766361423223464,0.15262866384681364,0.0821558088393873,-0.043873351436909916
T_Amp_V6,0.006533170787413941,0.02298039885521865,-0.217484576282797,-0.29198374014952566,0.7324668511275757,-0.018077577981127926,-0.1316082108454076,-0.04920927580628832,-0.1316082108454076,-0.36235064509565235,0.2195284169981225,-0.2439431071622368,-0.11192754709640036,-0.1316082108454076,-0.1522770975228203,-0.48074783361306184,0.3569446444896948,-0.11192754709640036,-0.1316082108454076,0.14220302863962048,-0.1316082108454076,0.8396938538196603,0.19545373619636094,0.3726025377340611,-0.1316082108454076,0.0703260885867401,0.04147066128429082,-0.08486873917839367,-0.019583744308467547,-0.1316082108454076,-0.7532217613813409,-0.04731898622852398,-0.1316082108454076,-0.3279238943551435,-0.1316082108454076,0.40923188532906374,-0.1316082108454076,-0.1316082108454076,0.016490652541671584,-0.1316082108454076,-0.07593072916675772,-0.11192754709640036,-0.1316082108454076,0.05587979995152692,0.16951761093908174,-0.1316082108454076,0.036525216131913445,-0.001167762868139905,-0.1316082108454076,0.007074440776895965,-0.3904522554317253,0.029384090317483222,0.05323525636983843,-0.11192754709640036,0.35557058459930707,-0.1316082108454076,0.08263506006726593,0.006320858539848527,-0.1316082108454076,-0.024288649261587913,0.018621629612578846,-0.22772794401196364,-0.1268104907258451,-0.1316082108454076,-0.2914160589383454,-0.11192754709640036,-0.022997799779376545,-0.1316082108454076,-0.4292954594645955,0.046852441010753684,0.011314073971869669,-0.06417235872549225,0.12150188153093552,-0.4659489405206449,0.32210252252188154,0.06861334344546254,-0.21252952589020468,0.7082098825903306,-0.019691924316442018,-0.1316082108454076,0.02530059006839172,0.018040797475630744,-0.11192754709640036,-0.021902521668689605,0.47937852723842816,-0.026508189199638158,-0.11192754709640036,0.03217939104624205,-0.0010177519230984704,0.6108867766291103,-0.11192754709640036,0.010384085517676195,0.1568958142511336,0.027423679649935157,-0.015080847409423679,-0.02443482612731687,-0.1316082108454076,-0.1316082108454076,0.06236639346719598,-0.20903143603674432,-0.1316082108454076,0.28486988799386875,-0.14158813003895807,-0.09808464330480936,-0.11192754709640036,-0.19588436912813792,-0.1316082108454076,-0.1316082108454076,0.05699451382954497,0.39500653905374483,-0.1316082108454076,0.039366283822480065,-0.1316082108454076,0.15034691041518353,-0.1316082108454076,0.1615908527695569,-0.11670530497504396,0.15273965363812525,-0.03889519777937133,0.0008178914011889229,0.14182034475452515,-0.1316082108454076,-0.032335985194846026,-0.1316082108454076,-0.1316082108454076,0.06682139253671443,0.1386982600065773,-0.1316082108454076,-0.1316082108454076,0.042680138749662005,-0.4437187288114907,-0.09417602460504314,0.03508455651321737,-0.07135687135932407,-0.4615885810970044,0.013167578226357762,-0.11192754709640036,-0.1316082108454076,-0.1316082108454076,-0.11192754709640036,-0.0035941192045366673,0.03292386288830664,0.2586518055460717,-0.15466626921894366,0.02015017223514499,-0.1316082108454076,-0.31016624171476814,0.01926905077894658,-0.3739717542939728,-0.1316082108454076,-0.11192754709640036,-0.1316082108454076,-0.07921491414924696,1.0,-0.1316082108454076,-0.1316082108454076,0.16342085604673545,-0.14168230366157486,0.07110551031924299
R_Amp_aVF_count,0.13001534003225348,0.11464232648521333,0.192292052712731,0.0704557606189327,-0.09738955887776468,0.10562471071978288,1.0,0.15232291908546677,1.0,0.19474405859149949,-0.004079108389680102,-0.1010795432733466,0.8162416589242263,0.9998676111299506,-0.042044025894865514,0.15288267260892408,0.012514740503856344,0.8162416589242263,1.0,-0.0536195047768743,0.9998676111299506,-0.09618773336230006,-0.01195991408952987,-0.24960516438267727,1.0,0.10043427004334168,0.11827861546595629,0.04290128049362426,0.10091886512501962,0.9998676111299506,0.27619701014574816,0.13788145781552436,1.0,0.04390776387885272,0.9998676111299506,-0.10172218032146402,1.0,1.0,0.13361466488107532,0.9998676111299506,-0.06304440170218713,0.8162416589242263,1.0,-0.031081310772127984,-0.0867220624473799,1.0,0.14007670350736617,0.11152108086813146,0.9998676111299506,0.12276782954419246,0.11653202802305034,0.1318071923898046,0.10032491700053033,0.8162416589242263,-0.25358245463854895,1.0,0.08884407449836429,0.12029666621863966,1.0,0.09316818293243911,-0.011145375161925238,-0.03330246363179656,0.9953264315900904,1.0,0.04615314341494943,0.8162416589242263,0.09520697281080748,0.9998676111299506,0.18967196074544482,0.0746269831584526,0.1307988459011755,-0.2837381488125199,-0.06850770861792824,0.10613053885538631,-0.25876511676569974,0.12040067249825367,0.054599404862743776,-0.1434550464453895,0.13194289943624904,1.0,0.12553818366169545,0.16571761536067905,0.8162416589242263,-0.2804065569668011,-0.01720161256557165,0.1471435074965606,0.8162416589242263,0.11960854425673513,0.10760311816772491,-0.045067337047620566,0.8162416589242263,0.1298133598312867,0.03776410377000593,0.14568305357028172,0.10079178640760923,0.14991578310400233,1.0,1.0,0.11477411181962201,-0.11861151595964568,1.0,-0.0025137544857759407,-0.056544557019696066,0.008709385049436838,0.8162416589242263,-0.0042493839657625,1.0,1.0,-0.10876487679626276,-0.2534397814795543,1.0,0.13673594421753205,1.0,-0.2443545763477994,1.0,-0.036732952831792384,0.005761531833560238,-0.04314647471060189,0.1375173834129979,0.11718604355219234,-0.9736027364885587,1.0,0.053373727936301185,1.0,1.0,-0.09134846664313583,-0.1062813027324451,1.0,1.0,0.12205598888745056,0.25359018325397326,0.17646686270576492,0.12575801217621446,0.1722498620754868,0.16666605678758878,0.11949323212356747,0.8162416589242263,0.9998676111299506,1.0,0.8162416589242263,0.09171347942233256,0.1385706579985287,-0.10990624785399787,0.07950300954617058,0.10977412207539503,1.0,0.03712437869653792,0.11006878488331456,0.14627146173606997,1.0,0.8162416589242263,0.9998676111299506,-0.05766361423223464,-0.1316082108454076,1.0,1.0,-0.1862219772039931,0.010944198656912643,-0.20305917979626326
T_Amp_III_count,0.13001534003225348,0.11464232648521333,0.192292052712731,0.0704557606189327,-0.09738955887776468,0.10562471071978288,1.0,0.15232291908546677,1.0,0.19474405859149949,-0.004079108389680102,-0.1010795432733466,0.8162416589242263,0.9998676111299506,-0.042044025894865514,0.15288267260892408,0.012514740503856344,0.8162416589242263,1.0,-0.0536195047768743,0.9998676111299506,-0.09618773336230006,-0.01195991408952987,-0.24960516438267727,1.0,0.10043427004334168,0.11827861546595629,0.04290128049362426,0.10091886512501962,0.9998676111299506,0.27619701014574816,0.13788145781552436,1.0,0.04390776387885272,0.9998676111299506,-0.10172218032146402,1.0,1.0,0.13361466488107532,0.9998676111299506,-0.06304440170218713,0.8162416589242263,1.0,-0.031081310772127984,-0.0867220624473799,1.0,0.14007670350736617,0.11152108086813146,0.9998676111299506,0.12276782954419246,0.11653202802305034,0.1318071923898046,0.10032491700053033,0.8162416589242263,-0.25358245463854895,1.0,0.08884407449836429,0.12029666621863966,1.0,0.09316818293243911,-0.011145375161925238,-0.03330246363179656,0.9953264315900904,1.0,0.04615314341494943,0.8162416589242263,0.09520697281080748,0.9998676111299506,0.18967196074544482,0.0746269831584526,0.1307988459011755,-0.2837381488125199,-0.06850770861792824,0.10613053885538631,-0.25876511676569974,0.12040067249825367,0.054599404862743776,-0.1434550464453895,0.13194289943624904,1.0,0.12553818366169545,0.16571761536067905,0.8162416589242263,-0.2804065569668011,-0.01720161256557165,0.1471435074965606,0.8162416589242263,0.11960854425673513,0.10760311816772491,-0.045067337047620566,0.8162416589242263,0.1298133598312867,0.03776410377000593,0.14568305357028172,0.10079178640760923,0.14991578310400233,1.0,1.0,0.11477411181962201,-0.11861151595964568,1.0,-0.0025137544857759407,-0.056544557019696066,0.008709385049436838,0.8162416589242263,-0.0042493839657625,1.0,1.0,-0.10876487679626276,-0.2534397814795543,1.0,0.13673594421753205,1.0,-0.2443545763477994,1.0,-0.036732952831792384,0.005761531833560238,-0.04314647471060189,0.1375173834129979,0.11718604355219234,-0.9736027364885587,1.0,0.053373727936301185,1.0,1.0,-0.09134846664313583,-0.1062813027324451,1.0,1.0,0.12205598888745056,0.25359018325397326,0.17646686270576492,0.12575801217621446,0.1722498620754868,0.16666605678758878,0.11949323212356747,0.8162416589242263,0.9998676111299506,1.0,0.8162416589242263,0.09171347942233256,0.1385706579985287,-0.10990624785399787,0.07950300954617058,0.10977412207539503,1.0,0.03712437869653792,0.11006878488331456,0.14627146173606997,1.0,0.8162416589242263,0.9998676111299506,-0.05766361423223464,-0.1316082108454076,1.0,1.0,-0.1862219772039931,0.010944198656912643,-0.20305917979626326
ST_Elev_aVF,0.032936209441839545,0.028594816635092314,-0.13406948416539757,-0.12491320451419477,0.264995074335503,-0.0012432720823678223,-0.1862219772039931,-0.01656688524080246,-0.1862219772039931,-0.14984040519520878,0.03922629974170075,0.03549997985821877,-0.1862219772039931,-0.1862219772039931,0.15642690644690205,-0.11341907529290725,0.07069681520657965,-0.1862219772039931,-0.1862219772039931,-0.010431704792207796,-0.1862219772039931,0.1560864284982487,-0.2197075636193855,0.3945680270432621,-0.1862219772039931,0.03555123876657312,0.029332772874188267,-0.06853318094624279,0.10753940969240675,-0.1862219772039931,-0.24427302468358225,-0.016876295162667823,-0.1862219772039931,0.013007199943893648,-0.1862219772039931,-0.1344950908342451,-0.1862219772039931,-0.1862219772039931,0.048004851013877435,-0.1862219772039931,0.5955038379657505,-0.1862219772039931,-0.1862219772039931,-0.062061797079051045,0.0010934371826472153,-0.1862219772039931,0.02851155624492193,0.039834179861259394,-0.1862219772039931,0.03900254037565258,-0.11113323400430213,0.036798041919019885,0.03872122427110497,-0.1862219772039931,0.13434910238773148,-0.1862219772039931,0.2557558287885122,0.029631660513838365,-0.1862219772039931,-0.0006835262567059913,-0.016879276382365794,0.12492792261274276,-0.1849129014493397,-0.1862219772039931,0.036191316861333,-0.1862219772039931,-0.0007957933372011905,-0.1862219772039931,-0.11412745106506665,-0.03513318251326175,0.0024907592117077173,0.11543205507079017,-0.20189225222339344,-0.1417232252847407,0.6735909504586088,0.039542267819753674,-0.10109066188849196,0.04026705075522014,0.05424534291270196,-0.1862219772039931,0.027694468350394644,-0.005139921353726072,-0.1862219772039931,0.23372981296333467,0.2773330491591174,0.005719780535210725,-0.1862219772039931,0.02205434119877312,0.02189981990444586,0.13309438828142872,-0.1862219772039931,-0.02578522350683917,0.005230831892166481,0.033354011888068316,0.03581825262870467,0.022981260684307798,-0.1862219772039931,-0.1862219772039931,0.03536691376265104,-0.010312259091890501,-0.1862219772039931,-0.012338927988656646,0.0362179621748708,0.008255543738870252,-0.1862219772039931,0.1566206713180403,-0.1862219772039931,-0.1862219772039931,-0.11474058259195447,0.3974869848830799,-0.1862219772039931,0.05515096470785859,-0.1862219772039931,0.34196180307292257,-0.1862219772039931,-0.2400203592648633,-0.04746831839070584,0.04653922679328888,0.006954269730650585,-0.0030098900359214493,0.1911804077209125,-0.1862219772039931,-0.1285623364050469,-0.1862219772039931,-0.1862219772039931,-0.1193574372016791,-0.08136914648620872,-0.1862219772039931,-0.1862219772039931,0.0604892153246419,-0.41174254899745694,-0.07543918775019827,0.019818337132886575,0.004630308512272866,-0.10489255395614612,0.024859290041707064,-0.1862219772039931,-0.1862219772039931,-0.1862219772039931,-0.1862219772039931,-0.015246386341448866,0.017244025127419214,-0.23168632668060476,-0.0780587219325862,0.03185766389901788,-0.1862219772039931,-0.002039498121109715,0.02624717238631414,-0.05116134486667328,-0.1862219772039931,-0.1862219772039931,-0.1862219772039931,0.15262866384681364,0.16342085604673545,-0.1862219772039931,-0.1862219772039931,1.0,-0.012995836502603341,0.037917880067956176
QRS_Dur_Global_iqr,0.10573732154376418,0.07670676219671226,0.13546227149468187,0.12954938091395507,-0.13265276279580634,0.05167320046757314,0.010944198656912643,0.07083662721516336,0.010944198656912643,0.14927870655495076,-0.09211463441535282,0.32267233010694313,0.025570269842546935,0.01078217797580747,0.11619584982542279,0.17853794060545275,-0.0586789515988704,0.025570269842546935,0.010944198656912643,-0.12275547114956462,0.01078217797580747,-0.1352062114281109,-0.11657515802741429,-0.10723017254090678,0.010944198656912643,0.04614170526445093,0.0660706543528687,0.05279370518916946,0.07607118085155781,0.01078217797580747,0.1761011658666253,0.06457909771934604,0.010944198656912643,0.16038935235916443,0.01078217797580747,-0.11512569796510061,0.010944198656912643,0.010944198656912643,0.05893814691632384,0.01078217797580747,0.06487744024874748,0.025570269842546935,0.010944198656912643,-0.1191666800730585,-0.057209892018140876,0.010944198656912643,0.07056612256497093,0.09417718620298908,0.01078217797580747,0.06230483805617695,0.15150114166462633,0.04938953984321264,0.08719817013768215,0.025570269842546935,-0.1394577669351623,0.010944198656912643,0.02779193185019024,0.078060405140847,0.010944198656912643,0.09112007783971277,0.021879019256171,0.14953133066991467,0.011404286835655955,0.010944198656912643,0.18688841678936674,0.025570269842546935,0.08747417746220838,0.01078217797580747,0.14971015286106235,0.02712978412189829,0.03198208546775776,0.001948054414304614,-0.10824151193104907,0.1623856935281958,-0.07959698458185176,0.06069300022552839,0.0942970370127339,-0.16227650611614733,0.060598185076115245,0.010944198656912643,0.06477244837316803,0.07118538636027612,0.025570269842546935,-0.013801471920295277,-0.07466667255782586,0.06507378028618473,0.025570269842546935,0.08451426569799515,0.10835136359297294,-0.09469094594232103,0.025570269842546935,0.07086889209634764,-0.028668692284427318,0.0924557739482659,0.06811940587007179,0.04534154955053835,0.010944198656912643,0.010944198656912643,0.06031955198676194,0.05524705530026403,0.010944198656912643,-0.17594125996819668,0.022611472824497988,0.057511184959390456,0.025570269842546935,0.08667003030274717,0.010944198656912643,0.010944198656912643,-0.056257042137977206,-0.1265510737750297,0.010944198656912643,0.06875223039211038,0.010944198656912643,-0.048624791848192586,0.010944198656912643,-0.12224686365760913,-0.022982667283140332,-0.021498538087529166,0.03903847432853782,0.08444718749265637,-0.011599862130735761,0.010944198656912643,-0.022180948748262076,0.010944198656912643,0.010944198656912643,-0.044569591002756516,-0.08407670576591143,0.010944198656912643,0.010944198656912643,0.06823696357947197,0.1206124976634754,0.12625922062510955,0.07146443368668791,0.07859703454782606,0.1380616386697189,0.08895096503977146,0.025570269842546935,0.01078217797580747,0.010944198656912643,0.025570269842546935,0.0622393151483731,0.05893332630998203,-0.13505661477072078,0.08415784281576495,0.050554119655293,0.010944198656912643,0.11737333577530523,0.05516129513053177,0.09295885277589651,0.010944198656912643,0.025570269842546935,0.01078217797580747,0.0821558088393873,-0.14168230366157486,0.010944198656912643,0.010944198656912643,-0.012995836502603341,1.0,0.06654589784032632
RR_Mean_Global_iqr,0.03512526112374577,0.10390187228419226,0.06449264590921652,0.07524327803144137,0.03987511341708537,0.10564530892924325,-0.20305917979626326,0.039804322162357464,-0.20305917979626326,0.028493917507629182,0.02428554895102287,-0.014034775012714643,-0.172039276874469,-0.203151124065728,-0.03205243850071065,0.002552333130418115,0.02925982349042041,-0.172039276874469,-0.20305917979626326,0.01194208964338958,-0.203151124065728,0.07074669145860572,0.14954828918095256,0.04672286949389211,-0.20305917979626326,0.1391322995168752,0.06391146321875038,0.08920954039548483,-0.0183858186843826,-0.203151124065728,-0.10805708842018194,0.07931332276256858,-0.20305917979626326,-0.012125510543588479,-0.203151124065728,0.08023043004081222,-0.20305917979626326,-0.20305917979626326,0.02684703019901798,-0.203151124065728,-0.026803971180751434,-0.172039276874469,-0.20305917979626326,0.03286238019462083,0.0072148026566465325,-0.20305917979626326,0.07141759881660738,0.0505977611257074,-0.203151124065728,0.00401867045144654,0.00502977890384399,0.06959420454157288,0.06732068461960793,-0.172039276874469,0.10734459492817114,-0.20305917979626326,-0.053314854726916695,0.047975943760807514,-0.20305917979626326,0.06596655548039375,0.04597320695838908,0.021165727994604876,-0.20234533361979282,-0.20305917979626326,-0.012542113170202773,-0.172039276874469,0.060357088545786225,-0.203151124065728,-0.00868736162017383,-0.027974110249906748,0.0699036725492404,0.02048466913353393,0.10788225119442928,0.044545860762959966,0.06308154479853834,0.06403870922541742,0.09896575686638096,0.08768075021120597,0.03940634445285778,-0.20305917979626326,0.06409657197545035,0.0685718593917185,-0.172039276874469,0.029259802559227673,-0.004600965513763878,0.0251911404799236,-0.172039276874469,0.05527008168684737,0.05671097035136696,0.0566386745962855,-0.172039276874469,0.07221781612070652,0.01516728301538631,0.0405816478070782,0.07245836450630791,0.04817702809840917,-0.20305917979626326,-0.20305917979626326,0.06250642214164949,-0.09573092905887491,-0.20305917979626326,-0.07808914058187945,-0.11317806233916221,0.01776303147797372,-0.172039276874469,-0.15900873148982606,-0.20305917979626326,-0.20305917979626326,0.08215225669525705,0.05656576190968553,-0.20305917979626326,0.034475743760166926,-0.20305917979626326,0.03664994757729535,-0.20305917979626326,0.1369403120140125,-0.003048752485311181,-0.0421394456668557,0.12272967827761193,0.07926864604941578,0.19156708249990598,-0.20305917979626326,0.07916502969597318,-0.20305917979626326,-0.20305917979626326,0.08349718819389407,0.05070254111735165,-0.20305917979626326,-0.20305917979626326,0.030859280444907277,-0.08922881107414131,0.08530879884899685,0.04456026913653997,0.09294192950775525,-0.025494322134043772,0.06085879846288272,-0.172039276874469,-0.203151124065728,-0.20305917979626326,-0.172039276874469,0.09139899130255379,0.11845828358914459,0.095465764282856,0.07272749130005421,0.0843670831401134,-0.20305917979626326,-0.015054776603308109,0.03331994331455221,-0.0979951706337307,-0.20305917979626326,-0.172039276874469,-0.203151124065728,-0.043873351436909916,0.07110551031924299,-0.20305917979626326,-0.20305917979626326,0.037917880067956176,0.06654589784032632,1.0
